update_date,effective_date,code,name
2007-06-25,2007-06-30,sh.600039,四川路桥
2007-06-25,2007-06-30,sh.600051,宁波联合
2007-06-25,2007-06-30,sh.600054,黄山旅游
2007-06-25,2007-06-30,sh.600056,中国医药
2007-06-25,2007-06-30,sh.600057,厦门象屿
2007-06-25,2007-06-30,sh.600059,古越龙山
2007-06-25,2007-06-30,sh.600061,国投资本
2007-06-25,2007-06-30,sh.600063,皖维高新
2007-06-25,2007-06-30,sh.600064,南京高科
2007-06-25,2007-06-30,sh.600067,冠城大通
2007-06-25,2007-06-30,sh.600069,银鸽投资
2007-06-25,2007-06-30,sh.600071,凤凰光学
2007-06-25,2007-06-30,sh.600072,中船科技
2007-06-25,2007-06-30,sh.600074,*ST保千
2007-06-25,2007-06-30,sh.600075,新疆天业
2007-06-25,2007-06-30,sh.600079,人福医药
2007-06-25,2007-06-30,sh.600082,海泰发展
2007-06-25,2007-06-30,sh.600086,东方金钰
2007-06-25,2007-06-30,sh.600091,ST明科
2007-06-25,2007-06-30,sh.600095,哈高科
2007-06-25,2007-06-30,sh.600103,青山纸业
2007-06-25,2007-06-30,sh.600105,永鼎股份
2007-06-25,2007-06-30,sh.600106,重庆路桥
2007-06-25,2007-06-30,sh.600114,东睦股份
2007-06-25,2007-06-30,sh.600120,浙江东方
2007-06-25,2007-06-30,sh.600122,宏图高科
2007-06-25,2007-06-30,sh.600126,杭钢股份
2007-06-25,2007-06-30,sh.600127,金健米业
2007-06-25,2007-06-30,sh.600129,太极集团
2007-06-25,2007-06-30,sh.600130,波导股份
2007-06-25,2007-06-30,sh.600131,岷江水电
2007-06-25,2007-06-30,sh.600135,乐凯胶片
2007-06-25,2007-06-30,sh.600138,中青旅
2007-06-25,2007-06-30,sh.600141,兴发集团
2007-06-25,2007-06-30,sh.600152,维科技术
2007-06-25,2007-06-30,sh.600156,华升股份
2007-06-25,2007-06-30,sh.600157,永泰能源
2007-06-25,2007-06-30,sh.600158,中体产业
2007-06-25,2007-06-30,sh.600159,大龙地产
2007-06-25,2007-06-30,sh.600162,香江控股
2007-06-25,2007-06-30,sh.600168,武汉控股
2007-06-25,2007-06-30,sh.600169,太原重工
2007-06-25,2007-06-30,sh.600172,黄河旋风
2007-06-25,2007-06-30,sh.600176,中国巨石
2007-06-25,2007-06-30,sh.600178,东安动力
2007-06-25,2007-06-30,sh.600179,安通控股
2007-06-25,2007-06-30,sh.600180,瑞茂通
2007-06-25,2007-06-30,sh.600189,吉林森工
2007-06-25,2007-06-30,sh.600191,华资实业
2007-06-25,2007-06-30,sh.600192,长城电工
2007-06-25,2007-06-30,sh.600195,中牧股份
2007-06-25,2007-06-30,sh.600197,伊力特
2007-06-25,2007-06-30,sh.600201,生物股份
2007-06-25,2007-06-30,sh.600202,*ST哈空
2007-06-25,2007-06-30,sh.600203,福日电子
2007-06-25,2007-06-30,sh.600206,有研新材
2007-06-25,2007-06-30,sh.600208,新湖中宝
2007-06-25,2007-06-30,sh.600212,江泉实业
2007-06-25,2007-06-30,sh.600215,长春经开
2007-06-25,2007-06-30,sh.600216,浙江医药
2007-06-25,2007-06-30,sh.600226,瀚叶股份
2007-06-25,2007-06-30,sh.600227,圣济堂
2007-06-25,2007-06-30,sh.600228,ST昌九
2007-06-25,2007-06-30,sh.600230,沧州大化
2007-06-25,2007-06-30,sh.600232,金鹰股份
2007-06-25,2007-06-30,sh.600235,民丰特纸
2007-06-25,2007-06-30,sh.600237,铜峰电子
2007-06-25,2007-06-30,sh.600240,华业资本
2007-06-25,2007-06-30,sh.600247,*ST成城
2007-06-25,2007-06-30,sh.600249,两面针
2007-06-25,2007-06-30,sh.600251,冠农股份
2007-06-25,2007-06-30,sh.600253,天方药业
2007-06-25,2007-06-30,sh.600255,梦舟股份
2007-06-25,2007-06-30,sh.600258,首旅酒店
2007-06-25,2007-06-30,sh.600260,凯乐科技
2007-06-25,2007-06-30,sh.600261,阳光照明
2007-06-25,2007-06-30,sh.600262,北方股份
2007-06-25,2007-06-30,sh.600263,路桥建设
2007-06-25,2007-06-30,sh.600268,国电南自
2007-06-25,2007-06-30,sh.600275,ST昌鱼
2007-06-25,2007-06-30,sh.600277,亿利洁能
2007-06-25,2007-06-30,sh.600278,东方创业
2007-06-25,2007-06-30,sh.600279,重庆港九
2007-06-25,2007-06-30,sh.600280,中央商场
2007-06-25,2007-06-30,sh.600281,太化股份
2007-06-25,2007-06-30,sh.600284,浦东建设
2007-06-25,2007-06-30,sh.600288,大恒科技
2007-06-25,2007-06-30,sh.600289,*ST信通
2007-06-25,2007-06-30,sh.600292,远达环保
2007-06-25,2007-06-30,sh.600293,三峡新材
2007-06-25,2007-06-30,sh.600298,安琪酵母
2007-06-25,2007-06-30,sh.600300,维维股份
2007-06-25,2007-06-30,sh.600302,标准股份
2007-06-25,2007-06-30,sh.600303,曙光股份
2007-06-25,2007-06-30,sh.600306,商业城
2007-06-25,2007-06-30,sh.600315,上海家化
2007-06-25,2007-06-30,sh.600317,营口港
2007-06-25,2007-06-30,sh.600319,亚星化学
2007-06-25,2007-06-30,sh.600321,*ST正源
2007-06-25,2007-06-30,sh.600322,天房发展
2007-06-25,2007-06-30,sh.600323,瀚蓝环境
2007-06-25,2007-06-30,sh.600325,华发股份
2007-06-25,2007-06-30,sh.600326,西藏天路
2007-06-25,2007-06-30,sh.600327,大东方
2007-06-25,2007-06-30,sh.600328,兰太实业
2007-06-25,2007-06-30,sh.600330,天通股份
2007-06-25,2007-06-30,sh.600337,美克家居
2007-06-25,2007-06-30,sh.600339,中油工程
2007-06-25,2007-06-30,sh.600343,航天动力
2007-06-25,2007-06-30,sh.600345,长江通信
2007-06-25,2007-06-30,sh.600352,浙江龙盛
2007-06-25,2007-06-30,sh.600356,恒丰纸业
2007-06-25,2007-06-30,sh.600358,国旅联合
2007-06-25,2007-06-30,sh.600359,新农开发
2007-06-25,2007-06-30,sh.600360,华微电子
2007-06-25,2007-06-30,sh.600363,联创光电
2007-06-25,2007-06-30,sh.600365,通葡股份
2007-06-25,2007-06-30,sh.600366,宁波韵升
2007-06-25,2007-06-30,sh.600367,红星发展
2007-06-25,2007-06-30,sh.600372,中航电子
2007-06-25,2007-06-30,sh.600376,首开股份
2007-06-25,2007-06-30,sh.600378,天科股份
2007-06-25,2007-06-30,sh.600382,广东明珠
2007-06-25,2007-06-30,sh.600387,海越能源
2007-06-25,2007-06-30,sh.600388,龙净环保
2007-06-25,2007-06-30,sh.600391,航发科技
2007-06-25,2007-06-30,sh.600392,盛和资源
2007-06-25,2007-06-30,sh.600393,粤泰股份
2007-06-25,2007-06-30,sh.600395,盘江股份
2007-06-25,2007-06-30,sh.600396,金山股份
2007-06-25,2007-06-30,sh.600398,海澜之家
2007-06-25,2007-06-30,sh.600399,*ST抚钢
2007-06-25,2007-06-30,sh.600400,红豆股份
2007-06-25,2007-06-30,sh.600403,大有能源
2007-06-25,2007-06-30,sh.600408,*ST安泰
2007-06-25,2007-06-30,sh.600409,三友化工
2007-06-25,2007-06-30,sh.600416,湘电股份
2007-06-25,2007-06-30,sh.600420,现代制药
2007-06-25,2007-06-30,sh.600422,昆药集团
2007-06-25,2007-06-30,sh.600423,*ST柳化
2007-06-25,2007-06-30,sh.600426,华鲁恒升
2007-06-25,2007-06-30,sh.600436,片仔癀
2007-06-25,2007-06-30,sh.600438,通威股份
2007-06-25,2007-06-30,sh.600439,瑞贝卡
2007-06-25,2007-06-30,sh.600446,金证股份
2007-06-25,2007-06-30,sh.600458,时代新材
2007-06-25,2007-06-30,sh.600459,贵研铂业
2007-06-25,2007-06-30,sh.600463,空港股份
2007-06-25,2007-06-30,sh.600467,好当家
2007-06-25,2007-06-30,sh.600468,百利电气
2007-06-25,2007-06-30,sh.600469,风神股份
2007-06-25,2007-06-30,sh.600470,六国化工
2007-06-25,2007-06-30,sh.600475,华光股份
2007-06-25,2007-06-30,sh.600477,杭萧钢构
2007-06-25,2007-06-30,sh.600479,千金药业
2007-06-25,2007-06-30,sh.600480,凌云股份
2007-06-25,2007-06-30,sh.600481,双良节能
2007-06-25,2007-06-30,sh.600482,中国动力
2007-06-25,2007-06-30,sh.600485,信威集团
2007-06-25,2007-06-30,sh.600487,亨通光电
2007-06-25,2007-06-30,sh.600488,天药股份
2007-06-25,2007-06-30,sh.600491,龙元建设
2007-06-25,2007-06-30,sh.600495,晋西车轴
2007-06-25,2007-06-30,sh.600496,精工钢构
2007-06-25,2007-06-30,sh.600507,方大特钢
2007-06-25,2007-06-30,sh.600509,天富能源
2007-06-25,2007-06-30,sh.600510,黑牡丹
2007-06-25,2007-06-30,sh.600511,国药股份
2007-06-25,2007-06-30,sh.600512,腾达建设
2007-06-25,2007-06-30,sh.600517,置信电气
2007-06-25,2007-06-30,sh.600518,康美药业
2007-06-25,2007-06-30,sh.600522,中天科技
2007-06-25,2007-06-30,sh.600523,贵航股份
2007-06-25,2007-06-30,sh.600525,长园集团
2007-06-25,2007-06-30,sh.600526,菲达环保
2007-06-25,2007-06-30,sh.600529,山东药玻
2007-06-25,2007-06-30,sh.600530,交大昂立
2007-06-25,2007-06-30,sh.600531,豫光金铅
2007-06-25,2007-06-30,sh.600533,栖霞建设
2007-06-25,2007-06-30,sh.600536,中国软件
2007-06-25,2007-06-30,sh.600540,新赛股份
2007-06-25,2007-06-30,sh.600546,山煤国际
2007-06-25,2007-06-30,sh.600553,太行水泥
2007-06-25,2007-06-30,sh.600556,ST慧球
2007-06-25,2007-06-30,sh.600557,康缘药业
2007-06-25,2007-06-30,sh.600561,江西长运
2007-06-25,2007-06-30,sh.600563,法拉电子
2007-06-25,2007-06-30,sh.600565,迪马股份
2007-06-25,2007-06-30,sh.600567,山鹰纸业
2007-06-25,2007-06-30,sh.600572,康恩贝
2007-06-25,2007-06-30,sh.600573,惠泉啤酒
2007-06-25,2007-06-30,sh.600580,卧龙电气
2007-06-25,2007-06-30,sh.600581,八一钢铁
2007-06-25,2007-06-30,sh.600584,长电科技
2007-06-25,2007-06-30,sh.600586,金晶科技
2007-06-25,2007-06-30,sh.600589,广东榕泰
2007-06-25,2007-06-30,sh.600590,泰豪科技
2007-06-25,2007-06-30,sh.600592,龙溪股份
2007-06-25,2007-06-30,sh.600594,益佰制药
2007-06-25,2007-06-30,sh.600595,中孚实业
2007-06-25,2007-06-30,sh.600604,市北高新
2007-06-25,2007-06-30,sh.600605,汇通能源
2007-06-25,2007-06-30,sh.600606,绿地控股
2007-06-25,2007-06-30,sh.600607,上实医药
2007-06-25,2007-06-30,sh.600612,老凤祥
2007-06-25,2007-06-30,sh.600619,海立股份
2007-06-25,2007-06-30,sh.600620,天宸股份
2007-06-25,2007-06-30,sh.600621,华鑫股份
2007-06-25,2007-06-30,sh.600622,光大嘉宝
2007-06-25,2007-06-30,sh.600624,复旦复华
2007-06-25,2007-06-30,sh.600626,申达股份
2007-06-25,2007-06-30,sh.600630,龙头股份
2007-06-25,2007-06-30,sh.600633,浙数文化
2007-06-25,2007-06-30,sh.600636,三爱富
2007-06-25,2007-06-30,sh.600640,号百控股
2007-06-25,2007-06-30,sh.600641,万业企业
2007-06-25,2007-06-30,sh.600652,游久游戏
2007-06-25,2007-06-30,sh.600654,ST中安
2007-06-25,2007-06-30,sh.600661,新南洋
2007-06-25,2007-06-30,sh.600665,天地源
2007-06-25,2007-06-30,sh.600667,太极实业
2007-06-25,2007-06-30,sh.600674,川投能源
2007-06-25,2007-06-30,sh.600676,交运股份
2007-06-25,2007-06-30,sh.600677,航天通信
2007-06-25,2007-06-30,sh.600679,上海凤凰
2007-06-25,2007-06-30,sh.600680,*ST上普
2007-06-25,2007-06-30,sh.600683,京投发展
2007-06-25,2007-06-30,sh.600685,中船防务
2007-06-25,2007-06-30,sh.600686,金龙汽车
2007-06-25,2007-06-30,sh.600692,亚通股份
2007-06-25,2007-06-30,sh.600693,东百集团
2007-06-25,2007-06-30,sh.600696,ST岩石
2007-06-25,2007-06-30,sh.600697,欧亚集团
2007-06-25,2007-06-30,sh.600702,舍得酒业
2007-06-25,2007-06-30,sh.600704,物产中大
2007-06-25,2007-06-30,sh.600707,彩虹股份
2007-06-25,2007-06-30,sh.600708,光明地产
2007-06-25,2007-06-30,sh.600710,苏美达
2007-06-25,2007-06-30,sh.600713,南京医药
2007-06-25,2007-06-30,sh.600720,祁连山
2007-06-25,2007-06-30,sh.600723,首商股份
2007-06-25,2007-06-30,sh.600725,ST云维
2007-06-25,2007-06-30,sh.600726,华电能源
2007-06-25,2007-06-30,sh.600727,鲁北化工
2007-06-25,2007-06-30,sh.600729,重庆百货
2007-06-25,2007-06-30,sh.600732,ST新梅
2007-06-25,2007-06-30,sh.600736,苏州高新
2007-06-25,2007-06-30,sh.600740,山西焦化
2007-06-25,2007-06-30,sh.600746,江苏索普
2007-06-25,2007-06-30,sh.600750,江中药业
2007-06-25,2007-06-30,sh.600755,厦门国贸
2007-06-25,2007-06-30,sh.600756,浪潮软件
2007-06-25,2007-06-30,sh.600764,中国海防
2007-06-25,2007-06-30,sh.600768,宁波富邦
2007-06-25,2007-06-30,sh.600769,祥龙电业
2007-06-25,2007-06-30,sh.600776,东方通信
2007-06-25,2007-06-30,sh.600777,新潮能源
2007-06-25,2007-06-30,sh.600785,新华百货
2007-06-25,2007-06-30,sh.600789,鲁抗医药
2007-06-25,2007-06-30,sh.600790,轻纺城
2007-06-25,2007-06-30,sh.600796,钱江生化
2007-06-25,2007-06-30,sh.600801,华新水泥
2007-06-25,2007-06-30,sh.600802,福建水泥
2007-06-25,2007-06-30,sh.600805,悦达投资
2007-06-25,2007-06-30,sh.600806,退市昆机
2007-06-25,2007-06-30,sh.600810,神马股份
2007-06-25,2007-06-30,sh.600814,杭州解百
2007-06-25,2007-06-30,sh.600815,厦工股份
2007-06-25,2007-06-30,sh.600816,安信信托
2007-06-25,2007-06-30,sh.600817,ST宏盛
2007-06-25,2007-06-30,sh.600819,耀皮玻璃
2007-06-25,2007-06-30,sh.600821,津劝业
2007-06-25,2007-06-30,sh.600823,世茂股份
2007-06-25,2007-06-30,sh.600824,益民集团
2007-06-25,2007-06-30,sh.600826,兰生股份
2007-06-25,2007-06-30,sh.600827,百联股份
2007-06-25,2007-06-30,sh.600830,香溢融通
2007-06-25,2007-06-30,sh.600831,广电网络
2007-06-25,2007-06-30,sh.600837,海通证券
2007-06-25,2007-06-30,sh.600838,上海九百
2007-06-25,2007-06-30,sh.600840,新湖创业
2007-06-25,2007-06-30,sh.600846,同济科技
2007-06-25,2007-06-30,sh.600854,春兰股份
2007-06-25,2007-06-30,sh.600855,航天长峰
2007-06-25,2007-06-30,sh.600858,银座股份
2007-06-25,2007-06-30,sh.600860,京城股份
2007-06-25,2007-06-30,sh.600861,北京城乡
2007-06-25,2007-06-30,sh.600864,哈投股份
2007-06-25,2007-06-30,sh.600866,星湖科技
2007-06-25,2007-06-30,sh.600867,通化东宝
2007-06-25,2007-06-30,sh.600870,*ST厦华
2007-06-25,2007-06-30,sh.600872,中炬高新
2007-06-25,2007-06-30,sh.600877,ST嘉陵
2007-06-25,2007-06-30,sh.600880,博瑞传播
2007-06-25,2007-06-30,sh.600883,博闻科技
2007-06-25,2007-06-30,sh.600885,宏发股份
2007-06-25,2007-06-30,sh.600888,新疆众和
2007-06-25,2007-06-30,sh.600893,航发动力
2007-06-25,2007-06-30,sh.600896,*ST海投
2007-06-25,2007-06-30,sh.600897,厦门空港
2007-06-25,2007-06-30,sh.600961,株冶集团
2007-06-25,2007-06-30,sh.600962,国投中鲁
2007-06-25,2007-06-30,sh.600963,岳阳林纸
2007-06-25,2007-06-30,sh.600965,福成股份
2007-06-25,2007-06-30,sh.600966,博汇纸业
2007-06-25,2007-06-30,sh.600969,郴电国际
2007-06-25,2007-06-30,sh.600971,恒源煤电
2007-06-25,2007-06-30,sh.600973,宝胜股份
2007-06-25,2007-06-30,sh.600976,健民集团
2007-06-25,2007-06-30,sh.600978,宜华生活
2007-06-25,2007-06-30,sh.600979,广安爱众
2007-06-25,2007-06-30,sh.600983,惠而浦
2007-06-25,2007-06-30,sh.600987,航民股份
2007-06-25,2007-06-30,sh.600993,马应龙
2007-06-25,2007-06-30,sh.600995,文山电力
2007-06-25,2007-06-30,sz.000006,深振业A
2007-06-25,2007-06-30,sz.000016,深康佳A
2007-06-25,2007-06-30,sz.000028,国药一致
2007-06-25,2007-06-30,sz.000032,深桑达A
2007-06-25,2007-06-30,sz.000033,新都退
2007-06-25,2007-06-30,sz.000037,深南电A
2007-06-25,2007-06-30,sz.000040,东旭蓝天
2007-06-25,2007-06-30,sz.000042,中洲控股
2007-06-25,2007-06-30,sz.000043,中航善达
2007-06-25,2007-06-30,sz.000046,泛海控股
2007-06-25,2007-06-30,sz.000049,德赛电池
2007-06-25,2007-06-30,sz.000050,深天马A
2007-06-25,2007-06-30,sz.000062,深圳华强
2007-06-25,2007-06-30,sz.000065,北方国际
2007-06-25,2007-06-30,sz.000070,特发信息
2007-06-25,2007-06-30,sz.000078,海王生物
2007-06-25,2007-06-30,sz.000090,天健集团
2007-06-25,2007-06-30,sz.000096,广聚能源
2007-06-25,2007-06-30,sz.000151,中成股份
2007-06-25,2007-06-30,sz.000155,川化股份
2007-06-25,2007-06-30,sz.000158,常山北明
2007-06-25,2007-06-30,sz.000301,东方盛虹
2007-06-25,2007-06-30,sz.000407,胜利股份
2007-06-25,2007-06-30,sz.000416,民生控股
2007-06-25,2007-06-30,sz.000417,合肥百货
2007-06-25,2007-06-30,sz.000419,通程控股
2007-06-25,2007-06-30,sz.000420,吉林化纤
2007-06-25,2007-06-30,sz.000421,南京公用
2007-06-25,2007-06-30,sz.000426,兴业矿业
2007-06-25,2007-06-30,sz.000428,华天酒店
2007-06-25,2007-06-30,sz.000501,鄂武商A
2007-06-25,2007-06-30,sz.000504,南华生物
2007-06-25,2007-06-30,sz.000510,金路集团
2007-06-25,2007-06-30,sz.000511,烯碳退
2007-06-25,2007-06-30,sz.000513,丽珠集团
2007-06-25,2007-06-30,sz.000515,攀渝钛业
2007-06-25,2007-06-30,sz.000518,四环生物
2007-06-25,2007-06-30,sz.000522,白云山A
2007-06-25,2007-06-30,sz.000524,岭南控股
2007-06-25,2007-06-30,sz.000525,红太阳
2007-06-25,2007-06-30,sz.000530,大冷股份
2007-06-25,2007-06-30,sz.000531,穗恒运A
2007-06-25,2007-06-30,sz.000532,华金资本
2007-06-25,2007-06-30,sz.000533,万家乐
2007-06-25,2007-06-30,sz.000537,广宇发展
2007-06-25,2007-06-30,sz.000543,皖能电力
2007-06-25,2007-06-30,sz.000548,湖南投资
2007-06-25,2007-06-30,sz.000551,创元科技
2007-06-25,2007-06-30,sz.000554,泰山石油
2007-06-25,2007-06-30,sz.000563,陕国投A
2007-06-25,2007-06-30,sz.000570,苏常柴A
2007-06-25,2007-06-30,sz.000571,新大洲A
2007-06-25,2007-06-30,sz.000572,海马汽车
2007-06-25,2007-06-30,sz.000573,粤宏远A
2007-06-25,2007-06-30,sz.000576,广东甘化
2007-06-25,2007-06-30,sz.000584,哈工智能
2007-06-25,2007-06-30,sz.000585,*ST东电
2007-06-25,2007-06-30,sz.000589,黔轮胎A
2007-06-25,2007-06-30,sz.000594,国恒退
2007-06-25,2007-06-30,sz.000597,东北制药
2007-06-25,2007-06-30,sz.000598,兴蓉环境
2007-06-25,2007-06-30,sz.000599,青岛双星
2007-06-25,2007-06-30,sz.000602,金马集团
2007-06-25,2007-06-30,sz.000607,华媒控股
2007-06-25,2007-06-30,sz.000608,阳光股份
2007-06-25,2007-06-30,sz.000616,海航投资
2007-06-25,2007-06-30,sz.000619,海螺型材
2007-06-25,2007-06-30,sz.000626,远大控股
2007-06-25,2007-06-30,sz.000627,天茂集团
2007-06-25,2007-06-30,sz.000628,高新发展
2007-06-25,2007-06-30,sz.000657,中钨高新
2007-06-25,2007-06-30,sz.000659,珠海中富
2007-06-25,2007-06-30,sz.000662,天夏智慧
2007-06-25,2007-06-30,sz.000666,经纬纺机
2007-06-25,2007-06-30,sz.000667,美好置业
2007-06-25,2007-06-30,sz.000668,荣丰控股
2007-06-25,2007-06-30,sz.000676,智度股份
2007-06-25,2007-06-30,sz.000677,恒天海龙
2007-06-25,2007-06-30,sz.000679,大连友谊
2007-06-25,2007-06-30,sz.000683,远兴能源
2007-06-25,2007-06-30,sz.000686,东北证券
2007-06-25,2007-06-30,sz.000690,宝新能源
2007-06-25,2007-06-30,sz.000695,滨海能源
2007-06-25,2007-06-30,sz.000700,模塑科技
2007-06-25,2007-06-30,sz.000701,厦门信达
2007-06-25,2007-06-30,sz.000702,正虹科技
2007-06-25,2007-06-30,sz.000707,*ST双环
2007-06-25,2007-06-30,sz.000713,丰乐种业
2007-06-25,2007-06-30,sz.000715,中兴商业
2007-06-25,2007-06-30,sz.000720,*ST新能
2007-06-25,2007-06-30,sz.000722,湖南发展
2007-06-25,2007-06-30,sz.000726,鲁泰A
2007-06-25,2007-06-30,sz.000727,华东科技
2007-06-25,2007-06-30,sz.000731,四川美丰
2007-06-25,2007-06-30,sz.000733,振华科技
2007-06-25,2007-06-30,sz.000735,罗牛山
2007-06-25,2007-06-30,sz.000737,*ST南风
2007-06-25,2007-06-30,sz.000752,西藏发展
2007-06-25,2007-06-30,sz.000753,漳州发展
2007-06-25,2007-06-30,sz.000755,*ST三维
2007-06-25,2007-06-30,sz.000759,中百集团
2007-06-25,2007-06-30,sz.000762,西藏矿业
2007-06-25,2007-06-30,sz.000777,中核科技
2007-06-25,2007-06-30,sz.000782,美达股份
2007-06-25,2007-06-30,sz.000785,武汉中商
2007-06-25,2007-06-30,sz.000790,泰合健康
2007-06-25,2007-06-30,sz.000795,英洛华
2007-06-25,2007-06-30,sz.000811,冰轮环境
2007-06-25,2007-06-30,sz.000812,陕西金叶
2007-06-25,2007-06-30,sz.000815,美利云
2007-06-25,2007-06-30,sz.000816,*ST慧业
2007-06-25,2007-06-30,sz.000818,航锦科技
2007-06-25,2007-06-30,sz.000819,岳阳兴长
2007-06-25,2007-06-30,sz.000821,京山轻机
2007-06-25,2007-06-30,sz.000823,超声电子
2007-06-25,2007-06-30,sz.000826,启迪桑德
2007-06-25,2007-06-30,sz.000829,天音控股
2007-06-25,2007-06-30,sz.000830,鲁西化工
2007-06-25,2007-06-30,sz.000831,五矿稀土
2007-06-25,2007-06-30,sz.000837,秦川机床
2007-06-25,2007-06-30,sz.000848,承德露露
2007-06-25,2007-06-30,sz.000850,华茂股份
2007-06-25,2007-06-30,sz.000851,高鸿股份
2007-06-25,2007-06-30,sz.000859,国风塑业
2007-06-25,2007-06-30,sz.000860,顺鑫农业
2007-06-25,2007-06-30,sz.000881,中广核技
2007-06-25,2007-06-30,sz.000882,华联股份
2007-06-25,2007-06-30,sz.000888,峨眉山A
2007-06-25,2007-06-30,sz.000890,法尔胜
2007-06-25,2007-06-30,sz.000899,赣能股份
2007-06-25,2007-06-30,sz.000901,航天科技
2007-06-25,2007-06-30,sz.000903,云内动力
2007-06-25,2007-06-30,sz.000905,厦门港务
2007-06-25,2007-06-30,sz.000909,数源科技
2007-06-25,2007-06-30,sz.000910,大亚圣象
2007-06-25,2007-06-30,sz.000911,南宁糖业
2007-06-25,2007-06-30,sz.000913,钱江摩托
2007-06-25,2007-06-30,sz.000919,金陵药业
2007-06-25,2007-06-30,sz.000926,福星股份
2007-06-25,2007-06-30,sz.000936,华西股份
2007-06-25,2007-06-30,sz.000938,紫光股份
2007-06-25,2007-06-30,sz.000949,新乡化纤
2007-06-25,2007-06-30,sz.000961,中南建设
2007-06-25,2007-06-30,sz.000963,华东医药
2007-06-25,2007-06-30,sz.000968,蓝焰控股
2007-06-25,2007-06-30,sz.000972,*ST中基
2007-06-25,2007-06-30,sz.000973,佛塑科技
2007-06-25,2007-06-30,sz.000975,银泰资源
2007-06-25,2007-06-30,sz.000976,华铁股份
2007-06-25,2007-06-30,sz.000977,浪潮信息
2007-06-25,2007-06-30,sz.000978,桂林旅游
2007-06-25,2007-06-30,sz.000987,越秀金控
2007-06-25,2007-06-30,sz.000988,华工科技
2007-06-25,2007-06-30,sz.000989,九芝堂
2007-06-25,2007-06-30,sz.000990,诚志股份
2007-06-25,2007-06-30,sz.000993,闽东电力
2007-06-25,2007-06-30,sz.000998,隆平高科
2007-06-25,2007-06-30,sz.001696,宗申动力
2007-06-25,2007-06-30,sz.002001,新和成
2007-06-25,2007-06-30,sz.002004,华邦健康
2007-06-25,2007-06-30,sz.002007,华兰生物
2007-06-25,2007-06-30,sz.002010,传化智联
2007-06-25,2007-06-30,sz.002012,凯恩股份
2007-06-25,2007-06-30,sz.002017,东信和平
2007-06-25,2007-06-30,sz.002021,中捷资源
2007-06-25,2007-06-30,sz.002022,科华生物
2007-06-25,2007-06-30,sz.002023,海特高新
2007-06-25,2007-06-30,sz.002027,分众传媒
2007-06-25,2007-06-30,sz.002028,思源电气
2007-06-25,2007-06-30,sz.002029,七匹狼
2007-06-25,2007-06-30,sz.002030,达安基因
2007-06-25,2007-06-30,sz.002031,巨轮智能
2007-06-25,2007-06-30,sz.002032,苏泊尔
2007-06-25,2007-06-30,sz.002038,双鹭药业
2007-06-25,2007-06-30,sz.002039,黔源电力
2007-06-25,2007-06-30,sz.002040,南京港
2007-06-25,2007-06-30,sz.002041,登海种业
2007-06-25,2007-06-30,sz.002045,国光电器
2007-06-25,2007-06-30,sz.002046,轴研科技
2007-06-25,2007-06-30,sz.002047,宝鹰股份
2007-06-25,2007-06-30,sz.002048,宁波华翔
2007-06-25,2007-06-30,sz.002050,三花智控
2007-06-25,2007-06-30,sz.002053,云南能投
2007-06-25,2007-06-30,sz.002054,德美化工
2007-06-25,2007-06-30,sz.002055,得润电子
2007-12-31,2007-12-31,sh.600039,四川路桥
2007-12-31,2007-12-31,sh.600051,宁波联合
2007-12-31,2007-12-31,sh.600054,黄山旅游
2007-12-31,2007-12-31,sh.600056,中国医药
2007-12-31,2007-12-31,sh.600057,厦门象屿
2007-12-31,2007-12-31,sh.600059,古越龙山
2007-12-31,2007-12-31,sh.600061,国投资本
2007-12-31,2007-12-31,sh.600063,皖维高新
2007-12-31,2007-12-31,sh.600064,南京高科
2007-12-31,2007-12-31,sh.600067,冠城大通
2007-12-31,2007-12-31,sh.600069,银鸽投资
2007-12-31,2007-12-31,sh.600071,凤凰光学
2007-12-31,2007-12-31,sh.600072,中船科技
2007-12-31,2007-12-31,sh.600073,上海梅林
2007-12-31,2007-12-31,sh.600074,*ST保千
2007-12-31,2007-12-31,sh.600075,新疆天业
2007-12-31,2007-12-31,sh.600079,人福医药
2007-12-31,2007-12-31,sh.600082,海泰发展
2007-12-31,2007-12-31,sh.600086,东方金钰
2007-12-31,2007-12-31,sh.600091,ST明科
2007-12-31,2007-12-31,sh.600095,哈高科
2007-12-31,2007-12-31,sh.600103,青山纸业
2007-12-31,2007-12-31,sh.600105,永鼎股份
2007-12-31,2007-12-31,sh.600106,重庆路桥
2007-12-31,2007-12-31,sh.600114,东睦股份
2007-12-31,2007-12-31,sh.600120,浙江东方
2007-12-31,2007-12-31,sh.600121,郑州煤电
2007-12-31,2007-12-31,sh.600122,宏图高科
2007-12-31,2007-12-31,sh.600126,杭钢股份
2007-12-31,2007-12-31,sh.600127,金健米业
2007-12-31,2007-12-31,sh.600129,太极集团
2007-12-31,2007-12-31,sh.600130,波导股份
2007-12-31,2007-12-31,sh.600131,岷江水电
2007-12-31,2007-12-31,sh.600135,乐凯胶片
2007-12-31,2007-12-31,sh.600138,中青旅
2007-12-31,2007-12-31,sh.600152,维科技术
2007-12-31,2007-12-31,sh.600156,华升股份
2007-12-31,2007-12-31,sh.600159,大龙地产
2007-12-31,2007-12-31,sh.600162,香江控股
2007-12-31,2007-12-31,sh.600166,福田汽车
2007-12-31,2007-12-31,sh.600168,武汉控股
2007-12-31,2007-12-31,sh.600169,太原重工
2007-12-31,2007-12-31,sh.600172,黄河旋风
2007-12-31,2007-12-31,sh.600176,中国巨石
2007-12-31,2007-12-31,sh.600178,东安动力
2007-12-31,2007-12-31,sh.600179,安通控股
2007-12-31,2007-12-31,sh.600180,瑞茂通
2007-12-31,2007-12-31,sh.600186,莲花健康
2007-12-31,2007-12-31,sh.600189,吉林森工
2007-12-31,2007-12-31,sh.600191,华资实业
2007-12-31,2007-12-31,sh.600192,长城电工
2007-12-31,2007-12-31,sh.600197,伊力特
2007-12-31,2007-12-31,sh.600201,生物股份
2007-12-31,2007-12-31,sh.600202,*ST哈空
2007-12-31,2007-12-31,sh.600203,福日电子
2007-12-31,2007-12-31,sh.600206,有研新材
2007-12-31,2007-12-31,sh.600212,江泉实业
2007-12-31,2007-12-31,sh.600215,长春经开
2007-12-31,2007-12-31,sh.600216,浙江医药
2007-12-31,2007-12-31,sh.600226,瀚叶股份
2007-12-31,2007-12-31,sh.600227,圣济堂
2007-12-31,2007-12-31,sh.600230,沧州大化
2007-12-31,2007-12-31,sh.600231,凌钢股份
2007-12-31,2007-12-31,sh.600232,金鹰股份
2007-12-31,2007-12-31,sh.600235,民丰特纸
2007-12-31,2007-12-31,sh.600237,铜峰电子
2007-12-31,2007-12-31,sh.600240,华业资本
2007-12-31,2007-12-31,sh.600246,万通地产
2007-12-31,2007-12-31,sh.600247,*ST成城
2007-12-31,2007-12-31,sh.600249,两面针
2007-12-31,2007-12-31,sh.600251,冠农股份
2007-12-31,2007-12-31,sh.600253,天方药业
2007-12-31,2007-12-31,sh.600255,梦舟股份
2007-12-31,2007-12-31,sh.600258,首旅酒店
2007-12-31,2007-12-31,sh.600260,凯乐科技
2007-12-31,2007-12-31,sh.600261,阳光照明
2007-12-31,2007-12-31,sh.600262,北方股份
2007-12-31,2007-12-31,sh.600263,路桥建设
2007-12-31,2007-12-31,sh.600267,海正药业
2007-12-31,2007-12-31,sh.600268,国电南自
2007-12-31,2007-12-31,sh.600275,ST昌鱼
2007-12-31,2007-12-31,sh.600277,亿利洁能
2007-12-31,2007-12-31,sh.600278,东方创业
2007-12-31,2007-12-31,sh.600279,重庆港九
2007-12-31,2007-12-31,sh.600281,太化股份
2007-12-31,2007-12-31,sh.600284,浦东建设
2007-12-31,2007-12-31,sh.600288,大恒科技
2007-12-31,2007-12-31,sh.600289,*ST信通
2007-12-31,2007-12-31,sh.600290,华仪电气
2007-12-31,2007-12-31,sh.600292,远达环保
2007-12-31,2007-12-31,sh.600293,三峡新材
2007-12-31,2007-12-31,sh.600295,鄂尔多斯
2007-12-31,2007-12-31,sh.600300,维维股份
2007-12-31,2007-12-31,sh.600302,标准股份
2007-12-31,2007-12-31,sh.600303,曙光股份
2007-12-31,2007-12-31,sh.600315,上海家化
2007-12-31,2007-12-31,sh.600317,营口港
2007-12-31,2007-12-31,sh.600319,亚星化学
2007-12-31,2007-12-31,sh.600321,*ST正源
2007-12-31,2007-12-31,sh.600322,天房发展
2007-12-31,2007-12-31,sh.600323,瀚蓝环境
2007-12-31,2007-12-31,sh.600325,华发股份
2007-12-31,2007-12-31,sh.600326,西藏天路
2007-12-31,2007-12-31,sh.600327,大东方
2007-12-31,2007-12-31,sh.600328,兰太实业
2007-12-31,2007-12-31,sh.600330,天通股份
2007-12-31,2007-12-31,sh.600333,长春燃气
2007-12-31,2007-12-31,sh.600337,美克家居
2007-12-31,2007-12-31,sh.600339,中油工程
2007-12-31,2007-12-31,sh.600343,航天动力
2007-12-31,2007-12-31,sh.600345,长江通信
2007-12-31,2007-12-31,sh.600352,浙江龙盛
2007-12-31,2007-12-31,sh.600356,恒丰纸业
2007-12-31,2007-12-31,sh.600358,国旅联合
2007-12-31,2007-12-31,sh.600359,新农开发
2007-12-31,2007-12-31,sh.600360,华微电子
2007-12-31,2007-12-31,sh.600363,联创光电
2007-12-31,2007-12-31,sh.600365,通葡股份
2007-12-31,2007-12-31,sh.600366,宁波韵升
2007-12-31,2007-12-31,sh.600367,红星发展
2007-12-31,2007-12-31,sh.600372,中航电子
2007-12-31,2007-12-31,sh.600376,首开股份
2007-12-31,2007-12-31,sh.600378,天科股份
2007-12-31,2007-12-31,sh.600382,广东明珠
2007-12-31,2007-12-31,sh.600387,海越能源
2007-12-31,2007-12-31,sh.600388,龙净环保
2007-12-31,2007-12-31,sh.600391,航发科技
2007-12-31,2007-12-31,sh.600392,盛和资源
2007-12-31,2007-12-31,sh.600393,粤泰股份
2007-12-31,2007-12-31,sh.600395,盘江股份
2007-12-31,2007-12-31,sh.600396,金山股份
2007-12-31,2007-12-31,sh.600398,海澜之家
2007-12-31,2007-12-31,sh.600399,*ST抚钢
2007-12-31,2007-12-31,sh.600400,红豆股份
2007-12-31,2007-12-31,sh.600408,*ST安泰
2007-12-31,2007-12-31,sh.600409,三友化工
2007-12-31,2007-12-31,sh.600416,湘电股份
2007-12-31,2007-12-31,sh.600420,现代制药
2007-12-31,2007-12-31,sh.600422,昆药集团
2007-12-31,2007-12-31,sh.600423,*ST柳化
2007-12-31,2007-12-31,sh.600426,华鲁恒升
2007-12-31,2007-12-31,sh.600436,片仔癀
2007-12-31,2007-12-31,sh.600439,瑞贝卡
2007-12-31,2007-12-31,sh.600446,金证股份
2007-12-31,2007-12-31,sh.600458,时代新材
2007-12-31,2007-12-31,sh.600459,贵研铂业
2007-12-31,2007-12-31,sh.600463,空港股份
2007-12-31,2007-12-31,sh.600467,好当家
2007-12-31,2007-12-31,sh.600468,百利电气
2007-12-31,2007-12-31,sh.600469,风神股份
2007-12-31,2007-12-31,sh.600470,六国化工
2007-12-31,2007-12-31,sh.600475,华光股份
2007-12-31,2007-12-31,sh.600477,杭萧钢构
2007-12-31,2007-12-31,sh.600480,凌云股份
2007-12-31,2007-12-31,sh.600481,双良节能
2007-12-31,2007-12-31,sh.600482,中国动力
2007-12-31,2007-12-31,sh.600485,信威集团
2007-12-31,2007-12-31,sh.600487,亨通光电
2007-12-31,2007-12-31,sh.600488,天药股份
2007-12-31,2007-12-31,sh.600491,龙元建设
2007-12-31,2007-12-31,sh.600495,晋西车轴
2007-12-31,2007-12-31,sh.600496,精工钢构
2007-12-31,2007-12-31,sh.600507,方大特钢
2007-12-31,2007-12-31,sh.600509,天富能源
2007-12-31,2007-12-31,sh.600510,黑牡丹
2007-12-31,2007-12-31,sh.600511,国药股份
2007-12-31,2007-12-31,sh.600512,腾达建设
2007-12-31,2007-12-31,sh.600517,置信电气
2007-12-31,2007-12-31,sh.600518,康美药业
2007-12-31,2007-12-31,sh.600522,中天科技
2007-12-31,2007-12-31,sh.600523,贵航股份
2007-12-31,2007-12-31,sh.600525,长园集团
2007-12-31,2007-12-31,sh.600529,山东药玻
2007-12-31,2007-12-31,sh.600530,交大昂立
2007-12-31,2007-12-31,sh.600531,豫光金铅
2007-12-31,2007-12-31,sh.600533,栖霞建设
2007-12-31,2007-12-31,sh.600536,中国软件
2007-12-31,2007-12-31,sh.600540,新赛股份
2007-12-31,2007-12-31,sh.600546,山煤国际
2007-12-31,2007-12-31,sh.600553,太行水泥
2007-12-31,2007-12-31,sh.600557,康缘药业
2007-12-31,2007-12-31,sh.600561,江西长运
2007-12-31,2007-12-31,sh.600563,法拉电子
2007-12-31,2007-12-31,sh.600565,迪马股份
2007-12-31,2007-12-31,sh.600567,山鹰纸业
2007-12-31,2007-12-31,sh.600573,惠泉啤酒
2007-12-31,2007-12-31,sh.600578,京能电力
2007-12-31,2007-12-31,sh.600580,卧龙电气
2007-12-31,2007-12-31,sh.600581,八一钢铁
2007-12-31,2007-12-31,sh.600584,长电科技
2007-12-31,2007-12-31,sh.600586,金晶科技
2007-12-31,2007-12-31,sh.600589,广东榕泰
2007-12-31,2007-12-31,sh.600590,泰豪科技
2007-12-31,2007-12-31,sh.600592,龙溪股份
2007-12-31,2007-12-31,sh.600594,益佰制药
2007-12-31,2007-12-31,sh.600595,中孚实业
2007-12-31,2007-12-31,sh.600602,云赛智联
2007-12-31,2007-12-31,sh.600604,市北高新
2007-12-31,2007-12-31,sh.600605,汇通能源
2007-12-31,2007-12-31,sh.600606,绿地控股
2007-12-31,2007-12-31,sh.600607,上实医药
2007-12-31,2007-12-31,sh.600620,天宸股份
2007-12-31,2007-12-31,sh.600621,华鑫股份
2007-12-31,2007-12-31,sh.600622,光大嘉宝
2007-12-31,2007-12-31,sh.600624,复旦复华
2007-12-31,2007-12-31,sh.600626,申达股份
2007-12-31,2007-12-31,sh.600630,龙头股份
2007-12-31,2007-12-31,sh.600636,三爱富
2007-12-31,2007-12-31,sh.600637,东方明珠
2007-12-31,2007-12-31,sh.600640,号百控股
2007-12-31,2007-12-31,sh.600641,万业企业
2007-12-31,2007-12-31,sh.600648,外高桥
2007-12-31,2007-12-31,sh.600650,锦江投资
2007-12-31,2007-12-31,sh.600652,游久游戏
2007-12-31,2007-12-31,sh.600654,ST中安
2007-12-31,2007-12-31,sh.600661,新南洋
2007-12-31,2007-12-31,sh.600665,天地源
2007-12-31,2007-12-31,sh.600667,太极实业
2007-12-31,2007-12-31,sh.600674,川投能源
2007-12-31,2007-12-31,sh.600676,交运股份
2007-12-31,2007-12-31,sh.600677,航天通信
2007-12-31,2007-12-31,sh.600680,*ST上普
2007-12-31,2007-12-31,sh.600683,京投发展
2007-12-31,2007-12-31,sh.600686,金龙汽车
2007-12-31,2007-12-31,sh.600692,亚通股份
2007-12-31,2007-12-31,sh.600696,ST岩石
2007-12-31,2007-12-31,sh.600697,欧亚集团
2007-12-31,2007-12-31,sh.600702,舍得酒业
2007-12-31,2007-12-31,sh.600704,物产中大
2007-12-31,2007-12-31,sh.600707,彩虹股份
2007-12-31,2007-12-31,sh.600708,光明地产
2007-12-31,2007-12-31,sh.600710,苏美达
2007-12-31,2007-12-31,sh.600713,南京医药
2007-12-31,2007-12-31,sh.600720,祁连山
2007-12-31,2007-12-31,sh.600723,首商股份
2007-12-31,2007-12-31,sh.600724,宁波富达
2007-12-31,2007-12-31,sh.600725,ST云维
2007-12-31,2007-12-31,sh.600726,华电能源
2007-12-31,2007-12-31,sh.600727,鲁北化工
2007-12-31,2007-12-31,sh.600732,ST新梅
2007-12-31,2007-12-31,sh.600736,苏州高新
2007-12-31,2007-12-31,sh.600740,山西焦化
2007-12-31,2007-12-31,sh.600744,华银电力
2007-12-31,2007-12-31,sh.600746,江苏索普
2007-12-31,2007-12-31,sh.600750,江中药业
2007-12-31,2007-12-31,sh.600755,厦门国贸
2007-12-31,2007-12-31,sh.600756,浪潮软件
2007-12-31,2007-12-31,sh.600764,中国海防
2007-12-31,2007-12-31,sh.600768,宁波富邦
2007-12-31,2007-12-31,sh.600769,祥龙电业
2007-12-31,2007-12-31,sh.600775,南京熊猫
2007-12-31,2007-12-31,sh.600777,新潮能源
2007-12-31,2007-12-31,sh.600785,新华百货
2007-12-31,2007-12-31,sh.600789,鲁抗医药
2007-12-31,2007-12-31,sh.600790,轻纺城
2007-12-31,2007-12-31,sh.600796,钱江生化
2007-12-31,2007-12-31,sh.600798,宁波海运
2007-12-31,2007-12-31,sh.600802,福建水泥
2007-12-31,2007-12-31,sh.600805,悦达投资
2007-12-31,2007-12-31,sh.600806,退市昆机
2007-12-31,2007-12-31,sh.600810,神马股份
2007-12-31,2007-12-31,sh.600814,杭州解百
2007-12-31,2007-12-31,sh.600815,厦工股份
2007-12-31,2007-12-31,sh.600816,安信信托
2007-12-31,2007-12-31,sh.600817,ST宏盛
2007-12-31,2007-12-31,sh.600821,津劝业
2007-12-31,2007-12-31,sh.600823,世茂股份
2007-12-31,2007-12-31,sh.600824,益民集团
2007-12-31,2007-12-31,sh.600825,新华传媒
2007-12-31,2007-12-31,sh.600826,兰生股份
2007-12-31,2007-12-31,sh.600827,百联股份
2007-12-31,2007-12-31,sh.600830,香溢融通
2007-12-31,2007-12-31,sh.600831,广电网络
2007-12-31,2007-12-31,sh.600834,申通地铁
2007-12-31,2007-12-31,sh.600838,上海九百
2007-12-31,2007-12-31,sh.600840,新湖创业
2007-12-31,2007-12-31,sh.600846,同济科技
2007-12-31,2007-12-31,sh.600855,航天长峰
2007-12-31,2007-12-31,sh.600860,京城股份
2007-12-31,2007-12-31,sh.600861,北京城乡
2007-12-31,2007-12-31,sh.600864,哈投股份
2007-12-31,2007-12-31,sh.600866,星湖科技
2007-12-31,2007-12-31,sh.600867,通化东宝
2007-12-31,2007-12-31,sh.600870,*ST厦华
2007-12-31,2007-12-31,sh.600872,中炬高新
2007-12-31,2007-12-31,sh.600877,ST嘉陵
2007-12-31,2007-12-31,sh.600880,博瑞传播
2007-12-31,2007-12-31,sh.600883,博闻科技
2007-12-31,2007-12-31,sh.600884,杉杉股份
2007-12-31,2007-12-31,sh.600888,新疆众和
2007-12-31,2007-12-31,sh.600893,航发动力
2007-12-31,2007-12-31,sh.600894,广日股份
2007-12-31,2007-12-31,sh.600896,*ST海投
2007-12-31,2007-12-31,sh.600897,厦门空港
2007-12-31,2007-12-31,sh.600962,国投中鲁
2007-12-31,2007-12-31,sh.600963,岳阳林纸
2007-12-31,2007-12-31,sh.600965,福成股份
2007-12-31,2007-12-31,sh.600966,博汇纸业
2007-12-31,2007-12-31,sh.600969,郴电国际
2007-12-31,2007-12-31,sh.600971,恒源煤电
2007-12-31,2007-12-31,sh.600973,宝胜股份
2007-12-31,2007-12-31,sh.600976,健民集团
2007-12-31,2007-12-31,sh.600979,广安爱众
2007-12-31,2007-12-31,sh.600983,惠而浦
2007-12-31,2007-12-31,sh.600987,航民股份
2007-12-31,2007-12-31,sh.600995,文山电力
2007-12-31,2007-12-31,sz.000006,深振业A
2007-12-31,2007-12-31,sz.000016,深康佳A
2007-12-31,2007-12-31,sz.000028,国药一致
2007-12-31,2007-12-31,sz.000032,深桑达A
2007-12-31,2007-12-31,sz.000033,新都退
2007-12-31,2007-12-31,sz.000040,东旭蓝天
2007-12-31,2007-12-31,sz.000042,中洲控股
2007-12-31,2007-12-31,sz.000043,中航善达
2007-12-31,2007-12-31,sz.000050,深天马A
2007-12-31,2007-12-31,sz.000062,深圳华强
2007-12-31,2007-12-31,sz.000070,特发信息
2007-12-31,2007-12-31,sz.000078,海王生物
2007-12-31,2007-12-31,sz.000090,天健集团
2007-12-31,2007-12-31,sz.000096,广聚能源
2007-12-31,2007-12-31,sz.000099,中信海直
2007-12-31,2007-12-31,sz.000151,中成股份
2007-12-31,2007-12-31,sz.000155,川化股份
2007-12-31,2007-12-31,sz.000158,常山北明
2007-12-31,2007-12-31,sz.000407,胜利股份
2007-12-31,2007-12-31,sz.000416,民生控股
2007-12-31,2007-12-31,sz.000417,合肥百货
2007-12-31,2007-12-31,sz.000419,通程控股
2007-12-31,2007-12-31,sz.000420,吉林化纤
2007-12-31,2007-12-31,sz.000421,南京公用
2007-12-31,2007-12-31,sz.000426,兴业矿业
2007-12-31,2007-12-31,sz.000428,华天酒店
2007-12-31,2007-12-31,sz.000501,鄂武商A
2007-12-31,2007-12-31,sz.000504,南华生物
2007-12-31,2007-12-31,sz.000507,珠海港
2007-12-31,2007-12-31,sz.000510,金路集团
2007-12-31,2007-12-31,sz.000511,烯碳退
2007-12-31,2007-12-31,sz.000513,丽珠集团
2007-12-31,2007-12-31,sz.000515,攀渝钛业
2007-12-31,2007-12-31,sz.000518,四环生物
2007-12-31,2007-12-31,sz.000520,长航凤凰
2007-12-31,2007-12-31,sz.000522,白云山A
2007-12-31,2007-12-31,sz.000524,岭南控股
2007-12-31,2007-12-31,sz.000525,红太阳
2007-12-31,2007-12-31,sz.000530,大冷股份
2007-12-31,2007-12-31,sz.000531,穗恒运A
2007-12-31,2007-12-31,sz.000532,华金资本
2007-12-31,2007-12-31,sz.000533,万家乐
2007-12-31,2007-12-31,sz.000537,广宇发展
2007-12-31,2007-12-31,sz.000543,皖能电力
2007-12-31,2007-12-31,sz.000548,湖南投资
2007-12-31,2007-12-31,sz.000551,创元科技
2007-12-31,2007-12-31,sz.000554,泰山石油
2007-12-31,2007-12-31,sz.000563,陕国投A
2007-12-31,2007-12-31,sz.000570,苏常柴A
2007-12-31,2007-12-31,sz.000571,新大洲A
2007-12-31,2007-12-31,sz.000572,海马汽车
2007-12-31,2007-12-31,sz.000573,粤宏远A
2007-12-31,2007-12-31,sz.000576,广东甘化
2007-12-31,2007-12-31,sz.000584,哈工智能
2007-12-31,2007-12-31,sz.000585,*ST东电
2007-12-31,2007-12-31,sz.000589,黔轮胎A
2007-12-31,2007-12-31,sz.000594,国恒退
2007-12-31,2007-12-31,sz.000597,东北制药
2007-12-31,2007-12-31,sz.000598,兴蓉环境
2007-12-31,2007-12-31,sz.000599,青岛双星
2007-12-31,2007-12-31,sz.000601,韶能股份
2007-12-31,2007-12-31,sz.000602,金马集团
2007-12-31,2007-12-31,sz.000607,华媒控股
2007-12-31,2007-12-31,sz.000608,阳光股份
2007-12-31,2007-12-31,sz.000616,海航投资
2007-12-31,2007-12-31,sz.000619,海螺型材
2007-12-31,2007-12-31,sz.000626,远大控股
2007-12-31,2007-12-31,sz.000627,天茂集团
2007-12-31,2007-12-31,sz.000628,高新发展
2007-12-31,2007-12-31,sz.000657,中钨高新
2007-12-31,2007-12-31,sz.000659,珠海中富
2007-12-31,2007-12-31,sz.000662,天夏智慧
2007-12-31,2007-12-31,sz.000666,经纬纺机
2007-12-31,2007-12-31,sz.000667,美好置业
2007-12-31,2007-12-31,sz.000668,荣丰控股
2007-12-31,2007-12-31,sz.000676,智度股份
2007-12-31,2007-12-31,sz.000677,恒天海龙
2007-12-31,2007-12-31,sz.000679,大连友谊
2007-12-31,2007-12-31,sz.000683,远兴能源
2007-12-31,2007-12-31,sz.000686,东北证券
2007-12-31,2007-12-31,sz.000695,滨海能源
2007-12-31,2007-12-31,sz.000698,沈阳化工
2007-12-31,2007-12-31,sz.000700,模塑科技
2007-12-31,2007-12-31,sz.000701,厦门信达
2007-12-31,2007-12-31,sz.000702,正虹科技
2007-12-31,2007-12-31,sz.000707,*ST双环
2007-12-31,2007-12-31,sz.000713,丰乐种业
2007-12-31,2007-12-31,sz.000720,*ST新能
2007-12-31,2007-12-31,sz.000722,湖南发展
2007-12-31,2007-12-31,sz.000726,鲁泰A
2007-12-31,2007-12-31,sz.000727,华东科技
2007-12-31,2007-12-31,sz.000731,四川美丰
2007-12-31,2007-12-31,sz.000733,振华科技
2007-12-31,2007-12-31,sz.000737,*ST南风
2007-12-31,2007-12-31,sz.000752,西藏发展
2007-12-31,2007-12-31,sz.000753,漳州发展
2007-12-31,2007-12-31,sz.000755,*ST三维
2007-12-31,2007-12-31,sz.000759,中百集团
2007-12-31,2007-12-31,sz.000762,西藏矿业
2007-12-31,2007-12-31,sz.000777,中核科技
2007-12-31,2007-12-31,sz.000782,美达股份
2007-12-31,2007-12-31,sz.000785,武汉中商
2007-12-31,2007-12-31,sz.000790,泰合健康
2007-12-31,2007-12-31,sz.000795,英洛华
2007-12-31,2007-12-31,sz.000811,冰轮环境
2007-12-31,2007-12-31,sz.000812,陕西金叶
2007-12-31,2007-12-31,sz.000815,美利云
2007-12-31,2007-12-31,sz.000816,*ST慧业
2007-12-31,2007-12-31,sz.000818,航锦科技
2007-12-31,2007-12-31,sz.000819,岳阳兴长
2007-12-31,2007-12-31,sz.000821,京山轻机
2007-12-31,2007-12-31,sz.000823,超声电子
2007-12-31,2007-12-31,sz.000826,启迪桑德
2007-12-31,2007-12-31,sz.000830,鲁西化工
2007-12-31,2007-12-31,sz.000831,五矿稀土
2007-12-31,2007-12-31,sz.000837,秦川机床
2007-12-31,2007-12-31,sz.000848,承德露露
2007-12-31,2007-12-31,sz.000850,华茂股份
2007-12-31,2007-12-31,sz.000851,高鸿股份
2007-12-31,2007-12-31,sz.000859,国风塑业
2007-12-31,2007-12-31,sz.000860,顺鑫农业
2007-12-31,2007-12-31,sz.000875,吉电股份
2007-12-31,2007-12-31,sz.000881,中广核技
2007-12-31,2007-12-31,sz.000882,华联股份
2007-12-31,2007-12-31,sz.000886,海南高速
2007-12-31,2007-12-31,sz.000888,峨眉山A
2007-12-31,2007-12-31,sz.000890,法尔胜
2007-12-31,2007-12-31,sz.000899,赣能股份
2007-12-31,2007-12-31,sz.000901,航天科技
2007-12-31,2007-12-31,sz.000903,云内动力
2007-12-31,2007-12-31,sz.000905,厦门港务
2007-12-31,2007-12-31,sz.000910,大亚圣象
2007-12-31,2007-12-31,sz.000911,南宁糖业
2007-12-31,2007-12-31,sz.000913,钱江摩托
2007-12-31,2007-12-31,sz.000919,金陵药业
2007-12-31,2007-12-31,sz.000926,福星股份
2007-12-31,2007-12-31,sz.000931,中关村
2007-12-31,2007-12-31,sz.000936,华西股份
2007-12-31,2007-12-31,sz.000938,紫光股份
2007-12-31,2007-12-31,sz.000939,*ST凯迪
2007-12-31,2007-12-31,sz.000949,新乡化纤
2007-12-31,2007-12-31,sz.000961,中南建设
2007-12-31,2007-12-31,sz.000963,华东医药
2007-12-31,2007-12-31,sz.000968,蓝焰控股
2007-12-31,2007-12-31,sz.000972,*ST中基
2007-12-31,2007-12-31,sz.000973,佛塑科技
2007-12-31,2007-12-31,sz.000975,银泰资源
2007-12-31,2007-12-31,sz.000976,华铁股份
2007-12-31,2007-12-31,sz.000977,浪潮信息
2007-12-31,2007-12-31,sz.000978,桂林旅游
2007-12-31,2007-12-31,sz.000987,越秀金控
2007-12-31,2007-12-31,sz.000988,华工科技
2007-12-31,2007-12-31,sz.000989,九芝堂
2007-12-31,2007-12-31,sz.000990,诚志股份
2007-12-31,2007-12-31,sz.000993,闽东电力
2007-12-31,2007-12-31,sz.000998,隆平高科
2007-12-31,2007-12-31,sz.001696,宗申动力
2007-12-31,2007-12-31,sz.002001,新和成
2007-12-31,2007-12-31,sz.002004,华邦健康
2007-12-31,2007-12-31,sz.002007,华兰生物
2007-12-31,2007-12-31,sz.002010,传化智联
2007-12-31,2007-12-31,sz.002017,东信和平
2007-12-31,2007-12-31,sz.002021,中捷资源
2007-12-31,2007-12-31,sz.002022,科华生物
2007-12-31,2007-12-31,sz.002023,海特高新
2007-12-31,2007-12-31,sz.002027,分众传媒
2007-12-31,2007-12-31,sz.002030,达安基因
2007-12-31,2007-12-31,sz.002031,巨轮智能
2007-12-31,2007-12-31,sz.002032,苏泊尔
2007-12-31,2007-12-31,sz.002040,南京港
2007-12-31,2007-12-31,sz.002041,登海种业
2007-12-31,2007-12-31,sz.002045,国光电器
2007-12-31,2007-12-31,sz.002046,轴研科技
2007-12-31,2007-12-31,sz.002047,宝鹰股份
2007-12-31,2007-12-31,sz.002048,宁波华翔
2007-12-31,2007-12-31,sz.002052,同洲电子
2007-12-31,2007-12-31,sz.002053,云南能投
2007-12-31,2007-12-31,sz.002056,横店东磁
2007-12-31,2007-12-31,sz.002061,浙江交科
2007-12-31,2007-12-31,sz.002064,华峰氨纶
2007-12-31,2007-12-31,sz.002065,东华软件
2007-12-31,2007-12-31,sz.002073,软控股份
2007-12-31,2007-12-31,sz.002076,雪莱特
2007-12-31,2007-12-31,sz.002080,中材科技
2007-12-31,2007-12-31,sz.002081,金螳螂
2007-12-31,2007-12-31,sz.002085,万丰奥威
2007-12-31,2007-12-31,sz.002088,鲁阳节能
2007-12-31,2007-12-31,sz.002092,中泰化学
2007-12-31,2007-12-31,sz.002095,生意宝
2007-12-31,2007-12-31,sz.002098,浔兴股份
2007-12-31,2007-12-31,sz.002103,广博股份
2007-12-31,2007-12-31,sz.002105,信隆健康
2007-12-31,2007-12-31,sz.002109,兴化股份
2007-12-31,2007-12-31,sz.002111,威海广泰
2008-06-30,2008-06-30,sh.600039,四川路桥
2008-06-30,2008-06-30,sh.600051,宁波联合
2008-06-30,2008-06-30,sh.600054,黄山旅游
2008-06-30,2008-06-30,sh.600056,中国医药
2008-06-30,2008-06-30,sh.600057,厦门象屿
2008-06-30,2008-06-30,sh.600059,古越龙山
2008-06-30,2008-06-30,sh.600060,海信电器
2008-06-30,2008-06-30,sh.600061,国投资本
2008-06-30,2008-06-30,sh.600062,华润双鹤
2008-06-30,2008-06-30,sh.600063,皖维高新
2008-06-30,2008-06-30,sh.600067,冠城大通
2008-06-30,2008-06-30,sh.600069,银鸽投资
2008-06-30,2008-06-30,sh.600071,凤凰光学
2008-06-30,2008-06-30,sh.600072,中船科技
2008-06-30,2008-06-30,sh.600073,上海梅林
2008-06-30,2008-06-30,sh.600074,*ST保千
2008-06-30,2008-06-30,sh.600075,新疆天业
2008-06-30,2008-06-30,sh.600078,澄星股份
2008-06-30,2008-06-30,sh.600079,人福医药
2008-06-30,2008-06-30,sh.600082,海泰发展
2008-06-30,2008-06-30,sh.600086,东方金钰
2008-06-30,2008-06-30,sh.600091,ST明科
2008-06-30,2008-06-30,sh.600095,哈高科
2008-06-30,2008-06-30,sh.600103,青山纸业
2008-06-30,2008-06-30,sh.600105,永鼎股份
2008-06-30,2008-06-30,sh.600106,重庆路桥
2008-06-30,2008-06-30,sh.600114,东睦股份
2008-06-30,2008-06-30,sh.600120,浙江东方
2008-06-30,2008-06-30,sh.600121,郑州煤电
2008-06-30,2008-06-30,sh.600122,宏图高科
2008-06-30,2008-06-30,sh.600126,杭钢股份
2008-06-30,2008-06-30,sh.600127,金健米业
2008-06-30,2008-06-30,sh.600129,太极集团
2008-06-30,2008-06-30,sh.600130,波导股份
2008-06-30,2008-06-30,sh.600131,岷江水电
2008-06-30,2008-06-30,sh.600135,乐凯胶片
2008-06-30,2008-06-30,sh.600138,中青旅
2008-06-30,2008-06-30,sh.600152,维科技术
2008-06-30,2008-06-30,sh.600156,华升股份
2008-06-30,2008-06-30,sh.600159,大龙地产
2008-06-30,2008-06-30,sh.600160,巨化股份
2008-06-30,2008-06-30,sh.600162,香江控股
2008-06-30,2008-06-30,sh.600168,武汉控股
2008-06-30,2008-06-30,sh.600169,太原重工
2008-06-30,2008-06-30,sh.600171,上海贝岭
2008-06-30,2008-06-30,sh.600172,黄河旋风
2008-06-30,2008-06-30,sh.600176,中国巨石
2008-06-30,2008-06-30,sh.600178,东安动力
2008-06-30,2008-06-30,sh.600179,安通控股
2008-06-30,2008-06-30,sh.600186,莲花健康
2008-06-30,2008-06-30,sh.600189,吉林森工
2008-06-30,2008-06-30,sh.600191,华资实业
2008-06-30,2008-06-30,sh.600192,长城电工
2008-06-30,2008-06-30,sh.600197,伊力特
2008-06-30,2008-06-30,sh.600201,生物股份
2008-06-30,2008-06-30,sh.600202,*ST哈空
2008-06-30,2008-06-30,sh.600206,有研新材
2008-06-30,2008-06-30,sh.600215,长春经开
2008-06-30,2008-06-30,sh.600216,浙江医药
2008-06-30,2008-06-30,sh.600226,瀚叶股份
2008-06-30,2008-06-30,sh.600227,圣济堂
2008-06-30,2008-06-30,sh.600230,沧州大化
2008-06-30,2008-06-30,sh.600231,凌钢股份
2008-06-30,2008-06-30,sh.600232,金鹰股份
2008-06-30,2008-06-30,sh.600235,民丰特纸
2008-06-30,2008-06-30,sh.600237,铜峰电子
2008-06-30,2008-06-30,sh.600240,华业资本
2008-06-30,2008-06-30,sh.600246,万通地产
2008-06-30,2008-06-30,sh.600247,*ST成城
2008-06-30,2008-06-30,sh.600249,两面针
2008-06-30,2008-06-30,sh.600251,冠农股份
2008-06-30,2008-06-30,sh.600253,天方药业
2008-06-30,2008-06-30,sh.600255,梦舟股份
2008-06-30,2008-06-30,sh.600258,首旅酒店
2008-06-30,2008-06-30,sh.600260,凯乐科技
2008-06-30,2008-06-30,sh.600261,阳光照明
2008-06-30,2008-06-30,sh.600262,北方股份
2008-06-30,2008-06-30,sh.600263,路桥建设
2008-06-30,2008-06-30,sh.600267,海正药业
2008-06-30,2008-06-30,sh.600268,国电南自
2008-06-30,2008-06-30,sh.600275,ST昌鱼
2008-06-30,2008-06-30,sh.600277,亿利洁能
2008-06-30,2008-06-30,sh.600278,东方创业
2008-06-30,2008-06-30,sh.600279,重庆港九
2008-06-30,2008-06-30,sh.600281,太化股份
2008-06-30,2008-06-30,sh.600284,浦东建设
2008-06-30,2008-06-30,sh.600287,江苏舜天
2008-06-30,2008-06-30,sh.600288,大恒科技
2008-06-30,2008-06-30,sh.600289,*ST信通
2008-06-30,2008-06-30,sh.600290,华仪电气
2008-06-30,2008-06-30,sh.600291,西水股份
2008-06-30,2008-06-30,sh.600292,远达环保
2008-06-30,2008-06-30,sh.600293,三峡新材
2008-06-30,2008-06-30,sh.600295,鄂尔多斯
2008-06-30,2008-06-30,sh.600298,安琪酵母
2008-06-30,2008-06-30,sh.600300,维维股份
2008-06-30,2008-06-30,sh.600302,标准股份
2008-06-30,2008-06-30,sh.600303,曙光股份
2008-06-30,2008-06-30,sh.600310,桂东电力
2008-06-30,2008-06-30,sh.600312,平高电气
2008-06-30,2008-06-30,sh.600315,上海家化
2008-06-30,2008-06-30,sh.600317,营口港
2008-06-30,2008-06-30,sh.600319,亚星化学
2008-06-30,2008-06-30,sh.600321,*ST正源
2008-06-30,2008-06-30,sh.600322,天房发展
2008-06-30,2008-06-30,sh.600323,瀚蓝环境
2008-06-30,2008-06-30,sh.600326,西藏天路
2008-06-30,2008-06-30,sh.600327,大东方
2008-06-30,2008-06-30,sh.600328,兰太实业
2008-06-30,2008-06-30,sh.600330,天通股份
2008-06-30,2008-06-30,sh.600332,白云山
2008-06-30,2008-06-30,sh.600333,长春燃气
2008-06-30,2008-06-30,sh.600339,中油工程
2008-06-30,2008-06-30,sh.600343,航天动力
2008-06-30,2008-06-30,sh.600345,长江通信
2008-06-30,2008-06-30,sh.600352,浙江龙盛
2008-06-30,2008-06-30,sh.600356,恒丰纸业
2008-06-30,2008-06-30,sh.600358,国旅联合
2008-06-30,2008-06-30,sh.600359,新农开发
2008-06-30,2008-06-30,sh.600360,华微电子
2008-06-30,2008-06-30,sh.600363,联创光电
2008-06-30,2008-06-30,sh.600366,宁波韵升
2008-06-30,2008-06-30,sh.600367,红星发展
2008-06-30,2008-06-30,sh.600376,首开股份
2008-06-30,2008-06-30,sh.600382,广东明珠
2008-06-30,2008-06-30,sh.600387,海越能源
2008-06-30,2008-06-30,sh.600388,龙净环保
2008-06-30,2008-06-30,sh.600391,航发科技
2008-06-30,2008-06-30,sh.600392,盛和资源
2008-06-30,2008-06-30,sh.600393,粤泰股份
2008-06-30,2008-06-30,sh.600395,盘江股份
2008-06-30,2008-06-30,sh.600396,金山股份
2008-06-30,2008-06-30,sh.600398,海澜之家
2008-06-30,2008-06-30,sh.600399,*ST抚钢
2008-06-30,2008-06-30,sh.600400,红豆股份
2008-06-30,2008-06-30,sh.600406,国电南瑞
2008-06-30,2008-06-30,sh.600408,*ST安泰
2008-06-30,2008-06-30,sh.600409,三友化工
2008-06-30,2008-06-30,sh.600410,华胜天成
2008-06-30,2008-06-30,sh.600416,湘电股份
2008-06-30,2008-06-30,sh.600420,现代制药
2008-06-30,2008-06-30,sh.600422,昆药集团
2008-06-30,2008-06-30,sh.600423,*ST柳化
2008-06-30,2008-06-30,sh.600426,华鲁恒升
2008-06-30,2008-06-30,sh.600436,片仔癀
2008-06-30,2008-06-30,sh.600439,瑞贝卡
2008-06-30,2008-06-30,sh.600446,金证股份
2008-06-30,2008-06-30,sh.600458,时代新材
2008-06-30,2008-06-30,sh.600459,贵研铂业
2008-06-30,2008-06-30,sh.600460,士兰微
2008-06-30,2008-06-30,sh.600463,空港股份
2008-06-30,2008-06-30,sh.600467,好当家
2008-06-30,2008-06-30,sh.600468,百利电气
2008-06-30,2008-06-30,sh.600469,风神股份
2008-06-30,2008-06-30,sh.600470,六国化工
2008-06-30,2008-06-30,sh.600475,华光股份
2008-06-30,2008-06-30,sh.600480,凌云股份
2008-06-30,2008-06-30,sh.600481,双良节能
2008-06-30,2008-06-30,sh.600482,中国动力
2008-06-30,2008-06-30,sh.600485,信威集团
2008-06-30,2008-06-30,sh.600487,亨通光电
2008-06-30,2008-06-30,sh.600488,天药股份
2008-06-30,2008-06-30,sh.600491,龙元建设
2008-06-30,2008-06-30,sh.600495,晋西车轴
2008-06-30,2008-06-30,sh.600496,精工钢构
2008-06-30,2008-06-30,sh.600498,烽火通信
2008-06-30,2008-06-30,sh.600507,方大特钢
2008-06-30,2008-06-30,sh.600509,天富能源
2008-06-30,2008-06-30,sh.600510,黑牡丹
2008-06-30,2008-06-30,sh.600511,国药股份
2008-06-30,2008-06-30,sh.600512,腾达建设
2008-06-30,2008-06-30,sh.600517,置信电气
2008-06-30,2008-06-30,sh.600518,康美药业
2008-06-30,2008-06-30,sh.600521,华海药业
2008-06-30,2008-06-30,sh.600522,中天科技
2008-06-30,2008-06-30,sh.600523,贵航股份
2008-06-30,2008-06-30,sh.600529,山东药玻
2008-06-30,2008-06-30,sh.600530,交大昂立
2008-06-30,2008-06-30,sh.600531,豫光金铅
2008-06-30,2008-06-30,sh.600536,中国软件
2008-06-30,2008-06-30,sh.600540,新赛股份
2008-06-30,2008-06-30,sh.600546,山煤国际
2008-06-30,2008-06-30,sh.600553,太行水泥
2008-06-30,2008-06-30,sh.600555,海航创新
2008-06-30,2008-06-30,sh.600557,康缘药业
2008-06-30,2008-06-30,sh.600561,江西长运
2008-06-30,2008-06-30,sh.600563,法拉电子
2008-06-30,2008-06-30,sh.600565,迪马股份
2008-06-30,2008-06-30,sh.600567,山鹰纸业
2008-06-30,2008-06-30,sh.600573,惠泉啤酒
2008-06-30,2008-06-30,sh.600578,京能电力
2008-06-30,2008-06-30,sh.600580,卧龙电气
2008-06-30,2008-06-30,sh.600581,八一钢铁
2008-06-30,2008-06-30,sh.600584,长电科技
2008-06-30,2008-06-30,sh.600586,金晶科技
2008-06-30,2008-06-30,sh.600589,广东榕泰
2008-06-30,2008-06-30,sh.600590,泰豪科技
2008-06-30,2008-06-30,sh.600592,龙溪股份
2008-06-30,2008-06-30,sh.600594,益佰制药
2008-06-30,2008-06-30,sh.600602,云赛智联
2008-06-30,2008-06-30,sh.600604,市北高新
2008-06-30,2008-06-30,sh.600605,汇通能源
2008-06-30,2008-06-30,sh.600606,绿地控股
2008-06-30,2008-06-30,sh.600607,上实医药
2008-06-30,2008-06-30,sh.600618,氯碱化工
2008-06-30,2008-06-30,sh.600620,天宸股份
2008-06-30,2008-06-30,sh.600621,华鑫股份
2008-06-30,2008-06-30,sh.600622,光大嘉宝
2008-06-30,2008-06-30,sh.600624,复旦复华
2008-06-30,2008-06-30,sh.600626,申达股份
2008-06-30,2008-06-30,sh.600630,龙头股份
2008-06-30,2008-06-30,sh.600636,三爱富
2008-06-30,2008-06-30,sh.600637,东方明珠
2008-06-30,2008-06-30,sh.600640,号百控股
2008-06-30,2008-06-30,sh.600641,万业企业
2008-06-30,2008-06-30,sh.600648,外高桥
2008-06-30,2008-06-30,sh.600650,锦江投资
2008-06-30,2008-06-30,sh.600651,飞乐音响
2008-06-30,2008-06-30,sh.600652,游久游戏
2008-06-30,2008-06-30,sh.600654,ST中安
2008-06-30,2008-06-30,sh.600661,新南洋
2008-06-30,2008-06-30,sh.600665,天地源
2008-06-30,2008-06-30,sh.600667,太极实业
2008-06-30,2008-06-30,sh.600674,川投能源
2008-06-30,2008-06-30,sh.600676,交运股份
2008-06-30,2008-06-30,sh.600677,航天通信
2008-06-30,2008-06-30,sh.600683,京投发展
2008-06-30,2008-06-30,sh.600686,金龙汽车
2008-06-30,2008-06-30,sh.600692,亚通股份
2008-06-30,2008-06-30,sh.600696,ST岩石
2008-06-30,2008-06-30,sh.600702,舍得酒业
2008-06-30,2008-06-30,sh.600704,物产中大
2008-06-30,2008-06-30,sh.600707,彩虹股份
2008-06-30,2008-06-30,sh.600708,光明地产
2008-06-30,2008-06-30,sh.600710,苏美达
2008-06-30,2008-06-30,sh.600713,南京医药
2008-06-30,2008-06-30,sh.600720,祁连山
2008-06-30,2008-06-30,sh.600723,首商股份
2008-06-30,2008-06-30,sh.600724,宁波富达
2008-06-30,2008-06-30,sh.600725,ST云维
2008-06-30,2008-06-30,sh.600726,华电能源
2008-06-30,2008-06-30,sh.600727,鲁北化工
2008-06-30,2008-06-30,sh.600732,ST新梅
2008-06-30,2008-06-30,sh.600736,苏州高新
2008-06-30,2008-06-30,sh.600740,山西焦化
2008-06-30,2008-06-30,sh.600744,华银电力
2008-06-30,2008-06-30,sh.600746,江苏索普
2008-06-30,2008-06-30,sh.600750,江中药业
2008-06-30,2008-06-30,sh.600755,厦门国贸
2008-06-30,2008-06-30,sh.600756,浪潮软件
2008-06-30,2008-06-30,sh.600764,中国海防
2008-06-30,2008-06-30,sh.600769,祥龙电业
2008-06-30,2008-06-30,sh.600775,南京熊猫
2008-06-30,2008-06-30,sh.600776,东方通信
2008-06-30,2008-06-30,sh.600777,新潮能源
2008-06-30,2008-06-30,sh.600785,新华百货
2008-06-30,2008-06-30,sh.600789,鲁抗医药
2008-06-30,2008-06-30,sh.600790,轻纺城
2008-06-30,2008-06-30,sh.600796,钱江生化
2008-06-30,2008-06-30,sh.600798,宁波海运
2008-06-30,2008-06-30,sh.600802,福建水泥
2008-06-30,2008-06-30,sh.600804,鹏博士
2008-06-30,2008-06-30,sh.600805,悦达投资
2008-06-30,2008-06-30,sh.600806,退市昆机
2008-06-30,2008-06-30,sh.600810,神马股份
2008-06-30,2008-06-30,sh.600814,杭州解百
2008-06-30,2008-06-30,sh.600815,厦工股份
2008-06-30,2008-06-30,sh.600817,ST宏盛
2008-06-30,2008-06-30,sh.600819,耀皮玻璃
2008-06-30,2008-06-30,sh.600821,津劝业
2008-06-30,2008-06-30,sh.600823,世茂股份
2008-06-30,2008-06-30,sh.600824,益民集团
2008-06-30,2008-06-30,sh.600826,兰生股份
2008-06-30,2008-06-30,sh.600827,百联股份
2008-06-30,2008-06-30,sh.600830,香溢融通
2008-06-30,2008-06-30,sh.600831,广电网络
2008-06-30,2008-06-30,sh.600834,申通地铁
2008-06-30,2008-06-30,sh.600838,上海九百
2008-06-30,2008-06-30,sh.600840,新湖创业
2008-06-30,2008-06-30,sh.600846,同济科技
2008-06-30,2008-06-30,sh.600855,航天长峰
2008-06-30,2008-06-30,sh.600860,京城股份
2008-06-30,2008-06-30,sh.600861,北京城乡
2008-06-30,2008-06-30,sh.600864,哈投股份
2008-06-30,2008-06-30,sh.600866,星湖科技
2008-06-30,2008-06-30,sh.600867,通化东宝
2008-06-30,2008-06-30,sh.600872,中炬高新
2008-06-30,2008-06-30,sh.600877,ST嘉陵
2008-06-30,2008-06-30,sh.600880,博瑞传播
2008-06-30,2008-06-30,sh.600883,博闻科技
2008-06-30,2008-06-30,sh.600884,杉杉股份
2008-06-30,2008-06-30,sh.600888,新疆众和
2008-06-30,2008-06-30,sh.600894,广日股份
2008-06-30,2008-06-30,sh.600896,*ST海投
2008-06-30,2008-06-30,sh.600897,厦门空港
2008-06-30,2008-06-30,sh.600962,国投中鲁
2008-06-30,2008-06-30,sh.600965,福成股份
2008-06-30,2008-06-30,sh.600966,博汇纸业
2008-06-30,2008-06-30,sh.600969,郴电国际
2008-06-30,2008-06-30,sh.600971,恒源煤电
2008-06-30,2008-06-30,sh.600973,宝胜股份
2008-06-30,2008-06-30,sh.600976,健民集团
2008-06-30,2008-06-30,sh.600981,汇鸿集团
2008-06-30,2008-06-30,sh.600983,惠而浦
2008-06-30,2008-06-30,sh.600987,航民股份
2008-06-30,2008-06-30,sh.600991,广汽长丰
2008-06-30,2008-06-30,sh.600995,文山电力
2008-06-30,2008-06-30,sh.601007,金陵饭店
2008-06-30,2008-06-30,sh.601008,连云港
2008-06-30,2008-06-30,sz.000006,深振业A
2008-06-30,2008-06-30,sz.000016,深康佳A
2008-06-30,2008-06-30,sz.000028,国药一致
2008-06-30,2008-06-30,sz.000032,深桑达A
2008-06-30,2008-06-30,sz.000033,新都退
2008-06-30,2008-06-30,sz.000040,东旭蓝天
2008-06-30,2008-06-30,sz.000042,中洲控股
2008-06-30,2008-06-30,sz.000043,中航善达
2008-06-30,2008-06-30,sz.000050,深天马A
2008-06-30,2008-06-30,sz.000062,深圳华强
2008-06-30,2008-06-30,sz.000066,中国长城
2008-06-30,2008-06-30,sz.000070,特发信息
2008-06-30,2008-06-30,sz.000078,海王生物
2008-06-30,2008-06-30,sz.000090,天健集团
2008-06-30,2008-06-30,sz.000096,广聚能源
2008-06-30,2008-06-30,sz.000099,中信海直
2008-06-30,2008-06-30,sz.000151,中成股份
2008-06-30,2008-06-30,sz.000155,川化股份
2008-06-30,2008-06-30,sz.000158,常山北明
2008-06-30,2008-06-30,sz.000407,胜利股份
2008-06-30,2008-06-30,sz.000416,民生控股
2008-06-30,2008-06-30,sz.000417,合肥百货
2008-06-30,2008-06-30,sz.000419,通程控股
2008-06-30,2008-06-30,sz.000420,吉林化纤
2008-06-30,2008-06-30,sz.000421,南京公用
2008-06-30,2008-06-30,sz.000426,兴业矿业
2008-06-30,2008-06-30,sz.000428,华天酒店
2008-06-30,2008-06-30,sz.000429,粤高速A
2008-06-30,2008-06-30,sz.000501,鄂武商A
2008-06-30,2008-06-30,sz.000504,南华生物
2008-06-30,2008-06-30,sz.000507,珠海港
2008-06-30,2008-06-30,sz.000510,金路集团
2008-06-30,2008-06-30,sz.000511,烯碳退
2008-06-30,2008-06-30,sz.000513,丽珠集团
2008-06-30,2008-06-30,sz.000514,渝开发
2008-06-30,2008-06-30,sz.000515,攀渝钛业
2008-06-30,2008-06-30,sz.000520,长航凤凰
2008-06-30,2008-06-30,sz.000522,白云山A
2008-06-30,2008-06-30,sz.000524,岭南控股
2008-06-30,2008-06-30,sz.000525,红太阳
2008-06-30,2008-06-30,sz.000530,大冷股份
2008-06-30,2008-06-30,sz.000531,穗恒运A
2008-06-30,2008-06-30,sz.000532,华金资本
2008-06-30,2008-06-30,sz.000533,万家乐
2008-06-30,2008-06-30,sz.000537,广宇发展
2008-06-30,2008-06-30,sz.000548,湖南投资
2008-06-30,2008-06-30,sz.000551,创元科技
2008-06-30,2008-06-30,sz.000554,泰山石油
2008-06-30,2008-06-30,sz.000563,陕国投A
2008-06-30,2008-06-30,sz.000570,苏常柴A
2008-06-30,2008-06-30,sz.000571,新大洲A
2008-06-30,2008-06-30,sz.000573,粤宏远A
2008-06-30,2008-06-30,sz.000576,广东甘化
2008-06-30,2008-06-30,sz.000584,哈工智能
2008-06-30,2008-06-30,sz.000585,*ST东电
2008-06-30,2008-06-30,sz.000589,黔轮胎A
2008-06-30,2008-06-30,sz.000594,国恒退
2008-06-30,2008-06-30,sz.000597,东北制药
2008-06-30,2008-06-30,sz.000598,兴蓉环境
2008-06-30,2008-06-30,sz.000599,青岛双星
2008-06-30,2008-06-30,sz.000600,建投能源
2008-06-30,2008-06-30,sz.000601,韶能股份
2008-06-30,2008-06-30,sz.000602,金马集团
2008-06-30,2008-06-30,sz.000607,华媒控股
2008-06-30,2008-06-30,sz.000608,阳光股份
2008-06-30,2008-06-30,sz.000616,海航投资
2008-06-30,2008-06-30,sz.000617,中油资本
2008-06-30,2008-06-30,sz.000619,海螺型材
2008-06-30,2008-06-30,sz.000626,远大控股
2008-06-30,2008-06-30,sz.000627,天茂集团
2008-06-30,2008-06-30,sz.000655,*ST金岭
2008-06-30,2008-06-30,sz.000659,珠海中富
2008-06-30,2008-06-30,sz.000662,天夏智慧
2008-06-30,2008-06-30,sz.000666,经纬纺机
2008-06-30,2008-06-30,sz.000668,荣丰控股
2008-06-30,2008-06-30,sz.000676,智度股份
2008-06-30,2008-06-30,sz.000677,恒天海龙
2008-06-30,2008-06-30,sz.000679,大连友谊
2008-06-30,2008-06-30,sz.000683,远兴能源
2008-06-30,2008-06-30,sz.000695,滨海能源
2008-06-30,2008-06-30,sz.000698,沈阳化工
2008-06-30,2008-06-30,sz.000700,模塑科技
2008-06-30,2008-06-30,sz.000701,厦门信达
2008-06-30,2008-06-30,sz.000702,正虹科技
2008-06-30,2008-06-30,sz.000713,丰乐种业
2008-06-30,2008-06-30,sz.000720,*ST新能
2008-06-30,2008-06-30,sz.000726,鲁泰A
2008-06-30,2008-06-30,sz.000727,华东科技
2008-06-30,2008-06-30,sz.000731,四川美丰
2008-06-30,2008-06-30,sz.000733,振华科技
2008-06-30,2008-06-30,sz.000737,*ST南风
2008-06-30,2008-06-30,sz.000748,长城信息
2008-06-30,2008-06-30,sz.000752,西藏发展
2008-06-30,2008-06-30,sz.000753,漳州发展
2008-06-30,2008-06-30,sz.000759,中百集团
2008-06-30,2008-06-30,sz.000762,西藏矿业
2008-06-30,2008-06-30,sz.000777,中核科技
2008-06-30,2008-06-30,sz.000782,美达股份
2008-06-30,2008-06-30,sz.000785,武汉中商
2008-06-30,2008-06-30,sz.000790,泰合健康
2008-06-30,2008-06-30,sz.000795,英洛华
2008-06-30,2008-06-30,sz.000811,冰轮环境
2008-06-30,2008-06-30,sz.000815,美利云
2008-06-30,2008-06-30,sz.000816,*ST慧业
2008-06-30,2008-06-30,sz.000818,航锦科技
2008-06-30,2008-06-30,sz.000819,岳阳兴长
2008-06-30,2008-06-30,sz.000821,京山轻机
2008-06-30,2008-06-30,sz.000823,超声电子
2008-06-30,2008-06-30,sz.000826,启迪桑德
2008-06-30,2008-06-30,sz.000830,鲁西化工
2008-06-30,2008-06-30,sz.000831,五矿稀土
2008-06-30,2008-06-30,sz.000837,秦川机床
2008-06-30,2008-06-30,sz.000848,承德露露
2008-06-30,2008-06-30,sz.000851,高鸿股份
2008-06-30,2008-06-30,sz.000859,国风塑业
2008-06-30,2008-06-30,sz.000860,顺鑫农业
2008-06-30,2008-06-30,sz.000875,吉电股份
2008-06-30,2008-06-30,sz.000881,中广核技
2008-06-30,2008-06-30,sz.000882,华联股份
2008-06-30,2008-06-30,sz.000886,海南高速
2008-06-30,2008-06-30,sz.000888,峨眉山A
2008-06-30,2008-06-30,sz.000890,法尔胜
2008-06-30,2008-06-30,sz.000899,赣能股份
2008-06-30,2008-06-30,sz.000903,云内动力
2008-06-30,2008-06-30,sz.000905,厦门港务
2008-06-30,2008-06-30,sz.000910,大亚圣象
2008-06-30,2008-06-30,sz.000911,南宁糖业
2008-06-30,2008-06-30,sz.000913,钱江摩托
2008-06-30,2008-06-30,sz.000916,华北高速
2008-06-30,2008-06-30,sz.000919,金陵药业
2008-06-30,2008-06-30,sz.000926,福星股份
2008-06-30,2008-06-30,sz.000931,中关村
2008-06-30,2008-06-30,sz.000936,华西股份
2008-06-30,2008-06-30,sz.000938,紫光股份
2008-06-30,2008-06-30,sz.000939,*ST凯迪
2008-06-30,2008-06-30,sz.000949,新乡化纤
2008-06-30,2008-06-30,sz.000952,广济药业
2008-06-30,2008-06-30,sz.000961,中南建设
2008-06-30,2008-06-30,sz.000962,东方钽业
2008-06-30,2008-06-30,sz.000963,华东医药
2008-06-30,2008-06-30,sz.000968,蓝焰控股
2008-06-30,2008-06-30,sz.000972,*ST中基
2008-06-30,2008-06-30,sz.000973,佛塑科技
2008-06-30,2008-06-30,sz.000975,银泰资源
2008-06-30,2008-06-30,sz.000976,华铁股份
2008-06-30,2008-06-30,sz.000977,浪潮信息
2008-06-30,2008-06-30,sz.000978,桂林旅游
2008-06-30,2008-06-30,sz.000987,越秀金控
2008-06-30,2008-06-30,sz.000988,华工科技
2008-06-30,2008-06-30,sz.000989,九芝堂
2008-06-30,2008-06-30,sz.000990,诚志股份
2008-06-30,2008-06-30,sz.000997,新大陆
2008-06-30,2008-06-30,sz.000998,隆平高科
2008-06-30,2008-06-30,sz.001696,宗申动力
2008-06-30,2008-06-30,sz.002001,新和成
2008-06-30,2008-06-30,sz.002008,大族激光
2008-06-30,2008-06-30,sz.002010,传化智联
2008-06-30,2008-06-30,sz.002019,亿帆医药
2008-06-30,2008-06-30,sz.002021,中捷资源
2008-06-30,2008-06-30,sz.002022,科华生物
2008-06-30,2008-06-30,sz.002023,海特高新
2008-06-30,2008-06-30,sz.002027,分众传媒
2008-06-30,2008-06-30,sz.002030,达安基因
2008-06-30,2008-06-30,sz.002031,巨轮智能
2008-06-30,2008-06-30,sz.002040,南京港
2008-06-30,2008-06-30,sz.002041,登海种业
2008-06-30,2008-06-30,sz.002045,国光电器
2008-06-30,2008-06-30,sz.002047,宝鹰股份
2008-06-30,2008-06-30,sz.002048,宁波华翔
2008-06-30,2008-06-30,sz.002051,中工国际
2008-06-30,2008-06-30,sz.002052,同洲电子
2008-06-30,2008-06-30,sz.002053,云南能投
2008-06-30,2008-06-30,sz.002056,横店东磁
2008-06-30,2008-06-30,sz.002061,浙江交科
2008-06-30,2008-06-30,sz.002064,华峰氨纶
2008-06-30,2008-06-30,sz.002075,沙钢股份
2008-06-30,2008-06-30,sz.002080,中材科技
2008-06-30,2008-06-30,sz.002083,孚日股份
2008-06-30,2008-06-30,sz.002084,海鸥住工
2008-06-30,2008-06-30,sz.002085,万丰奥威
2008-06-30,2008-06-30,sz.002092,中泰化学
2008-06-30,2008-06-30,sz.002093,国脉科技
2008-06-30,2008-06-30,sz.002095,生意宝
2008-06-30,2008-06-30,sz.002098,浔兴股份
2008-06-30,2008-06-30,sz.002105,信隆健康
2008-06-30,2008-06-30,sz.002114,罗平锌电
2008-06-30,2008-06-30,sz.002129,中环股份
2008-06-30,2008-06-30,sz.002133,广宇集团
2008-06-30,2008-06-30,sz.002135,东南网架
2008-06-30,2008-06-30,sz.002137,麦达数字
2008-06-30,2008-06-30,sz.002140,东华科技
2008-12-29,2008-12-31,sh.600035,楚天高速
2008-12-29,2008-12-31,sh.600038,中直股份
2008-12-29,2008-12-31,sh.600039,四川路桥
2008-12-29,2008-12-31,sh.600051,宁波联合
2008-12-29,2008-12-31,sh.600053,九鼎投资
2008-12-29,2008-12-31,sh.600054,黄山旅游
2008-12-29,2008-12-31,sh.600056,中国医药
2008-12-29,2008-12-31,sh.600059,古越龙山
2008-12-29,2008-12-31,sh.600060,海信电器
2008-12-29,2008-12-31,sh.600061,国投资本
2008-12-29,2008-12-31,sh.600063,皖维高新
2008-12-29,2008-12-31,sh.600064,南京高科
2008-12-29,2008-12-31,sh.600067,冠城大通
2008-12-29,2008-12-31,sh.600069,银鸽投资
2008-12-29,2008-12-31,sh.600071,凤凰光学
2008-12-29,2008-12-31,sh.600073,上海梅林
2008-12-29,2008-12-31,sh.600074,*ST保千
2008-12-29,2008-12-31,sh.600075,新疆天业
2008-12-29,2008-12-31,sh.600078,澄星股份
2008-12-29,2008-12-31,sh.600079,人福医药
2008-12-29,2008-12-31,sh.600082,海泰发展
2008-12-29,2008-12-31,sh.600086,东方金钰
2008-12-29,2008-12-31,sh.600088,中视传媒
2008-12-29,2008-12-31,sh.600091,ST明科
2008-12-29,2008-12-31,sh.600095,哈高科
2008-12-29,2008-12-31,sh.600103,青山纸业
2008-12-29,2008-12-31,sh.600105,永鼎股份
2008-12-29,2008-12-31,sh.600106,重庆路桥
2008-12-29,2008-12-31,sh.600120,浙江东方
2008-12-29,2008-12-31,sh.600121,郑州煤电
2008-12-29,2008-12-31,sh.600122,宏图高科
2008-12-29,2008-12-31,sh.600126,杭钢股份
2008-12-29,2008-12-31,sh.600127,金健米业
2008-12-29,2008-12-31,sh.600129,太极集团
2008-12-29,2008-12-31,sh.600130,波导股份
2008-12-29,2008-12-31,sh.600131,岷江水电
2008-12-29,2008-12-31,sh.600135,乐凯胶片
2008-12-29,2008-12-31,sh.600138,中青旅
2008-12-29,2008-12-31,sh.600152,维科技术
2008-12-29,2008-12-31,sh.600156,华升股份
2008-12-29,2008-12-31,sh.600159,大龙地产
2008-12-29,2008-12-31,sh.600160,巨化股份
2008-12-29,2008-12-31,sh.600162,香江控股
2008-12-29,2008-12-31,sh.600168,武汉控股
2008-12-29,2008-12-31,sh.600171,上海贝岭
2008-12-29,2008-12-31,sh.600172,黄河旋风
2008-12-29,2008-12-31,sh.600178,东安动力
2008-12-29,2008-12-31,sh.600179,安通控股
2008-12-29,2008-12-31,sh.600186,莲花健康
2008-12-29,2008-12-31,sh.600189,吉林森工
2008-12-29,2008-12-31,sh.600190,锦州港
2008-12-29,2008-12-31,sh.600191,华资实业
2008-12-29,2008-12-31,sh.600192,长城电工
2008-12-29,2008-12-31,sh.600195,中牧股份
2008-12-29,2008-12-31,sh.600197,伊力特
2008-12-29,2008-12-31,sh.600201,生物股份
2008-12-29,2008-12-31,sh.600202,*ST哈空
2008-12-29,2008-12-31,sh.600206,有研新材
2008-12-29,2008-12-31,sh.600215,长春经开
2008-12-29,2008-12-31,sh.600216,浙江医药
2008-12-29,2008-12-31,sh.600226,瀚叶股份
2008-12-29,2008-12-31,sh.600227,圣济堂
2008-12-29,2008-12-31,sh.600230,沧州大化
2008-12-29,2008-12-31,sh.600231,凌钢股份
2008-12-29,2008-12-31,sh.600232,金鹰股份
2008-12-29,2008-12-31,sh.600237,铜峰电子
2008-12-29,2008-12-31,sh.600239,云南城投
2008-12-29,2008-12-31,sh.600240,华业资本
2008-12-29,2008-12-31,sh.600246,万通地产
2008-12-29,2008-12-31,sh.600247,*ST成城
2008-12-29,2008-12-31,sh.600249,两面针
2008-12-29,2008-12-31,sh.600251,冠农股份
2008-12-29,2008-12-31,sh.600253,天方药业
2008-12-29,2008-12-31,sh.600255,梦舟股份
2008-12-29,2008-12-31,sh.600258,首旅酒店
2008-12-29,2008-12-31,sh.600260,凯乐科技
2008-12-29,2008-12-31,sh.600261,阳光照明
2008-12-29,2008-12-31,sh.600263,路桥建设
2008-12-29,2008-12-31,sh.600267,海正药业
2008-12-29,2008-12-31,sh.600268,国电南自
2008-12-29,2008-12-31,sh.600277,亿利洁能
2008-12-29,2008-12-31,sh.600278,东方创业
2008-12-29,2008-12-31,sh.600279,重庆港九
2008-12-29,2008-12-31,sh.600281,太化股份
2008-12-29,2008-12-31,sh.600284,浦东建设
2008-12-29,2008-12-31,sh.600287,江苏舜天
2008-12-29,2008-12-31,sh.600288,大恒科技
2008-12-29,2008-12-31,sh.600289,*ST信通
2008-12-29,2008-12-31,sh.600290,华仪电气
2008-12-29,2008-12-31,sh.600291,西水股份
2008-12-29,2008-12-31,sh.600292,远达环保
2008-12-29,2008-12-31,sh.600293,三峡新材
2008-12-29,2008-12-31,sh.600295,鄂尔多斯
2008-12-29,2008-12-31,sh.600298,安琪酵母
2008-12-29,2008-12-31,sh.600300,维维股份
2008-12-29,2008-12-31,sh.600302,标准股份
2008-12-29,2008-12-31,sh.600303,曙光股份
2008-12-29,2008-12-31,sh.600310,桂东电力
2008-12-29,2008-12-31,sh.600312,平高电气
2008-12-29,2008-12-31,sh.600315,上海家化
2008-12-29,2008-12-31,sh.600317,营口港
2008-12-29,2008-12-31,sh.600319,亚星化学
2008-12-29,2008-12-31,sh.600321,*ST正源
2008-12-29,2008-12-31,sh.600322,天房发展
2008-12-29,2008-12-31,sh.600323,瀚蓝环境
2008-12-29,2008-12-31,sh.600326,西藏天路
2008-12-29,2008-12-31,sh.600327,大东方
2008-12-29,2008-12-31,sh.600328,兰太实业
2008-12-29,2008-12-31,sh.600330,天通股份
2008-12-29,2008-12-31,sh.600332,白云山
2008-12-29,2008-12-31,sh.600333,长春燃气
2008-12-29,2008-12-31,sh.600337,美克家居
2008-12-29,2008-12-31,sh.600339,中油工程
2008-12-29,2008-12-31,sh.600343,航天动力
2008-12-29,2008-12-31,sh.600345,长江通信
2008-12-29,2008-12-31,sh.600352,浙江龙盛
2008-12-29,2008-12-31,sh.600356,恒丰纸业
2008-12-29,2008-12-31,sh.600358,国旅联合
2008-12-29,2008-12-31,sh.600359,新农开发
2008-12-29,2008-12-31,sh.600360,华微电子
2008-12-29,2008-12-31,sh.600361,华联综超
2008-12-29,2008-12-31,sh.600363,联创光电
2008-12-29,2008-12-31,sh.600366,宁波韵升
2008-12-29,2008-12-31,sh.600367,红星发展
2008-12-29,2008-12-31,sh.600382,广东明珠
2008-12-29,2008-12-31,sh.600387,海越能源
2008-12-29,2008-12-31,sh.600388,龙净环保
2008-12-29,2008-12-31,sh.600391,航发科技
2008-12-29,2008-12-31,sh.600393,粤泰股份
2008-12-29,2008-12-31,sh.600395,盘江股份
2008-12-29,2008-12-31,sh.600396,金山股份
2008-12-29,2008-12-31,sh.600398,海澜之家
2008-12-29,2008-12-31,sh.600399,*ST抚钢
2008-12-29,2008-12-31,sh.600400,红豆股份
2008-12-29,2008-12-31,sh.600406,国电南瑞
2008-12-29,2008-12-31,sh.600408,*ST安泰
2008-12-29,2008-12-31,sh.600409,三友化工
2008-12-29,2008-12-31,sh.600410,华胜天成
2008-12-29,2008-12-31,sh.600416,湘电股份
2008-12-29,2008-12-31,sh.600420,现代制药
2008-12-29,2008-12-31,sh.600422,昆药集团
2008-12-29,2008-12-31,sh.600423,*ST柳化
2008-12-29,2008-12-31,sh.600438,通威股份
2008-12-29,2008-12-31,sh.600439,瑞贝卡
2008-12-29,2008-12-31,sh.600458,时代新材
2008-12-29,2008-12-31,sh.600459,贵研铂业
2008-12-29,2008-12-31,sh.600460,士兰微
2008-12-29,2008-12-31,sh.600467,好当家
2008-12-29,2008-12-31,sh.600468,百利电气
2008-12-29,2008-12-31,sh.600469,风神股份
2008-12-29,2008-12-31,sh.600470,六国化工
2008-12-29,2008-12-31,sh.600475,华光股份
2008-12-29,2008-12-31,sh.600480,凌云股份
2008-12-29,2008-12-31,sh.600481,双良节能
2008-12-29,2008-12-31,sh.600482,中国动力
2008-12-29,2008-12-31,sh.600487,亨通光电
2008-12-29,2008-12-31,sh.600488,天药股份
2008-12-29,2008-12-31,sh.600491,龙元建设
2008-12-29,2008-12-31,sh.600495,晋西车轴
2008-12-29,2008-12-31,sh.600496,精工钢构
2008-12-29,2008-12-31,sh.600498,烽火通信
2008-12-29,2008-12-31,sh.600501,航天晨光
2008-12-29,2008-12-31,sh.600507,方大特钢
2008-12-29,2008-12-31,sh.600509,天富能源
2008-12-29,2008-12-31,sh.600510,黑牡丹
2008-12-29,2008-12-31,sh.600511,国药股份
2008-12-29,2008-12-31,sh.600512,腾达建设
2008-12-29,2008-12-31,sh.600517,置信电气
2008-12-29,2008-12-31,sh.600518,康美药业
2008-12-29,2008-12-31,sh.600521,华海药业
2008-12-29,2008-12-31,sh.600522,中天科技
2008-12-29,2008-12-31,sh.600523,贵航股份
2008-12-29,2008-12-31,sh.600529,山东药玻
2008-12-29,2008-12-31,sh.600530,交大昂立
2008-12-29,2008-12-31,sh.600531,豫光金铅
2008-12-29,2008-12-31,sh.600533,栖霞建设
2008-12-29,2008-12-31,sh.600540,新赛股份
2008-12-29,2008-12-31,sh.600546,山煤国际
2008-12-29,2008-12-31,sh.600553,太行水泥
2008-12-29,2008-12-31,sh.600555,海航创新
2008-12-29,2008-12-31,sh.600557,康缘药业
2008-12-29,2008-12-31,sh.600563,法拉电子
2008-12-29,2008-12-31,sh.600565,迪马股份
2008-12-29,2008-12-31,sh.600567,山鹰纸业
2008-12-29,2008-12-31,sh.600573,惠泉啤酒
2008-12-29,2008-12-31,sh.600578,京能电力
2008-12-29,2008-12-31,sh.600580,卧龙电气
2008-12-29,2008-12-31,sh.600581,八一钢铁
2008-12-29,2008-12-31,sh.600584,长电科技
2008-12-29,2008-12-31,sh.600586,金晶科技
2008-12-29,2008-12-31,sh.600589,广东榕泰
2008-12-29,2008-12-31,sh.600590,泰豪科技
2008-12-29,2008-12-31,sh.600592,龙溪股份
2008-12-29,2008-12-31,sh.600594,益佰制药
2008-12-29,2008-12-31,sh.600605,汇通能源
2008-12-29,2008-12-31,sh.600606,绿地控股
2008-12-29,2008-12-31,sh.600607,上实医药
2008-12-29,2008-12-31,sh.600618,氯碱化工
2008-12-29,2008-12-31,sh.600620,天宸股份
2008-12-29,2008-12-31,sh.600621,华鑫股份
2008-12-29,2008-12-31,sh.600622,光大嘉宝
2008-12-29,2008-12-31,sh.600624,复旦复华
2008-12-29,2008-12-31,sh.600626,申达股份
2008-12-29,2008-12-31,sh.600630,龙头股份
2008-12-29,2008-12-31,sh.600636,三爱富
2008-12-29,2008-12-31,sh.600640,号百控股
2008-12-29,2008-12-31,sh.600641,万业企业
2008-12-29,2008-12-31,sh.600648,外高桥
2008-12-29,2008-12-31,sh.600650,锦江投资
2008-12-29,2008-12-31,sh.600651,飞乐音响
2008-12-29,2008-12-31,sh.600652,游久游戏
2008-12-29,2008-12-31,sh.600654,ST中安
2008-12-29,2008-12-31,sh.600662,强生控股
2008-12-29,2008-12-31,sh.600665,天地源
2008-12-29,2008-12-31,sh.600667,太极实业
2008-12-29,2008-12-31,sh.600673,东阳光科
2008-12-29,2008-12-31,sh.600674,川投能源
2008-12-29,2008-12-31,sh.600676,交运股份
2008-12-29,2008-12-31,sh.600677,航天通信
2008-12-29,2008-12-31,sh.600682,南京新百
2008-12-29,2008-12-31,sh.600683,京投发展
2008-12-29,2008-12-31,sh.600686,金龙汽车
2008-12-29,2008-12-31,sh.600692,亚通股份
2008-12-29,2008-12-31,sh.600696,ST岩石
2008-12-29,2008-12-31,sh.600702,舍得酒业
2008-12-29,2008-12-31,sh.600704,物产中大
2008-12-29,2008-12-31,sh.600707,彩虹股份
2008-12-29,2008-12-31,sh.600708,光明地产
2008-12-29,2008-12-31,sh.600710,苏美达
2008-12-29,2008-12-31,sh.600713,南京医药
2008-12-29,2008-12-31,sh.600720,祁连山
2008-12-29,2008-12-31,sh.600723,首商股份
2008-12-29,2008-12-31,sh.600724,宁波富达
2008-12-29,2008-12-31,sh.600725,ST云维
2008-12-29,2008-12-31,sh.600726,华电能源
2008-12-29,2008-12-31,sh.600727,鲁北化工
2008-12-29,2008-12-31,sh.600729,重庆百货
2008-12-29,2008-12-31,sh.600732,ST新梅
2008-12-29,2008-12-31,sh.600736,苏州高新
2008-12-29,2008-12-31,sh.600740,山西焦化
2008-12-29,2008-12-31,sh.600744,华银电力
2008-12-29,2008-12-31,sh.600746,江苏索普
2008-12-29,2008-12-31,sh.600750,江中药业
2008-12-29,2008-12-31,sh.600754,锦江股份
2008-12-29,2008-12-31,sh.600764,中国海防
2008-12-29,2008-12-31,sh.600769,祥龙电业
2008-12-29,2008-12-31,sh.600775,南京熊猫
2008-12-29,2008-12-31,sh.600776,东方通信
2008-12-29,2008-12-31,sh.600777,新潮能源
2008-12-29,2008-12-31,sh.600785,新华百货
2008-12-29,2008-12-31,sh.600789,鲁抗医药
2008-12-29,2008-12-31,sh.600790,轻纺城
2008-12-29,2008-12-31,sh.600796,钱江生化
2008-12-29,2008-12-31,sh.600798,宁波海运
2008-12-29,2008-12-31,sh.600802,福建水泥
2008-12-29,2008-12-31,sh.600805,悦达投资
2008-12-29,2008-12-31,sh.600806,退市昆机
2008-12-29,2008-12-31,sh.600810,神马股份
2008-12-29,2008-12-31,sh.600814,杭州解百
2008-12-29,2008-12-31,sh.600815,厦工股份
2008-12-29,2008-12-31,sh.600819,耀皮玻璃
2008-12-29,2008-12-31,sh.600821,津劝业
2008-12-29,2008-12-31,sh.600824,益民集团
2008-12-29,2008-12-31,sh.600826,兰生股份
2008-12-29,2008-12-31,sh.600827,百联股份
2008-12-29,2008-12-31,sh.600829,人民同泰
2008-12-29,2008-12-31,sh.600830,香溢融通
2008-12-29,2008-12-31,sh.600831,广电网络
2008-12-29,2008-12-31,sh.600834,申通地铁
2008-12-29,2008-12-31,sh.600838,上海九百
2008-12-29,2008-12-31,sh.600840,新湖创业
2008-12-29,2008-12-31,sh.600846,同济科技
2008-12-29,2008-12-31,sh.600855,航天长峰
2008-12-29,2008-12-31,sh.600860,京城股份
2008-12-29,2008-12-31,sh.600861,北京城乡
2008-12-29,2008-12-31,sh.600864,哈投股份
2008-12-29,2008-12-31,sh.600866,星湖科技
2008-12-29,2008-12-31,sh.600867,通化东宝
2008-12-29,2008-12-31,sh.600872,中炬高新
2008-12-29,2008-12-31,sh.600877,ST嘉陵
2008-12-29,2008-12-31,sh.600880,博瑞传播
2008-12-29,2008-12-31,sh.600883,博闻科技
2008-12-29,2008-12-31,sh.600884,杉杉股份
2008-12-29,2008-12-31,sh.600888,新疆众和
2008-12-29,2008-12-31,sh.600894,广日股份
2008-12-29,2008-12-31,sh.600896,*ST海投
2008-12-29,2008-12-31,sh.600897,厦门空港
2008-12-29,2008-12-31,sh.600962,国投中鲁
2008-12-29,2008-12-31,sh.600965,福成股份
2008-12-29,2008-12-31,sh.600966,博汇纸业
2008-12-29,2008-12-31,sh.600970,中材国际
2008-12-29,2008-12-31,sh.600971,恒源煤电
2008-12-29,2008-12-31,sh.600973,宝胜股份
2008-12-29,2008-12-31,sh.600981,汇鸿集团
2008-12-29,2008-12-31,sh.600983,惠而浦
2008-12-29,2008-12-31,sh.600987,航民股份
2008-12-29,2008-12-31,sh.600991,广汽长丰
2008-12-29,2008-12-31,sh.600995,文山电力
2008-12-29,2008-12-31,sh.601002,晋亿实业
2008-12-29,2008-12-31,sh.601007,金陵饭店
2008-12-29,2008-12-31,sh.601008,连云港
2008-12-29,2008-12-31,sh.601607,上海医药
2008-12-29,2008-12-31,sh.601999,出版传媒
2008-12-29,2008-12-31,sz.000006,深振业A
2008-12-29,2008-12-31,sz.000016,深康佳A
2008-12-29,2008-12-31,sz.000028,国药一致
2008-12-29,2008-12-31,sz.000029,深深房A
2008-12-29,2008-12-31,sz.000032,深桑达A
2008-12-29,2008-12-31,sz.000033,新都退
2008-12-29,2008-12-31,sz.000040,东旭蓝天
2008-12-29,2008-12-31,sz.000042,中洲控股
2008-12-29,2008-12-31,sz.000043,中航善达
2008-12-29,2008-12-31,sz.000050,深天马A
2008-12-29,2008-12-31,sz.000062,深圳华强
2008-12-29,2008-12-31,sz.000066,中国长城
2008-12-29,2008-12-31,sz.000070,特发信息
2008-12-29,2008-12-31,sz.000078,海王生物
2008-12-29,2008-12-31,sz.000090,天健集团
2008-12-29,2008-12-31,sz.000096,广聚能源
2008-12-29,2008-12-31,sz.000099,中信海直
2008-12-29,2008-12-31,sz.000151,中成股份
2008-12-29,2008-12-31,sz.000155,川化股份
2008-12-29,2008-12-31,sz.000158,常山北明
2008-12-29,2008-12-31,sz.000407,胜利股份
2008-12-29,2008-12-31,sz.000416,民生控股
2008-12-29,2008-12-31,sz.000417,合肥百货
2008-12-29,2008-12-31,sz.000419,通程控股
2008-12-29,2008-12-31,sz.000420,吉林化纤
2008-12-29,2008-12-31,sz.000421,南京公用
2008-12-29,2008-12-31,sz.000426,兴业矿业
2008-12-29,2008-12-31,sz.000428,华天酒店
2008-12-29,2008-12-31,sz.000429,粤高速A
2008-12-29,2008-12-31,sz.000501,鄂武商A
2008-12-29,2008-12-31,sz.000504,南华生物
2008-12-29,2008-12-31,sz.000507,珠海港
2008-12-29,2008-12-31,sz.000510,金路集团
2008-12-29,2008-12-31,sz.000511,烯碳退
2008-12-29,2008-12-31,sz.000513,丽珠集团
2008-12-29,2008-12-31,sz.000514,渝开发
2008-12-29,2008-12-31,sz.000515,攀渝钛业
2008-12-29,2008-12-31,sz.000520,长航凤凰
2008-12-29,2008-12-31,sz.000522,白云山A
2008-12-29,2008-12-31,sz.000524,岭南控股
2008-12-29,2008-12-31,sz.000525,红太阳
2008-12-29,2008-12-31,sz.000530,大冷股份
2008-12-29,2008-12-31,sz.000531,穗恒运A
2008-12-29,2008-12-31,sz.000532,华金资本
2008-12-29,2008-12-31,sz.000533,万家乐
2008-12-29,2008-12-31,sz.000537,广宇发展
2008-12-29,2008-12-31,sz.000548,湖南投资
2008-12-29,2008-12-31,sz.000550,江铃汽车
2008-12-29,2008-12-31,sz.000551,创元科技
2008-12-29,2008-12-31,sz.000554,泰山石油
2008-12-29,2008-12-31,sz.000563,陕国投A
2008-12-29,2008-12-31,sz.000570,苏常柴A
2008-12-29,2008-12-31,sz.000571,新大洲A
2008-12-29,2008-12-31,sz.000573,粤宏远A
2008-12-29,2008-12-31,sz.000576,广东甘化
2008-12-29,2008-12-31,sz.000584,哈工智能
2008-12-29,2008-12-31,sz.000585,*ST东电
2008-12-29,2008-12-31,sz.000589,黔轮胎A
2008-12-29,2008-12-31,sz.000594,国恒退
2008-12-29,2008-12-31,sz.000597,东北制药
2008-12-29,2008-12-31,sz.000598,兴蓉环境
2008-12-29,2008-12-31,sz.000599,青岛双星
2008-12-29,2008-12-31,sz.000601,韶能股份
2008-12-29,2008-12-31,sz.000602,金马集团
2008-12-29,2008-12-31,sz.000607,华媒控股
2008-12-29,2008-12-31,sz.000608,阳光股份
2008-12-29,2008-12-31,sz.000609,中迪投资
2008-12-29,2008-12-31,sz.000616,海航投资
2008-12-29,2008-12-31,sz.000617,中油资本
2008-12-29,2008-12-31,sz.000619,海螺型材
2008-12-29,2008-12-31,sz.000627,天茂集团
2008-12-29,2008-12-31,sz.000637,茂化实华
2008-12-29,2008-12-31,sz.000655,*ST金岭
2008-12-29,2008-12-31,sz.000659,珠海中富
2008-12-29,2008-12-31,sz.000662,天夏智慧
2008-12-29,2008-12-31,sz.000666,经纬纺机
2008-12-29,2008-12-31,sz.000677,恒天海龙
2008-12-29,2008-12-31,sz.000679,大连友谊
2008-12-29,2008-12-31,sz.000682,东方电子
2008-12-29,2008-12-31,sz.000683,远兴能源
2008-12-29,2008-12-31,sz.000695,滨海能源
2008-12-29,2008-12-31,sz.000698,沈阳化工
2008-12-29,2008-12-31,sz.000700,模塑科技
2008-12-29,2008-12-31,sz.000701,厦门信达
2008-12-29,2008-12-31,sz.000708,大冶特钢
2008-12-29,2008-12-31,sz.000712,锦龙股份
2008-12-29,2008-12-31,sz.000713,丰乐种业
2008-12-29,2008-12-31,sz.000720,*ST新能
2008-12-29,2008-12-31,sz.000726,鲁泰A
2008-12-29,2008-12-31,sz.000727,华东科技
2008-12-29,2008-12-31,sz.000731,四川美丰
2008-12-29,2008-12-31,sz.000733,振华科技
2008-12-29,2008-12-31,sz.000737,*ST南风
2008-12-29,2008-12-31,sz.000748,长城信息
2008-12-29,2008-12-31,sz.000752,西藏发展
2008-12-29,2008-12-31,sz.000759,中百集团
2008-12-29,2008-12-31,sz.000762,西藏矿业
2008-12-29,2008-12-31,sz.000777,中核科技
2008-12-29,2008-12-31,sz.000782,美达股份
2008-12-29,2008-12-31,sz.000785,武汉中商
2008-12-29,2008-12-31,sz.000786,北新建材
2008-12-29,2008-12-31,sz.000795,英洛华
2008-12-29,2008-12-31,sz.000811,冰轮环境
2008-12-29,2008-12-31,sz.000815,美利云
2008-12-29,2008-12-31,sz.000816,*ST慧业
2008-12-29,2008-12-31,sz.000818,航锦科技
2008-12-29,2008-12-31,sz.000819,岳阳兴长
2008-12-29,2008-12-31,sz.000821,京山轻机
2008-12-29,2008-12-31,sz.000823,超声电子
2008-12-29,2008-12-31,sz.000826,启迪桑德
2008-12-29,2008-12-31,sz.000830,鲁西化工
2008-12-29,2008-12-31,sz.000831,五矿稀土
2008-12-29,2008-12-31,sz.000837,秦川机床
2008-12-29,2008-12-31,sz.000850,华茂股份
2008-12-29,2008-12-31,sz.000851,高鸿股份
2008-12-29,2008-12-31,sz.000852,石化机械
2008-12-29,2008-12-31,sz.000859,国风塑业
2008-12-29,2008-12-31,sz.000860,顺鑫农业
2008-12-29,2008-12-31,sz.000875,吉电股份
2008-12-29,2008-12-31,sz.000881,中广核技
2008-12-29,2008-12-31,sz.000882,华联股份
2008-12-29,2008-12-31,sz.000886,海南高速
2008-12-29,2008-12-31,sz.000888,峨眉山A
2008-12-29,2008-12-31,sz.000890,法尔胜
2008-12-29,2008-12-31,sz.000899,赣能股份
2008-12-29,2008-12-31,sz.000903,云内动力
2008-12-29,2008-12-31,sz.000905,厦门港务
2008-12-29,2008-12-31,sz.000910,大亚圣象
2008-12-29,2008-12-31,sz.000911,南宁糖业
2008-12-29,2008-12-31,sz.000913,钱江摩托
2008-12-29,2008-12-31,sz.000916,华北高速
2008-12-29,2008-12-31,sz.000919,金陵药业
2008-12-29,2008-12-31,sz.000926,福星股份
2008-12-29,2008-12-31,sz.000930,中粮生化
2008-12-29,2008-12-31,sz.000936,华西股份
2008-12-29,2008-12-31,sz.000938,紫光股份
2008-12-29,2008-12-31,sz.000939,*ST凯迪
2008-12-29,2008-12-31,sz.000949,新乡化纤
2008-12-29,2008-12-31,sz.000952,广济药业
2008-12-29,2008-12-31,sz.000962,东方钽业
2008-12-29,2008-12-31,sz.000963,华东医药
2008-12-29,2008-12-31,sz.000968,蓝焰控股
2008-12-29,2008-12-31,sz.000970,中科三环
2008-12-29,2008-12-31,sz.000972,*ST中基
2008-12-29,2008-12-31,sz.000973,佛塑科技
2008-12-29,2008-12-31,sz.000975,银泰资源
2008-12-29,2008-12-31,sz.000976,华铁股份
2008-12-29,2008-12-31,sz.000978,桂林旅游
2008-12-29,2008-12-31,sz.000987,越秀金控
2008-12-29,2008-12-31,sz.000988,华工科技
2008-12-29,2008-12-31,sz.000989,九芝堂
2008-12-29,2008-12-31,sz.000990,诚志股份
2008-12-29,2008-12-31,sz.000997,新大陆
2008-12-29,2008-12-31,sz.000998,隆平高科
2008-12-29,2008-12-31,sz.001696,宗申动力
2008-12-29,2008-12-31,sz.002001,新和成
2008-12-29,2008-12-31,sz.002008,大族激光
2008-12-29,2008-12-31,sz.002010,传化智联
2008-12-29,2008-12-31,sz.002019,亿帆医药
2008-12-29,2008-12-31,sz.002022,科华生物
2008-12-29,2008-12-31,sz.002027,分众传媒
2008-12-29,2008-12-31,sz.002028,思源电气
2008-12-29,2008-12-31,sz.002031,巨轮智能
2008-12-29,2008-12-31,sz.002032,苏泊尔
2008-12-29,2008-12-31,sz.002038,双鹭药业
2008-12-29,2008-12-31,sz.002040,南京港
2008-12-29,2008-12-31,sz.002041,登海种业
2008-12-29,2008-12-31,sz.002045,国光电器
2008-12-29,2008-12-31,sz.002048,宁波华翔
2008-12-29,2008-12-31,sz.002051,中工国际
2008-12-29,2008-12-31,sz.002052,同洲电子
2008-12-29,2008-12-31,sz.002053,云南能投
2008-12-29,2008-12-31,sz.002056,横店东磁
2008-12-29,2008-12-31,sz.002064,华峰氨纶
2008-12-29,2008-12-31,sz.002069,獐子岛
2008-12-29,2008-12-31,sz.002073,软控股份
2008-12-29,2008-12-31,sz.002075,沙钢股份
2008-12-29,2008-12-31,sz.002083,孚日股份
2008-12-29,2008-12-31,sz.002084,海鸥住工
2008-12-29,2008-12-31,sz.002085,万丰奥威
2008-12-29,2008-12-31,sz.002092,中泰化学
2008-12-29,2008-12-31,sz.002093,国脉科技
2008-12-29,2008-12-31,sz.002098,浔兴股份
2008-12-29,2008-12-31,sz.002110,三钢闽光
2008-12-29,2008-12-31,sz.002114,罗平锌电
2008-12-29,2008-12-31,sz.002129,中环股份
2008-12-29,2008-12-31,sz.002133,广宇集团
2008-12-29,2008-12-31,sz.002137,麦达数字
2008-12-29,2008-12-31,sz.002172,澳洋健康
2008-12-29,2008-12-31,sz.002181,粤传媒
2008-12-29,2008-12-31,sz.002182,云海金属
2008-12-29,2008-12-31,sz.002183,怡亚通
2008-12-29,2008-12-31,sz.002186,全聚德
2008-12-29,2008-12-31,sz.002187,广百股份
2008-12-29,2008-12-31,sz.002191,劲嘉股份
2008-12-29,2008-12-31,sz.002194,*ST凡谷
2008-12-29,2008-12-31,sz.002203,海亮股份
2009-06-29,2009-06-30,sh.600012,皖通高速
2009-06-29,2009-06-30,sh.600035,楚天高速
2009-06-29,2009-06-30,sh.600038,中直股份
2009-06-29,2009-06-30,sh.600039,四川路桥
2009-06-29,2009-06-30,sh.600051,宁波联合
2009-06-29,2009-06-30,sh.600052,浙江广厦
2009-06-29,2009-06-30,sh.600054,黄山旅游
2009-06-29,2009-06-30,sh.600056,中国医药
2009-06-29,2009-06-30,sh.600059,古越龙山
2009-06-29,2009-06-30,sh.600060,海信电器
2009-06-29,2009-06-30,sh.600061,国投资本
2009-06-29,2009-06-30,sh.600063,皖维高新
2009-06-29,2009-06-30,sh.600064,南京高科
2009-06-29,2009-06-30,sh.600067,冠城大通
2009-06-29,2009-06-30,sh.600069,银鸽投资
2009-06-29,2009-06-30,sh.600072,中船科技
2009-06-29,2009-06-30,sh.600073,上海梅林
2009-06-29,2009-06-30,sh.600074,*ST保千
2009-06-29,2009-06-30,sh.600075,新疆天业
2009-06-29,2009-06-30,sh.600078,澄星股份
2009-06-29,2009-06-30,sh.600079,人福医药
2009-06-29,2009-06-30,sh.600082,海泰发展
2009-06-29,2009-06-30,sh.600086,东方金钰
2009-06-29,2009-06-30,sh.600088,中视传媒
2009-06-29,2009-06-30,sh.600091,ST明科
2009-06-29,2009-06-30,sh.600095,哈高科
2009-06-29,2009-06-30,sh.600103,青山纸业
2009-06-29,2009-06-30,sh.600105,永鼎股份
2009-06-29,2009-06-30,sh.600106,重庆路桥
2009-06-29,2009-06-30,sh.600107,美尔雅
2009-06-29,2009-06-30,sh.600120,浙江东方
2009-06-29,2009-06-30,sh.600121,郑州煤电
2009-06-29,2009-06-30,sh.600122,宏图高科
2009-06-29,2009-06-30,sh.600126,杭钢股份
2009-06-29,2009-06-30,sh.600127,金健米业
2009-06-29,2009-06-30,sh.600128,弘业股份
2009-06-29,2009-06-30,sh.600129,太极集团
2009-06-29,2009-06-30,sh.600131,岷江水电
2009-06-29,2009-06-30,sh.600135,乐凯胶片
2009-06-29,2009-06-30,sh.600138,中青旅
2009-06-29,2009-06-30,sh.600141,兴发集团
2009-06-29,2009-06-30,sh.600156,华升股份
2009-06-29,2009-06-30,sh.600159,大龙地产
2009-06-29,2009-06-30,sh.600160,巨化股份
2009-06-29,2009-06-30,sh.600162,香江控股
2009-06-29,2009-06-30,sh.600166,福田汽车
2009-06-29,2009-06-30,sh.600168,武汉控股
2009-06-29,2009-06-30,sh.600171,上海贝岭
2009-06-29,2009-06-30,sh.600178,东安动力
2009-06-29,2009-06-30,sh.600179,安通控股
2009-06-29,2009-06-30,sh.600186,莲花健康
2009-06-29,2009-06-30,sh.600189,吉林森工
2009-06-29,2009-06-30,sh.600190,锦州港
2009-06-29,2009-06-30,sh.600191,华资实业
2009-06-29,2009-06-30,sh.600192,长城电工
2009-06-29,2009-06-30,sh.600195,中牧股份
2009-06-29,2009-06-30,sh.600197,伊力特
2009-06-29,2009-06-30,sh.600201,生物股份
2009-06-29,2009-06-30,sh.600202,*ST哈空
2009-06-29,2009-06-30,sh.600206,有研新材
2009-06-29,2009-06-30,sh.600215,长春经开
2009-06-29,2009-06-30,sh.600216,浙江医药
2009-06-29,2009-06-30,sh.600226,瀚叶股份
2009-06-29,2009-06-30,sh.600227,圣济堂
2009-06-29,2009-06-30,sh.600230,沧州大化
2009-06-29,2009-06-30,sh.600231,凌钢股份
2009-06-29,2009-06-30,sh.600237,铜峰电子
2009-06-29,2009-06-30,sh.600239,云南城投
2009-06-29,2009-06-30,sh.600240,华业资本
2009-06-29,2009-06-30,sh.600246,万通地产
2009-06-29,2009-06-30,sh.600249,两面针
2009-06-29,2009-06-30,sh.600253,天方药业
2009-06-29,2009-06-30,sh.600255,梦舟股份
2009-06-29,2009-06-30,sh.600258,首旅酒店
2009-06-29,2009-06-30,sh.600260,凯乐科技
2009-06-29,2009-06-30,sh.600261,阳光照明
2009-06-29,2009-06-30,sh.600263,路桥建设
2009-06-29,2009-06-30,sh.600267,海正药业
2009-06-29,2009-06-30,sh.600268,国电南自
2009-06-29,2009-06-30,sh.600277,亿利洁能
2009-06-29,2009-06-30,sh.600278,东方创业
2009-06-29,2009-06-30,sh.600279,重庆港九
2009-06-29,2009-06-30,sh.600281,太化股份
2009-06-29,2009-06-30,sh.600284,浦东建设
2009-06-29,2009-06-30,sh.600287,江苏舜天
2009-06-29,2009-06-30,sh.600288,大恒科技
2009-06-29,2009-06-30,sh.600289,*ST信通
2009-06-29,2009-06-30,sh.600290,华仪电气
2009-06-29,2009-06-30,sh.600291,西水股份
2009-06-29,2009-06-30,sh.600292,远达环保
2009-06-29,2009-06-30,sh.600293,三峡新材
2009-06-29,2009-06-30,sh.600295,鄂尔多斯
2009-06-29,2009-06-30,sh.600298,安琪酵母
2009-06-29,2009-06-30,sh.600300,维维股份
2009-06-29,2009-06-30,sh.600302,标准股份
2009-06-29,2009-06-30,sh.600303,曙光股份
2009-06-29,2009-06-30,sh.600310,桂东电力
2009-06-29,2009-06-30,sh.600312,平高电气
2009-06-29,2009-06-30,sh.600315,上海家化
2009-06-29,2009-06-30,sh.600317,营口港
2009-06-29,2009-06-30,sh.600319,亚星化学
2009-06-29,2009-06-30,sh.600322,天房发展
2009-06-29,2009-06-30,sh.600323,瀚蓝环境
2009-06-29,2009-06-30,sh.600326,西藏天路
2009-06-29,2009-06-30,sh.600327,大东方
2009-06-29,2009-06-30,sh.600328,兰太实业
2009-06-29,2009-06-30,sh.600330,天通股份
2009-06-29,2009-06-30,sh.600332,白云山
2009-06-29,2009-06-30,sh.600333,长春燃气
2009-06-29,2009-06-30,sh.600337,美克家居
2009-06-29,2009-06-30,sh.600339,中油工程
2009-06-29,2009-06-30,sh.600343,航天动力
2009-06-29,2009-06-30,sh.600358,国旅联合
2009-06-29,2009-06-30,sh.600359,新农开发
2009-06-29,2009-06-30,sh.600360,华微电子
2009-06-29,2009-06-30,sh.600361,华联综超
2009-06-29,2009-06-30,sh.600363,联创光电
2009-06-29,2009-06-30,sh.600366,宁波韵升
2009-06-29,2009-06-30,sh.600367,红星发展
2009-06-29,2009-06-30,sh.600382,广东明珠
2009-06-29,2009-06-30,sh.600386,北巴传媒
2009-06-29,2009-06-30,sh.600387,海越能源
2009-06-29,2009-06-30,sh.600388,龙净环保
2009-06-29,2009-06-30,sh.600389,江山股份
2009-06-29,2009-06-30,sh.600391,航发科技
2009-06-29,2009-06-30,sh.600393,粤泰股份
2009-06-29,2009-06-30,sh.600395,盘江股份
2009-06-29,2009-06-30,sh.600396,金山股份
2009-06-29,2009-06-30,sh.600398,海澜之家
2009-06-29,2009-06-30,sh.600399,*ST抚钢
2009-06-29,2009-06-30,sh.600400,红豆股份
2009-06-29,2009-06-30,sh.600406,国电南瑞
2009-06-29,2009-06-30,sh.600408,*ST安泰
2009-06-29,2009-06-30,sh.600410,华胜天成
2009-06-29,2009-06-30,sh.600416,湘电股份
2009-06-29,2009-06-30,sh.600420,现代制药
2009-06-29,2009-06-30,sh.600422,昆药集团
2009-06-29,2009-06-30,sh.600423,*ST柳化
2009-06-29,2009-06-30,sh.600436,片仔癀
2009-06-29,2009-06-30,sh.600439,瑞贝卡
2009-06-29,2009-06-30,sh.600458,时代新材
2009-06-29,2009-06-30,sh.600459,贵研铂业
2009-06-29,2009-06-30,sh.600460,士兰微
2009-06-29,2009-06-30,sh.600467,好当家
2009-06-29,2009-06-30,sh.600468,百利电气
2009-06-29,2009-06-30,sh.600469,风神股份
2009-06-29,2009-06-30,sh.600470,六国化工
2009-06-29,2009-06-30,sh.600475,华光股份
2009-06-29,2009-06-30,sh.600479,千金药业
2009-06-29,2009-06-30,sh.600480,凌云股份
2009-06-29,2009-06-30,sh.600481,双良节能
2009-06-29,2009-06-30,sh.600482,中国动力
2009-06-29,2009-06-30,sh.600487,亨通光电
2009-06-29,2009-06-30,sh.600488,天药股份
2009-06-29,2009-06-30,sh.600491,龙元建设
2009-06-29,2009-06-30,sh.600496,精工钢构
2009-06-29,2009-06-30,sh.600498,烽火通信
2009-06-29,2009-06-30,sh.600501,航天晨光
2009-06-29,2009-06-30,sh.600507,方大特钢
2009-06-29,2009-06-30,sh.600509,天富能源
2009-06-29,2009-06-30,sh.600510,黑牡丹
2009-06-29,2009-06-30,sh.600511,国药股份
2009-06-29,2009-06-30,sh.600512,腾达建设
2009-06-29,2009-06-30,sh.600518,康美药业
2009-06-29,2009-06-30,sh.600521,华海药业
2009-06-29,2009-06-30,sh.600522,中天科技
2009-06-29,2009-06-30,sh.600523,贵航股份
2009-06-29,2009-06-30,sh.600525,长园集团
2009-06-29,2009-06-30,sh.600529,山东药玻
2009-06-29,2009-06-30,sh.600530,交大昂立
2009-06-29,2009-06-30,sh.600531,豫光金铅
2009-06-29,2009-06-30,sh.600533,栖霞建设
2009-06-29,2009-06-30,sh.600535,天士力
2009-06-29,2009-06-30,sh.600540,新赛股份
2009-06-29,2009-06-30,sh.600546,山煤国际
2009-06-29,2009-06-30,sh.600553,太行水泥
2009-06-29,2009-06-30,sh.600555,海航创新
2009-06-29,2009-06-30,sh.600557,康缘药业
2009-06-29,2009-06-30,sh.600563,法拉电子
2009-06-29,2009-06-30,sh.600565,迪马股份
2009-06-29,2009-06-30,sh.600567,山鹰纸业
2009-06-29,2009-06-30,sh.600573,惠泉啤酒
2009-06-29,2009-06-30,sh.600578,京能电力
2009-06-29,2009-06-30,sh.600580,卧龙电气
2009-06-29,2009-06-30,sh.600584,长电科技
2009-06-29,2009-06-30,sh.600586,金晶科技
2009-06-29,2009-06-30,sh.600589,广东榕泰
2009-06-29,2009-06-30,sh.600590,泰豪科技
2009-06-29,2009-06-30,sh.600592,龙溪股份
2009-06-29,2009-06-30,sh.600594,益佰制药
2009-06-29,2009-06-30,sh.600606,绿地控股
2009-06-29,2009-06-30,sh.600607,上实医药
2009-06-29,2009-06-30,sh.600609,金杯汽车
2009-06-29,2009-06-30,sh.600618,氯碱化工
2009-06-29,2009-06-30,sh.600620,天宸股份
2009-06-29,2009-06-30,sh.600621,华鑫股份
2009-06-29,2009-06-30,sh.600622,光大嘉宝
2009-06-29,2009-06-30,sh.600624,复旦复华
2009-06-29,2009-06-30,sh.600626,申达股份
2009-06-29,2009-06-30,sh.600628,新世界
2009-06-29,2009-06-30,sh.600630,龙头股份
2009-06-29,2009-06-30,sh.600636,三爱富
2009-06-29,2009-06-30,sh.600637,东方明珠
2009-06-29,2009-06-30,sh.600640,号百控股
2009-06-29,2009-06-30,sh.600641,万业企业
2009-06-29,2009-06-30,sh.600648,外高桥
2009-06-29,2009-06-30,sh.600650,锦江投资
2009-06-29,2009-06-30,sh.600651,飞乐音响
2009-06-29,2009-06-30,sh.600652,游久游戏
2009-06-29,2009-06-30,sh.600654,ST中安
2009-06-29,2009-06-30,sh.600662,强生控股
2009-06-29,2009-06-30,sh.600665,天地源
2009-06-29,2009-06-30,sh.600667,太极实业
2009-06-29,2009-06-30,sh.600673,东阳光科
2009-06-29,2009-06-30,sh.600676,交运股份
2009-06-29,2009-06-30,sh.600677,航天通信
2009-06-29,2009-06-30,sh.600682,南京新百
2009-06-29,2009-06-30,sh.600683,京投发展
2009-06-29,2009-06-30,sh.600686,金龙汽车
2009-06-29,2009-06-30,sh.600692,亚通股份
2009-06-29,2009-06-30,sh.600702,舍得酒业
2009-06-29,2009-06-30,sh.600704,物产中大
2009-06-29,2009-06-30,sh.600707,彩虹股份
2009-06-29,2009-06-30,sh.600708,光明地产
2009-06-29,2009-06-30,sh.600710,苏美达
2009-06-29,2009-06-30,sh.600713,南京医药
2009-06-29,2009-06-30,sh.600720,祁连山
2009-06-29,2009-06-30,sh.600723,首商股份
2009-06-29,2009-06-30,sh.600724,宁波富达
2009-06-29,2009-06-30,sh.600725,ST云维
2009-06-29,2009-06-30,sh.600726,华电能源
2009-06-29,2009-06-30,sh.600727,鲁北化工
2009-06-29,2009-06-30,sh.600729,重庆百货
2009-06-29,2009-06-30,sh.600732,ST新梅
2009-06-29,2009-06-30,sh.600736,苏州高新
2009-06-29,2009-06-30,sh.600740,山西焦化
2009-06-29,2009-06-30,sh.600744,华银电力
2009-06-29,2009-06-30,sh.600746,江苏索普
2009-06-29,2009-06-30,sh.600750,江中药业
2009-06-29,2009-06-30,sh.600754,锦江股份
2009-06-29,2009-06-30,sh.600759,洲际油气
2009-06-29,2009-06-30,sh.600764,中国海防
2009-06-29,2009-06-30,sh.600765,中航重机
2009-06-29,2009-06-30,sh.600775,南京熊猫
2009-06-29,2009-06-30,sh.600776,东方通信
2009-06-29,2009-06-30,sh.600777,新潮能源
2009-06-29,2009-06-30,sh.600787,中储股份
2009-06-29,2009-06-30,sh.600789,鲁抗医药
2009-06-29,2009-06-30,sh.600790,轻纺城
2009-06-29,2009-06-30,sh.600796,钱江生化
2009-06-29,2009-06-30,sh.600797,浙大网新
2009-06-29,2009-06-30,sh.600798,宁波海运
2009-06-29,2009-06-30,sh.600801,华新水泥
2009-06-29,2009-06-30,sh.600802,福建水泥
2009-06-29,2009-06-30,sh.600805,悦达投资
2009-06-29,2009-06-30,sh.600806,退市昆机
2009-06-29,2009-06-30,sh.600810,神马股份
2009-06-29,2009-06-30,sh.600814,杭州解百
2009-06-29,2009-06-30,sh.600815,厦工股份
2009-06-29,2009-06-30,sh.600821,津劝业
2009-06-29,2009-06-30,sh.600823,世茂股份
2009-06-29,2009-06-30,sh.600824,益民集团
2009-06-29,2009-06-30,sh.600826,兰生股份
2009-06-29,2009-06-30,sh.600827,百联股份
2009-06-29,2009-06-30,sh.600830,香溢融通
2009-06-29,2009-06-30,sh.600831,广电网络
2009-06-29,2009-06-30,sh.600834,申通地铁
2009-06-29,2009-06-30,sh.600838,上海九百
2009-06-29,2009-06-30,sh.600840,新湖创业
2009-06-29,2009-06-30,sh.600844,丹化科技
2009-06-29,2009-06-30,sh.600846,同济科技
2009-06-29,2009-06-30,sh.600851,海欣股份
2009-06-29,2009-06-30,sh.600855,航天长峰
2009-06-29,2009-06-30,sh.600860,京城股份
2009-06-29,2009-06-30,sh.600861,北京城乡
2009-06-29,2009-06-30,sh.600864,哈投股份
2009-06-29,2009-06-30,sh.600866,星湖科技
2009-06-29,2009-06-30,sh.600867,通化东宝
2009-06-29,2009-06-30,sh.600872,中炬高新
2009-06-29,2009-06-30,sh.600877,ST嘉陵
2009-06-29,2009-06-30,sh.600880,博瑞传播
2009-06-29,2009-06-30,sh.600883,博闻科技
2009-06-29,2009-06-30,sh.600884,杉杉股份
2009-06-29,2009-06-30,sh.600888,新疆众和
2009-06-29,2009-06-30,sh.600894,广日股份
2009-06-29,2009-06-30,sh.600896,*ST海投
2009-06-29,2009-06-30,sh.600897,厦门空港
2009-06-29,2009-06-30,sh.600962,国投中鲁
2009-06-29,2009-06-30,sh.600963,岳阳林纸
2009-06-29,2009-06-30,sh.600965,福成股份
2009-06-29,2009-06-30,sh.600966,博汇纸业
2009-06-29,2009-06-30,sh.600971,恒源煤电
2009-06-29,2009-06-30,sh.600973,宝胜股份
2009-06-29,2009-06-30,sh.600981,汇鸿集团
2009-06-29,2009-06-30,sh.600983,惠而浦
2009-06-29,2009-06-30,sh.600987,航民股份
2009-06-29,2009-06-30,sh.600991,广汽长丰
2009-06-29,2009-06-30,sh.600995,文山电力
2009-06-29,2009-06-30,sh.601002,晋亿实业
2009-06-29,2009-06-30,sh.601007,金陵饭店
2009-06-29,2009-06-30,sh.601008,连云港
2009-06-29,2009-06-30,sh.601607,上海医药
2009-06-29,2009-06-30,sh.601999,出版传媒
2009-06-29,2009-06-30,sz.000005,世纪星源
2009-06-29,2009-06-30,sz.000006,深振业A
2009-06-29,2009-06-30,sz.000016,深康佳A
2009-06-29,2009-06-30,sz.000022,深赤湾A
2009-06-29,2009-06-30,sz.000028,国药一致
2009-06-29,2009-06-30,sz.000029,深深房A
2009-06-29,2009-06-30,sz.000032,深桑达A
2009-06-29,2009-06-30,sz.000040,东旭蓝天
2009-06-29,2009-06-30,sz.000042,中洲控股
2009-06-29,2009-06-30,sz.000050,深天马A
2009-06-29,2009-06-30,sz.000062,深圳华强
2009-06-29,2009-06-30,sz.000066,中国长城
2009-06-29,2009-06-30,sz.000068,华控赛格
2009-06-29,2009-06-30,sz.000078,海王生物
2009-06-29,2009-06-30,sz.000090,天健集团
2009-06-29,2009-06-30,sz.000096,广聚能源
2009-06-29,2009-06-30,sz.000099,中信海直
2009-06-29,2009-06-30,sz.000151,中成股份
2009-06-29,2009-06-30,sz.000155,川化股份
2009-06-29,2009-06-30,sz.000158,常山北明
2009-06-29,2009-06-30,sz.000400,许继电气
2009-06-29,2009-06-30,sz.000407,胜利股份
2009-06-29,2009-06-30,sz.000410,沈阳机床
2009-06-29,2009-06-30,sz.000416,民生控股
2009-06-29,2009-06-30,sz.000417,合肥百货
2009-06-29,2009-06-30,sz.000419,通程控股
2009-06-29,2009-06-30,sz.000420,吉林化纤
2009-06-29,2009-06-30,sz.000421,南京公用
2009-06-29,2009-06-30,sz.000426,兴业矿业
2009-06-29,2009-06-30,sz.000428,华天酒店
2009-06-29,2009-06-30,sz.000429,粤高速A
2009-06-29,2009-06-30,sz.000501,鄂武商A
2009-06-29,2009-06-30,sz.000504,南华生物
2009-06-29,2009-06-30,sz.000507,珠海港
2009-06-29,2009-06-30,sz.000510,金路集团
2009-06-29,2009-06-30,sz.000511,烯碳退
2009-06-29,2009-06-30,sz.000513,丽珠集团
2009-06-29,2009-06-30,sz.000514,渝开发
2009-06-29,2009-06-30,sz.000518,四环生物
2009-06-29,2009-06-30,sz.000520,长航凤凰
2009-06-29,2009-06-30,sz.000522,白云山A
2009-06-29,2009-06-30,sz.000525,红太阳
2009-06-29,2009-06-30,sz.000531,穗恒运A
2009-06-29,2009-06-30,sz.000532,华金资本
2009-06-29,2009-06-30,sz.000533,万家乐
2009-06-29,2009-06-30,sz.000537,广宇发展
2009-06-29,2009-06-30,sz.000541,佛山照明
2009-06-29,2009-06-30,sz.000548,湖南投资
2009-06-29,2009-06-30,sz.000550,江铃汽车
2009-06-29,2009-06-30,sz.000554,泰山石油
2009-06-29,2009-06-30,sz.000563,陕国投A
2009-06-29,2009-06-30,sz.000565,渝三峡A
2009-06-29,2009-06-30,sz.000570,苏常柴A
2009-06-29,2009-06-30,sz.000571,新大洲A
2009-06-29,2009-06-30,sz.000572,海马汽车
2009-06-29,2009-06-30,sz.000573,粤宏远A
2009-06-29,2009-06-30,sz.000576,广东甘化
2009-06-29,2009-06-30,sz.000581,威孚高科
2009-06-29,2009-06-30,sz.000584,哈工智能
2009-06-29,2009-06-30,sz.000589,黔轮胎A
2009-06-29,2009-06-30,sz.000594,国恒退
2009-06-29,2009-06-30,sz.000597,东北制药
2009-06-29,2009-06-30,sz.000598,兴蓉环境
2009-06-29,2009-06-30,sz.000599,青岛双星
2009-06-29,2009-06-30,sz.000600,建投能源
2009-06-29,2009-06-30,sz.000601,韶能股份
2009-06-29,2009-06-30,sz.000602,金马集团
2009-06-29,2009-06-30,sz.000607,华媒控股
2009-06-29,2009-06-30,sz.000608,阳光股份
2009-06-29,2009-06-30,sz.000609,中迪投资
2009-06-29,2009-06-30,sz.000616,海航投资
2009-06-29,2009-06-30,sz.000617,中油资本
2009-06-29,2009-06-30,sz.000619,海螺型材
2009-06-29,2009-06-30,sz.000627,天茂集团
2009-06-29,2009-06-30,sz.000637,茂化实华
2009-06-29,2009-06-30,sz.000659,珠海中富
2009-06-29,2009-06-30,sz.000662,天夏智慧
2009-06-29,2009-06-30,sz.000666,经纬纺机
2009-06-29,2009-06-30,sz.000677,恒天海龙
2009-06-29,2009-06-30,sz.000679,大连友谊
2009-06-29,2009-06-30,sz.000682,东方电子
2009-06-29,2009-06-30,sz.000683,远兴能源
2009-06-29,2009-06-30,sz.000685,中山公用
2009-06-29,2009-06-30,sz.000687,华讯方舟
2009-06-29,2009-06-30,sz.000695,滨海能源
2009-06-29,2009-06-30,sz.000698,沈阳化工
2009-06-29,2009-06-30,sz.000700,模塑科技
2009-06-29,2009-06-30,sz.000707,*ST双环
2009-06-29,2009-06-30,sz.000708,大冶特钢
2009-06-29,2009-06-30,sz.000712,锦龙股份
2009-06-29,2009-06-30,sz.000713,丰乐种业
2009-06-29,2009-06-30,sz.000726,鲁泰A
2009-06-29,2009-06-30,sz.000727,华东科技
2009-06-29,2009-06-30,sz.000731,四川美丰
2009-06-29,2009-06-30,sz.000733,振华科技
2009-06-29,2009-06-30,sz.000735,罗牛山
2009-06-29,2009-06-30,sz.000737,*ST南风
2009-06-29,2009-06-30,sz.000748,长城信息
2009-06-29,2009-06-30,sz.000759,中百集团
2009-06-29,2009-06-30,sz.000762,西藏矿业
2009-06-29,2009-06-30,sz.000777,中核科技
2009-06-29,2009-06-30,sz.000782,美达股份
2009-06-29,2009-06-30,sz.000786,北新建材
2009-06-29,2009-06-30,sz.000799,酒鬼酒
2009-06-29,2009-06-30,sz.000811,冰轮环境
2009-06-29,2009-06-30,sz.000815,美利云
2009-06-29,2009-06-30,sz.000816,*ST慧业
2009-06-29,2009-06-30,sz.000818,航锦科技
2009-06-29,2009-06-30,sz.000819,岳阳兴长
2009-06-29,2009-06-30,sz.000821,京山轻机
2009-06-29,2009-06-30,sz.000823,超声电子
2009-06-29,2009-06-30,sz.000826,启迪桑德
2009-06-29,2009-06-30,sz.000828,东莞控股
2009-06-29,2009-06-30,sz.000830,鲁西化工
2009-06-29,2009-06-30,sz.000831,五矿稀土
2009-06-29,2009-06-30,sz.000837,秦川机床
2009-06-29,2009-06-30,sz.000850,华茂股份
2009-06-29,2009-06-30,sz.000851,高鸿股份
2009-06-29,2009-06-30,sz.000852,石化机械
2009-06-29,2009-06-30,sz.000859,国风塑业
2009-06-29,2009-06-30,sz.000860,顺鑫农业
2009-06-29,2009-06-30,sz.000875,吉电股份
2009-06-29,2009-06-30,sz.000881,中广核技
2009-06-29,2009-06-30,sz.000882,华联股份
2009-06-29,2009-06-30,sz.000886,海南高速
2009-06-29,2009-06-30,sz.000887,中鼎股份
2009-06-29,2009-06-30,sz.000888,峨眉山A
2009-06-29,2009-06-30,sz.000890,法尔胜
2009-06-29,2009-06-30,sz.000899,赣能股份
2009-06-29,2009-06-30,sz.000903,云内动力
2009-06-29,2009-06-30,sz.000905,厦门港务
2009-06-29,2009-06-30,sz.000910,大亚圣象
2009-06-29,2009-06-30,sz.000911,南宁糖业
2009-06-29,2009-06-30,sz.000913,钱江摩托
2009-06-29,2009-06-30,sz.000916,华北高速
2009-06-29,2009-06-30,sz.000919,金陵药业
2009-06-29,2009-06-30,sz.000926,福星股份
2009-06-29,2009-06-30,sz.000930,中粮生化
2009-06-29,2009-06-30,sz.000931,中关村
2009-06-29,2009-06-30,sz.000936,华西股份
2009-06-29,2009-06-30,sz.000938,紫光股份
2009-06-29,2009-06-30,sz.000939,*ST凯迪
2009-06-29,2009-06-30,sz.000949,新乡化纤
2009-06-29,2009-06-30,sz.000950,重药控股
2009-06-29,2009-06-30,sz.000952,广济药业
2009-06-29,2009-06-30,sz.000962,东方钽业
2009-06-29,2009-06-30,sz.000963,华东医药
2009-06-29,2009-06-30,sz.000970,中科三环
2009-06-29,2009-06-30,sz.000972,*ST中基
2009-06-29,2009-06-30,sz.000973,佛塑科技
2009-06-29,2009-06-30,sz.000975,银泰资源
2009-06-29,2009-06-30,sz.000976,华铁股份
2009-06-29,2009-06-30,sz.000978,桂林旅游
2009-06-29,2009-06-30,sz.000987,越秀金控
2009-06-29,2009-06-30,sz.000988,华工科技
2009-06-29,2009-06-30,sz.000989,九芝堂
2009-06-29,2009-06-30,sz.000990,诚志股份
2009-06-29,2009-06-30,sz.000997,新大陆
2009-06-29,2009-06-30,sz.000998,隆平高科
2009-06-29,2009-06-30,sz.001696,宗申动力
2009-06-29,2009-06-30,sz.002008,大族激光
2009-06-29,2009-06-30,sz.002010,传化智联
2009-06-29,2009-06-30,sz.002018,*ST华信
2009-06-29,2009-06-30,sz.002019,亿帆医药
2009-06-29,2009-06-30,sz.002022,科华生物
2009-06-29,2009-06-30,sz.002028,思源电气
2009-06-29,2009-06-30,sz.002029,七匹狼
2009-06-29,2009-06-30,sz.002031,巨轮智能
2009-06-29,2009-06-30,sz.002032,苏泊尔
2009-06-29,2009-06-30,sz.002038,双鹭药业
2009-06-29,2009-06-30,sz.002040,南京港
2009-06-29,2009-06-30,sz.002041,登海种业
2009-06-29,2009-06-30,sz.002048,宁波华翔
2009-06-29,2009-06-30,sz.002052,同洲电子
2009-06-29,2009-06-30,sz.002053,云南能投
2009-06-29,2009-06-30,sz.002056,横店东磁
2009-06-29,2009-06-30,sz.002064,华峰氨纶
2009-06-29,2009-06-30,sz.002069,獐子岛
2009-06-29,2009-06-30,sz.002073,软控股份
2009-06-29,2009-06-30,sz.002083,孚日股份
2009-06-29,2009-06-30,sz.002092,中泰化学
2009-06-29,2009-06-30,sz.002093,国脉科技
2009-06-29,2009-06-30,sz.002110,三钢闽光
2009-06-29,2009-06-30,sz.002129,中环股份
2009-06-29,2009-06-30,sz.002133,广宇集团
2009-06-29,2009-06-30,sz.002153,石基信息
2009-06-29,2009-06-30,sz.002172,澳洋健康
2009-06-29,2009-06-30,sz.002181,粤传媒
2009-06-29,2009-06-30,sz.002182,云海金属
2009-06-29,2009-06-30,sz.002183,怡亚通
2009-06-29,2009-06-30,sz.002186,全聚德
2009-06-29,2009-06-30,sz.002187,广百股份
2009-06-29,2009-06-30,sz.002191,劲嘉股份
2009-06-29,2009-06-30,sz.002203,海亮股份
2009-06-29,2009-06-30,sz.002218,拓日新能
2009-06-29,2009-06-30,sz.002244,滨江集团
2009-06-29,2009-06-30,sz.002251,步步高
2009-12-28,2009-12-31,sh.600012,皖通高速
2009-12-28,2009-12-31,sh.600035,楚天高速
2009-12-28,2009-12-31,sh.600038,中直股份
2009-12-28,2009-12-31,sh.600039,四川路桥
2009-12-28,2009-12-31,sh.600051,宁波联合
2009-12-28,2009-12-31,sh.600052,浙江广厦
2009-12-28,2009-12-31,sh.600054,黄山旅游
2009-12-28,2009-12-31,sh.600056,中国医药
2009-12-28,2009-12-31,sh.600059,古越龙山
2009-12-28,2009-12-31,sh.600060,海信电器
2009-12-28,2009-12-31,sh.600061,国投资本
2009-12-28,2009-12-31,sh.600063,皖维高新
2009-12-28,2009-12-31,sh.600064,南京高科
2009-12-28,2009-12-31,sh.600067,冠城大通
2009-12-28,2009-12-31,sh.600069,银鸽投资
2009-12-28,2009-12-31,sh.600072,中船科技
2009-12-28,2009-12-31,sh.600073,上海梅林
2009-12-28,2009-12-31,sh.600074,*ST保千
2009-12-28,2009-12-31,sh.600075,新疆天业
2009-12-28,2009-12-31,sh.600078,澄星股份
2009-12-28,2009-12-31,sh.600079,人福医药
2009-12-28,2009-12-31,sh.600082,海泰发展
2009-12-28,2009-12-31,sh.600086,东方金钰
2009-12-28,2009-12-31,sh.600088,中视传媒
2009-12-28,2009-12-31,sh.600103,青山纸业
2009-12-28,2009-12-31,sh.600106,重庆路桥
2009-12-28,2009-12-31,sh.600107,美尔雅
2009-12-28,2009-12-31,sh.600120,浙江东方
2009-12-28,2009-12-31,sh.600121,郑州煤电
2009-12-28,2009-12-31,sh.600122,宏图高科
2009-12-28,2009-12-31,sh.600126,杭钢股份
2009-12-28,2009-12-31,sh.600127,金健米业
2009-12-28,2009-12-31,sh.600128,弘业股份
2009-12-28,2009-12-31,sh.600129,太极集团
2009-12-28,2009-12-31,sh.600131,岷江水电
2009-12-28,2009-12-31,sh.600135,乐凯胶片
2009-12-28,2009-12-31,sh.600138,中青旅
2009-12-28,2009-12-31,sh.600141,兴发集团
2009-12-28,2009-12-31,sh.600156,华升股份
2009-12-28,2009-12-31,sh.600159,大龙地产
2009-12-28,2009-12-31,sh.600160,巨化股份
2009-12-28,2009-12-31,sh.600162,香江控股
2009-12-28,2009-12-31,sh.600163,中闽能源
2009-12-28,2009-12-31,sh.600166,福田汽车
2009-12-28,2009-12-31,sh.600168,武汉控股
2009-12-28,2009-12-31,sh.600171,上海贝岭
2009-12-28,2009-12-31,sh.600178,东安动力
2009-12-28,2009-12-31,sh.600179,安通控股
2009-12-28,2009-12-31,sh.600186,莲花健康
2009-12-28,2009-12-31,sh.600189,吉林森工
2009-12-28,2009-12-31,sh.600190,锦州港
2009-12-28,2009-12-31,sh.600191,华资实业
2009-12-28,2009-12-31,sh.600192,长城电工
2009-12-28,2009-12-31,sh.600195,中牧股份
2009-12-28,2009-12-31,sh.600197,伊力特
2009-12-28,2009-12-31,sh.600201,生物股份
2009-12-28,2009-12-31,sh.600202,*ST哈空
2009-12-28,2009-12-31,sh.600206,有研新材
2009-12-28,2009-12-31,sh.600215,长春经开
2009-12-28,2009-12-31,sh.600226,瀚叶股份
2009-12-28,2009-12-31,sh.600227,圣济堂
2009-12-28,2009-12-31,sh.600230,沧州大化
2009-12-28,2009-12-31,sh.600231,凌钢股份
2009-12-28,2009-12-31,sh.600237,铜峰电子
2009-12-28,2009-12-31,sh.600239,云南城投
2009-12-28,2009-12-31,sh.600240,华业资本
2009-12-28,2009-12-31,sh.600246,万通地产
2009-12-28,2009-12-31,sh.600249,两面针
2009-12-28,2009-12-31,sh.600255,梦舟股份
2009-12-28,2009-12-31,sh.600258,首旅酒店
2009-12-28,2009-12-31,sh.600260,凯乐科技
2009-12-28,2009-12-31,sh.600261,阳光照明
2009-12-28,2009-12-31,sh.600263,路桥建设
2009-12-28,2009-12-31,sh.600268,国电南自
2009-12-28,2009-12-31,sh.600277,亿利洁能
2009-12-28,2009-12-31,sh.600278,东方创业
2009-12-28,2009-12-31,sh.600279,重庆港九
2009-12-28,2009-12-31,sh.600281,太化股份
2009-12-28,2009-12-31,sh.600284,浦东建设
2009-12-28,2009-12-31,sh.600287,江苏舜天
2009-12-28,2009-12-31,sh.600288,大恒科技
2009-12-28,2009-12-31,sh.600289,*ST信通
2009-12-28,2009-12-31,sh.600290,华仪电气
2009-12-28,2009-12-31,sh.600291,西水股份
2009-12-28,2009-12-31,sh.600292,远达环保
2009-12-28,2009-12-31,sh.600293,三峡新材
2009-12-28,2009-12-31,sh.600298,安琪酵母
2009-12-28,2009-12-31,sh.600300,维维股份
2009-12-28,2009-12-31,sh.600312,平高电气
2009-12-28,2009-12-31,sh.600317,营口港
2009-12-28,2009-12-31,sh.600322,天房发展
2009-12-28,2009-12-31,sh.600323,瀚蓝环境
2009-12-28,2009-12-31,sh.600326,西藏天路
2009-12-28,2009-12-31,sh.600327,大东方
2009-12-28,2009-12-31,sh.600328,兰太实业
2009-12-28,2009-12-31,sh.600330,天通股份
2009-12-28,2009-12-31,sh.600332,白云山
2009-12-28,2009-12-31,sh.600333,长春燃气
2009-12-28,2009-12-31,sh.600337,美克家居
2009-12-28,2009-12-31,sh.600339,中油工程
2009-12-28,2009-12-31,sh.600343,航天动力
2009-12-28,2009-12-31,sh.600358,国旅联合
2009-12-28,2009-12-31,sh.600359,新农开发
2009-12-28,2009-12-31,sh.600360,华微电子
2009-12-28,2009-12-31,sh.600361,华联综超
2009-12-28,2009-12-31,sh.600363,联创光电
2009-12-28,2009-12-31,sh.600366,宁波韵升
2009-12-28,2009-12-31,sh.600367,红星发展
2009-12-28,2009-12-31,sh.600382,广东明珠
2009-12-28,2009-12-31,sh.600386,北巴传媒
2009-12-28,2009-12-31,sh.600387,海越能源
2009-12-28,2009-12-31,sh.600388,龙净环保
2009-12-28,2009-12-31,sh.600389,江山股份
2009-12-28,2009-12-31,sh.600391,航发科技
2009-12-28,2009-12-31,sh.600393,粤泰股份
2009-12-28,2009-12-31,sh.600396,金山股份
2009-12-28,2009-12-31,sh.600398,海澜之家
2009-12-28,2009-12-31,sh.600399,*ST抚钢
2009-12-28,2009-12-31,sh.600400,红豆股份
2009-12-28,2009-12-31,sh.600406,国电南瑞
2009-12-28,2009-12-31,sh.600408,*ST安泰
2009-12-28,2009-12-31,sh.600409,三友化工
2009-12-28,2009-12-31,sh.600410,华胜天成
2009-12-28,2009-12-31,sh.600416,湘电股份
2009-12-28,2009-12-31,sh.600420,现代制药
2009-12-28,2009-12-31,sh.600422,昆药集团
2009-12-28,2009-12-31,sh.600423,*ST柳化
2009-12-28,2009-12-31,sh.600425,青松建化
2009-12-28,2009-12-31,sh.600435,北方导航
2009-12-28,2009-12-31,sh.600436,片仔癀
2009-12-28,2009-12-31,sh.600439,瑞贝卡
2009-12-28,2009-12-31,sh.600449,宁夏建材
2009-12-28,2009-12-31,sh.600458,时代新材
2009-12-28,2009-12-31,sh.600459,贵研铂业
2009-12-28,2009-12-31,sh.600460,士兰微
2009-12-28,2009-12-31,sh.600467,好当家
2009-12-28,2009-12-31,sh.600468,百利电气
2009-12-28,2009-12-31,sh.600469,风神股份
2009-12-28,2009-12-31,sh.600470,六国化工
2009-12-28,2009-12-31,sh.600475,华光股份
2009-12-28,2009-12-31,sh.600478,科力远
2009-12-28,2009-12-31,sh.600479,千金药业
2009-12-28,2009-12-31,sh.600480,凌云股份
2009-12-28,2009-12-31,sh.600481,双良节能
2009-12-28,2009-12-31,sh.600482,中国动力
2009-12-28,2009-12-31,sh.600486,扬农化工
2009-12-28,2009-12-31,sh.600487,亨通光电
2009-12-28,2009-12-31,sh.600488,天药股份
2009-12-28,2009-12-31,sh.600491,龙元建设
2009-12-28,2009-12-31,sh.600496,精工钢构
2009-12-28,2009-12-31,sh.600498,烽火通信
2009-12-28,2009-12-31,sh.600499,科达洁能
2009-12-28,2009-12-31,sh.600501,航天晨光
2009-12-28,2009-12-31,sh.600503,华丽家族
2009-12-28,2009-12-31,sh.600507,方大特钢
2009-12-28,2009-12-31,sh.600509,天富能源
2009-12-28,2009-12-31,sh.600510,黑牡丹
2009-12-28,2009-12-31,sh.600512,腾达建设
2009-12-28,2009-12-31,sh.600521,华海药业
2009-12-28,2009-12-31,sh.600522,中天科技
2009-12-28,2009-12-31,sh.600523,贵航股份
2009-12-28,2009-12-31,sh.600525,长园集团
2009-12-28,2009-12-31,sh.600529,山东药玻
2009-12-28,2009-12-31,sh.600530,交大昂立
2009-12-28,2009-12-31,sh.600531,豫光金铅
2009-12-28,2009-12-31,sh.600533,栖霞建设
2009-12-28,2009-12-31,sh.600535,天士力
2009-12-28,2009-12-31,sh.600540,新赛股份
2009-12-28,2009-12-31,sh.600546,山煤国际
2009-12-28,2009-12-31,sh.600553,太行水泥
2009-12-28,2009-12-31,sh.600555,海航创新
2009-12-28,2009-12-31,sh.600557,康缘药业
2009-12-28,2009-12-31,sh.600563,法拉电子
2009-12-28,2009-12-31,sh.600565,迪马股份
2009-12-28,2009-12-31,sh.600567,山鹰纸业
2009-12-28,2009-12-31,sh.600578,京能电力
2009-12-28,2009-12-31,sh.600580,卧龙电气
2009-12-28,2009-12-31,sh.600581,八一钢铁
2009-12-28,2009-12-31,sh.600584,长电科技
2009-12-28,2009-12-31,sh.600586,金晶科技
2009-12-28,2009-12-31,sh.600589,广东榕泰
2009-12-28,2009-12-31,sh.600590,泰豪科技
2009-12-28,2009-12-31,sh.600592,龙溪股份
2009-12-28,2009-12-31,sh.600594,益佰制药
2009-12-28,2009-12-31,sh.600606,绿地控股
2009-12-28,2009-12-31,sh.600607,上实医药
2009-12-28,2009-12-31,sh.600609,金杯汽车
2009-12-28,2009-12-31,sh.600618,氯碱化工
2009-12-28,2009-12-31,sh.600620,天宸股份
2009-12-28,2009-12-31,sh.600621,华鑫股份
2009-12-28,2009-12-31,sh.600622,光大嘉宝
2009-12-28,2009-12-31,sh.600624,复旦复华
2009-12-28,2009-12-31,sh.600626,申达股份
2009-12-28,2009-12-31,sh.600628,新世界
2009-12-28,2009-12-31,sh.600629,华建集团
2009-12-28,2009-12-31,sh.600630,龙头股份
2009-12-28,2009-12-31,sh.600636,三爱富
2009-12-28,2009-12-31,sh.600637,东方明珠
2009-12-28,2009-12-31,sh.600640,号百控股
2009-12-28,2009-12-31,sh.600641,万业企业
2009-12-28,2009-12-31,sh.600650,锦江投资
2009-12-28,2009-12-31,sh.600651,飞乐音响
2009-12-28,2009-12-31,sh.600652,游久游戏
2009-12-28,2009-12-31,sh.600654,ST中安
2009-12-28,2009-12-31,sh.600662,强生控股
2009-12-28,2009-12-31,sh.600665,天地源
2009-12-28,2009-12-31,sh.600667,太极实业
2009-12-28,2009-12-31,sh.600673,东阳光科
2009-12-28,2009-12-31,sh.600676,交运股份
2009-12-28,2009-12-31,sh.600677,航天通信
2009-12-28,2009-12-31,sh.600682,南京新百
2009-12-28,2009-12-31,sh.600683,京投发展
2009-12-28,2009-12-31,sh.600686,金龙汽车
2009-12-28,2009-12-31,sh.600692,亚通股份
2009-12-28,2009-12-31,sh.600693,东百集团
2009-12-28,2009-12-31,sh.600702,舍得酒业
2009-12-28,2009-12-31,sh.600703,三安光电
2009-12-28,2009-12-31,sh.600704,物产中大
2009-12-28,2009-12-31,sh.600707,彩虹股份
2009-12-28,2009-12-31,sh.600708,光明地产
2009-12-28,2009-12-31,sh.600710,苏美达
2009-12-28,2009-12-31,sh.600713,南京医药
2009-12-28,2009-12-31,sh.600720,祁连山
2009-12-28,2009-12-31,sh.600723,首商股份
2009-12-28,2009-12-31,sh.600724,宁波富达
2009-12-28,2009-12-31,sh.600725,ST云维
2009-12-28,2009-12-31,sh.600726,华电能源
2009-12-28,2009-12-31,sh.600729,重庆百货
2009-12-28,2009-12-31,sh.600732,ST新梅
2009-12-28,2009-12-31,sh.600736,苏州高新
2009-12-28,2009-12-31,sh.600740,山西焦化
2009-12-28,2009-12-31,sh.600744,华银电力
2009-12-28,2009-12-31,sh.600746,江苏索普
2009-12-28,2009-12-31,sh.600750,江中药业
2009-12-28,2009-12-31,sh.600754,锦江股份
2009-12-28,2009-12-31,sh.600759,洲际油气
2009-12-28,2009-12-31,sh.600761,安徽合力
2009-12-28,2009-12-31,sh.600765,中航重机
2009-12-28,2009-12-31,sh.600775,南京熊猫
2009-12-28,2009-12-31,sh.600776,东方通信
2009-12-28,2009-12-31,sh.600777,新潮能源
2009-12-28,2009-12-31,sh.600780,通宝能源
2009-12-28,2009-12-31,sh.600787,中储股份
2009-12-28,2009-12-31,sh.600789,鲁抗医药
2009-12-28,2009-12-31,sh.600790,轻纺城
2009-12-28,2009-12-31,sh.600797,浙大网新
2009-12-28,2009-12-31,sh.600798,宁波海运
2009-12-28,2009-12-31,sh.600801,华新水泥
2009-12-28,2009-12-31,sh.600802,福建水泥
2009-12-28,2009-12-31,sh.600805,悦达投资
2009-12-28,2009-12-31,sh.600806,退市昆机
2009-12-28,2009-12-31,sh.600810,神马股份
2009-12-28,2009-12-31,sh.600814,杭州解百
2009-12-28,2009-12-31,sh.600815,厦工股份
2009-12-28,2009-12-31,sh.600821,津劝业
2009-12-28,2009-12-31,sh.600823,世茂股份
2009-12-28,2009-12-31,sh.600824,益民集团
2009-12-28,2009-12-31,sh.600826,兰生股份
2009-12-28,2009-12-31,sh.600827,百联股份
2009-12-28,2009-12-31,sh.600829,人民同泰
2009-12-28,2009-12-31,sh.600830,香溢融通
2009-12-28,2009-12-31,sh.600831,广电网络
2009-12-28,2009-12-31,sh.600836,界龙实业
2009-12-28,2009-12-31,sh.600838,上海九百
2009-12-28,2009-12-31,sh.600844,丹化科技
2009-12-28,2009-12-31,sh.600846,同济科技
2009-12-28,2009-12-31,sh.600851,海欣股份
2009-12-28,2009-12-31,sh.600855,航天长峰
2009-12-28,2009-12-31,sh.600858,银座股份
2009-12-28,2009-12-31,sh.600861,北京城乡
2009-12-28,2009-12-31,sh.600864,哈投股份
2009-12-28,2009-12-31,sh.600866,星湖科技
2009-12-28,2009-12-31,sh.600867,通化东宝
2009-12-28,2009-12-31,sh.600872,中炬高新
2009-12-28,2009-12-31,sh.600877,ST嘉陵
2009-12-28,2009-12-31,sh.600880,博瑞传播
2009-12-28,2009-12-31,sh.600883,博闻科技
2009-12-28,2009-12-31,sh.600884,杉杉股份
2009-12-28,2009-12-31,sh.600888,新疆众和
2009-12-28,2009-12-31,sh.600894,广日股份
2009-12-28,2009-12-31,sh.600896,*ST海投
2009-12-28,2009-12-31,sh.600897,厦门空港
2009-12-28,2009-12-31,sh.600961,株冶集团
2009-12-28,2009-12-31,sh.600962,国投中鲁
2009-12-28,2009-12-31,sh.600963,岳阳林纸
2009-12-28,2009-12-31,sh.600965,福成股份
2009-12-28,2009-12-31,sh.600966,博汇纸业
2009-12-28,2009-12-31,sh.600971,恒源煤电
2009-12-28,2009-12-31,sh.600973,宝胜股份
2009-12-28,2009-12-31,sh.600978,宜华生活
2009-12-28,2009-12-31,sh.600981,汇鸿集团
2009-12-28,2009-12-31,sh.600983,惠而浦
2009-12-28,2009-12-31,sh.600987,航民股份
2009-12-28,2009-12-31,sh.600991,广汽长丰
2009-12-28,2009-12-31,sh.600995,文山电力
2009-12-28,2009-12-31,sh.601002,晋亿实业
2009-12-28,2009-12-31,sh.601607,上海医药
2009-12-28,2009-12-31,sh.601999,出版传媒
2009-12-28,2009-12-31,sz.000005,世纪星源
2009-12-28,2009-12-31,sz.000006,深振业A
2009-12-28,2009-12-31,sz.000016,深康佳A
2009-12-28,2009-12-31,sz.000022,深赤湾A
2009-12-28,2009-12-31,sz.000028,国药一致
2009-12-28,2009-12-31,sz.000029,深深房A
2009-12-28,2009-12-31,sz.000032,深桑达A
2009-12-28,2009-12-31,sz.000040,东旭蓝天
2009-12-28,2009-12-31,sz.000042,中洲控股
2009-12-28,2009-12-31,sz.000050,深天马A
2009-12-28,2009-12-31,sz.000062,深圳华强
2009-12-28,2009-12-31,sz.000066,中国长城
2009-12-28,2009-12-31,sz.000068,华控赛格
2009-12-28,2009-12-31,sz.000078,海王生物
2009-12-28,2009-12-31,sz.000090,天健集团
2009-12-28,2009-12-31,sz.000099,中信海直
2009-12-28,2009-12-31,sz.000151,中成股份
2009-12-28,2009-12-31,sz.000155,川化股份
2009-12-28,2009-12-31,sz.000158,常山北明
2009-12-28,2009-12-31,sz.000159,国际实业
2009-12-28,2009-12-31,sz.000400,许继电气
2009-12-28,2009-12-31,sz.000407,胜利股份
2009-12-28,2009-12-31,sz.000410,沈阳机床
2009-12-28,2009-12-31,sz.000416,民生控股
2009-12-28,2009-12-31,sz.000417,合肥百货
2009-12-28,2009-12-31,sz.000419,通程控股
2009-12-28,2009-12-31,sz.000421,南京公用
2009-12-28,2009-12-31,sz.000426,兴业矿业
2009-12-28,2009-12-31,sz.000428,华天酒店
2009-12-28,2009-12-31,sz.000429,粤高速A
2009-12-28,2009-12-31,sz.000501,鄂武商A
2009-12-28,2009-12-31,sz.000503,国新健康
2009-12-28,2009-12-31,sz.000504,南华生物
2009-12-28,2009-12-31,sz.000507,珠海港
2009-12-28,2009-12-31,sz.000510,金路集团
2009-12-28,2009-12-31,sz.000511,烯碳退
2009-12-28,2009-12-31,sz.000513,丽珠集团
2009-12-28,2009-12-31,sz.000514,渝开发
2009-12-28,2009-12-31,sz.000520,长航凤凰
2009-12-28,2009-12-31,sz.000522,白云山A
2009-12-28,2009-12-31,sz.000525,红太阳
2009-12-28,2009-12-31,sz.000532,华金资本
2009-12-28,2009-12-31,sz.000533,万家乐
2009-12-28,2009-12-31,sz.000537,广宇发展
2009-12-28,2009-12-31,sz.000540,中天金融
2009-12-28,2009-12-31,sz.000541,佛山照明
2009-12-28,2009-12-31,sz.000548,湖南投资
2009-12-28,2009-12-31,sz.000550,江铃汽车
2009-12-28,2009-12-31,sz.000554,泰山石油
2009-12-28,2009-12-31,sz.000563,陕国投A
2009-12-28,2009-12-31,sz.000565,渝三峡A
2009-12-28,2009-12-31,sz.000571,新大洲A
2009-12-28,2009-12-31,sz.000572,海马汽车
2009-12-28,2009-12-31,sz.000573,粤宏远A
2009-12-28,2009-12-31,sz.000581,威孚高科
2009-12-28,2009-12-31,sz.000584,哈工智能
2009-12-28,2009-12-31,sz.000589,黔轮胎A
2009-12-28,2009-12-31,sz.000594,国恒退
2009-12-28,2009-12-31,sz.000597,东北制药
2009-12-28,2009-12-31,sz.000598,兴蓉环境
2009-12-28,2009-12-31,sz.000599,青岛双星
2009-12-28,2009-12-31,sz.000600,建投能源
2009-12-28,2009-12-31,sz.000601,韶能股份
2009-12-28,2009-12-31,sz.000602,金马集团
2009-12-28,2009-12-31,sz.000607,华媒控股
2009-12-28,2009-12-31,sz.000608,阳光股份
2009-12-28,2009-12-31,sz.000609,中迪投资
2009-12-28,2009-12-31,sz.000616,海航投资
2009-12-28,2009-12-31,sz.000617,中油资本
2009-12-28,2009-12-31,sz.000619,海螺型材
2009-12-28,2009-12-31,sz.000627,天茂集团
2009-12-28,2009-12-31,sz.000655,*ST金岭
2009-12-28,2009-12-31,sz.000659,珠海中富
2009-12-28,2009-12-31,sz.000666,经纬纺机
2009-12-28,2009-12-31,sz.000677,恒天海龙
2009-12-28,2009-12-31,sz.000679,大连友谊
2009-12-28,2009-12-31,sz.000682,东方电子
2009-12-28,2009-12-31,sz.000683,远兴能源
2009-12-28,2009-12-31,sz.000687,华讯方舟
2009-12-28,2009-12-31,sz.000695,滨海能源
2009-12-28,2009-12-31,sz.000698,沈阳化工
2009-12-28,2009-12-31,sz.000707,*ST双环
2009-12-28,2009-12-31,sz.000708,大冶特钢
2009-12-28,2009-12-31,sz.000712,锦龙股份
2009-12-28,2009-12-31,sz.000713,丰乐种业
2009-12-28,2009-12-31,sz.000726,鲁泰A
2009-12-28,2009-12-31,sz.000727,华东科技
2009-12-28,2009-12-31,sz.000731,四川美丰
2009-12-28,2009-12-31,sz.000733,振华科技
2009-12-28,2009-12-31,sz.000735,罗牛山
2009-12-28,2009-12-31,sz.000737,*ST南风
2009-12-28,2009-12-31,sz.000748,长城信息
2009-12-28,2009-12-31,sz.000755,*ST三维
2009-12-28,2009-12-31,sz.000759,中百集团
2009-12-28,2009-12-31,sz.000762,西藏矿业
2009-12-28,2009-12-31,sz.000777,中核科技
2009-12-28,2009-12-31,sz.000786,北新建材
2009-12-28,2009-12-31,sz.000799,酒鬼酒
2009-12-28,2009-12-31,sz.000815,美利云
2009-12-28,2009-12-31,sz.000816,*ST慧业
2009-12-28,2009-12-31,sz.000818,航锦科技
2009-12-28,2009-12-31,sz.000819,岳阳兴长
2009-12-28,2009-12-31,sz.000823,超声电子
2009-12-28,2009-12-31,sz.000826,启迪桑德
2009-12-28,2009-12-31,sz.000828,东莞控股
2009-12-28,2009-12-31,sz.000829,天音控股
2009-12-28,2009-12-31,sz.000830,鲁西化工
2009-12-28,2009-12-31,sz.000831,五矿稀土
2009-12-28,2009-12-31,sz.000837,秦川机床
2009-12-28,2009-12-31,sz.000850,华茂股份
2009-12-28,2009-12-31,sz.000852,石化机械
2009-12-28,2009-12-31,sz.000859,国风塑业
2009-12-28,2009-12-31,sz.000860,顺鑫农业
2009-12-28,2009-12-31,sz.000875,吉电股份
2009-12-28,2009-12-31,sz.000877,天山股份
2009-12-28,2009-12-31,sz.000881,中广核技
2009-12-28,2009-12-31,sz.000882,华联股份
2009-12-28,2009-12-31,sz.000886,海南高速
2009-12-28,2009-12-31,sz.000887,中鼎股份
2009-12-28,2009-12-31,sz.000899,赣能股份
2009-12-28,2009-12-31,sz.000903,云内动力
2009-12-28,2009-12-31,sz.000905,厦门港务
2009-12-28,2009-12-31,sz.000910,大亚圣象
2009-12-28,2009-12-31,sz.000911,南宁糖业
2009-12-28,2009-12-31,sz.000916,华北高速
2009-12-28,2009-12-31,sz.000919,金陵药业
2009-12-28,2009-12-31,sz.000926,福星股份
2009-12-28,2009-12-31,sz.000930,中粮生化
2009-12-28,2009-12-31,sz.000931,中关村
2009-12-28,2009-12-31,sz.000936,华西股份
2009-12-28,2009-12-31,sz.000938,紫光股份
2009-12-28,2009-12-31,sz.000939,*ST凯迪
2009-12-28,2009-12-31,sz.000949,新乡化纤
2009-12-28,2009-12-31,sz.000950,重药控股
2009-12-28,2009-12-31,sz.000952,广济药业
2009-12-28,2009-12-31,sz.000962,东方钽业
2009-12-28,2009-12-31,sz.000963,华东医药
2009-12-28,2009-12-31,sz.000970,中科三环
2009-12-28,2009-12-31,sz.000972,*ST中基
2009-12-28,2009-12-31,sz.000973,佛塑科技
2009-12-28,2009-12-31,sz.000975,银泰资源
2009-12-28,2009-12-31,sz.000976,华铁股份
2009-12-28,2009-12-31,sz.000978,桂林旅游
2009-12-28,2009-12-31,sz.000987,越秀金控
2009-12-28,2009-12-31,sz.000988,华工科技
2009-12-28,2009-12-31,sz.000989,九芝堂
2009-12-28,2009-12-31,sz.000990,诚志股份
2009-12-28,2009-12-31,sz.000996,中国中期
2009-12-28,2009-12-31,sz.000997,新大陆
2009-12-28,2009-12-31,sz.000998,隆平高科
2009-12-28,2009-12-31,sz.001696,宗申动力
2009-12-28,2009-12-31,sz.002008,大族激光
2009-12-28,2009-12-31,sz.002011,盾安环境
2009-12-28,2009-12-31,sz.002018,*ST华信
2009-12-28,2009-12-31,sz.002019,亿帆医药
2009-12-28,2009-12-31,sz.002029,七匹狼
2009-12-28,2009-12-31,sz.002041,登海种业
2009-12-28,2009-12-31,sz.002048,宁波华翔
2009-12-28,2009-12-31,sz.002052,同洲电子
2009-12-28,2009-12-31,sz.002053,云南能投
2009-12-28,2009-12-31,sz.002056,横店东磁
2009-12-28,2009-12-31,sz.002062,宏润建设
2009-12-28,2009-12-31,sz.002064,华峰氨纶
2009-12-28,2009-12-31,sz.002065,东华软件
2009-12-28,2009-12-31,sz.002069,獐子岛
2009-12-28,2009-12-31,sz.002073,软控股份
2009-12-28,2009-12-31,sz.002083,孚日股份
2009-12-28,2009-12-31,sz.002092,中泰化学
2009-12-28,2009-12-31,sz.002093,国脉科技
2009-12-28,2009-12-31,sz.002097,山河智能
2009-12-28,2009-12-31,sz.002110,三钢闽光
2009-12-28,2009-12-31,sz.002123,梦网集团
2009-12-28,2009-12-31,sz.002129,中环股份
2009-12-28,2009-12-31,sz.002133,广宇集团
2009-12-28,2009-12-31,sz.002146,荣盛发展
2009-12-28,2009-12-31,sz.002147,新光圆成
2009-12-28,2009-12-31,sz.002154,报喜鸟
2009-12-28,2009-12-31,sz.002161,远望谷
2009-12-28,2009-12-31,sz.002172,澳洋健康
2009-12-28,2009-12-31,sz.002181,粤传媒
2009-12-28,2009-12-31,sz.002182,云海金属
2009-12-28,2009-12-31,sz.002183,怡亚通
2009-12-28,2009-12-31,sz.002186,全聚德
2009-12-28,2009-12-31,sz.002187,广百股份
2009-12-28,2009-12-31,sz.002191,劲嘉股份
2009-12-28,2009-12-31,sz.002200,云投生态
2009-12-28,2009-12-31,sz.002203,海亮股份
2009-12-28,2009-12-31,sz.002204,大连重工
2009-12-28,2009-12-31,sz.002216,三全食品
2009-12-28,2009-12-31,sz.002218,拓日新能
2009-12-28,2009-12-31,sz.002230,科大讯飞
2009-12-28,2009-12-31,sz.002233,塔牌集团
2009-12-28,2009-12-31,sz.002237,恒邦股份
2009-12-28,2009-12-31,sz.002238,天威视讯
2009-12-28,2009-12-31,sz.002241,歌尔股份
2009-12-28,2009-12-31,sz.002249,大洋电机
2009-12-28,2009-12-31,sz.002251,步步高
2009-12-28,2009-12-31,sz.002252,上海莱士
2009-12-28,2009-12-31,sz.002254,泰和新材
2009-12-28,2009-12-31,sz.002266,浙富控股
2009-12-28,2009-12-31,sz.002267,陕天然气
2009-12-28,2009-12-31,sz.002274,华昌化工
2010-06-28,2010-06-30,sh.600012,皖通高速
2010-06-28,2010-06-30,sh.600035,楚天高速
2010-06-28,2010-06-30,sh.600038,中直股份
2010-06-28,2010-06-30,sh.600039,四川路桥
2010-06-28,2010-06-30,sh.600051,宁波联合
2010-06-28,2010-06-30,sh.600052,浙江广厦
2010-06-28,2010-06-30,sh.600054,黄山旅游
2010-06-28,2010-06-30,sh.600056,中国医药
2010-06-28,2010-06-30,sh.600059,古越龙山
2010-06-28,2010-06-30,sh.600060,海信电器
2010-06-28,2010-06-30,sh.600061,国投资本
2010-06-28,2010-06-30,sh.600063,皖维高新
2010-06-28,2010-06-30,sh.600064,南京高科
2010-06-28,2010-06-30,sh.600067,冠城大通
2010-06-28,2010-06-30,sh.600069,银鸽投资
2010-06-28,2010-06-30,sh.600072,中船科技
2010-06-28,2010-06-30,sh.600073,上海梅林
2010-06-28,2010-06-30,sh.600074,*ST保千
2010-06-28,2010-06-30,sh.600075,新疆天业
2010-06-28,2010-06-30,sh.600078,澄星股份
2010-06-28,2010-06-30,sh.600079,人福医药
2010-06-28,2010-06-30,sh.600082,海泰发展
2010-06-28,2010-06-30,sh.600086,东方金钰
2010-06-28,2010-06-30,sh.600088,中视传媒
2010-06-28,2010-06-30,sh.600103,青山纸业
2010-06-28,2010-06-30,sh.600106,重庆路桥
2010-06-28,2010-06-30,sh.600107,美尔雅
2010-06-28,2010-06-30,sh.600110,诺德股份
2010-06-28,2010-06-30,sh.600112,天成控股
2010-06-28,2010-06-30,sh.600117,西宁特钢
2010-06-28,2010-06-30,sh.600120,浙江东方
2010-06-28,2010-06-30,sh.600121,郑州煤电
2010-06-28,2010-06-30,sh.600122,宏图高科
2010-06-28,2010-06-30,sh.600126,杭钢股份
2010-06-28,2010-06-30,sh.600127,金健米业
2010-06-28,2010-06-30,sh.600128,弘业股份
2010-06-28,2010-06-30,sh.600129,太极集团
2010-06-28,2010-06-30,sh.600131,岷江水电
2010-06-28,2010-06-30,sh.600138,中青旅
2010-06-28,2010-06-30,sh.600141,兴发集团
2010-06-28,2010-06-30,sh.600159,大龙地产
2010-06-28,2010-06-30,sh.600160,巨化股份
2010-06-28,2010-06-30,sh.600162,香江控股
2010-06-28,2010-06-30,sh.600163,中闽能源
2010-06-28,2010-06-30,sh.600168,武汉控股
2010-06-28,2010-06-30,sh.600171,上海贝岭
2010-06-28,2010-06-30,sh.600178,东安动力
2010-06-28,2010-06-30,sh.600186,莲花健康
2010-06-28,2010-06-30,sh.600189,吉林森工
2010-06-28,2010-06-30,sh.600190,锦州港
2010-06-28,2010-06-30,sh.600191,华资实业
2010-06-28,2010-06-30,sh.600192,长城电工
2010-06-28,2010-06-30,sh.600195,中牧股份
2010-06-28,2010-06-30,sh.600197,伊力特
2010-06-28,2010-06-30,sh.600198,*ST大唐
2010-06-28,2010-06-30,sh.600201,生物股份
2010-06-28,2010-06-30,sh.600202,*ST哈空
2010-06-28,2010-06-30,sh.600206,有研新材
2010-06-28,2010-06-30,sh.600226,瀚叶股份
2010-06-28,2010-06-30,sh.600227,圣济堂
2010-06-28,2010-06-30,sh.600230,沧州大化
2010-06-28,2010-06-30,sh.600231,凌钢股份
2010-06-28,2010-06-30,sh.600240,华业资本
2010-06-28,2010-06-30,sh.600249,两面针
2010-06-28,2010-06-30,sh.600255,梦舟股份
2010-06-28,2010-06-30,sh.600258,首旅酒店
2010-06-28,2010-06-30,sh.600260,凯乐科技
2010-06-28,2010-06-30,sh.600261,阳光照明
2010-06-28,2010-06-30,sh.600263,路桥建设
2010-06-28,2010-06-30,sh.600267,海正药业
2010-06-28,2010-06-30,sh.600268,国电南自
2010-06-28,2010-06-30,sh.600277,亿利洁能
2010-06-28,2010-06-30,sh.600278,东方创业
2010-06-28,2010-06-30,sh.600281,太化股份
2010-06-28,2010-06-30,sh.600284,浦东建设
2010-06-28,2010-06-30,sh.600287,江苏舜天
2010-06-28,2010-06-30,sh.600288,大恒科技
2010-06-28,2010-06-30,sh.600289,*ST信通
2010-06-28,2010-06-30,sh.600290,华仪电气
2010-06-28,2010-06-30,sh.600291,西水股份
2010-06-28,2010-06-30,sh.600292,远达环保
2010-06-28,2010-06-30,sh.600293,三峡新材
2010-06-28,2010-06-30,sh.600295,鄂尔多斯
2010-06-28,2010-06-30,sh.600298,安琪酵母
2010-06-28,2010-06-30,sh.600308,华泰股份
2010-06-28,2010-06-30,sh.600315,上海家化
2010-06-28,2010-06-30,sh.600317,营口港
2010-06-28,2010-06-30,sh.600322,天房发展
2010-06-28,2010-06-30,sh.600323,瀚蓝环境
2010-06-28,2010-06-30,sh.600326,西藏天路
2010-06-28,2010-06-30,sh.600327,大东方
2010-06-28,2010-06-30,sh.600328,兰太实业
2010-06-28,2010-06-30,sh.600329,中新药业
2010-06-28,2010-06-30,sh.600330,天通股份
2010-06-28,2010-06-30,sh.600332,白云山
2010-06-28,2010-06-30,sh.600333,长春燃气
2010-06-28,2010-06-30,sh.600337,美克家居
2010-06-28,2010-06-30,sh.600339,中油工程
2010-06-28,2010-06-30,sh.600343,航天动力
2010-06-28,2010-06-30,sh.600351,亚宝药业
2010-06-28,2010-06-30,sh.600359,新农开发
2010-06-28,2010-06-30,sh.600360,华微电子
2010-06-28,2010-06-30,sh.600361,华联综超
2010-06-28,2010-06-30,sh.600363,联创光电
2010-06-28,2010-06-30,sh.600366,宁波韵升
2010-06-28,2010-06-30,sh.600367,红星发展
2010-06-28,2010-06-30,sh.600382,广东明珠
2010-06-28,2010-06-30,sh.600386,北巴传媒
2010-06-28,2010-06-30,sh.600387,海越能源
2010-06-28,2010-06-30,sh.600388,龙净环保
2010-06-28,2010-06-30,sh.600389,江山股份
2010-06-28,2010-06-30,sh.600391,航发科技
2010-06-28,2010-06-30,sh.600396,金山股份
2010-06-28,2010-06-30,sh.600398,海澜之家
2010-06-28,2010-06-30,sh.600399,*ST抚钢
2010-06-28,2010-06-30,sh.600400,红豆股份
2010-06-28,2010-06-30,sh.600406,国电南瑞
2010-06-28,2010-06-30,sh.600408,*ST安泰
2010-06-28,2010-06-30,sh.600409,三友化工
2010-06-28,2010-06-30,sh.600410,华胜天成
2010-06-28,2010-06-30,sh.600416,湘电股份
2010-06-28,2010-06-30,sh.600420,现代制药
2010-06-28,2010-06-30,sh.600423,*ST柳化
2010-06-28,2010-06-30,sh.600425,青松建化
2010-06-28,2010-06-30,sh.600429,三元股份
2010-06-28,2010-06-30,sh.600436,片仔癀
2010-06-28,2010-06-30,sh.600438,通威股份
2010-06-28,2010-06-30,sh.600439,瑞贝卡
2010-06-28,2010-06-30,sh.600449,宁夏建材
2010-06-28,2010-06-30,sh.600458,时代新材
2010-06-28,2010-06-30,sh.600459,贵研铂业
2010-06-28,2010-06-30,sh.600460,士兰微
2010-06-28,2010-06-30,sh.600467,好当家
2010-06-28,2010-06-30,sh.600468,百利电气
2010-06-28,2010-06-30,sh.600469,风神股份
2010-06-28,2010-06-30,sh.600470,六国化工
2010-06-28,2010-06-30,sh.600475,华光股份
2010-06-28,2010-06-30,sh.600478,科力远
2010-06-28,2010-06-30,sh.600479,千金药业
2010-06-28,2010-06-30,sh.600480,凌云股份
2010-06-28,2010-06-30,sh.600481,双良节能
2010-06-28,2010-06-30,sh.600482,中国动力
2010-06-28,2010-06-30,sh.600487,亨通光电
2010-06-28,2010-06-30,sh.600488,天药股份
2010-06-28,2010-06-30,sh.600491,龙元建设
2010-06-28,2010-06-30,sh.600496,精工钢构
2010-06-28,2010-06-30,sh.600498,烽火通信
2010-06-28,2010-06-30,sh.600499,科达洁能
2010-06-28,2010-06-30,sh.600501,航天晨光
2010-06-28,2010-06-30,sh.600503,华丽家族
2010-06-28,2010-06-30,sh.600507,方大特钢
2010-06-28,2010-06-30,sh.600509,天富能源
2010-06-28,2010-06-30,sh.600510,黑牡丹
2010-06-28,2010-06-30,sh.600521,华海药业
2010-06-28,2010-06-30,sh.600522,中天科技
2010-06-28,2010-06-30,sh.600523,贵航股份
2010-06-28,2010-06-30,sh.600525,长园集团
2010-06-28,2010-06-30,sh.600529,山东药玻
2010-06-28,2010-06-30,sh.600530,交大昂立
2010-06-28,2010-06-30,sh.600531,豫光金铅
2010-06-28,2010-06-30,sh.600533,栖霞建设
2010-06-28,2010-06-30,sh.600540,新赛股份
2010-06-28,2010-06-30,sh.600543,莫高股份
2010-06-28,2010-06-30,sh.600546,山煤国际
2010-06-28,2010-06-30,sh.600551,时代出版
2010-06-28,2010-06-30,sh.600553,太行水泥
2010-06-28,2010-06-30,sh.600555,海航创新
2010-06-28,2010-06-30,sh.600557,康缘药业
2010-06-28,2010-06-30,sh.600563,法拉电子
2010-06-28,2010-06-30,sh.600565,迪马股份
2010-06-28,2010-06-30,sh.600578,京能电力
2010-06-28,2010-06-30,sh.600580,卧龙电气
2010-06-28,2010-06-30,sh.600581,八一钢铁
2010-06-28,2010-06-30,sh.600584,长电科技
2010-06-28,2010-06-30,sh.600586,金晶科技
2010-06-28,2010-06-30,sh.600589,广东榕泰
2010-06-28,2010-06-30,sh.600590,泰豪科技
2010-06-28,2010-06-30,sh.600592,龙溪股份
2010-06-28,2010-06-30,sh.600594,益佰制药
2010-06-28,2010-06-30,sh.600606,绿地控股
2010-06-28,2010-06-30,sh.600609,金杯汽车
2010-06-28,2010-06-30,sh.600616,金枫酒业
2010-06-28,2010-06-30,sh.600618,氯碱化工
2010-06-28,2010-06-30,sh.600620,天宸股份
2010-06-28,2010-06-30,sh.600621,华鑫股份
2010-06-28,2010-06-30,sh.600622,光大嘉宝
2010-06-28,2010-06-30,sh.600623,华谊集团
2010-06-28,2010-06-30,sh.600624,复旦复华
2010-06-28,2010-06-30,sh.600626,申达股份
2010-06-28,2010-06-30,sh.600628,新世界
2010-06-28,2010-06-30,sh.600630,龙头股份
2010-06-28,2010-06-30,sh.600636,三爱富
2010-06-28,2010-06-30,sh.600637,东方明珠
2010-06-28,2010-06-30,sh.600640,号百控股
2010-06-28,2010-06-30,sh.600641,万业企业
2010-06-28,2010-06-30,sh.600644,乐山电力
2010-06-28,2010-06-30,sh.600650,锦江投资
2010-06-28,2010-06-30,sh.600651,飞乐音响
2010-06-28,2010-06-30,sh.600652,游久游戏
2010-06-28,2010-06-30,sh.600653,申华控股
2010-06-28,2010-06-30,sh.600654,ST中安
2010-06-28,2010-06-30,sh.600662,强生控股
2010-06-28,2010-06-30,sh.600665,天地源
2010-06-28,2010-06-30,sh.600667,太极实业
2010-06-28,2010-06-30,sh.600673,东阳光科
2010-06-28,2010-06-30,sh.600676,交运股份
2010-06-28,2010-06-30,sh.600677,航天通信
2010-06-28,2010-06-30,sh.600682,南京新百
2010-06-28,2010-06-30,sh.600683,京投发展
2010-06-28,2010-06-30,sh.600686,金龙汽车
2010-06-28,2010-06-30,sh.600692,亚通股份
2010-06-28,2010-06-30,sh.600693,东百集团
2010-06-28,2010-06-30,sh.600702,舍得酒业
2010-06-28,2010-06-30,sh.600703,三安光电
2010-06-28,2010-06-30,sh.600704,物产中大
2010-06-28,2010-06-30,sh.600707,彩虹股份
2010-06-28,2010-06-30,sh.600708,光明地产
2010-06-28,2010-06-30,sh.600710,苏美达
2010-06-28,2010-06-30,sh.600720,祁连山
2010-06-28,2010-06-30,sh.600723,首商股份
2010-06-28,2010-06-30,sh.600724,宁波富达
2010-06-28,2010-06-30,sh.600725,ST云维
2010-06-28,2010-06-30,sh.600726,华电能源
2010-06-28,2010-06-30,sh.600729,重庆百货
2010-06-28,2010-06-30,sh.600736,苏州高新
2010-06-28,2010-06-30,sh.600743,华远地产
2010-06-28,2010-06-30,sh.600744,华银电力
2010-06-28,2010-06-30,sh.600750,江中药业
2010-06-28,2010-06-30,sh.600754,锦江股份
2010-06-28,2010-06-30,sh.600755,厦门国贸
2010-06-28,2010-06-30,sh.600759,洲际油气
2010-06-28,2010-06-30,sh.600761,安徽合力
2010-06-28,2010-06-30,sh.600765,中航重机
2010-06-28,2010-06-30,sh.600770,综艺股份
2010-06-28,2010-06-30,sh.600775,南京熊猫
2010-06-28,2010-06-30,sh.600776,东方通信
2010-06-28,2010-06-30,sh.600777,新潮能源
2010-06-28,2010-06-30,sh.600780,通宝能源
2010-06-28,2010-06-30,sh.600787,中储股份
2010-06-28,2010-06-30,sh.600789,鲁抗医药
2010-06-28,2010-06-30,sh.600790,轻纺城
2010-06-28,2010-06-30,sh.600797,浙大网新
2010-06-28,2010-06-30,sh.600798,宁波海运
2010-06-28,2010-06-30,sh.600801,华新水泥
2010-06-28,2010-06-30,sh.600802,福建水泥
2010-06-28,2010-06-30,sh.600805,悦达投资
2010-06-28,2010-06-30,sh.600806,退市昆机
2010-06-28,2010-06-30,sh.600810,神马股份
2010-06-28,2010-06-30,sh.600815,厦工股份
2010-06-28,2010-06-30,sh.600818,中路股份
2010-06-28,2010-06-30,sh.600824,益民集团
2010-06-28,2010-06-30,sh.600826,兰生股份
2010-06-28,2010-06-30,sh.600827,百联股份
2010-06-28,2010-06-30,sh.600829,人民同泰
2010-06-28,2010-06-30,sh.600830,香溢融通
2010-06-28,2010-06-30,sh.600831,广电网络
2010-06-28,2010-06-30,sh.600836,界龙实业
2010-06-28,2010-06-30,sh.600838,上海九百
2010-06-28,2010-06-30,sh.600844,丹化科技
2010-06-28,2010-06-30,sh.600846,同济科技
2010-06-28,2010-06-30,sh.600851,海欣股份
2010-06-28,2010-06-30,sh.600855,航天长峰
2010-06-28,2010-06-30,sh.600858,银座股份
2010-06-28,2010-06-30,sh.600861,北京城乡
2010-06-28,2010-06-30,sh.600864,哈投股份
2010-06-28,2010-06-30,sh.600866,星湖科技
2010-06-28,2010-06-30,sh.600867,通化东宝
2010-06-28,2010-06-30,sh.600872,中炬高新
2010-06-28,2010-06-30,sh.600877,ST嘉陵
2010-06-28,2010-06-30,sh.600880,博瑞传播
2010-06-28,2010-06-30,sh.600884,杉杉股份
2010-06-28,2010-06-30,sh.600888,新疆众和
2010-06-28,2010-06-30,sh.600894,广日股份
2010-06-28,2010-06-30,sh.600896,*ST海投
2010-06-28,2010-06-30,sh.600897,厦门空港
2010-06-28,2010-06-30,sh.600961,株冶集团
2010-06-28,2010-06-30,sh.600962,国投中鲁
2010-06-28,2010-06-30,sh.600963,岳阳林纸
2010-06-28,2010-06-30,sh.600966,博汇纸业
2010-06-28,2010-06-30,sh.600971,恒源煤电
2010-06-28,2010-06-30,sh.600973,宝胜股份
2010-06-28,2010-06-30,sh.600978,宜华生活
2010-06-28,2010-06-30,sh.600981,汇鸿集团
2010-06-28,2010-06-30,sh.600983,惠而浦
2010-06-28,2010-06-30,sh.600987,航民股份
2010-06-28,2010-06-30,sh.600991,广汽长丰
2010-06-28,2010-06-30,sh.600993,马应龙
2010-06-28,2010-06-30,sh.600995,文山电力
2010-06-28,2010-06-30,sh.601002,晋亿实业
2010-06-28,2010-06-30,sh.601005,重庆钢铁
2010-06-28,2010-06-30,sh.601008,连云港
2010-06-28,2010-06-30,sh.601607,上海医药
2010-06-28,2010-06-30,sh.601999,出版传媒
2010-06-28,2010-06-30,sz.000005,世纪星源
2010-06-28,2010-06-30,sz.000006,深振业A
2010-06-28,2010-06-30,sz.000016,深康佳A
2010-06-28,2010-06-30,sz.000022,深赤湾A
2010-06-28,2010-06-30,sz.000028,国药一致
2010-06-28,2010-06-30,sz.000029,深深房A
2010-06-28,2010-06-30,sz.000040,东旭蓝天
2010-06-28,2010-06-30,sz.000042,中洲控股
2010-06-28,2010-06-30,sz.000050,深天马A
2010-06-28,2010-06-30,sz.000062,深圳华强
2010-06-28,2010-06-30,sz.000066,中国长城
2010-06-28,2010-06-30,sz.000068,华控赛格
2010-06-28,2010-06-30,sz.000078,海王生物
2010-06-28,2010-06-30,sz.000090,天健集团
2010-06-28,2010-06-30,sz.000099,中信海直
2010-06-28,2010-06-30,sz.000155,川化股份
2010-06-28,2010-06-30,sz.000158,常山北明
2010-06-28,2010-06-30,sz.000159,国际实业
2010-06-28,2010-06-30,sz.000400,许继电气
2010-06-28,2010-06-30,sz.000407,胜利股份
2010-06-28,2010-06-30,sz.000410,沈阳机床
2010-06-28,2010-06-30,sz.000416,民生控股
2010-06-28,2010-06-30,sz.000417,合肥百货
2010-06-28,2010-06-30,sz.000426,兴业矿业
2010-06-28,2010-06-30,sz.000428,华天酒店
2010-06-28,2010-06-30,sz.000429,粤高速A
2010-06-28,2010-06-30,sz.000501,鄂武商A
2010-06-28,2010-06-30,sz.000503,国新健康
2010-06-28,2010-06-30,sz.000507,珠海港
2010-06-28,2010-06-30,sz.000510,金路集团
2010-06-28,2010-06-30,sz.000511,烯碳退
2010-06-28,2010-06-30,sz.000514,渝开发
2010-06-28,2010-06-30,sz.000520,长航凤凰
2010-06-28,2010-06-30,sz.000522,白云山A
2010-06-28,2010-06-30,sz.000525,红太阳
2010-06-28,2010-06-30,sz.000532,华金资本
2010-06-28,2010-06-30,sz.000533,万家乐
2010-06-28,2010-06-30,sz.000537,广宇发展
2010-06-28,2010-06-30,sz.000540,中天金融
2010-06-28,2010-06-30,sz.000541,佛山照明
2010-06-28,2010-06-30,sz.000543,皖能电力
2010-06-28,2010-06-30,sz.000548,湖南投资
2010-06-28,2010-06-30,sz.000550,江铃汽车
2010-06-28,2010-06-30,sz.000554,泰山石油
2010-06-28,2010-06-30,sz.000563,陕国投A
2010-06-28,2010-06-30,sz.000565,渝三峡A
2010-06-28,2010-06-30,sz.000571,新大洲A
2010-06-28,2010-06-30,sz.000572,海马汽车
2010-06-28,2010-06-30,sz.000573,粤宏远A
2010-06-28,2010-06-30,sz.000581,威孚高科
2010-06-28,2010-06-30,sz.000584,哈工智能
2010-06-28,2010-06-30,sz.000589,黔轮胎A
2010-06-28,2010-06-30,sz.000594,国恒退
2010-06-28,2010-06-30,sz.000597,东北制药
2010-06-28,2010-06-30,sz.000599,青岛双星
2010-06-28,2010-06-30,sz.000600,建投能源
2010-06-28,2010-06-30,sz.000601,韶能股份
2010-06-28,2010-06-30,sz.000607,华媒控股
2010-06-28,2010-06-30,sz.000608,阳光股份
2010-06-28,2010-06-30,sz.000609,中迪投资
2010-06-28,2010-06-30,sz.000616,海航投资
2010-06-28,2010-06-30,sz.000617,中油资本
2010-06-28,2010-06-30,sz.000619,海螺型材
2010-06-28,2010-06-30,sz.000627,天茂集团
2010-06-28,2010-06-30,sz.000636,风华高科
2010-06-28,2010-06-30,sz.000650,仁和药业
2010-06-28,2010-06-30,sz.000655,*ST金岭
2010-06-28,2010-06-30,sz.000659,珠海中富
2010-06-28,2010-06-30,sz.000677,恒天海龙
2010-06-28,2010-06-30,sz.000679,大连友谊
2010-06-28,2010-06-30,sz.000682,东方电子
2010-06-28,2010-06-30,sz.000683,远兴能源
2010-06-28,2010-06-30,sz.000687,华讯方舟
2010-06-28,2010-06-30,sz.000698,沈阳化工
2010-06-28,2010-06-30,sz.000707,*ST双环
2010-06-28,2010-06-30,sz.000708,大冶特钢
2010-06-28,2010-06-30,sz.000712,锦龙股份
2010-06-28,2010-06-30,sz.000713,丰乐种业
2010-06-28,2010-06-30,sz.000726,鲁泰A
2010-06-28,2010-06-30,sz.000731,四川美丰
2010-06-28,2010-06-30,sz.000733,振华科技
2010-06-28,2010-06-30,sz.000735,罗牛山
2010-06-28,2010-06-30,sz.000737,*ST南风
2010-06-28,2010-06-30,sz.000748,长城信息
2010-06-28,2010-06-30,sz.000755,*ST三维
2010-06-28,2010-06-30,sz.000759,中百集团
2010-06-28,2010-06-30,sz.000762,西藏矿业
2010-06-28,2010-06-30,sz.000777,中核科技
2010-06-28,2010-06-30,sz.000786,北新建材
2010-06-28,2010-06-30,sz.000799,酒鬼酒
2010-06-28,2010-06-30,sz.000816,*ST慧业
2010-06-28,2010-06-30,sz.000819,岳阳兴长
2010-06-28,2010-06-30,sz.000823,超声电子
2010-06-28,2010-06-30,sz.000826,启迪桑德
2010-06-28,2010-06-30,sz.000828,东莞控股
2010-06-28,2010-06-30,sz.000829,天音控股
2010-06-28,2010-06-30,sz.000830,鲁西化工
2010-06-28,2010-06-30,sz.000831,五矿稀土
2010-06-28,2010-06-30,sz.000837,秦川机床
2010-06-28,2010-06-30,sz.000850,华茂股份
2010-06-28,2010-06-30,sz.000852,石化机械
2010-06-28,2010-06-30,sz.000859,国风塑业
2010-06-28,2010-06-30,sz.000860,顺鑫农业
2010-06-28,2010-06-30,sz.000861,海印股份
2010-06-28,2010-06-30,sz.000875,吉电股份
2010-06-28,2010-06-30,sz.000877,天山股份
2010-06-28,2010-06-30,sz.000881,中广核技
2010-06-28,2010-06-30,sz.000882,华联股份
2010-06-28,2010-06-30,sz.000886,海南高速
2010-06-28,2010-06-30,sz.000887,中鼎股份
2010-06-28,2010-06-30,sz.000899,赣能股份
2010-06-28,2010-06-30,sz.000903,云内动力
2010-06-28,2010-06-30,sz.000905,厦门港务
2010-06-28,2010-06-30,sz.000910,大亚圣象
2010-06-28,2010-06-30,sz.000911,南宁糖业
2010-06-28,2010-06-30,sz.000912,*ST天化
2010-06-28,2010-06-30,sz.000916,华北高速
2010-06-28,2010-06-30,sz.000919,金陵药业
2010-06-28,2010-06-30,sz.000925,众合科技
2010-06-28,2010-06-30,sz.000926,福星股份
2010-06-28,2010-06-30,sz.000930,中粮生化
2010-06-28,2010-06-30,sz.000931,中关村
2010-06-28,2010-06-30,sz.000936,华西股份
2010-06-28,2010-06-30,sz.000938,紫光股份
2010-06-28,2010-06-30,sz.000939,*ST凯迪
2010-06-28,2010-06-30,sz.000949,新乡化纤
2010-06-28,2010-06-30,sz.000950,重药控股
2010-06-28,2010-06-30,sz.000952,广济药业
2010-06-28,2010-06-30,sz.000961,中南建设
2010-06-28,2010-06-30,sz.000962,东方钽业
2010-06-28,2010-06-30,sz.000963,华东医药
2010-06-28,2010-06-30,sz.000965,天保基建
2010-06-28,2010-06-30,sz.000970,中科三环
2010-06-28,2010-06-30,sz.000972,*ST中基
2010-06-28,2010-06-30,sz.000973,佛塑科技
2010-06-28,2010-06-30,sz.000975,银泰资源
2010-06-28,2010-06-30,sz.000987,越秀金控
2010-06-28,2010-06-30,sz.000988,华工科技
2010-06-28,2010-06-30,sz.000989,九芝堂
2010-06-28,2010-06-30,sz.000990,诚志股份
2010-06-28,2010-06-30,sz.000996,中国中期
2010-06-28,2010-06-30,sz.000997,新大陆
2010-06-28,2010-06-30,sz.000998,隆平高科
2010-06-28,2010-06-30,sz.001696,宗申动力
2010-06-28,2010-06-30,sz.002008,大族激光
2010-06-28,2010-06-30,sz.002011,盾安环境
2010-06-28,2010-06-30,sz.002018,*ST华信
2010-06-28,2010-06-30,sz.002019,亿帆医药
2010-06-28,2010-06-30,sz.002022,科华生物
2010-06-28,2010-06-30,sz.002025,航天电器
2010-06-28,2010-06-30,sz.002029,七匹狼
2010-06-28,2010-06-30,sz.002041,登海种业
2010-06-28,2010-06-30,sz.002048,宁波华翔
2010-06-28,2010-06-30,sz.002051,中工国际
2010-06-28,2010-06-30,sz.002052,同洲电子
2010-06-28,2010-06-30,sz.002053,云南能投
2010-06-28,2010-06-30,sz.002056,横店东磁
2010-06-28,2010-06-30,sz.002062,宏润建设
2010-06-28,2010-06-30,sz.002064,华峰氨纶
2010-06-28,2010-06-30,sz.002065,东华软件
2010-06-28,2010-06-30,sz.002069,獐子岛
2010-06-28,2010-06-30,sz.002073,软控股份
2010-06-28,2010-06-30,sz.002078,太阳纸业
2010-06-28,2010-06-30,sz.002083,孚日股份
2010-06-28,2010-06-30,sz.002088,鲁阳节能
2010-06-28,2010-06-30,sz.002091,江苏国泰
2010-06-28,2010-06-30,sz.002092,中泰化学
2010-06-28,2010-06-30,sz.002097,山河智能
2010-06-28,2010-06-30,sz.002106,莱宝高科
2010-06-28,2010-06-30,sz.002107,沃华医药
2010-06-28,2010-06-30,sz.002109,兴化股份
2010-06-28,2010-06-30,sz.002110,三钢闽光
2010-06-28,2010-06-30,sz.002121,科陆电子
2010-06-28,2010-06-30,sz.002123,梦网集团
2010-06-28,2010-06-30,sz.002129,中环股份
2010-06-28,2010-06-30,sz.002133,广宇集团
2010-06-28,2010-06-30,sz.002161,远望谷
2010-06-28,2010-06-30,sz.002172,澳洋健康
2010-06-28,2010-06-30,sz.002179,中航光电
2010-06-28,2010-06-30,sz.002181,粤传媒
2010-06-28,2010-06-30,sz.002182,云海金属
2010-06-28,2010-06-30,sz.002183,怡亚通
2010-06-28,2010-06-30,sz.002186,全聚德
2010-06-28,2010-06-30,sz.002191,劲嘉股份
2010-06-28,2010-06-30,sz.002200,云投生态
2010-06-28,2010-06-30,sz.002203,海亮股份
2010-06-28,2010-06-30,sz.002204,大连重工
2010-06-28,2010-06-30,sz.002212,南洋股份
2010-06-28,2010-06-30,sz.002216,三全食品
2010-06-28,2010-06-30,sz.002218,拓日新能
2010-06-28,2010-06-30,sz.002223,鱼跃医疗
2010-06-28,2010-06-30,sz.002225,濮耐股份
2010-06-28,2010-06-30,sz.002230,科大讯飞
2010-06-28,2010-06-30,sz.002232,启明信息
2010-06-28,2010-06-30,sz.002233,塔牌集团
2010-06-28,2010-06-30,sz.002237,恒邦股份
2010-06-28,2010-06-30,sz.002238,天威视讯
2010-06-28,2010-06-30,sz.002241,歌尔股份
2010-06-28,2010-06-30,sz.002249,大洋电机
2010-06-28,2010-06-30,sz.002251,步步高
2010-06-28,2010-06-30,sz.002252,上海莱士
2010-06-28,2010-06-30,sz.002254,泰和新材
2010-06-28,2010-06-30,sz.002258,利尔化学
2010-06-28,2010-06-30,sz.002266,浙富控股
2010-06-28,2010-06-30,sz.002274,华昌化工
2010-06-28,2010-06-30,sz.002276,万马股份
2010-06-28,2010-06-30,sz.002277,友阿股份
2010-12-27,2010-12-31,sh.600012,皖通高速
2010-12-27,2010-12-31,sh.600020,中原高速
2010-12-27,2010-12-31,sh.600035,楚天高速
2010-12-27,2010-12-31,sh.600038,中直股份
2010-12-27,2010-12-31,sh.600051,宁波联合
2010-12-27,2010-12-31,sh.600052,浙江广厦
2010-12-27,2010-12-31,sh.600054,黄山旅游
2010-12-27,2010-12-31,sh.600056,中国医药
2010-12-27,2010-12-31,sh.600059,古越龙山
2010-12-27,2010-12-31,sh.600060,海信电器
2010-12-27,2010-12-31,sh.600061,国投资本
2010-12-27,2010-12-31,sh.600063,皖维高新
2010-12-27,2010-12-31,sh.600064,南京高科
2010-12-27,2010-12-31,sh.600067,冠城大通
2010-12-27,2010-12-31,sh.600069,银鸽投资
2010-12-27,2010-12-31,sh.600072,中船科技
2010-12-27,2010-12-31,sh.600073,上海梅林
2010-12-27,2010-12-31,sh.600074,*ST保千
2010-12-27,2010-12-31,sh.600075,新疆天业
2010-12-27,2010-12-31,sh.600078,澄星股份
2010-12-27,2010-12-31,sh.600079,人福医药
2010-12-27,2010-12-31,sh.600082,海泰发展
2010-12-27,2010-12-31,sh.600086,东方金钰
2010-12-27,2010-12-31,sh.600088,中视传媒
2010-12-27,2010-12-31,sh.600103,青山纸业
2010-12-27,2010-12-31,sh.600106,重庆路桥
2010-12-27,2010-12-31,sh.600107,美尔雅
2010-12-27,2010-12-31,sh.600110,诺德股份
2010-12-27,2010-12-31,sh.600112,天成控股
2010-12-27,2010-12-31,sh.600117,西宁特钢
2010-12-27,2010-12-31,sh.600120,浙江东方
2010-12-27,2010-12-31,sh.600121,郑州煤电
2010-12-27,2010-12-31,sh.600122,宏图高科
2010-12-27,2010-12-31,sh.600126,杭钢股份
2010-12-27,2010-12-31,sh.600127,金健米业
2010-12-27,2010-12-31,sh.600128,弘业股份
2010-12-27,2010-12-31,sh.600129,太极集团
2010-12-27,2010-12-31,sh.600138,中青旅
2010-12-27,2010-12-31,sh.600139,西部资源
2010-12-27,2010-12-31,sh.600141,兴发集团
2010-12-27,2010-12-31,sh.600158,中体产业
2010-12-27,2010-12-31,sh.600160,巨化股份
2010-12-27,2010-12-31,sh.600162,香江控股
2010-12-27,2010-12-31,sh.600163,中闽能源
2010-12-27,2010-12-31,sh.600168,武汉控股
2010-12-27,2010-12-31,sh.600171,上海贝岭
2010-12-27,2010-12-31,sh.600178,东安动力
2010-12-27,2010-12-31,sh.600190,锦州港
2010-12-27,2010-12-31,sh.600191,华资实业
2010-12-27,2010-12-31,sh.600192,长城电工
2010-12-27,2010-12-31,sh.600195,中牧股份
2010-12-27,2010-12-31,sh.600197,伊力特
2010-12-27,2010-12-31,sh.600198,*ST大唐
2010-12-27,2010-12-31,sh.600202,*ST哈空
2010-12-27,2010-12-31,sh.600226,瀚叶股份
2010-12-27,2010-12-31,sh.600227,圣济堂
2010-12-27,2010-12-31,sh.600230,沧州大化
2010-12-27,2010-12-31,sh.600231,凌钢股份
2010-12-27,2010-12-31,sh.600240,华业资本
2010-12-27,2010-12-31,sh.600249,两面针
2010-12-27,2010-12-31,sh.600252,中恒集团
2010-12-27,2010-12-31,sh.600255,梦舟股份
2010-12-27,2010-12-31,sh.600258,首旅酒店
2010-12-27,2010-12-31,sh.600260,凯乐科技
2010-12-27,2010-12-31,sh.600261,阳光照明
2010-12-27,2010-12-31,sh.600263,路桥建设
2010-12-27,2010-12-31,sh.600267,海正药业
2010-12-27,2010-12-31,sh.600268,国电南自
2010-12-27,2010-12-31,sh.600270,外运发展
2010-12-27,2010-12-31,sh.600278,东方创业
2010-12-27,2010-12-31,sh.600281,太化股份
2010-12-27,2010-12-31,sh.600284,浦东建设
2010-12-27,2010-12-31,sh.600287,江苏舜天
2010-12-27,2010-12-31,sh.600288,大恒科技
2010-12-27,2010-12-31,sh.600289,*ST信通
2010-12-27,2010-12-31,sh.600290,华仪电气
2010-12-27,2010-12-31,sh.600291,西水股份
2010-12-27,2010-12-31,sh.600292,远达环保
2010-12-27,2010-12-31,sh.600293,三峡新材
2010-12-27,2010-12-31,sh.600295,鄂尔多斯
2010-12-27,2010-12-31,sh.600298,安琪酵母
2010-12-27,2010-12-31,sh.600308,华泰股份
2010-12-27,2010-12-31,sh.600315,上海家化
2010-12-27,2010-12-31,sh.600317,营口港
2010-12-27,2010-12-31,sh.600322,天房发展
2010-12-27,2010-12-31,sh.600323,瀚蓝环境
2010-12-27,2010-12-31,sh.600326,西藏天路
2010-12-27,2010-12-31,sh.600327,大东方
2010-12-27,2010-12-31,sh.600328,兰太实业
2010-12-27,2010-12-31,sh.600329,中新药业
2010-12-27,2010-12-31,sh.600330,天通股份
2010-12-27,2010-12-31,sh.600332,白云山
2010-12-27,2010-12-31,sh.600333,长春燃气
2010-12-27,2010-12-31,sh.600337,美克家居
2010-12-27,2010-12-31,sh.600339,中油工程
2010-12-27,2010-12-31,sh.600351,亚宝药业
2010-12-27,2010-12-31,sh.600359,新农开发
2010-12-27,2010-12-31,sh.600360,华微电子
2010-12-27,2010-12-31,sh.600361,华联综超
2010-12-27,2010-12-31,sh.600363,联创光电
2010-12-27,2010-12-31,sh.600366,宁波韵升
2010-12-27,2010-12-31,sh.600386,北巴传媒
2010-12-27,2010-12-31,sh.600387,海越能源
2010-12-27,2010-12-31,sh.600388,龙净环保
2010-12-27,2010-12-31,sh.600391,航发科技
2010-12-27,2010-12-31,sh.600396,金山股份
2010-12-27,2010-12-31,sh.600398,海澜之家
2010-12-27,2010-12-31,sh.600399,*ST抚钢
2010-12-27,2010-12-31,sh.600408,*ST安泰
2010-12-27,2010-12-31,sh.600409,三友化工
2010-12-27,2010-12-31,sh.600410,华胜天成
2010-12-27,2010-12-31,sh.600416,湘电股份
2010-12-27,2010-12-31,sh.600420,现代制药
2010-12-27,2010-12-31,sh.600423,*ST柳化
2010-12-27,2010-12-31,sh.600425,青松建化
2010-12-27,2010-12-31,sh.600429,三元股份
2010-12-27,2010-12-31,sh.600438,通威股份
2010-12-27,2010-12-31,sh.600439,瑞贝卡
2010-12-27,2010-12-31,sh.600449,宁夏建材
2010-12-27,2010-12-31,sh.600458,时代新材
2010-12-27,2010-12-31,sh.600459,贵研铂业
2010-12-27,2010-12-31,sh.600460,士兰微
2010-12-27,2010-12-31,sh.600467,好当家
2010-12-27,2010-12-31,sh.600468,百利电气
2010-12-27,2010-12-31,sh.600469,风神股份
2010-12-27,2010-12-31,sh.600475,华光股份
2010-12-27,2010-12-31,sh.600478,科力远
2010-12-27,2010-12-31,sh.600479,千金药业
2010-12-27,2010-12-31,sh.600480,凌云股份
2010-12-27,2010-12-31,sh.600482,中国动力
2010-12-27,2010-12-31,sh.600487,亨通光电
2010-12-27,2010-12-31,sh.600488,天药股份
2010-12-27,2010-12-31,sh.600491,龙元建设
2010-12-27,2010-12-31,sh.600496,精工钢构
2010-12-27,2010-12-31,sh.600498,烽火通信
2010-12-27,2010-12-31,sh.600499,科达洁能
2010-12-27,2010-12-31,sh.600501,航天晨光
2010-12-27,2010-12-31,sh.600507,方大特钢
2010-12-27,2010-12-31,sh.600509,天富能源
2010-12-27,2010-12-31,sh.600510,黑牡丹
2010-12-27,2010-12-31,sh.600511,国药股份
2010-12-27,2010-12-31,sh.600521,华海药业
2010-12-27,2010-12-31,sh.600522,中天科技
2010-12-27,2010-12-31,sh.600523,贵航股份
2010-12-27,2010-12-31,sh.600525,长园集团
2010-12-27,2010-12-31,sh.600529,山东药玻
2010-12-27,2010-12-31,sh.600530,交大昂立
2010-12-27,2010-12-31,sh.600531,豫光金铅
2010-12-27,2010-12-31,sh.600533,栖霞建设
2010-12-27,2010-12-31,sh.600543,莫高股份
2010-12-27,2010-12-31,sh.600545,卓郎智能
2010-12-27,2010-12-31,sh.600548,深高速
2010-12-27,2010-12-31,sh.600551,时代出版
2010-12-27,2010-12-31,sh.600553,太行水泥
2010-12-27,2010-12-31,sh.600555,海航创新
2010-12-27,2010-12-31,sh.600557,康缘药业
2010-12-27,2010-12-31,sh.600563,法拉电子
2010-12-27,2010-12-31,sh.600565,迪马股份
2010-12-27,2010-12-31,sh.600570,恒生电子
2010-12-27,2010-12-31,sh.600578,京能电力
2010-12-27,2010-12-31,sh.600580,卧龙电气
2010-12-27,2010-12-31,sh.600581,八一钢铁
2010-12-27,2010-12-31,sh.600584,长电科技
2010-12-27,2010-12-31,sh.600586,金晶科技
2010-12-27,2010-12-31,sh.600589,广东榕泰
2010-12-27,2010-12-31,sh.600590,泰豪科技
2010-12-27,2010-12-31,sh.600592,龙溪股份
2010-12-27,2010-12-31,sh.600594,益佰制药
2010-12-27,2010-12-31,sh.600602,云赛智联
2010-12-27,2010-12-31,sh.600606,绿地控股
2010-12-27,2010-12-31,sh.600616,金枫酒业
2010-12-27,2010-12-31,sh.600618,氯碱化工
2010-12-27,2010-12-31,sh.600621,华鑫股份
2010-12-27,2010-12-31,sh.600622,光大嘉宝
2010-12-27,2010-12-31,sh.600623,华谊集团
2010-12-27,2010-12-31,sh.600624,复旦复华
2010-12-27,2010-12-31,sh.600626,申达股份
2010-12-27,2010-12-31,sh.600628,新世界
2010-12-27,2010-12-31,sh.600630,龙头股份
2010-12-27,2010-12-31,sh.600636,三爱富
2010-12-27,2010-12-31,sh.600637,东方明珠
2010-12-27,2010-12-31,sh.600639,浦东金桥
2010-12-27,2010-12-31,sh.600640,号百控股
2010-12-27,2010-12-31,sh.600641,万业企业
2010-12-27,2010-12-31,sh.600644,乐山电力
2010-12-27,2010-12-31,sh.600650,锦江投资
2010-12-27,2010-12-31,sh.600651,飞乐音响
2010-12-27,2010-12-31,sh.600652,游久游戏
2010-12-27,2010-12-31,sh.600653,申华控股
2010-12-27,2010-12-31,sh.600654,ST中安
2010-12-27,2010-12-31,sh.600662,强生控股
2010-12-27,2010-12-31,sh.600665,天地源
2010-12-27,2010-12-31,sh.600667,太极实业
2010-12-27,2010-12-31,sh.600673,东阳光科
2010-12-27,2010-12-31,sh.600676,交运股份
2010-12-27,2010-12-31,sh.600682,南京新百
2010-12-27,2010-12-31,sh.600683,京投发展
2010-12-27,2010-12-31,sh.600686,金龙汽车
2010-12-27,2010-12-31,sh.600692,亚通股份
2010-12-27,2010-12-31,sh.600693,东百集团
2010-12-27,2010-12-31,sh.600702,舍得酒业
2010-12-27,2010-12-31,sh.600704,物产中大
2010-12-27,2010-12-31,sh.600707,彩虹股份
2010-12-27,2010-12-31,sh.600708,光明地产
2010-12-27,2010-12-31,sh.600710,苏美达
2010-12-27,2010-12-31,sh.600720,祁连山
2010-12-27,2010-12-31,sh.600723,首商股份
2010-12-27,2010-12-31,sh.600725,ST云维
2010-12-27,2010-12-31,sh.600726,华电能源
2010-12-27,2010-12-31,sh.600736,苏州高新
2010-12-27,2010-12-31,sh.600743,华远地产
2010-12-27,2010-12-31,sh.600744,华银电力
2010-12-27,2010-12-31,sh.600747,ST大控
2010-12-27,2010-12-31,sh.600750,江中药业
2010-12-27,2010-12-31,sh.600754,锦江股份
2010-12-27,2010-12-31,sh.600755,厦门国贸
2010-12-27,2010-12-31,sh.600759,洲际油气
2010-12-27,2010-12-31,sh.600761,安徽合力
2010-12-27,2010-12-31,sh.600765,中航重机
2010-12-27,2010-12-31,sh.600770,综艺股份
2010-12-27,2010-12-31,sh.600776,东方通信
2010-12-27,2010-12-31,sh.600777,新潮能源
2010-12-27,2010-12-31,sh.600780,通宝能源
2010-12-27,2010-12-31,sh.600787,中储股份
2010-12-27,2010-12-31,sh.600789,鲁抗医药
2010-12-27,2010-12-31,sh.600790,轻纺城
2010-12-27,2010-12-31,sh.600797,浙大网新
2010-12-27,2010-12-31,sh.600798,宁波海运
2010-12-27,2010-12-31,sh.600801,华新水泥
2010-12-27,2010-12-31,sh.600802,福建水泥
2010-12-27,2010-12-31,sh.600805,悦达投资
2010-12-27,2010-12-31,sh.600806,退市昆机
2010-12-27,2010-12-31,sh.600810,神马股份
2010-12-27,2010-12-31,sh.600815,厦工股份
2010-12-27,2010-12-31,sh.600816,安信信托
2010-12-27,2010-12-31,sh.600818,中路股份
2010-12-27,2010-12-31,sh.600824,益民集团
2010-12-27,2010-12-31,sh.600826,兰生股份
2010-12-27,2010-12-31,sh.600827,百联股份
2010-12-27,2010-12-31,sh.600829,人民同泰
2010-12-27,2010-12-31,sh.600830,香溢融通
2010-12-27,2010-12-31,sh.600831,广电网络
2010-12-27,2010-12-31,sh.600834,申通地铁
2010-12-27,2010-12-31,sh.600836,界龙实业
2010-12-27,2010-12-31,sh.600838,上海九百
2010-12-27,2010-12-31,sh.600844,丹化科技
2010-12-27,2010-12-31,sh.600846,同济科技
2010-12-27,2010-12-31,sh.600851,海欣股份
2010-12-27,2010-12-31,sh.600855,航天长峰
2010-12-27,2010-12-31,sh.600858,银座股份
2010-12-27,2010-12-31,sh.600861,北京城乡
2010-12-27,2010-12-31,sh.600864,哈投股份
2010-12-27,2010-12-31,sh.600866,星湖科技
2010-12-27,2010-12-31,sh.600867,通化东宝
2010-12-27,2010-12-31,sh.600872,中炬高新
2010-12-27,2010-12-31,sh.600874,创业环保
2010-12-27,2010-12-31,sh.600877,ST嘉陵
2010-12-27,2010-12-31,sh.600880,博瑞传播
2010-12-27,2010-12-31,sh.600884,杉杉股份
2010-12-27,2010-12-31,sh.600888,新疆众和
2010-12-27,2010-12-31,sh.600894,广日股份
2010-12-27,2010-12-31,sh.600896,*ST海投
2010-12-27,2010-12-31,sh.600897,厦门空港
2010-12-27,2010-12-31,sh.600961,株冶集团
2010-12-27,2010-12-31,sh.600963,岳阳林纸
2010-12-27,2010-12-31,sh.600966,博汇纸业
2010-12-27,2010-12-31,sh.600971,恒源煤电
2010-12-27,2010-12-31,sh.600973,宝胜股份
2010-12-27,2010-12-31,sh.600978,宜华生活
2010-12-27,2010-12-31,sh.600981,汇鸿集团
2010-12-27,2010-12-31,sh.600983,惠而浦
2010-12-27,2010-12-31,sh.600987,航民股份
2010-12-27,2010-12-31,sh.600991,广汽长丰
2010-12-27,2010-12-31,sh.600993,马应龙
2010-12-27,2010-12-31,sh.600995,文山电力
2010-12-27,2010-12-31,sh.601002,晋亿实业
2010-12-27,2010-12-31,sh.601005,重庆钢铁
2010-12-27,2010-12-31,sh.601999,出版传媒
2010-12-27,2010-12-31,sz.000005,世纪星源
2010-12-27,2010-12-31,sz.000006,深振业A
2010-12-27,2010-12-31,sz.000016,深康佳A
2010-12-27,2010-12-31,sz.000028,国药一致
2010-12-27,2010-12-31,sz.000029,深深房A
2010-12-27,2010-12-31,sz.000040,东旭蓝天
2010-12-27,2010-12-31,sz.000042,中洲控股
2010-12-27,2010-12-31,sz.000050,深天马A
2010-12-27,2010-12-31,sz.000062,深圳华强
2010-12-27,2010-12-31,sz.000066,中国长城
2010-12-27,2010-12-31,sz.000078,海王生物
2010-12-27,2010-12-31,sz.000088,盐田港
2010-12-27,2010-12-31,sz.000090,天健集团
2010-12-27,2010-12-31,sz.000099,中信海直
2010-12-27,2010-12-31,sz.000155,川化股份
2010-12-27,2010-12-31,sz.000158,常山北明
2010-12-27,2010-12-31,sz.000159,国际实业
2010-12-27,2010-12-31,sz.000301,东方盛虹
2010-12-27,2010-12-31,sz.000400,许继电气
2010-12-27,2010-12-31,sz.000407,胜利股份
2010-12-27,2010-12-31,sz.000410,沈阳机床
2010-12-27,2010-12-31,sz.000416,民生控股
2010-12-27,2010-12-31,sz.000417,合肥百货
2010-12-27,2010-12-31,sz.000426,兴业矿业
2010-12-27,2010-12-31,sz.000428,华天酒店
2010-12-27,2010-12-31,sz.000429,粤高速A
2010-12-27,2010-12-31,sz.000501,鄂武商A
2010-12-27,2010-12-31,sz.000503,国新健康
2010-12-27,2010-12-31,sz.000510,金路集团
2010-12-27,2010-12-31,sz.000511,烯碳退
2010-12-27,2010-12-31,sz.000513,丽珠集团
2010-12-27,2010-12-31,sz.000514,渝开发
2010-12-27,2010-12-31,sz.000520,长航凤凰
2010-12-27,2010-12-31,sz.000522,白云山A
2010-12-27,2010-12-31,sz.000525,红太阳
2010-12-27,2010-12-31,sz.000532,华金资本
2010-12-27,2010-12-31,sz.000533,万家乐
2010-12-27,2010-12-31,sz.000537,广宇发展
2010-12-27,2010-12-31,sz.000540,中天金融
2010-12-27,2010-12-31,sz.000541,佛山照明
2010-12-27,2010-12-31,sz.000543,皖能电力
2010-12-27,2010-12-31,sz.000548,湖南投资
2010-12-27,2010-12-31,sz.000550,江铃汽车
2010-12-27,2010-12-31,sz.000554,泰山石油
2010-12-27,2010-12-31,sz.000559,万向钱潮
2010-12-27,2010-12-31,sz.000563,陕国投A
2010-12-27,2010-12-31,sz.000571,新大洲A
2010-12-27,2010-12-31,sz.000572,海马汽车
2010-12-27,2010-12-31,sz.000573,粤宏远A
2010-12-27,2010-12-31,sz.000581,威孚高科
2010-12-27,2010-12-31,sz.000584,哈工智能
2010-12-27,2010-12-31,sz.000589,黔轮胎A
2010-12-27,2010-12-31,sz.000594,国恒退
2010-12-27,2010-12-31,sz.000597,东北制药
2010-12-27,2010-12-31,sz.000599,青岛双星
2010-12-27,2010-12-31,sz.000600,建投能源
2010-12-27,2010-12-31,sz.000601,韶能股份
2010-12-27,2010-12-31,sz.000607,华媒控股
2010-12-27,2010-12-31,sz.000608,阳光股份
2010-12-27,2010-12-31,sz.000609,中迪投资
2010-12-27,2010-12-31,sz.000616,海航投资
2010-12-27,2010-12-31,sz.000617,中油资本
2010-12-27,2010-12-31,sz.000619,海螺型材
2010-12-27,2010-12-31,sz.000627,天茂集团
2010-12-27,2010-12-31,sz.000636,风华高科
2010-12-27,2010-12-31,sz.000659,珠海中富
2010-12-27,2010-12-31,sz.000677,恒天海龙
2010-12-27,2010-12-31,sz.000679,大连友谊
2010-12-27,2010-12-31,sz.000682,东方电子
2010-12-27,2010-12-31,sz.000683,远兴能源
2010-12-27,2010-12-31,sz.000687,华讯方舟
2010-12-27,2010-12-31,sz.000698,沈阳化工
2010-12-27,2010-12-31,sz.000707,*ST双环
2010-12-27,2010-12-31,sz.000708,大冶特钢
2010-12-27,2010-12-31,sz.000712,锦龙股份
2010-12-27,2010-12-31,sz.000713,丰乐种业
2010-12-27,2010-12-31,sz.000726,鲁泰A
2010-12-27,2010-12-31,sz.000731,四川美丰
2010-12-27,2010-12-31,sz.000733,振华科技
2010-12-27,2010-12-31,sz.000735,罗牛山
2010-12-27,2010-12-31,sz.000737,*ST南风
2010-12-27,2010-12-31,sz.000748,长城信息
2010-12-27,2010-12-31,sz.000755,*ST三维
2010-12-27,2010-12-31,sz.000759,中百集团
2010-12-27,2010-12-31,sz.000762,西藏矿业
2010-12-27,2010-12-31,sz.000767,漳泽电力
2010-12-27,2010-12-31,sz.000777,中核科技
2010-12-27,2010-12-31,sz.000786,北新建材
2010-12-27,2010-12-31,sz.000799,酒鬼酒
2010-12-27,2010-12-31,sz.000816,*ST慧业
2010-12-27,2010-12-31,sz.000823,超声电子
2010-12-27,2010-12-31,sz.000826,启迪桑德
2010-12-27,2010-12-31,sz.000828,东莞控股
2010-12-27,2010-12-31,sz.000829,天音控股
2010-12-27,2010-12-31,sz.000830,鲁西化工
2010-12-27,2010-12-31,sz.000837,秦川机床
2010-12-27,2010-12-31,sz.000850,华茂股份
2010-12-27,2010-12-31,sz.000852,石化机械
2010-12-27,2010-12-31,sz.000859,国风塑业
2010-12-27,2010-12-31,sz.000860,顺鑫农业
2010-12-27,2010-12-31,sz.000861,海印股份
2010-12-27,2010-12-31,sz.000875,吉电股份
2010-12-27,2010-12-31,sz.000877,天山股份
2010-12-27,2010-12-31,sz.000882,华联股份
2010-12-27,2010-12-31,sz.000886,海南高速
2010-12-27,2010-12-31,sz.000887,中鼎股份
2010-12-27,2010-12-31,sz.000893,*ST东凌
2010-12-27,2010-12-31,sz.000899,赣能股份
2010-12-27,2010-12-31,sz.000903,云内动力
2010-12-27,2010-12-31,sz.000905,厦门港务
2010-12-27,2010-12-31,sz.000910,大亚圣象
2010-12-27,2010-12-31,sz.000911,南宁糖业
2010-12-27,2010-12-31,sz.000912,*ST天化
2010-12-27,2010-12-31,sz.000916,华北高速
2010-12-27,2010-12-31,sz.000917,电广传媒
2010-12-27,2010-12-31,sz.000919,金陵药业
2010-12-27,2010-12-31,sz.000925,众合科技
2010-12-27,2010-12-31,sz.000926,福星股份
2010-12-27,2010-12-31,sz.000930,中粮生化
2010-12-27,2010-12-31,sz.000931,中关村
2010-12-27,2010-12-31,sz.000936,华西股份
2010-12-27,2010-12-31,sz.000938,紫光股份
2010-12-27,2010-12-31,sz.000939,*ST凯迪
2010-12-27,2010-12-31,sz.000949,新乡化纤
2010-12-27,2010-12-31,sz.000950,重药控股
2010-12-27,2010-12-31,sz.000952,广济药业
2010-12-27,2010-12-31,sz.000962,东方钽业
2010-12-27,2010-12-31,sz.000963,华东医药
2010-12-27,2010-12-31,sz.000965,天保基建
2010-12-27,2010-12-31,sz.000970,中科三环
2010-12-27,2010-12-31,sz.000972,*ST中基
2010-12-27,2010-12-31,sz.000973,佛塑科技
2010-12-27,2010-12-31,sz.000975,银泰资源
2010-12-27,2010-12-31,sz.000987,越秀金控
2010-12-27,2010-12-31,sz.000988,华工科技
2010-12-27,2010-12-31,sz.000989,九芝堂
2010-12-27,2010-12-31,sz.000990,诚志股份
2010-12-27,2010-12-31,sz.000996,中国中期
2010-12-27,2010-12-31,sz.000997,新大陆
2010-12-27,2010-12-31,sz.000998,隆平高科
2010-12-27,2010-12-31,sz.001696,宗申动力
2010-12-27,2010-12-31,sz.002008,大族激光
2010-12-27,2010-12-31,sz.002011,盾安环境
2010-12-27,2010-12-31,sz.002019,亿帆医药
2010-12-27,2010-12-31,sz.002022,科华生物
2010-12-27,2010-12-31,sz.002025,航天电器
2010-12-27,2010-12-31,sz.002038,双鹭药业
2010-12-27,2010-12-31,sz.002041,登海种业
2010-12-27,2010-12-31,sz.002048,宁波华翔
2010-12-27,2010-12-31,sz.002051,中工国际
2010-12-27,2010-12-31,sz.002052,同洲电子
2010-12-27,2010-12-31,sz.002056,横店东磁
2010-12-27,2010-12-31,sz.002062,宏润建设
2010-12-27,2010-12-31,sz.002064,华峰氨纶
2010-12-27,2010-12-31,sz.002065,东华软件
2010-12-27,2010-12-31,sz.002069,獐子岛
2010-12-27,2010-12-31,sz.002073,软控股份
2010-12-27,2010-12-31,sz.002078,太阳纸业
2010-12-27,2010-12-31,sz.002083,孚日股份
2010-12-27,2010-12-31,sz.002088,鲁阳节能
2010-12-27,2010-12-31,sz.002091,江苏国泰
2010-12-27,2010-12-31,sz.002092,中泰化学
2010-12-27,2010-12-31,sz.002097,山河智能
2010-12-27,2010-12-31,sz.002106,莱宝高科
2010-12-27,2010-12-31,sz.002107,沃华医药
2010-12-27,2010-12-31,sz.002109,兴化股份
2010-12-27,2010-12-31,sz.002110,三钢闽光
2010-12-27,2010-12-31,sz.002121,科陆电子
2010-12-27,2010-12-31,sz.002123,梦网集团
2010-12-27,2010-12-31,sz.002129,中环股份
2010-12-27,2010-12-31,sz.002133,广宇集团
2010-12-27,2010-12-31,sz.002152,广电运通
2010-12-27,2010-12-31,sz.002161,远望谷
2010-12-27,2010-12-31,sz.002172,澳洋健康
2010-12-27,2010-12-31,sz.002179,中航光电
2010-12-27,2010-12-31,sz.002181,粤传媒
2010-12-27,2010-12-31,sz.002183,怡亚通
2010-12-27,2010-12-31,sz.002191,劲嘉股份
2010-12-27,2010-12-31,sz.002194,*ST凡谷
2010-12-27,2010-12-31,sz.002212,南洋股份
2010-12-27,2010-12-31,sz.002218,拓日新能
2010-12-27,2010-12-31,sz.002225,濮耐股份
2010-12-27,2010-12-31,sz.002230,科大讯飞
2010-12-27,2010-12-31,sz.002232,启明信息
2010-12-27,2010-12-31,sz.002233,塔牌集团
2010-12-27,2010-12-31,sz.002237,恒邦股份
2010-12-27,2010-12-31,sz.002238,天威视讯
2010-12-27,2010-12-31,sz.002241,歌尔股份
2010-12-27,2010-12-31,sz.002249,大洋电机
2010-12-27,2010-12-31,sz.002251,步步高
2010-12-27,2010-12-31,sz.002252,上海莱士
2010-12-27,2010-12-31,sz.002254,泰和新材
2010-12-27,2010-12-31,sz.002258,利尔化学
2010-12-27,2010-12-31,sz.002266,浙富控股
2010-12-27,2010-12-31,sz.002267,陕天然气
2010-12-27,2010-12-31,sz.002274,华昌化工
2010-12-27,2010-12-31,sz.002276,万马股份
2010-12-27,2010-12-31,sz.002277,友阿股份
2010-12-27,2010-12-31,sz.002281,光迅科技
2010-12-27,2010-12-31,sz.002285,世联行
2010-12-27,2010-12-31,sz.002287,奇正藏药
2010-12-27,2010-12-31,sz.002292,奥飞娱乐
2010-12-27,2010-12-31,sz.002293,罗莱生活
2010-12-27,2010-12-31,sz.002303,美盈森
2010-12-27,2010-12-31,sz.002305,南国置业
2010-12-27,2010-12-31,sz.002306,*ST云网
2010-12-27,2010-12-31,sz.002308,威创股份
2010-12-27,2010-12-31,sz.002309,中利集团
2010-12-27,2010-12-31,sz.002310,东方园林
2010-12-27,2010-12-31,sz.002311,海大集团
2010-12-27,2010-12-31,sz.002314,南山控股
2010-12-27,2010-12-31,sz.002315,焦点科技
2010-12-27,2010-12-31,sz.002317,众生药业
2010-12-27,2010-12-31,sz.002320,海峡股份
2010-12-27,2010-12-31,sz.002322,理工环科
2010-12-27,2010-12-31,sz.002326,永太科技
2010-12-27,2010-12-31,sz.002328,新朋股份
2010-12-27,2010-12-31,sz.002332,仙琚制药
2010-12-27,2010-12-31,sz.002340,格林美
2010-12-27,2010-12-31,sz.002342,巨力索具
2010-12-27,2010-12-31,sz.002344,海宁皮城
2010-12-27,2010-12-31,sz.002345,潮宏基
2011-06-27,2011-06-30,sh.600012,皖通高速
2011-06-27,2011-06-30,sh.600020,中原高速
2011-06-27,2011-06-30,sh.600021,上海电力
2011-06-27,2011-06-30,sh.600035,楚天高速
2011-06-27,2011-06-30,sh.600038,中直股份
2011-06-27,2011-06-30,sh.600052,浙江广厦
2011-06-27,2011-06-30,sh.600054,黄山旅游
2011-06-27,2011-06-30,sh.600056,中国医药
2011-06-27,2011-06-30,sh.600059,古越龙山
2011-06-27,2011-06-30,sh.600061,国投资本
2011-06-27,2011-06-30,sh.600063,皖维高新
2011-06-27,2011-06-30,sh.600064,南京高科
2011-06-27,2011-06-30,sh.600067,冠城大通
2011-06-27,2011-06-30,sh.600069,银鸽投资
2011-06-27,2011-06-30,sh.600072,中船科技
2011-06-27,2011-06-30,sh.600073,上海梅林
2011-06-27,2011-06-30,sh.600075,新疆天业
2011-06-27,2011-06-30,sh.600078,澄星股份
2011-06-27,2011-06-30,sh.600079,人福医药
2011-06-27,2011-06-30,sh.600082,海泰发展
2011-06-27,2011-06-30,sh.600086,东方金钰
2011-06-27,2011-06-30,sh.600088,中视传媒
2011-06-27,2011-06-30,sh.600103,青山纸业
2011-06-27,2011-06-30,sh.600106,重庆路桥
2011-06-27,2011-06-30,sh.600107,美尔雅
2011-06-27,2011-06-30,sh.600110,诺德股份
2011-06-27,2011-06-30,sh.600112,天成控股
2011-06-27,2011-06-30,sh.600117,西宁特钢
2011-06-27,2011-06-30,sh.600120,浙江东方
2011-06-27,2011-06-30,sh.600121,郑州煤电
2011-06-27,2011-06-30,sh.600122,宏图高科
2011-06-27,2011-06-30,sh.600126,杭钢股份
2011-06-27,2011-06-30,sh.600127,金健米业
2011-06-27,2011-06-30,sh.600128,弘业股份
2011-06-27,2011-06-30,sh.600129,太极集团
2011-06-27,2011-06-30,sh.600138,中青旅
2011-06-27,2011-06-30,sh.600139,西部资源
2011-06-27,2011-06-30,sh.600141,兴发集团
2011-06-27,2011-06-30,sh.600158,中体产业
2011-06-27,2011-06-30,sh.600160,巨化股份
2011-06-27,2011-06-30,sh.600162,香江控股
2011-06-27,2011-06-30,sh.600163,中闽能源
2011-06-27,2011-06-30,sh.600168,武汉控股
2011-06-27,2011-06-30,sh.600171,上海贝岭
2011-06-27,2011-06-30,sh.600176,中国巨石
2011-06-27,2011-06-30,sh.600178,东安动力
2011-06-27,2011-06-30,sh.600190,锦州港
2011-06-27,2011-06-30,sh.600191,华资实业
2011-06-27,2011-06-30,sh.600195,中牧股份
2011-06-27,2011-06-30,sh.600197,伊力特
2011-06-27,2011-06-30,sh.600198,*ST大唐
2011-06-27,2011-06-30,sh.600202,*ST哈空
2011-06-27,2011-06-30,sh.600223,鲁商置业
2011-06-27,2011-06-30,sh.600226,瀚叶股份
2011-06-27,2011-06-30,sh.600227,圣济堂
2011-06-27,2011-06-30,sh.600230,沧州大化
2011-06-27,2011-06-30,sh.600231,凌钢股份
2011-06-27,2011-06-30,sh.600236,桂冠电力
2011-06-27,2011-06-30,sh.600240,华业资本
2011-06-27,2011-06-30,sh.600246,万通地产
2011-06-27,2011-06-30,sh.600251,冠农股份
2011-06-27,2011-06-30,sh.600252,中恒集团
2011-06-27,2011-06-30,sh.600258,首旅酒店
2011-06-27,2011-06-30,sh.600260,凯乐科技
2011-06-27,2011-06-30,sh.600261,阳光照明
2011-06-27,2011-06-30,sh.600263,路桥建设
2011-06-27,2011-06-30,sh.600268,国电南自
2011-06-27,2011-06-30,sh.600270,外运发展
2011-06-27,2011-06-30,sh.600277,亿利洁能
2011-06-27,2011-06-30,sh.600278,东方创业
2011-06-27,2011-06-30,sh.600281,太化股份
2011-06-27,2011-06-30,sh.600282,南钢股份
2011-06-27,2011-06-30,sh.600284,浦东建设
2011-06-27,2011-06-30,sh.600287,江苏舜天
2011-06-27,2011-06-30,sh.600288,大恒科技
2011-06-27,2011-06-30,sh.600289,*ST信通
2011-06-27,2011-06-30,sh.600290,华仪电气
2011-06-27,2011-06-30,sh.600291,西水股份
2011-06-27,2011-06-30,sh.600292,远达环保
2011-06-27,2011-06-30,sh.600293,三峡新材
2011-06-27,2011-06-30,sh.600295,鄂尔多斯
2011-06-27,2011-06-30,sh.600298,安琪酵母
2011-06-27,2011-06-30,sh.600308,华泰股份
2011-06-27,2011-06-30,sh.600311,荣华实业
2011-06-27,2011-06-30,sh.600317,营口港
2011-06-27,2011-06-30,sh.600322,天房发展
2011-06-27,2011-06-30,sh.600323,瀚蓝环境
2011-06-27,2011-06-30,sh.600326,西藏天路
2011-06-27,2011-06-30,sh.600327,大东方
2011-06-27,2011-06-30,sh.600328,兰太实业
2011-06-27,2011-06-30,sh.600329,中新药业
2011-06-27,2011-06-30,sh.600330,天通股份
2011-06-27,2011-06-30,sh.600332,白云山
2011-06-27,2011-06-30,sh.600333,长春燃气
2011-06-27,2011-06-30,sh.600337,美克家居
2011-06-27,2011-06-30,sh.600339,中油工程
2011-06-27,2011-06-30,sh.600351,亚宝药业
2011-06-27,2011-06-30,sh.600359,新农开发
2011-06-27,2011-06-30,sh.600360,华微电子
2011-06-27,2011-06-30,sh.600361,华联综超
2011-06-27,2011-06-30,sh.600363,联创光电
2011-06-27,2011-06-30,sh.600366,宁波韵升
2011-06-27,2011-06-30,sh.600386,北巴传媒
2011-06-27,2011-06-30,sh.600387,海越能源
2011-06-27,2011-06-30,sh.600388,龙净环保
2011-06-27,2011-06-30,sh.600398,海澜之家
2011-06-27,2011-06-30,sh.600408,*ST安泰
2011-06-27,2011-06-30,sh.600409,三友化工
2011-06-27,2011-06-30,sh.600410,华胜天成
2011-06-27,2011-06-30,sh.600416,湘电股份
2011-06-27,2011-06-30,sh.600420,现代制药
2011-06-27,2011-06-30,sh.600423,*ST柳化
2011-06-27,2011-06-30,sh.600425,青松建化
2011-06-27,2011-06-30,sh.600426,华鲁恒升
2011-06-27,2011-06-30,sh.600429,三元股份
2011-06-27,2011-06-30,sh.600435,北方导航
2011-06-27,2011-06-30,sh.600438,通威股份
2011-06-27,2011-06-30,sh.600439,瑞贝卡
2011-06-27,2011-06-30,sh.600449,宁夏建材
2011-06-27,2011-06-30,sh.600458,时代新材
2011-06-27,2011-06-30,sh.600460,士兰微
2011-06-27,2011-06-30,sh.600467,好当家
2011-06-27,2011-06-30,sh.600468,百利电气
2011-06-27,2011-06-30,sh.600469,风神股份
2011-06-27,2011-06-30,sh.600475,华光股份
2011-06-27,2011-06-30,sh.600478,科力远
2011-06-27,2011-06-30,sh.600479,千金药业
2011-06-27,2011-06-30,sh.600480,凌云股份
2011-06-27,2011-06-30,sh.600482,中国动力
2011-06-27,2011-06-30,sh.600487,亨通光电
2011-06-27,2011-06-30,sh.600488,天药股份
2011-06-27,2011-06-30,sh.600491,龙元建设
2011-06-27,2011-06-30,sh.600496,精工钢构
2011-06-27,2011-06-30,sh.600499,科达洁能
2011-06-27,2011-06-30,sh.600501,航天晨光
2011-06-27,2011-06-30,sh.600507,方大特钢
2011-06-27,2011-06-30,sh.600509,天富能源
2011-06-27,2011-06-30,sh.600510,黑牡丹
2011-06-27,2011-06-30,sh.600511,国药股份
2011-06-27,2011-06-30,sh.600521,华海药业
2011-06-27,2011-06-30,sh.600522,中天科技
2011-06-27,2011-06-30,sh.600523,贵航股份
2011-06-27,2011-06-30,sh.600525,长园集团
2011-06-27,2011-06-30,sh.600529,山东药玻
2011-06-27,2011-06-30,sh.600531,豫光金铅
2011-06-27,2011-06-30,sh.600533,栖霞建设
2011-06-27,2011-06-30,sh.600543,莫高股份
2011-06-27,2011-06-30,sh.600545,卓郎智能
2011-06-27,2011-06-30,sh.600551,时代出版
2011-06-27,2011-06-30,sh.600555,海航创新
2011-06-27,2011-06-30,sh.600557,康缘药业
2011-06-27,2011-06-30,sh.600563,法拉电子
2011-06-27,2011-06-30,sh.600565,迪马股份
2011-06-27,2011-06-30,sh.600569,安阳钢铁
2011-06-27,2011-06-30,sh.600570,恒生电子
2011-06-27,2011-06-30,sh.600580,卧龙电气
2011-06-27,2011-06-30,sh.600581,八一钢铁
2011-06-27,2011-06-30,sh.600584,长电科技
2011-06-27,2011-06-30,sh.600586,金晶科技
2011-06-27,2011-06-30,sh.600589,广东榕泰
2011-06-27,2011-06-30,sh.600590,泰豪科技
2011-06-27,2011-06-30,sh.600594,益佰制药
2011-06-27,2011-06-30,sh.600602,云赛智联
2011-06-27,2011-06-30,sh.600606,绿地控股
2011-06-27,2011-06-30,sh.600616,金枫酒业
2011-06-27,2011-06-30,sh.600618,氯碱化工
2011-06-27,2011-06-30,sh.600622,光大嘉宝
2011-06-27,2011-06-30,sh.600623,华谊集团
2011-06-27,2011-06-30,sh.600626,申达股份
2011-06-27,2011-06-30,sh.600628,新世界
2011-06-27,2011-06-30,sh.600630,龙头股份
2011-06-27,2011-06-30,sh.600637,东方明珠
2011-06-27,2011-06-30,sh.600639,浦东金桥
2011-06-27,2011-06-30,sh.600640,号百控股
2011-06-27,2011-06-30,sh.600641,万业企业
2011-06-27,2011-06-30,sh.600643,爱建集团
2011-06-27,2011-06-30,sh.600644,乐山电力
2011-06-27,2011-06-30,sh.600650,锦江投资
2011-06-27,2011-06-30,sh.600651,飞乐音响
2011-06-27,2011-06-30,sh.600653,申华控股
2011-06-27,2011-06-30,sh.600654,ST中安
2011-06-27,2011-06-30,sh.600662,强生控股
2011-06-27,2011-06-30,sh.600665,天地源
2011-06-27,2011-06-30,sh.600667,太极实业
2011-06-27,2011-06-30,sh.600673,东阳光科
2011-06-27,2011-06-30,sh.600676,交运股份
2011-06-27,2011-06-30,sh.600682,南京新百
2011-06-27,2011-06-30,sh.600683,京投发展
2011-06-27,2011-06-30,sh.600685,中船防务
2011-06-27,2011-06-30,sh.600686,金龙汽车
2011-06-27,2011-06-30,sh.600692,亚通股份
2011-06-27,2011-06-30,sh.600693,东百集团
2011-06-27,2011-06-30,sh.600702,舍得酒业
2011-06-27,2011-06-30,sh.600704,物产中大
2011-06-27,2011-06-30,sh.600707,彩虹股份
2011-06-27,2011-06-30,sh.600708,光明地产
2011-06-27,2011-06-30,sh.600710,苏美达
2011-06-27,2011-06-30,sh.600720,祁连山
2011-06-27,2011-06-30,sh.600723,首商股份
2011-06-27,2011-06-30,sh.600724,宁波富达
2011-06-27,2011-06-30,sh.600725,ST云维
2011-06-27,2011-06-30,sh.600736,苏州高新
2011-06-27,2011-06-30,sh.600743,华远地产
2011-06-27,2011-06-30,sh.600744,华银电力
2011-06-27,2011-06-30,sh.600747,ST大控
2011-06-27,2011-06-30,sh.600750,江中药业
2011-06-27,2011-06-30,sh.600754,锦江股份
2011-06-27,2011-06-30,sh.600755,厦门国贸
2011-06-27,2011-06-30,sh.600759,洲际油气
2011-06-27,2011-06-30,sh.600761,安徽合力
2011-06-27,2011-06-30,sh.600765,中航重机
2011-06-27,2011-06-30,sh.600770,综艺股份
2011-06-27,2011-06-30,sh.600776,东方通信
2011-06-27,2011-06-30,sh.600780,通宝能源
2011-06-27,2011-06-30,sh.600782,新钢股份
2011-06-27,2011-06-30,sh.600783,鲁信创投
2011-06-27,2011-06-30,sh.600787,中储股份
2011-06-27,2011-06-30,sh.600789,鲁抗医药
2011-06-27,2011-06-30,sh.600790,轻纺城
2011-06-27,2011-06-30,sh.600797,浙大网新
2011-06-27,2011-06-30,sh.600798,宁波海运
2011-06-27,2011-06-30,sh.600801,华新水泥
2011-06-27,2011-06-30,sh.600805,悦达投资
2011-06-27,2011-06-30,sh.600806,退市昆机
2011-06-27,2011-06-30,sh.600810,神马股份
2011-06-27,2011-06-30,sh.600815,厦工股份
2011-06-27,2011-06-30,sh.600816,安信信托
2011-06-27,2011-06-30,sh.600818,中路股份
2011-06-27,2011-06-30,sh.600820,隧道股份
2011-06-27,2011-06-30,sh.600824,益民集团
2011-06-27,2011-06-30,sh.600825,新华传媒
2011-06-27,2011-06-30,sh.600826,兰生股份
2011-06-27,2011-06-30,sh.600827,百联股份
2011-06-27,2011-06-30,sh.600829,人民同泰
2011-06-27,2011-06-30,sh.600830,香溢融通
2011-06-27,2011-06-30,sh.600831,广电网络
2011-06-27,2011-06-30,sh.600834,申通地铁
2011-06-27,2011-06-30,sh.600835,上海机电
2011-06-27,2011-06-30,sh.600836,界龙实业
2011-06-27,2011-06-30,sh.600838,上海九百
2011-06-27,2011-06-30,sh.600844,丹化科技
2011-06-27,2011-06-30,sh.600846,同济科技
2011-06-27,2011-06-30,sh.600851,海欣股份
2011-06-27,2011-06-30,sh.600858,银座股份
2011-06-27,2011-06-30,sh.600864,哈投股份
2011-06-27,2011-06-30,sh.600866,星湖科技
2011-06-27,2011-06-30,sh.600867,通化东宝
2011-06-27,2011-06-30,sh.600872,中炬高新
2011-06-27,2011-06-30,sh.600874,创业环保
2011-06-27,2011-06-30,sh.600877,ST嘉陵
2011-06-27,2011-06-30,sh.600880,博瑞传播
2011-06-27,2011-06-30,sh.600884,杉杉股份
2011-06-27,2011-06-30,sh.600888,新疆众和
2011-06-27,2011-06-30,sh.600894,广日股份
2011-06-27,2011-06-30,sh.600896,*ST海投
2011-06-27,2011-06-30,sh.600897,厦门空港
2011-06-27,2011-06-30,sh.600961,株冶集团
2011-06-27,2011-06-30,sh.600963,岳阳林纸
2011-06-27,2011-06-30,sh.600966,博汇纸业
2011-06-27,2011-06-30,sh.600971,恒源煤电
2011-06-27,2011-06-30,sh.600978,宜华生活
2011-06-27,2011-06-30,sh.600981,汇鸿集团
2011-06-27,2011-06-30,sh.600983,惠而浦
2011-06-27,2011-06-30,sh.600991,广汽长丰
2011-06-27,2011-06-30,sh.600993,马应龙
2011-06-27,2011-06-30,sh.600995,文山电力
2011-06-27,2011-06-30,sh.601000,唐山港
2011-06-27,2011-06-30,sh.601002,晋亿实业
2011-06-27,2011-06-30,sh.601678,滨化股份
2011-06-27,2011-06-30,sh.601999,出版传媒
2011-06-27,2011-06-30,sz.000005,世纪星源
2011-06-27,2011-06-30,sz.000006,深振业A
2011-06-27,2011-06-30,sz.000016,深康佳A
2011-06-27,2011-06-30,sz.000028,国药一致
2011-06-27,2011-06-30,sz.000029,深深房A
2011-06-27,2011-06-30,sz.000042,中洲控股
2011-06-27,2011-06-30,sz.000050,深天马A
2011-06-27,2011-06-30,sz.000062,深圳华强
2011-06-27,2011-06-30,sz.000066,中国长城
2011-06-27,2011-06-30,sz.000078,海王生物
2011-06-27,2011-06-30,sz.000088,盐田港
2011-06-27,2011-06-30,sz.000089,深圳机场
2011-06-27,2011-06-30,sz.000090,天健集团
2011-06-27,2011-06-30,sz.000099,中信海直
2011-06-27,2011-06-30,sz.000158,常山北明
2011-06-27,2011-06-30,sz.000159,国际实业
2011-06-27,2011-06-30,sz.000301,东方盛虹
2011-06-27,2011-06-30,sz.000400,许继电气
2011-06-27,2011-06-30,sz.000407,胜利股份
2011-06-27,2011-06-30,sz.000410,沈阳机床
2011-06-27,2011-06-30,sz.000416,民生控股
2011-06-27,2011-06-30,sz.000417,合肥百货
2011-06-27,2011-06-30,sz.000426,兴业矿业
2011-06-27,2011-06-30,sz.000428,华天酒店
2011-06-27,2011-06-30,sz.000429,粤高速A
2011-06-27,2011-06-30,sz.000488,晨鸣纸业
2011-06-27,2011-06-30,sz.000501,鄂武商A
2011-06-27,2011-06-30,sz.000503,国新健康
2011-06-27,2011-06-30,sz.000510,金路集团
2011-06-27,2011-06-30,sz.000511,烯碳退
2011-06-27,2011-06-30,sz.000513,丽珠集团
2011-06-27,2011-06-30,sz.000514,渝开发
2011-06-27,2011-06-30,sz.000517,荣安地产
2011-06-27,2011-06-30,sz.000520,长航凤凰
2011-06-27,2011-06-30,sz.000522,白云山A
2011-06-27,2011-06-30,sz.000525,红太阳
2011-06-27,2011-06-30,sz.000532,华金资本
2011-06-27,2011-06-30,sz.000533,万家乐
2011-06-27,2011-06-30,sz.000536,华映科技
2011-06-27,2011-06-30,sz.000537,广宇发展
2011-06-27,2011-06-30,sz.000540,中天金融
2011-06-27,2011-06-30,sz.000541,佛山照明
2011-06-27,2011-06-30,sz.000543,皖能电力
2011-06-27,2011-06-30,sz.000548,湖南投资
2011-06-27,2011-06-30,sz.000554,泰山石油
2011-06-27,2011-06-30,sz.000563,陕国投A
2011-06-27,2011-06-30,sz.000571,新大洲A
2011-06-27,2011-06-30,sz.000572,海马汽车
2011-06-27,2011-06-30,sz.000581,威孚高科
2011-06-27,2011-06-30,sz.000584,哈工智能
2011-06-27,2011-06-30,sz.000589,黔轮胎A
2011-06-27,2011-06-30,sz.000594,国恒退
2011-06-27,2011-06-30,sz.000597,东北制药
2011-06-27,2011-06-30,sz.000599,青岛双星
2011-06-27,2011-06-30,sz.000600,建投能源
2011-06-27,2011-06-30,sz.000601,韶能股份
2011-06-27,2011-06-30,sz.000607,华媒控股
2011-06-27,2011-06-30,sz.000608,阳光股份
2011-06-27,2011-06-30,sz.000616,海航投资
2011-06-27,2011-06-30,sz.000617,中油资本
2011-06-27,2011-06-30,sz.000619,海螺型材
2011-06-27,2011-06-30,sz.000627,天茂集团
2011-06-27,2011-06-30,sz.000631,顺发恒业
2011-06-27,2011-06-30,sz.000636,风华高科
2011-06-27,2011-06-30,sz.000655,*ST金岭
2011-06-27,2011-06-30,sz.000659,珠海中富
2011-06-27,2011-06-30,sz.000677,恒天海龙
2011-06-27,2011-06-30,sz.000682,东方电子
2011-06-27,2011-06-30,sz.000683,远兴能源
2011-06-27,2011-06-30,sz.000687,华讯方舟
2011-06-27,2011-06-30,sz.000698,沈阳化工
2011-06-27,2011-06-30,sz.000707,*ST双环
2011-06-27,2011-06-30,sz.000708,大冶特钢
2011-06-27,2011-06-30,sz.000712,锦龙股份
2011-06-27,2011-06-30,sz.000713,丰乐种业
2011-06-27,2011-06-30,sz.000717,韶钢松山
2011-06-27,2011-06-30,sz.000726,鲁泰A
2011-06-27,2011-06-30,sz.000731,四川美丰
2011-06-27,2011-06-30,sz.000733,振华科技
2011-06-27,2011-06-30,sz.000735,罗牛山
2011-06-27,2011-06-30,sz.000748,长城信息
2011-06-27,2011-06-30,sz.000751,锌业股份
2011-06-27,2011-06-30,sz.000755,*ST三维
2011-06-27,2011-06-30,sz.000759,中百集团
2011-06-27,2011-06-30,sz.000762,西藏矿业
2011-06-27,2011-06-30,sz.000767,漳泽电力
2011-06-27,2011-06-30,sz.000777,中核科技
2011-06-27,2011-06-30,sz.000786,北新建材
2011-06-27,2011-06-30,sz.000799,酒鬼酒
2011-06-27,2011-06-30,sz.000816,*ST慧业
2011-06-27,2011-06-30,sz.000823,超声电子
2011-06-27,2011-06-30,sz.000826,启迪桑德
2011-06-27,2011-06-30,sz.000828,东莞控股
2011-06-27,2011-06-30,sz.000830,鲁西化工
2011-06-27,2011-06-30,sz.000837,秦川机床
2011-06-27,2011-06-30,sz.000850,华茂股份
2011-06-27,2011-06-30,sz.000852,石化机械
2011-06-27,2011-06-30,sz.000860,顺鑫农业
2011-06-27,2011-06-30,sz.000861,海印股份
2011-06-27,2011-06-30,sz.000875,吉电股份
2011-06-27,2011-06-30,sz.000877,天山股份
2011-06-27,2011-06-30,sz.000882,华联股份
2011-06-27,2011-06-30,sz.000886,海南高速
2011-06-27,2011-06-30,sz.000887,中鼎股份
2011-06-27,2011-06-30,sz.000893,*ST东凌
2011-06-27,2011-06-30,sz.000897,津滨发展
2011-06-27,2011-06-30,sz.000899,赣能股份
2011-06-27,2011-06-30,sz.000903,云内动力
2011-06-27,2011-06-30,sz.000905,厦门港务
2011-06-27,2011-06-30,sz.000910,大亚圣象
2011-06-27,2011-06-30,sz.000911,南宁糖业
2011-06-27,2011-06-30,sz.000912,*ST天化
2011-06-27,2011-06-30,sz.000917,电广传媒
2011-06-27,2011-06-30,sz.000919,金陵药业
2011-06-27,2011-06-30,sz.000925,众合科技
2011-06-27,2011-06-30,sz.000926,福星股份
2011-06-27,2011-06-30,sz.000930,中粮生化
2011-06-27,2011-06-30,sz.000931,中关村
2011-06-27,2011-06-30,sz.000936,华西股份
2011-06-27,2011-06-30,sz.000939,*ST凯迪
2011-06-27,2011-06-30,sz.000949,新乡化纤
2011-06-27,2011-06-30,sz.000950,重药控股
2011-06-27,2011-06-30,sz.000962,东方钽业
2011-06-27,2011-06-30,sz.000963,华东医药
2011-06-27,2011-06-30,sz.000970,中科三环
2011-06-27,2011-06-30,sz.000972,*ST中基
2011-06-27,2011-06-30,sz.000973,佛塑科技
2011-06-27,2011-06-30,sz.000975,银泰资源
2011-06-27,2011-06-30,sz.000987,越秀金控
2011-06-27,2011-06-30,sz.000988,华工科技
2011-06-27,2011-06-30,sz.000989,九芝堂
2011-06-27,2011-06-30,sz.000990,诚志股份
2011-06-27,2011-06-30,sz.000996,中国中期
2011-06-27,2011-06-30,sz.000997,新大陆
2011-06-27,2011-06-30,sz.000998,隆平高科
2011-06-27,2011-06-30,sz.001696,宗申动力
2011-06-27,2011-06-30,sz.002008,大族激光
2011-06-27,2011-06-30,sz.002011,盾安环境
2011-06-27,2011-06-30,sz.002019,亿帆医药
2011-06-27,2011-06-30,sz.002022,科华生物
2011-06-27,2011-06-30,sz.002025,航天电器
2011-06-27,2011-06-30,sz.002038,双鹭药业
2011-06-27,2011-06-30,sz.002041,登海种业
2011-06-27,2011-06-30,sz.002048,宁波华翔
2011-06-27,2011-06-30,sz.002051,中工国际
2011-06-27,2011-06-30,sz.002052,同洲电子
2011-06-27,2011-06-30,sz.002056,横店东磁
2011-06-27,2011-06-30,sz.002062,宏润建设
2011-06-27,2011-06-30,sz.002064,华峰氨纶
2011-06-27,2011-06-30,sz.002065,东华软件
2011-06-27,2011-06-30,sz.002073,软控股份
2011-06-27,2011-06-30,sz.002078,太阳纸业
2011-06-27,2011-06-30,sz.002081,金螳螂
2011-06-27,2011-06-30,sz.002083,孚日股份
2011-06-27,2011-06-30,sz.002088,鲁阳节能
2011-06-27,2011-06-30,sz.002091,江苏国泰
2011-06-27,2011-06-30,sz.002097,山河智能
2011-06-27,2011-06-30,sz.002106,莱宝高科
2011-06-27,2011-06-30,sz.002109,兴化股份
2011-06-27,2011-06-30,sz.002110,三钢闽光
2011-06-27,2011-06-30,sz.002121,科陆电子
2011-06-27,2011-06-30,sz.002123,梦网集团
2011-06-27,2011-06-30,sz.002129,中环股份
2011-06-27,2011-06-30,sz.002133,广宇集团
2011-06-27,2011-06-30,sz.002152,广电运通
2011-06-27,2011-06-30,sz.002161,远望谷
2011-06-27,2011-06-30,sz.002172,澳洋健康
2011-06-27,2011-06-30,sz.002179,中航光电
2011-06-27,2011-06-30,sz.002181,粤传媒
2011-06-27,2011-06-30,sz.002183,怡亚通
2011-06-27,2011-06-30,sz.002191,劲嘉股份
2011-06-27,2011-06-30,sz.002194,*ST凡谷
2011-06-27,2011-06-30,sz.002218,拓日新能
2011-06-27,2011-06-30,sz.002223,鱼跃医疗
2011-06-27,2011-06-30,sz.002225,濮耐股份
2011-06-27,2011-06-30,sz.002230,科大讯飞
2011-06-27,2011-06-30,sz.002232,启明信息
2011-06-27,2011-06-30,sz.002233,塔牌集团
2011-06-27,2011-06-30,sz.002237,恒邦股份
2011-06-27,2011-06-30,sz.002238,天威视讯
2011-06-27,2011-06-30,sz.002241,歌尔股份
2011-06-27,2011-06-30,sz.002249,大洋电机
2011-06-27,2011-06-30,sz.002251,步步高
2011-06-27,2011-06-30,sz.002252,上海莱士
2011-06-27,2011-06-30,sz.002254,泰和新材
2011-06-27,2011-06-30,sz.002258,利尔化学
2011-06-27,2011-06-30,sz.002266,浙富控股
2011-06-27,2011-06-30,sz.002267,陕天然气
2011-06-27,2011-06-30,sz.002276,万马股份
2011-06-27,2011-06-30,sz.002277,友阿股份
2011-06-27,2011-06-30,sz.002281,光迅科技
2011-06-27,2011-06-30,sz.002285,世联行
2011-06-27,2011-06-30,sz.002287,奇正藏药
2011-06-27,2011-06-30,sz.002292,奥飞娱乐
2011-06-27,2011-06-30,sz.002293,罗莱生活
2011-06-27,2011-06-30,sz.002303,美盈森
2011-06-27,2011-06-30,sz.002306,*ST云网
2011-06-27,2011-06-30,sz.002308,威创股份
2011-06-27,2011-06-30,sz.002309,中利集团
2011-06-27,2011-06-30,sz.002310,东方园林
2011-06-27,2011-06-30,sz.002311,海大集团
2011-06-27,2011-06-30,sz.002314,南山控股
2011-06-27,2011-06-30,sz.002315,焦点科技
2011-06-27,2011-06-30,sz.002317,众生药业
2011-06-27,2011-06-30,sz.002320,海峡股份
2011-06-27,2011-06-30,sz.002322,理工环科
2011-06-27,2011-06-30,sz.002326,永太科技
2011-06-27,2011-06-30,sz.002328,新朋股份
2011-06-27,2011-06-30,sz.002332,仙琚制药
2011-06-27,2011-06-30,sz.002336,人人乐
2011-06-27,2011-06-30,sz.002340,格林美
2011-06-27,2011-06-30,sz.002344,海宁皮城
2011-06-27,2011-06-30,sz.002345,潮宏基
2011-06-27,2011-06-30,sz.002353,杰瑞股份
2011-06-27,2011-06-30,sz.002375,亚厦股份
2011-06-27,2011-06-30,sz.002383,合众思壮
2011-06-27,2011-06-30,sz.002384,东山精密
2011-06-27,2011-06-30,sz.002386,天原集团
2011-06-27,2011-06-30,sz.002393,力生制药
2011-06-27,2011-06-30,sz.002408,齐翔腾达
2011-06-27,2011-06-30,sz.002410,广联达
2011-06-27,2011-06-30,sz.002414,高德红外
2011-06-27,2011-06-30,sz.002428,云南锗业
2011-06-27,2011-06-30,sz.002429,兆驰股份
2011-06-27,2011-06-30,sz.002430,杭氧股份
2011-06-27,2011-06-30,sz.002431,棕榈股份
2011-06-27,2011-06-30,sz.002437,誉衡药业
2011-06-27,2011-06-30,sz.002440,闰土股份
2011-06-27,2011-06-30,sz.002444,巨星科技
2011-06-27,2011-06-30,sz.002449,国星光电
2011-12-26,2011-12-31,sh.600006,东风汽车
2011-12-26,2011-12-31,sh.600012,皖通高速
2011-12-26,2011-12-31,sh.600017,日照港
2011-12-26,2011-12-31,sh.600021,上海电力
2011-12-26,2011-12-31,sh.600022,山东钢铁
2011-12-26,2011-12-31,sh.600033,福建高速
2011-12-26,2011-12-31,sh.600035,楚天高速
2011-12-26,2011-12-31,sh.600038,中直股份
2011-12-26,2011-12-31,sh.600052,浙江广厦
2011-12-26,2011-12-31,sh.600054,黄山旅游
2011-12-26,2011-12-31,sh.600056,中国医药
2011-12-26,2011-12-31,sh.600059,古越龙山
2011-12-26,2011-12-31,sh.600060,海信电器
2011-12-26,2011-12-31,sh.600061,国投资本
2011-12-26,2011-12-31,sh.600063,皖维高新
2011-12-26,2011-12-31,sh.600064,南京高科
2011-12-26,2011-12-31,sh.600067,冠城大通
2011-12-26,2011-12-31,sh.600069,银鸽投资
2011-12-26,2011-12-31,sh.600072,中船科技
2011-12-26,2011-12-31,sh.600073,上海梅林
2011-12-26,2011-12-31,sh.600075,新疆天业
2011-12-26,2011-12-31,sh.600078,澄星股份
2011-12-26,2011-12-31,sh.600079,人福医药
2011-12-26,2011-12-31,sh.600082,海泰发展
2011-12-26,2011-12-31,sh.600086,东方金钰
2011-12-26,2011-12-31,sh.600087,退市长油
2011-12-26,2011-12-31,sh.600088,中视传媒
2011-12-26,2011-12-31,sh.600102,莱钢股份
2011-12-26,2011-12-31,sh.600103,青山纸业
2011-12-26,2011-12-31,sh.600106,重庆路桥
2011-12-26,2011-12-31,sh.600107,美尔雅
2011-12-26,2011-12-31,sh.600110,诺德股份
2011-12-26,2011-12-31,sh.600112,天成控股
2011-12-26,2011-12-31,sh.600117,西宁特钢
2011-12-26,2011-12-31,sh.600120,浙江东方
2011-12-26,2011-12-31,sh.600121,郑州煤电
2011-12-26,2011-12-31,sh.600122,宏图高科
2011-12-26,2011-12-31,sh.600126,杭钢股份
2011-12-26,2011-12-31,sh.600127,金健米业
2011-12-26,2011-12-31,sh.600129,太极集团
2011-12-26,2011-12-31,sh.600138,中青旅
2011-12-26,2011-12-31,sh.600139,西部资源
2011-12-26,2011-12-31,sh.600141,兴发集团
2011-12-26,2011-12-31,sh.600158,中体产业
2011-12-26,2011-12-31,sh.600160,巨化股份
2011-12-26,2011-12-31,sh.600162,香江控股
2011-12-26,2011-12-31,sh.600163,中闽能源
2011-12-26,2011-12-31,sh.600168,武汉控股
2011-12-26,2011-12-31,sh.600171,上海贝岭
2011-12-26,2011-12-31,sh.600176,中国巨石
2011-12-26,2011-12-31,sh.600178,东安动力
2011-12-26,2011-12-31,sh.600191,华资实业
2011-12-26,2011-12-31,sh.600195,中牧股份
2011-12-26,2011-12-31,sh.600197,伊力特
2011-12-26,2011-12-31,sh.600198,*ST大唐
2011-12-26,2011-12-31,sh.600199,金种子酒
2011-12-26,2011-12-31,sh.600202,*ST哈空
2011-12-26,2011-12-31,sh.600210,紫江企业
2011-12-26,2011-12-31,sh.600223,鲁商置业
2011-12-26,2011-12-31,sh.600226,瀚叶股份
2011-12-26,2011-12-31,sh.600227,圣济堂
2011-12-26,2011-12-31,sh.600230,沧州大化
2011-12-26,2011-12-31,sh.600231,凌钢股份
2011-12-26,2011-12-31,sh.600236,桂冠电力
2011-12-26,2011-12-31,sh.600240,华业资本
2011-12-26,2011-12-31,sh.600246,万通地产
2011-12-26,2011-12-31,sh.600251,冠农股份
2011-12-26,2011-12-31,sh.600258,首旅酒店
2011-12-26,2011-12-31,sh.600259,广晟有色
2011-12-26,2011-12-31,sh.600261,阳光照明
2011-12-26,2011-12-31,sh.600263,路桥建设
2011-12-26,2011-12-31,sh.600268,国电南自
2011-12-26,2011-12-31,sh.600270,外运发展
2011-12-26,2011-12-31,sh.600277,亿利洁能
2011-12-26,2011-12-31,sh.600278,东方创业
2011-12-26,2011-12-31,sh.600282,南钢股份
2011-12-26,2011-12-31,sh.600284,浦东建设
2011-12-26,2011-12-31,sh.600287,江苏舜天
2011-12-26,2011-12-31,sh.600288,大恒科技
2011-12-26,2011-12-31,sh.600289,*ST信通
2011-12-26,2011-12-31,sh.600290,华仪电气
2011-12-26,2011-12-31,sh.600291,西水股份
2011-12-26,2011-12-31,sh.600292,远达环保
2011-12-26,2011-12-31,sh.600293,三峡新材
2011-12-26,2011-12-31,sh.600295,鄂尔多斯
2011-12-26,2011-12-31,sh.600298,安琪酵母
2011-12-26,2011-12-31,sh.600308,华泰股份
2011-12-26,2011-12-31,sh.600311,荣华实业
2011-12-26,2011-12-31,sh.600317,营口港
2011-12-26,2011-12-31,sh.600322,天房发展
2011-12-26,2011-12-31,sh.600323,瀚蓝环境
2011-12-26,2011-12-31,sh.600325,华发股份
2011-12-26,2011-12-31,sh.600326,西藏天路
2011-12-26,2011-12-31,sh.600327,大东方
2011-12-26,2011-12-31,sh.600328,兰太实业
2011-12-26,2011-12-31,sh.600329,中新药业
2011-12-26,2011-12-31,sh.600330,天通股份
2011-12-26,2011-12-31,sh.600332,白云山
2011-12-26,2011-12-31,sh.600333,长春燃气
2011-12-26,2011-12-31,sh.600337,美克家居
2011-12-26,2011-12-31,sh.600339,中油工程
2011-12-26,2011-12-31,sh.600351,亚宝药业
2011-12-26,2011-12-31,sh.600359,新农开发
2011-12-26,2011-12-31,sh.600360,华微电子
2011-12-26,2011-12-31,sh.600361,华联综超
2011-12-26,2011-12-31,sh.600363,联创光电
2011-12-26,2011-12-31,sh.600366,宁波韵升
2011-12-26,2011-12-31,sh.600386,北巴传媒
2011-12-26,2011-12-31,sh.600387,海越能源
2011-12-26,2011-12-31,sh.600388,龙净环保
2011-12-26,2011-12-31,sh.600398,海澜之家
2011-12-26,2011-12-31,sh.600408,*ST安泰
2011-12-26,2011-12-31,sh.600409,三友化工
2011-12-26,2011-12-31,sh.600410,华胜天成
2011-12-26,2011-12-31,sh.600416,湘电股份
2011-12-26,2011-12-31,sh.600420,现代制药
2011-12-26,2011-12-31,sh.600423,*ST柳化
2011-12-26,2011-12-31,sh.600425,青松建化
2011-12-26,2011-12-31,sh.600426,华鲁恒升
2011-12-26,2011-12-31,sh.600429,三元股份
2011-12-26,2011-12-31,sh.600435,北方导航
2011-12-26,2011-12-31,sh.600436,片仔癀
2011-12-26,2011-12-31,sh.600438,通威股份
2011-12-26,2011-12-31,sh.600439,瑞贝卡
2011-12-26,2011-12-31,sh.600449,宁夏建材
2011-12-26,2011-12-31,sh.600458,时代新材
2011-12-26,2011-12-31,sh.600460,士兰微
2011-12-26,2011-12-31,sh.600467,好当家
2011-12-26,2011-12-31,sh.600468,百利电气
2011-12-26,2011-12-31,sh.600469,风神股份
2011-12-26,2011-12-31,sh.600475,华光股份
2011-12-26,2011-12-31,sh.600478,科力远
2011-12-26,2011-12-31,sh.600479,千金药业
2011-12-26,2011-12-31,sh.600480,凌云股份
2011-12-26,2011-12-31,sh.600482,中国动力
2011-12-26,2011-12-31,sh.600487,亨通光电
2011-12-26,2011-12-31,sh.600488,天药股份
2011-12-26,2011-12-31,sh.600491,龙元建设
2011-12-26,2011-12-31,sh.600496,精工钢构
2011-12-26,2011-12-31,sh.600499,科达洁能
2011-12-26,2011-12-31,sh.600501,航天晨光
2011-12-26,2011-12-31,sh.600507,方大特钢
2011-12-26,2011-12-31,sh.600509,天富能源
2011-12-26,2011-12-31,sh.600510,黑牡丹
2011-12-26,2011-12-31,sh.600511,国药股份
2011-12-26,2011-12-31,sh.600521,华海药业
2011-12-26,2011-12-31,sh.600522,中天科技
2011-12-26,2011-12-31,sh.600523,贵航股份
2011-12-26,2011-12-31,sh.600525,长园集团
2011-12-26,2011-12-31,sh.600529,山东药玻
2011-12-26,2011-12-31,sh.600531,豫光金铅
2011-12-26,2011-12-31,sh.600533,栖霞建设
2011-12-26,2011-12-31,sh.600543,莫高股份
2011-12-26,2011-12-31,sh.600545,卓郎智能
2011-12-26,2011-12-31,sh.600555,海航创新
2011-12-26,2011-12-31,sh.600557,康缘药业
2011-12-26,2011-12-31,sh.600563,法拉电子
2011-12-26,2011-12-31,sh.600565,迪马股份
2011-12-26,2011-12-31,sh.600569,安阳钢铁
2011-12-26,2011-12-31,sh.600570,恒生电子
2011-12-26,2011-12-31,sh.600575,皖江物流
2011-12-26,2011-12-31,sh.600580,卧龙电气
2011-12-26,2011-12-31,sh.600581,八一钢铁
2011-12-26,2011-12-31,sh.600584,长电科技
2011-12-26,2011-12-31,sh.600586,金晶科技
2011-12-26,2011-12-31,sh.600589,广东榕泰
2011-12-26,2011-12-31,sh.600590,泰豪科技
2011-12-26,2011-12-31,sh.600594,益佰制药
2011-12-26,2011-12-31,sh.600596,新安股份
2011-12-26,2011-12-31,sh.600597,光明乳业
2011-12-26,2011-12-31,sh.600601,方正科技
2011-12-26,2011-12-31,sh.600602,云赛智联
2011-12-26,2011-12-31,sh.600611,大众交通
2011-12-26,2011-12-31,sh.600616,金枫酒业
2011-12-26,2011-12-31,sh.600618,氯碱化工
2011-12-26,2011-12-31,sh.600622,光大嘉宝
2011-12-26,2011-12-31,sh.600623,华谊集团
2011-12-26,2011-12-31,sh.600628,新世界
2011-12-26,2011-12-31,sh.600637,东方明珠
2011-12-26,2011-12-31,sh.600639,浦东金桥
2011-12-26,2011-12-31,sh.600640,号百控股
2011-12-26,2011-12-31,sh.600641,万业企业
2011-12-26,2011-12-31,sh.600643,爱建集团
2011-12-26,2011-12-31,sh.600644,乐山电力
2011-12-26,2011-12-31,sh.600648,外高桥
2011-12-26,2011-12-31,sh.600650,锦江投资
2011-12-26,2011-12-31,sh.600651,飞乐音响
2011-12-26,2011-12-31,sh.600653,申华控股
2011-12-26,2011-12-31,sh.600654,ST中安
2011-12-26,2011-12-31,sh.600657,信达地产
2011-12-26,2011-12-31,sh.600662,强生控股
2011-12-26,2011-12-31,sh.600667,太极实业
2011-12-26,2011-12-31,sh.600673,东阳光科
2011-12-26,2011-12-31,sh.600676,交运股份
2011-12-26,2011-12-31,sh.600683,京投发展
2011-12-26,2011-12-31,sh.600685,中船防务
2011-12-26,2011-12-31,sh.600686,金龙汽车
2011-12-26,2011-12-31,sh.600693,东百集团
2011-12-26,2011-12-31,sh.600702,舍得酒业
2011-12-26,2011-12-31,sh.600704,物产中大
2011-12-26,2011-12-31,sh.600707,彩虹股份
2011-12-26,2011-12-31,sh.600708,光明地产
2011-12-26,2011-12-31,sh.600710,苏美达
2011-12-26,2011-12-31,sh.600720,祁连山
2011-12-26,2011-12-31,sh.600723,首商股份
2011-12-26,2011-12-31,sh.600725,ST云维
2011-12-26,2011-12-31,sh.600736,苏州高新
2011-12-26,2011-12-31,sh.600743,华远地产
2011-12-26,2011-12-31,sh.600747,ST大控
2011-12-26,2011-12-31,sh.600748,上实发展
2011-12-26,2011-12-31,sh.600750,江中药业
2011-12-26,2011-12-31,sh.600754,锦江股份
2011-12-26,2011-12-31,sh.600755,厦门国贸
2011-12-26,2011-12-31,sh.600759,洲际油气
2011-12-26,2011-12-31,sh.600761,安徽合力
2011-12-26,2011-12-31,sh.600765,中航重机
2011-12-26,2011-12-31,sh.600770,综艺股份
2011-12-26,2011-12-31,sh.600773,西藏城投
2011-12-26,2011-12-31,sh.600776,东方通信
2011-12-26,2011-12-31,sh.600780,通宝能源
2011-12-26,2011-12-31,sh.600782,新钢股份
2011-12-26,2011-12-31,sh.600783,鲁信创投
2011-12-26,2011-12-31,sh.600787,中储股份
2011-12-26,2011-12-31,sh.600789,鲁抗医药
2011-12-26,2011-12-31,sh.600790,轻纺城
2011-12-26,2011-12-31,sh.600797,浙大网新
2011-12-26,2011-12-31,sh.600801,华新水泥
2011-12-26,2011-12-31,sh.600805,悦达投资
2011-12-26,2011-12-31,sh.600806,退市昆机
2011-12-26,2011-12-31,sh.600810,神马股份
2011-12-26,2011-12-31,sh.600815,厦工股份
2011-12-26,2011-12-31,sh.600816,安信信托
2011-12-26,2011-12-31,sh.600820,隧道股份
2011-12-26,2011-12-31,sh.600824,益民集团
2011-12-26,2011-12-31,sh.600825,新华传媒
2011-12-26,2011-12-31,sh.600826,兰生股份
2011-12-26,2011-12-31,sh.600829,人民同泰
2011-12-26,2011-12-31,sh.600830,香溢融通
2011-12-26,2011-12-31,sh.600831,广电网络
2011-12-26,2011-12-31,sh.600834,申通地铁
2011-12-26,2011-12-31,sh.600835,上海机电
2011-12-26,2011-12-31,sh.600836,界龙实业
2011-12-26,2011-12-31,sh.600838,上海九百
2011-12-26,2011-12-31,sh.600844,丹化科技
2011-12-26,2011-12-31,sh.600846,同济科技
2011-12-26,2011-12-31,sh.600851,海欣股份
2011-12-26,2011-12-31,sh.600858,银座股份
2011-12-26,2011-12-31,sh.600864,哈投股份
2011-12-26,2011-12-31,sh.600866,星湖科技
2011-12-26,2011-12-31,sh.600867,通化东宝
2011-12-26,2011-12-31,sh.600872,中炬高新
2011-12-26,2011-12-31,sh.600874,创业环保
2011-12-26,2011-12-31,sh.600877,ST嘉陵
2011-12-26,2011-12-31,sh.600880,博瑞传播
2011-12-26,2011-12-31,sh.600884,杉杉股份
2011-12-26,2011-12-31,sh.600888,新疆众和
2011-12-26,2011-12-31,sh.600894,广日股份
2011-12-26,2011-12-31,sh.600896,*ST海投
2011-12-26,2011-12-31,sh.600897,厦门空港
2011-12-26,2011-12-31,sh.600961,株冶集团
2011-12-26,2011-12-31,sh.600963,岳阳林纸
2011-12-26,2011-12-31,sh.600966,博汇纸业
2011-12-26,2011-12-31,sh.600978,宜华生活
2011-12-26,2011-12-31,sh.600983,惠而浦
2011-12-26,2011-12-31,sh.600991,广汽长丰
2011-12-26,2011-12-31,sh.600993,马应龙
2011-12-26,2011-12-31,sh.600995,文山电力
2011-12-26,2011-12-31,sh.601000,唐山港
2011-12-26,2011-12-31,sh.601002,晋亿实业
2011-12-26,2011-12-31,sh.601126,四方股份
2011-12-26,2011-12-31,sh.601588,北辰实业
2011-12-26,2011-12-31,sh.601678,滨化股份
2011-12-26,2011-12-31,sh.601777,力帆股份
2011-12-26,2011-12-31,sh.601801,皖新传媒
2011-12-26,2011-12-31,sh.601999,出版传媒
2011-12-26,2011-12-31,sz.000005,世纪星源
2011-12-26,2011-12-31,sz.000006,深振业A
2011-12-26,2011-12-31,sz.000016,深康佳A
2011-12-26,2011-12-31,sz.000028,国药一致
2011-12-26,2011-12-31,sz.000029,深深房A
2011-12-26,2011-12-31,sz.000042,中洲控股
2011-12-26,2011-12-31,sz.000050,深天马A
2011-12-26,2011-12-31,sz.000066,中国长城
2011-12-26,2011-12-31,sz.000078,海王生物
2011-12-26,2011-12-31,sz.000088,盐田港
2011-12-26,2011-12-31,sz.000089,深圳机场
2011-12-26,2011-12-31,sz.000090,天健集团
2011-12-26,2011-12-31,sz.000099,中信海直
2011-12-26,2011-12-31,sz.000158,常山北明
2011-12-26,2011-12-31,sz.000159,国际实业
2011-12-26,2011-12-31,sz.000301,东方盛虹
2011-12-26,2011-12-31,sz.000400,许继电气
2011-12-26,2011-12-31,sz.000407,胜利股份
2011-12-26,2011-12-31,sz.000410,沈阳机床
2011-12-26,2011-12-31,sz.000417,合肥百货
2011-12-26,2011-12-31,sz.000426,兴业矿业
2011-12-26,2011-12-31,sz.000428,华天酒店
2011-12-26,2011-12-31,sz.000488,晨鸣纸业
2011-12-26,2011-12-31,sz.000501,鄂武商A
2011-12-26,2011-12-31,sz.000503,国新健康
2011-12-26,2011-12-31,sz.000510,金路集团
2011-12-26,2011-12-31,sz.000511,烯碳退
2011-12-26,2011-12-31,sz.000513,丽珠集团
2011-12-26,2011-12-31,sz.000514,渝开发
2011-12-26,2011-12-31,sz.000517,荣安地产
2011-12-26,2011-12-31,sz.000520,长航凤凰
2011-12-26,2011-12-31,sz.000522,白云山A
2011-12-26,2011-12-31,sz.000525,红太阳
2011-12-26,2011-12-31,sz.000533,万家乐
2011-12-26,2011-12-31,sz.000537,广宇发展
2011-12-26,2011-12-31,sz.000540,中天金融
2011-12-26,2011-12-31,sz.000541,佛山照明
2011-12-26,2011-12-31,sz.000543,皖能电力
2011-12-26,2011-12-31,sz.000554,泰山石油
2011-12-26,2011-12-31,sz.000563,陕国投A
2011-12-26,2011-12-31,sz.000571,新大洲A
2011-12-26,2011-12-31,sz.000572,海马汽车
2011-12-26,2011-12-31,sz.000581,威孚高科
2011-12-26,2011-12-31,sz.000584,哈工智能
2011-12-26,2011-12-31,sz.000594,国恒退
2011-12-26,2011-12-31,sz.000596,古井贡酒
2011-12-26,2011-12-31,sz.000597,东北制药
2011-12-26,2011-12-31,sz.000598,兴蓉环境
2011-12-26,2011-12-31,sz.000601,韶能股份
2011-12-26,2011-12-31,sz.000608,阳光股份
2011-12-26,2011-12-31,sz.000616,海航投资
2011-12-26,2011-12-31,sz.000617,中油资本
2011-12-26,2011-12-31,sz.000619,海螺型材
2011-12-26,2011-12-31,sz.000627,天茂集团
2011-12-26,2011-12-31,sz.000631,顺发恒业
2011-12-26,2011-12-31,sz.000636,风华高科
2011-12-26,2011-12-31,sz.000650,仁和药业
2011-12-26,2011-12-31,sz.000655,*ST金岭
2011-12-26,2011-12-31,sz.000659,珠海中富
2011-12-26,2011-12-31,sz.000667,美好置业
2011-12-26,2011-12-31,sz.000677,恒天海龙
2011-12-26,2011-12-31,sz.000682,东方电子
2011-12-26,2011-12-31,sz.000683,远兴能源
2011-12-26,2011-12-31,sz.000687,华讯方舟
2011-12-26,2011-12-31,sz.000698,沈阳化工
2011-12-26,2011-12-31,sz.000708,大冶特钢
2011-12-26,2011-12-31,sz.000712,锦龙股份
2011-12-26,2011-12-31,sz.000713,丰乐种业
2011-12-26,2011-12-31,sz.000717,韶钢松山
2011-12-26,2011-12-31,sz.000726,鲁泰A
2011-12-26,2011-12-31,sz.000733,振华科技
2011-12-26,2011-12-31,sz.000735,罗牛山
2011-12-26,2011-12-31,sz.000738,航发控制
2011-12-26,2011-12-31,sz.000751,锌业股份
2011-12-26,2011-12-31,sz.000755,*ST三维
2011-12-26,2011-12-31,sz.000759,中百集团
2011-12-26,2011-12-31,sz.000762,西藏矿业
2011-12-26,2011-12-31,sz.000767,漳泽电力
2011-12-26,2011-12-31,sz.000777,中核科技
2011-12-26,2011-12-31,sz.000786,北新建材
2011-12-26,2011-12-31,sz.000799,酒鬼酒
2011-12-26,2011-12-31,sz.000816,*ST慧业
2011-12-26,2011-12-31,sz.000823,超声电子
2011-12-26,2011-12-31,sz.000826,启迪桑德
2011-12-26,2011-12-31,sz.000830,鲁西化工
2011-12-26,2011-12-31,sz.000837,秦川机床
2011-12-26,2011-12-31,sz.000848,承德露露
2011-12-26,2011-12-31,sz.000850,华茂股份
2011-12-26,2011-12-31,sz.000852,石化机械
2011-12-26,2011-12-31,sz.000860,顺鑫农业
2011-12-26,2011-12-31,sz.000861,海印股份
2011-12-26,2011-12-31,sz.000875,吉电股份
2011-12-26,2011-12-31,sz.000877,天山股份
2011-12-26,2011-12-31,sz.000883,湖北能源
2011-12-26,2011-12-31,sz.000886,海南高速
2011-12-26,2011-12-31,sz.000887,中鼎股份
2011-12-26,2011-12-31,sz.000893,*ST东凌
2011-12-26,2011-12-31,sz.000897,津滨发展
2011-12-26,2011-12-31,sz.000899,赣能股份
2011-12-26,2011-12-31,sz.000900,现代投资
2011-12-26,2011-12-31,sz.000903,云内动力
2011-12-26,2011-12-31,sz.000905,厦门港务
2011-12-26,2011-12-31,sz.000910,大亚圣象
2011-12-26,2011-12-31,sz.000911,南宁糖业
2011-12-26,2011-12-31,sz.000912,*ST天化
2011-12-26,2011-12-31,sz.000917,电广传媒
2011-12-26,2011-12-31,sz.000919,金陵药业
2011-12-26,2011-12-31,sz.000925,众合科技
2011-12-26,2011-12-31,sz.000926,福星股份
2011-12-26,2011-12-31,sz.000930,中粮生化
2011-12-26,2011-12-31,sz.000931,中关村
2011-12-26,2011-12-31,sz.000936,华西股份
2011-12-26,2011-12-31,sz.000939,*ST凯迪
2011-12-26,2011-12-31,sz.000949,新乡化纤
2011-12-26,2011-12-31,sz.000950,重药控股
2011-12-26,2011-12-31,sz.000962,东方钽业
2011-12-26,2011-12-31,sz.000963,华东医药
2011-12-26,2011-12-31,sz.000970,中科三环
2011-12-26,2011-12-31,sz.000972,*ST中基
2011-12-26,2011-12-31,sz.000973,佛塑科技
2011-12-26,2011-12-31,sz.000975,银泰资源
2011-12-26,2011-12-31,sz.000979,中弘股份
2011-12-26,2011-12-31,sz.000987,越秀金控
2011-12-26,2011-12-31,sz.000988,华工科技
2011-12-26,2011-12-31,sz.000989,九芝堂
2011-12-26,2011-12-31,sz.000990,诚志股份
2011-12-26,2011-12-31,sz.000996,中国中期
2011-12-26,2011-12-31,sz.000997,新大陆
2011-12-26,2011-12-31,sz.000998,隆平高科
2011-12-26,2011-12-31,sz.001696,宗申动力
2011-12-26,2011-12-31,sz.002008,大族激光
2011-12-26,2011-12-31,sz.002011,盾安环境
2011-12-26,2011-12-31,sz.002022,科华生物
2011-12-26,2011-12-31,sz.002025,航天电器
2011-12-26,2011-12-31,sz.002038,双鹭药业
2011-12-26,2011-12-31,sz.002041,登海种业
2011-12-26,2011-12-31,sz.002048,宁波华翔
2011-12-26,2011-12-31,sz.002051,中工国际
2011-12-26,2011-12-31,sz.002052,同洲电子
2011-12-26,2011-12-31,sz.002056,横店东磁
2011-12-26,2011-12-31,sz.002062,宏润建设
2011-12-26,2011-12-31,sz.002064,华峰氨纶
2011-12-26,2011-12-31,sz.002065,东华软件
2011-12-26,2011-12-31,sz.002078,太阳纸业
2011-12-26,2011-12-31,sz.002083,孚日股份
2011-12-26,2011-12-31,sz.002088,鲁阳节能
2011-12-26,2011-12-31,sz.002091,江苏国泰
2011-12-26,2011-12-31,sz.002097,山河智能
2011-12-26,2011-12-31,sz.002109,兴化股份
2011-12-26,2011-12-31,sz.002110,三钢闽光
2011-12-26,2011-12-31,sz.002121,科陆电子
2011-12-26,2011-12-31,sz.002123,梦网集团
2011-12-26,2011-12-31,sz.002129,中环股份
2011-12-26,2011-12-31,sz.002140,东华科技
2011-12-26,2011-12-31,sz.002154,报喜鸟
2011-12-26,2011-12-31,sz.002161,远望谷
2011-12-26,2011-12-31,sz.002168,深圳惠程
2011-12-26,2011-12-31,sz.002172,澳洋健康
2011-12-26,2011-12-31,sz.002179,中航光电
2011-12-26,2011-12-31,sz.002181,粤传媒
2011-12-26,2011-12-31,sz.002183,怡亚通
2011-12-26,2011-12-31,sz.002191,劲嘉股份
2011-12-26,2011-12-31,sz.002194,*ST凡谷
2011-12-26,2011-12-31,sz.002218,拓日新能
2011-12-26,2011-12-31,sz.002223,鱼跃医疗
2011-12-26,2011-12-31,sz.002225,濮耐股份
2011-12-26,2011-12-31,sz.002230,科大讯飞
2011-12-26,2011-12-31,sz.002232,启明信息
2011-12-26,2011-12-31,sz.002233,塔牌集团
2011-12-26,2011-12-31,sz.002236,大华股份
2011-12-26,2011-12-31,sz.002237,恒邦股份
2011-12-26,2011-12-31,sz.002238,天威视讯
2011-12-26,2011-12-31,sz.002242,九阳股份
2011-12-26,2011-12-31,sz.002249,大洋电机
2011-12-26,2011-12-31,sz.002250,联化科技
2011-12-26,2011-12-31,sz.002252,上海莱士
2011-12-26,2011-12-31,sz.002254,泰和新材
2011-12-26,2011-12-31,sz.002267,陕天然气
2011-12-26,2011-12-31,sz.002276,万马股份
2011-12-26,2011-12-31,sz.002277,友阿股份
2011-12-26,2011-12-31,sz.002281,光迅科技
2011-12-26,2011-12-31,sz.002285,世联行
2011-12-26,2011-12-31,sz.002287,奇正藏药
2011-12-26,2011-12-31,sz.002292,奥飞娱乐
2011-12-26,2011-12-31,sz.002306,*ST云网
2011-12-26,2011-12-31,sz.002308,威创股份
2011-12-26,2011-12-31,sz.002309,中利集团
2011-12-26,2011-12-31,sz.002311,海大集团
2011-12-26,2011-12-31,sz.002314,南山控股
2011-12-26,2011-12-31,sz.002315,焦点科技
2011-12-26,2011-12-31,sz.002320,海峡股份
2011-12-26,2011-12-31,sz.002326,永太科技
2011-12-26,2011-12-31,sz.002328,新朋股份
2011-12-26,2011-12-31,sz.002332,仙琚制药
2011-12-26,2011-12-31,sz.002336,人人乐
2011-12-26,2011-12-31,sz.002340,格林美
2011-12-26,2011-12-31,sz.002342,巨力索具
2011-12-26,2011-12-31,sz.002344,海宁皮城
2011-12-26,2011-12-31,sz.002345,潮宏基
2011-12-26,2011-12-31,sz.002353,杰瑞股份
2011-12-26,2011-12-31,sz.002362,汉王科技
2011-12-26,2011-12-31,sz.002383,合众思壮
2011-12-26,2011-12-31,sz.002384,东山精密
2011-12-26,2011-12-31,sz.002386,天原集团
2011-12-26,2011-12-31,sz.002393,力生制药
2011-12-26,2011-12-31,sz.002408,齐翔腾达
2011-12-26,2011-12-31,sz.002410,广联达
2011-12-26,2011-12-31,sz.002414,高德红外
2011-12-26,2011-12-31,sz.002428,云南锗业
2011-12-26,2011-12-31,sz.002429,兆驰股份
2011-12-26,2011-12-31,sz.002430,杭氧股份
2011-12-26,2011-12-31,sz.002431,棕榈股份
2011-12-26,2011-12-31,sz.002437,誉衡药业
2011-12-26,2011-12-31,sz.002440,闰土股份
2011-12-26,2011-12-31,sz.002444,巨星科技
2011-12-26,2011-12-31,sz.002449,国星光电
2011-12-26,2011-12-31,sz.002463,沪电股份
2011-12-26,2011-12-31,sz.002465,海格通信
2011-12-26,2011-12-31,sz.002475,立讯精密
2011-12-26,2011-12-31,sz.002479,富春环保
2011-12-26,2011-12-31,sz.002480,新筑股份
2011-12-26,2011-12-31,sz.002482,广田集团
2011-12-26,2011-12-31,sz.002489,浙江永强
2011-12-26,2011-12-31,sz.002506,协鑫集成
2011-12-26,2011-12-31,sz.002534,杭锅股份
2012-06-25,2012-06-30,sh.600004,白云机场
2012-06-25,2012-06-30,sh.600006,东风汽车
2012-06-25,2012-06-30,sh.600017,日照港
2012-06-25,2012-06-30,sh.600021,上海电力
2012-06-25,2012-06-30,sh.600022,山东钢铁
2012-06-25,2012-06-30,sh.600033,福建高速
2012-06-25,2012-06-30,sh.600038,中直股份
2012-06-25,2012-06-30,sh.600054,黄山旅游
2012-06-25,2012-06-30,sh.600056,中国医药
2012-06-25,2012-06-30,sh.600059,古越龙山
2012-06-25,2012-06-30,sh.600060,海信电器
2012-06-25,2012-06-30,sh.600061,国投资本
2012-06-25,2012-06-30,sh.600063,皖维高新
2012-06-25,2012-06-30,sh.600064,南京高科
2012-06-25,2012-06-30,sh.600067,冠城大通
2012-06-25,2012-06-30,sh.600069,银鸽投资
2012-06-25,2012-06-30,sh.600072,中船科技
2012-06-25,2012-06-30,sh.600073,上海梅林
2012-06-25,2012-06-30,sh.600075,新疆天业
2012-06-25,2012-06-30,sh.600078,澄星股份
2012-06-25,2012-06-30,sh.600079,人福医药
2012-06-25,2012-06-30,sh.600086,东方金钰
2012-06-25,2012-06-30,sh.600087,退市长油
2012-06-25,2012-06-30,sh.600088,中视传媒
2012-06-25,2012-06-30,sh.600103,青山纸业
2012-06-25,2012-06-30,sh.600106,重庆路桥
2012-06-25,2012-06-30,sh.600107,美尔雅
2012-06-25,2012-06-30,sh.600110,诺德股份
2012-06-25,2012-06-30,sh.600112,天成控股
2012-06-25,2012-06-30,sh.600117,西宁特钢
2012-06-25,2012-06-30,sh.600121,郑州煤电
2012-06-25,2012-06-30,sh.600122,宏图高科
2012-06-25,2012-06-30,sh.600126,杭钢股份
2012-06-25,2012-06-30,sh.600127,金健米业
2012-06-25,2012-06-30,sh.600129,太极集团
2012-06-25,2012-06-30,sh.600138,中青旅
2012-06-25,2012-06-30,sh.600139,西部资源
2012-06-25,2012-06-30,sh.600141,兴发集团
2012-06-25,2012-06-30,sh.600157,永泰能源
2012-06-25,2012-06-30,sh.600158,中体产业
2012-06-25,2012-06-30,sh.600162,香江控股
2012-06-25,2012-06-30,sh.600163,中闽能源
2012-06-25,2012-06-30,sh.600168,武汉控股
2012-06-25,2012-06-30,sh.600171,上海贝岭
2012-06-25,2012-06-30,sh.600176,中国巨石
2012-06-25,2012-06-30,sh.600178,东安动力
2012-06-25,2012-06-30,sh.600184,光电股份
2012-06-25,2012-06-30,sh.600195,中牧股份
2012-06-25,2012-06-30,sh.600197,伊力特
2012-06-25,2012-06-30,sh.600198,*ST大唐
2012-06-25,2012-06-30,sh.600199,金种子酒
2012-06-25,2012-06-30,sh.600202,*ST哈空
2012-06-25,2012-06-30,sh.600210,紫江企业
2012-06-25,2012-06-30,sh.600220,江苏阳光
2012-06-25,2012-06-30,sh.600223,鲁商置业
2012-06-25,2012-06-30,sh.600226,瀚叶股份
2012-06-25,2012-06-30,sh.600227,圣济堂
2012-06-25,2012-06-30,sh.600231,凌钢股份
2012-06-25,2012-06-30,sh.600236,桂冠电力
2012-06-25,2012-06-30,sh.600239,云南城投
2012-06-25,2012-06-30,sh.600240,华业资本
2012-06-25,2012-06-30,sh.600246,万通地产
2012-06-25,2012-06-30,sh.600251,冠农股份
2012-06-25,2012-06-30,sh.600258,首旅酒店
2012-06-25,2012-06-30,sh.600261,阳光照明
2012-06-25,2012-06-30,sh.600268,国电南自
2012-06-25,2012-06-30,sh.600269,赣粤高速
2012-06-25,2012-06-30,sh.600270,外运发展
2012-06-25,2012-06-30,sh.600277,亿利洁能
2012-06-25,2012-06-30,sh.600278,东方创业
2012-06-25,2012-06-30,sh.600284,浦东建设
2012-06-25,2012-06-30,sh.600287,江苏舜天
2012-06-25,2012-06-30,sh.600288,大恒科技
2012-06-25,2012-06-30,sh.600289,*ST信通
2012-06-25,2012-06-30,sh.600290,华仪电气
2012-06-25,2012-06-30,sh.600291,西水股份
2012-06-25,2012-06-30,sh.600292,远达环保
2012-06-25,2012-06-30,sh.600293,三峡新材
2012-06-25,2012-06-30,sh.600295,鄂尔多斯
2012-06-25,2012-06-30,sh.600298,安琪酵母
2012-06-25,2012-06-30,sh.600300,维维股份
2012-06-25,2012-06-30,sh.600308,华泰股份
2012-06-25,2012-06-30,sh.600311,荣华实业
2012-06-25,2012-06-30,sh.600322,天房发展
2012-06-25,2012-06-30,sh.600323,瀚蓝环境
2012-06-25,2012-06-30,sh.600325,华发股份
2012-06-25,2012-06-30,sh.600326,西藏天路
2012-06-25,2012-06-30,sh.600328,兰太实业
2012-06-25,2012-06-30,sh.600329,中新药业
2012-06-25,2012-06-30,sh.600330,天通股份
2012-06-25,2012-06-30,sh.600332,白云山
2012-06-25,2012-06-30,sh.600333,长春燃气
2012-06-25,2012-06-30,sh.600337,美克家居
2012-06-25,2012-06-30,sh.600339,中油工程
2012-06-25,2012-06-30,sh.600351,亚宝药业
2012-06-25,2012-06-30,sh.600359,新农开发
2012-06-25,2012-06-30,sh.600360,华微电子
2012-06-25,2012-06-30,sh.600361,华联综超
2012-06-25,2012-06-30,sh.600363,联创光电
2012-06-25,2012-06-30,sh.600366,宁波韵升
2012-06-25,2012-06-30,sh.600373,中文传媒
2012-06-25,2012-06-30,sh.600386,北巴传媒
2012-06-25,2012-06-30,sh.600387,海越能源
2012-06-25,2012-06-30,sh.600388,龙净环保
2012-06-25,2012-06-30,sh.600408,*ST安泰
2012-06-25,2012-06-30,sh.600409,三友化工
2012-06-25,2012-06-30,sh.600410,华胜天成
2012-06-25,2012-06-30,sh.600416,湘电股份
2012-06-25,2012-06-30,sh.600420,现代制药
2012-06-25,2012-06-30,sh.600423,*ST柳化
2012-06-25,2012-06-30,sh.600425,青松建化
2012-06-25,2012-06-30,sh.600426,华鲁恒升
2012-06-25,2012-06-30,sh.600429,三元股份
2012-06-25,2012-06-30,sh.600435,北方导航
2012-06-25,2012-06-30,sh.600436,片仔癀
2012-06-25,2012-06-30,sh.600438,通威股份
2012-06-25,2012-06-30,sh.600439,瑞贝卡
2012-06-25,2012-06-30,sh.600449,宁夏建材
2012-06-25,2012-06-30,sh.600458,时代新材
2012-06-25,2012-06-30,sh.600460,士兰微
2012-06-25,2012-06-30,sh.600467,好当家
2012-06-25,2012-06-30,sh.600468,百利电气
2012-06-25,2012-06-30,sh.600469,风神股份
2012-06-25,2012-06-30,sh.600475,华光股份
2012-06-25,2012-06-30,sh.600478,科力远
2012-06-25,2012-06-30,sh.600479,千金药业
2012-06-25,2012-06-30,sh.600480,凌云股份
2012-06-25,2012-06-30,sh.600482,中国动力
2012-06-25,2012-06-30,sh.600487,亨通光电
2012-06-25,2012-06-30,sh.600488,天药股份
2012-06-25,2012-06-30,sh.600491,龙元建设
2012-06-25,2012-06-30,sh.600496,精工钢构
2012-06-25,2012-06-30,sh.600499,科达洁能
2012-06-25,2012-06-30,sh.600501,航天晨光
2012-06-25,2012-06-30,sh.600503,华丽家族
2012-06-25,2012-06-30,sh.600507,方大特钢
2012-06-25,2012-06-30,sh.600509,天富能源
2012-06-25,2012-06-30,sh.600510,黑牡丹
2012-06-25,2012-06-30,sh.600511,国药股份
2012-06-25,2012-06-30,sh.600517,置信电气
2012-06-25,2012-06-30,sh.600521,华海药业
2012-06-25,2012-06-30,sh.600522,中天科技
2012-06-25,2012-06-30,sh.600523,贵航股份
2012-06-25,2012-06-30,sh.600525,长园集团
2012-06-25,2012-06-30,sh.600529,山东药玻
2012-06-25,2012-06-30,sh.600531,豫光金铅
2012-06-25,2012-06-30,sh.600533,栖霞建设
2012-06-25,2012-06-30,sh.600545,卓郎智能
2012-06-25,2012-06-30,sh.600557,康缘药业
2012-06-25,2012-06-30,sh.600563,法拉电子
2012-06-25,2012-06-30,sh.600569,安阳钢铁
2012-06-25,2012-06-30,sh.600570,恒生电子
2012-06-25,2012-06-30,sh.600572,康恩贝
2012-06-25,2012-06-30,sh.600575,皖江物流
2012-06-25,2012-06-30,sh.600580,卧龙电气
2012-06-25,2012-06-30,sh.600581,八一钢铁
2012-06-25,2012-06-30,sh.600584,长电科技
2012-06-25,2012-06-30,sh.600586,金晶科技
2012-06-25,2012-06-30,sh.600589,广东榕泰
2012-06-25,2012-06-30,sh.600590,泰豪科技
2012-06-25,2012-06-30,sh.600594,益佰制药
2012-06-25,2012-06-30,sh.600596,新安股份
2012-06-25,2012-06-30,sh.600597,光明乳业
2012-06-25,2012-06-30,sh.600601,方正科技
2012-06-25,2012-06-30,sh.600602,云赛智联
2012-06-25,2012-06-30,sh.600611,大众交通
2012-06-25,2012-06-30,sh.600616,金枫酒业
2012-06-25,2012-06-30,sh.600618,氯碱化工
2012-06-25,2012-06-30,sh.600622,光大嘉宝
2012-06-25,2012-06-30,sh.600623,华谊集团
2012-06-25,2012-06-30,sh.600628,新世界
2012-06-25,2012-06-30,sh.600636,三爱富
2012-06-25,2012-06-30,sh.600637,东方明珠
2012-06-25,2012-06-30,sh.600639,浦东金桥
2012-06-25,2012-06-30,sh.600641,万业企业
2012-06-25,2012-06-30,sh.600643,爱建集团
2012-06-25,2012-06-30,sh.600644,乐山电力
2012-06-25,2012-06-30,sh.600648,外高桥
2012-06-25,2012-06-30,sh.600651,飞乐音响
2012-06-25,2012-06-30,sh.600653,申华控股
2012-06-25,2012-06-30,sh.600654,ST中安
2012-06-25,2012-06-30,sh.600657,信达地产
2012-06-25,2012-06-30,sh.600662,强生控股
2012-06-25,2012-06-30,sh.600667,太极实业
2012-06-25,2012-06-30,sh.600673,东阳光科
2012-06-25,2012-06-30,sh.600675,中华企业
2012-06-25,2012-06-30,sh.600676,交运股份
2012-06-25,2012-06-30,sh.600683,京投发展
2012-06-25,2012-06-30,sh.600685,中船防务
2012-06-25,2012-06-30,sh.600686,金龙汽车
2012-06-25,2012-06-30,sh.600702,舍得酒业
2012-06-25,2012-06-30,sh.600704,物产中大
2012-06-25,2012-06-30,sh.600707,彩虹股份
2012-06-25,2012-06-30,sh.600710,苏美达
2012-06-25,2012-06-30,sh.600717,天津港
2012-06-25,2012-06-30,sh.600720,祁连山
2012-06-25,2012-06-30,sh.600723,首商股份
2012-06-25,2012-06-30,sh.600724,宁波富达
2012-06-25,2012-06-30,sh.600725,ST云维
2012-06-25,2012-06-30,sh.600736,苏州高新
2012-06-25,2012-06-30,sh.600743,华远地产
2012-06-25,2012-06-30,sh.600747,ST大控
2012-06-25,2012-06-30,sh.600748,上实发展
2012-06-25,2012-06-30,sh.600750,江中药业
2012-06-25,2012-06-30,sh.600754,锦江股份
2012-06-25,2012-06-30,sh.600755,厦门国贸
2012-06-25,2012-06-30,sh.600759,洲际油气
2012-06-25,2012-06-30,sh.600761,安徽合力
2012-06-25,2012-06-30,sh.600765,中航重机
2012-06-25,2012-06-30,sh.600773,西藏城投
2012-06-25,2012-06-30,sh.600776,东方通信
2012-06-25,2012-06-30,sh.600780,通宝能源
2012-06-25,2012-06-30,sh.600782,新钢股份
2012-06-25,2012-06-30,sh.600787,中储股份
2012-06-25,2012-06-30,sh.600789,鲁抗医药
2012-06-25,2012-06-30,sh.600790,轻纺城
2012-06-25,2012-06-30,sh.600797,浙大网新
2012-06-25,2012-06-30,sh.600801,华新水泥
2012-06-25,2012-06-30,sh.600805,悦达投资
2012-06-25,2012-06-30,sh.600806,退市昆机
2012-06-25,2012-06-30,sh.600810,神马股份
2012-06-25,2012-06-30,sh.600815,厦工股份
2012-06-25,2012-06-30,sh.600816,安信信托
2012-06-25,2012-06-30,sh.600819,耀皮玻璃
2012-06-25,2012-06-30,sh.600820,隧道股份
2012-06-25,2012-06-30,sh.600824,益民集团
2012-06-25,2012-06-30,sh.600825,新华传媒
2012-06-25,2012-06-30,sh.600827,百联股份
2012-06-25,2012-06-30,sh.600829,人民同泰
2012-06-25,2012-06-30,sh.600830,香溢融通
2012-06-25,2012-06-30,sh.600831,广电网络
2012-06-25,2012-06-30,sh.600834,申通地铁
2012-06-25,2012-06-30,sh.600835,上海机电
2012-06-25,2012-06-30,sh.600844,丹化科技
2012-06-25,2012-06-30,sh.600846,同济科技
2012-06-25,2012-06-30,sh.600851,海欣股份
2012-06-25,2012-06-30,sh.600858,银座股份
2012-06-25,2012-06-30,sh.600864,哈投股份
2012-06-25,2012-06-30,sh.600866,星湖科技
2012-06-25,2012-06-30,sh.600867,通化东宝
2012-06-25,2012-06-30,sh.600869,智慧能源
2012-06-25,2012-06-30,sh.600872,中炬高新
2012-06-25,2012-06-30,sh.600874,创业环保
2012-06-25,2012-06-30,sh.600877,ST嘉陵
2012-06-25,2012-06-30,sh.600880,博瑞传播
2012-06-25,2012-06-30,sh.600884,杉杉股份
2012-06-25,2012-06-30,sh.600888,新疆众和
2012-06-25,2012-06-30,sh.600961,株冶集团
2012-06-25,2012-06-30,sh.600963,岳阳林纸
2012-06-25,2012-06-30,sh.600966,博汇纸业
2012-06-25,2012-06-30,sh.600978,宜华生活
2012-06-25,2012-06-30,sh.600983,惠而浦
2012-06-25,2012-06-30,sh.600993,马应龙
2012-06-25,2012-06-30,sh.600995,文山电力
2012-06-25,2012-06-30,sh.601000,唐山港
2012-06-25,2012-06-30,sh.601002,晋亿实业
2012-06-25,2012-06-30,sh.601003,柳钢股份
2012-06-25,2012-06-30,sh.601010,文峰股份
2012-06-25,2012-06-30,sh.601011,宝泰隆
2012-06-25,2012-06-30,sh.601107,四川成渝
2012-06-25,2012-06-30,sh.601126,四方股份
2012-06-25,2012-06-30,sh.601208,东材科技
2012-06-25,2012-06-30,sh.601311,骆驼股份
2012-06-25,2012-06-30,sh.601566,九牧王
2012-06-25,2012-06-30,sh.601588,北辰实业
2012-06-25,2012-06-30,sh.601678,滨化股份
2012-06-25,2012-06-30,sh.601777,力帆股份
2012-06-25,2012-06-30,sh.601801,皖新传媒
2012-06-25,2012-06-30,sh.601880,大连港
2012-06-25,2012-06-30,sh.601999,出版传媒
2012-06-25,2012-06-30,sz.000006,深振业A
2012-06-25,2012-06-30,sz.000028,国药一致
2012-06-25,2012-06-30,sz.000029,深深房A
2012-06-25,2012-06-30,sz.000031,中粮地产
2012-06-25,2012-06-30,sz.000042,中洲控股
2012-06-25,2012-06-30,sz.000050,深天马A
2012-06-25,2012-06-30,sz.000066,中国长城
2012-06-25,2012-06-30,sz.000078,海王生物
2012-06-25,2012-06-30,sz.000088,盐田港
2012-06-25,2012-06-30,sz.000089,深圳机场
2012-06-25,2012-06-30,sz.000090,天健集团
2012-06-25,2012-06-30,sz.000099,中信海直
2012-06-25,2012-06-30,sz.000158,常山北明
2012-06-25,2012-06-30,sz.000159,国际实业
2012-06-25,2012-06-30,sz.000301,东方盛虹
2012-06-25,2012-06-30,sz.000400,许继电气
2012-06-25,2012-06-30,sz.000407,胜利股份
2012-06-25,2012-06-30,sz.000410,沈阳机床
2012-06-25,2012-06-30,sz.000417,合肥百货
2012-06-25,2012-06-30,sz.000418,小天鹅A
2012-06-25,2012-06-30,sz.000426,兴业矿业
2012-06-25,2012-06-30,sz.000428,华天酒店
2012-06-25,2012-06-30,sz.000488,晨鸣纸业
2012-06-25,2012-06-30,sz.000501,鄂武商A
2012-06-25,2012-06-30,sz.000503,国新健康
2012-06-25,2012-06-30,sz.000506,中润资源
2012-06-25,2012-06-30,sz.000510,金路集团
2012-06-25,2012-06-30,sz.000511,烯碳退
2012-06-25,2012-06-30,sz.000513,丽珠集团
2012-06-25,2012-06-30,sz.000514,渝开发
2012-06-25,2012-06-30,sz.000517,荣安地产
2012-06-25,2012-06-30,sz.000518,四环生物
2012-06-25,2012-06-30,sz.000522,白云山A
2012-06-25,2012-06-30,sz.000525,红太阳
2012-06-25,2012-06-30,sz.000533,万家乐
2012-06-25,2012-06-30,sz.000537,广宇发展
2012-06-25,2012-06-30,sz.000539,粤电力A
2012-06-25,2012-06-30,sz.000540,中天金融
2012-06-25,2012-06-30,sz.000541,佛山照明
2012-06-25,2012-06-30,sz.000543,皖能电力
2012-06-25,2012-06-30,sz.000550,江铃汽车
2012-06-25,2012-06-30,sz.000554,泰山石油
2012-06-25,2012-06-30,sz.000563,陕国投A
2012-06-25,2012-06-30,sz.000571,新大洲A
2012-06-25,2012-06-30,sz.000572,海马汽车
2012-06-25,2012-06-30,sz.000594,国恒退
2012-06-25,2012-06-30,sz.000597,东北制药
2012-06-25,2012-06-30,sz.000598,兴蓉环境
2012-06-25,2012-06-30,sz.000601,韶能股份
2012-06-25,2012-06-30,sz.000608,阳光股份
2012-06-25,2012-06-30,sz.000612,焦作万方
2012-06-25,2012-06-30,sz.000616,海航投资
2012-06-25,2012-06-30,sz.000617,中油资本
2012-06-25,2012-06-30,sz.000620,新华联
2012-06-25,2012-06-30,sz.000627,天茂集团
2012-06-25,2012-06-30,sz.000631,顺发恒业
2012-06-25,2012-06-30,sz.000636,风华高科
2012-06-25,2012-06-30,sz.000650,仁和药业
2012-06-25,2012-06-30,sz.000652,泰达股份
2012-06-25,2012-06-30,sz.000655,*ST金岭
2012-06-25,2012-06-30,sz.000659,珠海中富
2012-06-25,2012-06-30,sz.000667,美好置业
2012-06-25,2012-06-30,sz.000682,东方电子
2012-06-25,2012-06-30,sz.000683,远兴能源
2012-06-25,2012-06-30,sz.000685,中山公用
2012-06-25,2012-06-30,sz.000687,华讯方舟
2012-06-25,2012-06-30,sz.000690,宝新能源
2012-06-25,2012-06-30,sz.000698,沈阳化工
2012-06-25,2012-06-30,sz.000708,大冶特钢
2012-06-25,2012-06-30,sz.000712,锦龙股份
2012-06-25,2012-06-30,sz.000713,丰乐种业
2012-06-25,2012-06-30,sz.000717,韶钢松山
2012-06-25,2012-06-30,sz.000726,鲁泰A
2012-06-25,2012-06-30,sz.000732,泰禾集团
2012-06-25,2012-06-30,sz.000735,罗牛山
2012-06-25,2012-06-30,sz.000738,航发控制
2012-06-25,2012-06-30,sz.000751,锌业股份
2012-06-25,2012-06-30,sz.000755,*ST三维
2012-06-25,2012-06-30,sz.000759,中百集团
2012-06-25,2012-06-30,sz.000762,西藏矿业
2012-06-25,2012-06-30,sz.000767,漳泽电力
2012-06-25,2012-06-30,sz.000777,中核科技
2012-06-25,2012-06-30,sz.000786,北新建材
2012-06-25,2012-06-30,sz.000793,华闻传媒
2012-06-25,2012-06-30,sz.000799,酒鬼酒
2012-06-25,2012-06-30,sz.000816,*ST慧业
2012-06-25,2012-06-30,sz.000822,山东海化
2012-06-25,2012-06-30,sz.000823,超声电子
2012-06-25,2012-06-30,sz.000826,启迪桑德
2012-06-25,2012-06-30,sz.000830,鲁西化工
2012-06-25,2012-06-30,sz.000837,秦川机床
2012-06-25,2012-06-30,sz.000848,承德露露
2012-06-25,2012-06-30,sz.000850,华茂股份
2012-06-25,2012-06-30,sz.000852,石化机械
2012-06-25,2012-06-30,sz.000860,顺鑫农业
2012-06-25,2012-06-30,sz.000861,海印股份
2012-06-25,2012-06-30,sz.000875,吉电股份
2012-06-25,2012-06-30,sz.000877,天山股份
2012-06-25,2012-06-30,sz.000886,海南高速
2012-06-25,2012-06-30,sz.000887,中鼎股份
2012-06-25,2012-06-30,sz.000893,*ST东凌
2012-06-25,2012-06-30,sz.000897,津滨发展
2012-06-25,2012-06-30,sz.000899,赣能股份
2012-06-25,2012-06-30,sz.000900,现代投资
2012-06-25,2012-06-30,sz.000903,云内动力
2012-06-25,2012-06-30,sz.000905,厦门港务
2012-06-25,2012-06-30,sz.000910,大亚圣象
2012-06-25,2012-06-30,sz.000911,南宁糖业
2012-06-25,2012-06-30,sz.000912,*ST天化
2012-06-25,2012-06-30,sz.000917,电广传媒
2012-06-25,2012-06-30,sz.000919,金陵药业
2012-06-25,2012-06-30,sz.000925,众合科技
2012-06-25,2012-06-30,sz.000926,福星股份
2012-06-25,2012-06-30,sz.000927,一汽夏利
2012-06-25,2012-06-30,sz.000930,中粮生化
2012-06-25,2012-06-30,sz.000931,中关村
2012-06-25,2012-06-30,sz.000936,华西股份
2012-06-25,2012-06-30,sz.000939,*ST凯迪
2012-06-25,2012-06-30,sz.000949,新乡化纤
2012-06-25,2012-06-30,sz.000950,重药控股
2012-06-25,2012-06-30,sz.000951,中国重汽
2012-06-25,2012-06-30,sz.000962,东方钽业
2012-06-25,2012-06-30,sz.000963,华东医药
2012-06-25,2012-06-30,sz.000970,中科三环
2012-06-25,2012-06-30,sz.000972,*ST中基
2012-06-25,2012-06-30,sz.000973,佛塑科技
2012-06-25,2012-06-30,sz.000975,银泰资源
2012-06-25,2012-06-30,sz.000979,中弘股份
2012-06-25,2012-06-30,sz.000987,越秀金控
2012-06-25,2012-06-30,sz.000988,华工科技
2012-06-25,2012-06-30,sz.000989,九芝堂
2012-06-25,2012-06-30,sz.000996,中国中期
2012-06-25,2012-06-30,sz.000997,新大陆
2012-06-25,2012-06-30,sz.000998,隆平高科
2012-06-25,2012-06-30,sz.001696,宗申动力
2012-06-25,2012-06-30,sz.002005,德豪润达
2012-06-25,2012-06-30,sz.002006,精功科技
2012-06-25,2012-06-30,sz.002008,大族激光
2012-06-25,2012-06-30,sz.002011,盾安环境
2012-06-25,2012-06-30,sz.002022,科华生物
2012-06-25,2012-06-30,sz.002025,航天电器
2012-06-25,2012-06-30,sz.002028,思源电气
2012-06-25,2012-06-30,sz.002029,七匹狼
2012-06-25,2012-06-30,sz.002041,登海种业
2012-06-25,2012-06-30,sz.002048,宁波华翔
2012-06-25,2012-06-30,sz.002051,中工国际
2012-06-25,2012-06-30,sz.002056,横店东磁
2012-06-25,2012-06-30,sz.002062,宏润建设
2012-06-25,2012-06-30,sz.002064,华峰氨纶
2012-06-25,2012-06-30,sz.002065,东华软件
2012-06-25,2012-06-30,sz.002075,沙钢股份
2012-06-25,2012-06-30,sz.002078,太阳纸业
2012-06-25,2012-06-30,sz.002083,孚日股份
2012-06-25,2012-06-30,sz.002091,江苏国泰
2012-06-25,2012-06-30,sz.002097,山河智能
2012-06-25,2012-06-30,sz.002109,兴化股份
2012-06-25,2012-06-30,sz.002110,三钢闽光
2012-06-25,2012-06-30,sz.002121,科陆电子
2012-06-25,2012-06-30,sz.002123,梦网集团
2012-06-25,2012-06-30,sz.002129,中环股份
2012-06-25,2012-06-30,sz.002140,东华科技
2012-06-25,2012-06-30,sz.002154,报喜鸟
2012-06-25,2012-06-30,sz.002161,远望谷
2012-06-25,2012-06-30,sz.002168,深圳惠程
2012-06-25,2012-06-30,sz.002172,澳洋健康
2012-06-25,2012-06-30,sz.002179,中航光电
2012-06-25,2012-06-30,sz.002181,粤传媒
2012-06-25,2012-06-30,sz.002183,怡亚通
2012-06-25,2012-06-30,sz.002191,劲嘉股份
2012-06-25,2012-06-30,sz.002194,*ST凡谷
2012-06-25,2012-06-30,sz.002218,拓日新能
2012-06-25,2012-06-30,sz.002223,鱼跃医疗
2012-06-25,2012-06-30,sz.002225,濮耐股份
2012-06-25,2012-06-30,sz.002230,科大讯飞
2012-06-25,2012-06-30,sz.002232,启明信息
2012-06-25,2012-06-30,sz.002233,塔牌集团
2012-06-25,2012-06-30,sz.002236,大华股份
2012-06-25,2012-06-30,sz.002237,恒邦股份
2012-06-25,2012-06-30,sz.002238,天威视讯
2012-06-25,2012-06-30,sz.002242,九阳股份
2012-06-25,2012-06-30,sz.002249,大洋电机
2012-06-25,2012-06-30,sz.002250,联化科技
2012-06-25,2012-06-30,sz.002252,上海莱士
2012-06-25,2012-06-30,sz.002254,泰和新材
2012-06-25,2012-06-30,sz.002267,陕天然气
2012-06-25,2012-06-30,sz.002276,万马股份
2012-06-25,2012-06-30,sz.002277,友阿股份
2012-06-25,2012-06-30,sz.002281,光迅科技
2012-06-25,2012-06-30,sz.002285,世联行
2012-06-25,2012-06-30,sz.002292,奥飞娱乐
2012-06-25,2012-06-30,sz.002306,*ST云网
2012-06-25,2012-06-30,sz.002308,威创股份
2012-06-25,2012-06-30,sz.002309,中利集团
2012-06-25,2012-06-30,sz.002315,焦点科技
2012-06-25,2012-06-30,sz.002320,海峡股份
2012-06-25,2012-06-30,sz.002326,永太科技
2012-06-25,2012-06-30,sz.002332,仙琚制药
2012-06-25,2012-06-30,sz.002336,人人乐
2012-06-25,2012-06-30,sz.002340,格林美
2012-06-25,2012-06-30,sz.002342,巨力索具
2012-06-25,2012-06-30,sz.002345,潮宏基
2012-06-25,2012-06-30,sz.002362,汉王科技
2012-06-25,2012-06-30,sz.002383,合众思壮
2012-06-25,2012-06-30,sz.002384,东山精密
2012-06-25,2012-06-30,sz.002386,天原集团
2012-06-25,2012-06-30,sz.002393,力生制药
2012-06-25,2012-06-30,sz.002408,齐翔腾达
2012-06-25,2012-06-30,sz.002410,广联达
2012-06-25,2012-06-30,sz.002414,高德红外
2012-06-25,2012-06-30,sz.002424,贵州百灵
2012-06-25,2012-06-30,sz.002428,云南锗业
2012-06-25,2012-06-30,sz.002429,兆驰股份
2012-06-25,2012-06-30,sz.002430,杭氧股份
2012-06-25,2012-06-30,sz.002437,誉衡药业
2012-06-25,2012-06-30,sz.002440,闰土股份
2012-06-25,2012-06-30,sz.002444,巨星科技
2012-06-25,2012-06-30,sz.002449,国星光电
2012-06-25,2012-06-30,sz.002461,珠江啤酒
2012-06-25,2012-06-30,sz.002465,海格通信
2012-06-25,2012-06-30,sz.002470,金正大
2012-06-25,2012-06-30,sz.002475,立讯精密
2012-06-25,2012-06-30,sz.002477,雏鹰农牧
2012-06-25,2012-06-30,sz.002479,富春环保
2012-06-25,2012-06-30,sz.002480,新筑股份
2012-06-25,2012-06-30,sz.002482,广田集团
2012-06-25,2012-06-30,sz.002489,浙江永强
2012-06-25,2012-06-30,sz.002506,协鑫集成
2012-06-25,2012-06-30,sz.002534,杭锅股份
2012-06-25,2012-06-30,sz.002585,双星新材
2012-06-25,2012-06-30,sz.002601,龙蟒佰利
2012-12-31,2012-12-31,sh.600004,白云机场
2012-12-31,2012-12-31,sh.600008,首创股份
2012-12-31,2012-12-31,sh.600017,日照港
2012-12-31,2012-12-31,sh.600021,上海电力
2012-12-31,2012-12-31,sh.600033,福建高速
2012-12-31,2012-12-31,sh.600038,中直股份
2012-12-31,2012-12-31,sh.600054,黄山旅游
2012-12-31,2012-12-31,sh.600056,中国医药
2012-12-31,2012-12-31,sh.600059,古越龙山
2012-12-31,2012-12-31,sh.600061,国投资本
2012-12-31,2012-12-31,sh.600063,皖维高新
2012-12-31,2012-12-31,sh.600064,南京高科
2012-12-31,2012-12-31,sh.600067,冠城大通
2012-12-31,2012-12-31,sh.600069,银鸽投资
2012-12-31,2012-12-31,sh.600072,中船科技
2012-12-31,2012-12-31,sh.600073,上海梅林
2012-12-31,2012-12-31,sh.600075,新疆天业
2012-12-31,2012-12-31,sh.600078,澄星股份
2012-12-31,2012-12-31,sh.600079,人福医药
2012-12-31,2012-12-31,sh.600086,东方金钰
2012-12-31,2012-12-31,sh.600088,中视传媒
2012-12-31,2012-12-31,sh.600103,青山纸业
2012-12-31,2012-12-31,sh.600106,重庆路桥
2012-12-31,2012-12-31,sh.600107,美尔雅
2012-12-31,2012-12-31,sh.600110,诺德股份
2012-12-31,2012-12-31,sh.600112,天成控股
2012-12-31,2012-12-31,sh.600117,西宁特钢
2012-12-31,2012-12-31,sh.600121,郑州煤电
2012-12-31,2012-12-31,sh.600122,宏图高科
2012-12-31,2012-12-31,sh.600127,金健米业
2012-12-31,2012-12-31,sh.600138,中青旅
2012-12-31,2012-12-31,sh.600139,西部资源
2012-12-31,2012-12-31,sh.600141,兴发集团
2012-12-31,2012-12-31,sh.600151,航天机电
2012-12-31,2012-12-31,sh.600157,永泰能源
2012-12-31,2012-12-31,sh.600158,中体产业
2012-12-31,2012-12-31,sh.600161,天坛生物
2012-12-31,2012-12-31,sh.600162,香江控股
2012-12-31,2012-12-31,sh.600163,中闽能源
2012-12-31,2012-12-31,sh.600171,上海贝岭
2012-12-31,2012-12-31,sh.600176,中国巨石
2012-12-31,2012-12-31,sh.600178,东安动力
2012-12-31,2012-12-31,sh.600184,光电股份
2012-12-31,2012-12-31,sh.600195,中牧股份
2012-12-31,2012-12-31,sh.600197,伊力特
2012-12-31,2012-12-31,sh.600198,*ST大唐
2012-12-31,2012-12-31,sh.600199,金种子酒
2012-12-31,2012-12-31,sh.600200,江苏吴中
2012-12-31,2012-12-31,sh.600210,紫江企业
2012-12-31,2012-12-31,sh.600220,江苏阳光
2012-12-31,2012-12-31,sh.600223,鲁商置业
2012-12-31,2012-12-31,sh.600226,瀚叶股份
2012-12-31,2012-12-31,sh.600227,圣济堂
2012-12-31,2012-12-31,sh.600231,凌钢股份
2012-12-31,2012-12-31,sh.600236,桂冠电力
2012-12-31,2012-12-31,sh.600239,云南城投
2012-12-31,2012-12-31,sh.600240,华业资本
2012-12-31,2012-12-31,sh.600246,万通地产
2012-12-31,2012-12-31,sh.600251,冠农股份
2012-12-31,2012-12-31,sh.600258,首旅酒店
2012-12-31,2012-12-31,sh.600261,阳光照明
2012-12-31,2012-12-31,sh.600268,国电南自
2012-12-31,2012-12-31,sh.600269,赣粤高速
2012-12-31,2012-12-31,sh.600270,外运发展
2012-12-31,2012-12-31,sh.600277,亿利洁能
2012-12-31,2012-12-31,sh.600284,浦东建设
2012-12-31,2012-12-31,sh.600287,江苏舜天
2012-12-31,2012-12-31,sh.600288,大恒科技
2012-12-31,2012-12-31,sh.600289,*ST信通
2012-12-31,2012-12-31,sh.600290,华仪电气
2012-12-31,2012-12-31,sh.600292,远达环保
2012-12-31,2012-12-31,sh.600293,三峡新材
2012-12-31,2012-12-31,sh.600295,鄂尔多斯
2012-12-31,2012-12-31,sh.600298,安琪酵母
2012-12-31,2012-12-31,sh.600300,维维股份
2012-12-31,2012-12-31,sh.600308,华泰股份
2012-12-31,2012-12-31,sh.600311,荣华实业
2012-12-31,2012-12-31,sh.600312,平高电气
2012-12-31,2012-12-31,sh.600322,天房发展
2012-12-31,2012-12-31,sh.600325,华发股份
2012-12-31,2012-12-31,sh.600326,西藏天路
2012-12-31,2012-12-31,sh.600328,兰太实业
2012-12-31,2012-12-31,sh.600329,中新药业
2012-12-31,2012-12-31,sh.600330,天通股份
2012-12-31,2012-12-31,sh.600332,白云山
2012-12-31,2012-12-31,sh.600333,长春燃气
2012-12-31,2012-12-31,sh.600337,美克家居
2012-12-31,2012-12-31,sh.600339,中油工程
2012-12-31,2012-12-31,sh.600340,华夏幸福
2012-12-31,2012-12-31,sh.600351,亚宝药业
2012-12-31,2012-12-31,sh.600360,华微电子
2012-12-31,2012-12-31,sh.600366,宁波韵升
2012-12-31,2012-12-31,sh.600373,中文传媒
2012-12-31,2012-12-31,sh.600380,健康元
2012-12-31,2012-12-31,sh.600386,北巴传媒
2012-12-31,2012-12-31,sh.600387,海越能源
2012-12-31,2012-12-31,sh.600388,龙净环保
2012-12-31,2012-12-31,sh.600408,*ST安泰
2012-12-31,2012-12-31,sh.600409,三友化工
2012-12-31,2012-12-31,sh.600410,华胜天成
2012-12-31,2012-12-31,sh.600416,湘电股份
2012-12-31,2012-12-31,sh.600425,青松建化
2012-12-31,2012-12-31,sh.600426,华鲁恒升
2012-12-31,2012-12-31,sh.600428,中远海特
2012-12-31,2012-12-31,sh.600429,三元股份
2012-12-31,2012-12-31,sh.600435,北方导航
2012-12-31,2012-12-31,sh.600436,片仔癀
2012-12-31,2012-12-31,sh.600438,通威股份
2012-12-31,2012-12-31,sh.600439,瑞贝卡
2012-12-31,2012-12-31,sh.600449,宁夏建材
2012-12-31,2012-12-31,sh.600458,时代新材
2012-12-31,2012-12-31,sh.600460,士兰微
2012-12-31,2012-12-31,sh.600467,好当家
2012-12-31,2012-12-31,sh.600468,百利电气
2012-12-31,2012-12-31,sh.600469,风神股份
2012-12-31,2012-12-31,sh.600475,华光股份
2012-12-31,2012-12-31,sh.600478,科力远
2012-12-31,2012-12-31,sh.600479,千金药业
2012-12-31,2012-12-31,sh.600480,凌云股份
2012-12-31,2012-12-31,sh.600481,双良节能
2012-12-31,2012-12-31,sh.600482,中国动力
2012-12-31,2012-12-31,sh.600487,亨通光电
2012-12-31,2012-12-31,sh.600488,天药股份
2012-12-31,2012-12-31,sh.600491,龙元建设
2012-12-31,2012-12-31,sh.600496,精工钢构
2012-12-31,2012-12-31,sh.600499,科达洁能
2012-12-31,2012-12-31,sh.600501,航天晨光
2012-12-31,2012-12-31,sh.600503,华丽家族
2012-12-31,2012-12-31,sh.600507,方大特钢
2012-12-31,2012-12-31,sh.600509,天富能源
2012-12-31,2012-12-31,sh.600510,黑牡丹
2012-12-31,2012-12-31,sh.600511,国药股份
2012-12-31,2012-12-31,sh.600517,置信电气
2012-12-31,2012-12-31,sh.600521,华海药业
2012-12-31,2012-12-31,sh.600522,中天科技
2012-12-31,2012-12-31,sh.600523,贵航股份
2012-12-31,2012-12-31,sh.600525,长园集团
2012-12-31,2012-12-31,sh.600531,豫光金铅
2012-12-31,2012-12-31,sh.600533,栖霞建设
2012-12-31,2012-12-31,sh.600537,亿晶光电
2012-12-31,2012-12-31,sh.600545,卓郎智能
2012-12-31,2012-12-31,sh.600551,时代出版
2012-12-31,2012-12-31,sh.600557,康缘药业
2012-12-31,2012-12-31,sh.600563,法拉电子
2012-12-31,2012-12-31,sh.600569,安阳钢铁
2012-12-31,2012-12-31,sh.600570,恒生电子
2012-12-31,2012-12-31,sh.600572,康恩贝
2012-12-31,2012-12-31,sh.600575,皖江物流
2012-12-31,2012-12-31,sh.600578,京能电力
2012-12-31,2012-12-31,sh.600580,卧龙电气
2012-12-31,2012-12-31,sh.600581,八一钢铁
2012-12-31,2012-12-31,sh.600584,长电科技
2012-12-31,2012-12-31,sh.600586,金晶科技
2012-12-31,2012-12-31,sh.600589,广东榕泰
2012-12-31,2012-12-31,sh.600590,泰豪科技
2012-12-31,2012-12-31,sh.600594,益佰制药
2012-12-31,2012-12-31,sh.600596,新安股份
2012-12-31,2012-12-31,sh.600597,光明乳业
2012-12-31,2012-12-31,sh.600601,方正科技
2012-12-31,2012-12-31,sh.600602,云赛智联
2012-12-31,2012-12-31,sh.600611,大众交通
2012-12-31,2012-12-31,sh.600612,老凤祥
2012-12-31,2012-12-31,sh.600616,金枫酒业
2012-12-31,2012-12-31,sh.600618,氯碱化工
2012-12-31,2012-12-31,sh.600622,光大嘉宝
2012-12-31,2012-12-31,sh.600623,华谊集团
2012-12-31,2012-12-31,sh.600628,新世界
2012-12-31,2012-12-31,sh.600633,浙数文化
2012-12-31,2012-12-31,sh.600635,大众公用
2012-12-31,2012-12-31,sh.600636,三爱富
2012-12-31,2012-12-31,sh.600637,东方明珠
2012-12-31,2012-12-31,sh.600639,浦东金桥
2012-12-31,2012-12-31,sh.600641,万业企业
2012-12-31,2012-12-31,sh.600643,爱建集团
2012-12-31,2012-12-31,sh.600644,乐山电力
2012-12-31,2012-12-31,sh.600651,飞乐音响
2012-12-31,2012-12-31,sh.600653,申华控股
2012-12-31,2012-12-31,sh.600654,ST中安
2012-12-31,2012-12-31,sh.600657,信达地产
2012-12-31,2012-12-31,sh.600662,强生控股
2012-12-31,2012-12-31,sh.600673,东阳光科
2012-12-31,2012-12-31,sh.600675,中华企业
2012-12-31,2012-12-31,sh.600676,交运股份
2012-12-31,2012-12-31,sh.600683,京投发展
2012-12-31,2012-12-31,sh.600685,中船防务
2012-12-31,2012-12-31,sh.600702,舍得酒业
2012-12-31,2012-12-31,sh.600704,物产中大
2012-12-31,2012-12-31,sh.600707,彩虹股份
2012-12-31,2012-12-31,sh.600710,苏美达
2012-12-31,2012-12-31,sh.600717,天津港
2012-12-31,2012-12-31,sh.600720,祁连山
2012-12-31,2012-12-31,sh.600723,首商股份
2012-12-31,2012-12-31,sh.600724,宁波富达
2012-12-31,2012-12-31,sh.600725,ST云维
2012-12-31,2012-12-31,sh.600736,苏州高新
2012-12-31,2012-12-31,sh.600737,中粮糖业
2012-12-31,2012-12-31,sh.600740,山西焦化
2012-12-31,2012-12-31,sh.600743,华远地产
2012-12-31,2012-12-31,sh.600747,ST大控
2012-12-31,2012-12-31,sh.600748,上实发展
2012-12-31,2012-12-31,sh.600750,江中药业
2012-12-31,2012-12-31,sh.600755,厦门国贸
2012-12-31,2012-12-31,sh.600759,洲际油气
2012-12-31,2012-12-31,sh.600761,安徽合力
2012-12-31,2012-12-31,sh.600765,中航重机
2012-12-31,2012-12-31,sh.600773,西藏城投
2012-12-31,2012-12-31,sh.600776,东方通信
2012-12-31,2012-12-31,sh.600780,通宝能源
2012-12-31,2012-12-31,sh.600782,新钢股份
2012-12-31,2012-12-31,sh.600787,中储股份
2012-12-31,2012-12-31,sh.600789,鲁抗医药
2012-12-31,2012-12-31,sh.600790,轻纺城
2012-12-31,2012-12-31,sh.600797,浙大网新
2012-12-31,2012-12-31,sh.600801,华新水泥
2012-12-31,2012-12-31,sh.600805,悦达投资
2012-12-31,2012-12-31,sh.600810,神马股份
2012-12-31,2012-12-31,sh.600815,厦工股份
2012-12-31,2012-12-31,sh.600816,安信信托
2012-12-31,2012-12-31,sh.600819,耀皮玻璃
2012-12-31,2012-12-31,sh.600820,隧道股份
2012-12-31,2012-12-31,sh.600824,益民集团
2012-12-31,2012-12-31,sh.600825,新华传媒
2012-12-31,2012-12-31,sh.600829,人民同泰
2012-12-31,2012-12-31,sh.600830,香溢融通
2012-12-31,2012-12-31,sh.600831,广电网络
2012-12-31,2012-12-31,sh.600835,上海机电
2012-12-31,2012-12-31,sh.600844,丹化科技
2012-12-31,2012-12-31,sh.600851,海欣股份
2012-12-31,2012-12-31,sh.600858,银座股份
2012-12-31,2012-12-31,sh.600864,哈投股份
2012-12-31,2012-12-31,sh.600866,星湖科技
2012-12-31,2012-12-31,sh.600867,通化东宝
2012-12-31,2012-12-31,sh.600869,智慧能源
2012-12-31,2012-12-31,sh.600872,中炬高新
2012-12-31,2012-12-31,sh.600874,创业环保
2012-12-31,2012-12-31,sh.600879,航天电子
2012-12-31,2012-12-31,sh.600880,博瑞传播
2012-12-31,2012-12-31,sh.600884,杉杉股份
2012-12-31,2012-12-31,sh.600888,新疆众和
2012-12-31,2012-12-31,sh.600961,株冶集团
2012-12-31,2012-12-31,sh.600963,岳阳林纸
2012-12-31,2012-12-31,sh.600978,宜华生活
2012-12-31,2012-12-31,sh.600983,惠而浦
2012-12-31,2012-12-31,sh.600993,马应龙
2012-12-31,2012-12-31,sh.600995,文山电力
2012-12-31,2012-12-31,sh.601000,唐山港
2012-12-31,2012-12-31,sh.601002,晋亿实业
2012-12-31,2012-12-31,sh.601010,文峰股份
2012-12-31,2012-12-31,sh.601011,宝泰隆
2012-12-31,2012-12-31,sh.601100,恒立液压
2012-12-31,2012-12-31,sh.601107,四川成渝
2012-12-31,2012-12-31,sh.601126,四方股份
2012-12-31,2012-12-31,sh.601208,东材科技
2012-12-31,2012-12-31,sh.601311,骆驼股份
2012-12-31,2012-12-31,sh.601519,大智慧
2012-12-31,2012-12-31,sh.601588,北辰实业
2012-12-31,2012-12-31,sh.601616,广电电气
2012-12-31,2012-12-31,sh.601636,旗滨集团
2012-12-31,2012-12-31,sh.601678,滨化股份
2012-12-31,2012-12-31,sh.601777,力帆股份
2012-12-31,2012-12-31,sh.601801,皖新传媒
2012-12-31,2012-12-31,sh.601880,大连港
2012-12-31,2012-12-31,sh.601886,江河集团
2012-12-31,2012-12-31,sh.601908,京运通
2012-12-31,2012-12-31,sh.601999,出版传媒
2012-12-31,2012-12-31,sz.000006,深振业A
2012-12-31,2012-12-31,sz.000028,国药一致
2012-12-31,2012-12-31,sz.000029,深深房A
2012-12-31,2012-12-31,sz.000031,中粮地产
2012-12-31,2012-12-31,sz.000042,中洲控股
2012-12-31,2012-12-31,sz.000050,深天马A
2012-12-31,2012-12-31,sz.000066,中国长城
2012-12-31,2012-12-31,sz.000078,海王生物
2012-12-31,2012-12-31,sz.000088,盐田港
2012-12-31,2012-12-31,sz.000090,天健集团
2012-12-31,2012-12-31,sz.000099,中信海直
2012-12-31,2012-12-31,sz.000158,常山北明
2012-12-31,2012-12-31,sz.000159,国际实业
2012-12-31,2012-12-31,sz.000301,东方盛虹
2012-12-31,2012-12-31,sz.000400,许继电气
2012-12-31,2012-12-31,sz.000410,沈阳机床
2012-12-31,2012-12-31,sz.000415,渤海金控
2012-12-31,2012-12-31,sz.000417,合肥百货
2012-12-31,2012-12-31,sz.000418,小天鹅A
2012-12-31,2012-12-31,sz.000426,兴业矿业
2012-12-31,2012-12-31,sz.000428,华天酒店
2012-12-31,2012-12-31,sz.000488,晨鸣纸业
2012-12-31,2012-12-31,sz.000501,鄂武商A
2012-12-31,2012-12-31,sz.000503,国新健康
2012-12-31,2012-12-31,sz.000506,中润资源
2012-12-31,2012-12-31,sz.000510,金路集团
2012-12-31,2012-12-31,sz.000511,烯碳退
2012-12-31,2012-12-31,sz.000513,丽珠集团
2012-12-31,2012-12-31,sz.000514,渝开发
2012-12-31,2012-12-31,sz.000517,荣安地产
2012-12-31,2012-12-31,sz.000518,四环生物
2012-12-31,2012-12-31,sz.000522,白云山A
2012-12-31,2012-12-31,sz.000525,红太阳
2012-12-31,2012-12-31,sz.000533,万家乐
2012-12-31,2012-12-31,sz.000539,粤电力A
2012-12-31,2012-12-31,sz.000540,中天金融
2012-12-31,2012-12-31,sz.000541,佛山照明
2012-12-31,2012-12-31,sz.000543,皖能电力
2012-12-31,2012-12-31,sz.000550,江铃汽车
2012-12-31,2012-12-31,sz.000554,泰山石油
2012-12-31,2012-12-31,sz.000563,陕国投A
2012-12-31,2012-12-31,sz.000571,新大洲A
2012-12-31,2012-12-31,sz.000572,海马汽车
2012-12-31,2012-12-31,sz.000597,东北制药
2012-12-31,2012-12-31,sz.000598,兴蓉环境
2012-12-31,2012-12-31,sz.000601,韶能股份
2012-12-31,2012-12-31,sz.000608,阳光股份
2012-12-31,2012-12-31,sz.000612,焦作万方
2012-12-31,2012-12-31,sz.000616,海航投资
2012-12-31,2012-12-31,sz.000617,中油资本
2012-12-31,2012-12-31,sz.000620,新华联
2012-12-31,2012-12-31,sz.000627,天茂集团
2012-12-31,2012-12-31,sz.000631,顺发恒业
2012-12-31,2012-12-31,sz.000636,风华高科
2012-12-31,2012-12-31,sz.000650,仁和药业
2012-12-31,2012-12-31,sz.000652,泰达股份
2012-12-31,2012-12-31,sz.000655,*ST金岭
2012-12-31,2012-12-31,sz.000656,金科股份
2012-12-31,2012-12-31,sz.000659,珠海中富
2012-12-31,2012-12-31,sz.000667,美好置业
2012-12-31,2012-12-31,sz.000682,东方电子
2012-12-31,2012-12-31,sz.000683,远兴能源
2012-12-31,2012-12-31,sz.000685,中山公用
2012-12-31,2012-12-31,sz.000690,宝新能源
2012-12-31,2012-12-31,sz.000698,沈阳化工
2012-12-31,2012-12-31,sz.000708,大冶特钢
2012-12-31,2012-12-31,sz.000712,锦龙股份
2012-12-31,2012-12-31,sz.000713,丰乐种业
2012-12-31,2012-12-31,sz.000717,韶钢松山
2012-12-31,2012-12-31,sz.000726,鲁泰A
2012-12-31,2012-12-31,sz.000732,泰禾集团
2012-12-31,2012-12-31,sz.000735,罗牛山
2012-12-31,2012-12-31,sz.000738,航发控制
2012-12-31,2012-12-31,sz.000750,国海证券
2012-12-31,2012-12-31,sz.000755,*ST三维
2012-12-31,2012-12-31,sz.000759,中百集团
2012-12-31,2012-12-31,sz.000762,西藏矿业
2012-12-31,2012-12-31,sz.000777,中核科技
2012-12-31,2012-12-31,sz.000786,北新建材
2012-12-31,2012-12-31,sz.000793,华闻传媒
2012-12-31,2012-12-31,sz.000799,酒鬼酒
2012-12-31,2012-12-31,sz.000816,*ST慧业
2012-12-31,2012-12-31,sz.000822,山东海化
2012-12-31,2012-12-31,sz.000823,超声电子
2012-12-31,2012-12-31,sz.000826,启迪桑德
2012-12-31,2012-12-31,sz.000829,天音控股
2012-12-31,2012-12-31,sz.000830,鲁西化工
2012-12-31,2012-12-31,sz.000837,秦川机床
2012-12-31,2012-12-31,sz.000848,承德露露
2012-12-31,2012-12-31,sz.000850,华茂股份
2012-12-31,2012-12-31,sz.000852,石化机械
2012-12-31,2012-12-31,sz.000860,顺鑫农业
2012-12-31,2012-12-31,sz.000861,海印股份
2012-12-31,2012-12-31,sz.000877,天山股份
2012-12-31,2012-12-31,sz.000886,海南高速
2012-12-31,2012-12-31,sz.000887,中鼎股份
2012-12-31,2012-12-31,sz.000893,*ST东凌
2012-12-31,2012-12-31,sz.000897,津滨发展
2012-12-31,2012-12-31,sz.000900,现代投资
2012-12-31,2012-12-31,sz.000903,云内动力
2012-12-31,2012-12-31,sz.000911,南宁糖业
2012-12-31,2012-12-31,sz.000912,*ST天化
2012-12-31,2012-12-31,sz.000917,电广传媒
2012-12-31,2012-12-31,sz.000918,嘉凯城
2012-12-31,2012-12-31,sz.000919,金陵药业
2012-12-31,2012-12-31,sz.000925,众合科技
2012-12-31,2012-12-31,sz.000926,福星股份
2012-12-31,2012-12-31,sz.000927,一汽夏利
2012-12-31,2012-12-31,sz.000930,中粮生化
2012-12-31,2012-12-31,sz.000931,中关村
2012-12-31,2012-12-31,sz.000932,华菱钢铁
2012-12-31,2012-12-31,sz.000935,四川双马
2012-12-31,2012-12-31,sz.000936,华西股份
2012-12-31,2012-12-31,sz.000939,*ST凯迪
2012-12-31,2012-12-31,sz.000949,新乡化纤
2012-12-31,2012-12-31,sz.000951,中国重汽
2012-12-31,2012-12-31,sz.000959,首钢股份
2012-12-31,2012-12-31,sz.000962,东方钽业
2012-12-31,2012-12-31,sz.000963,华东医药
2012-12-31,2012-12-31,sz.000973,佛塑科技
2012-12-31,2012-12-31,sz.000975,银泰资源
2012-12-31,2012-12-31,sz.000979,中弘股份
2012-12-31,2012-12-31,sz.000987,越秀金控
2012-12-31,2012-12-31,sz.000988,华工科技
2012-12-31,2012-12-31,sz.000997,新大陆
2012-12-31,2012-12-31,sz.000998,隆平高科
2012-12-31,2012-12-31,sz.001696,宗申动力
2012-12-31,2012-12-31,sz.002005,德豪润达
2012-12-31,2012-12-31,sz.002006,精功科技
2012-12-31,2012-12-31,sz.002008,大族激光
2012-12-31,2012-12-31,sz.002011,盾安环境
2012-12-31,2012-12-31,sz.002022,科华生物
2012-12-31,2012-12-31,sz.002025,航天电器
2012-12-31,2012-12-31,sz.002028,思源电气
2012-12-31,2012-12-31,sz.002029,七匹狼
2012-12-31,2012-12-31,sz.002041,登海种业
2012-12-31,2012-12-31,sz.002048,宁波华翔
2012-12-31,2012-12-31,sz.002051,中工国际
2012-12-31,2012-12-31,sz.002056,横店东磁
2012-12-31,2012-12-31,sz.002063,远光软件
2012-12-31,2012-12-31,sz.002064,华峰氨纶
2012-12-31,2012-12-31,sz.002065,东华软件
2012-12-31,2012-12-31,sz.002075,沙钢股份
2012-12-31,2012-12-31,sz.002078,太阳纸业
2012-12-31,2012-12-31,sz.002083,孚日股份
2012-12-31,2012-12-31,sz.002091,江苏国泰
2012-12-31,2012-12-31,sz.002097,山河智能
2012-12-31,2012-12-31,sz.002109,兴化股份
2012-12-31,2012-12-31,sz.002110,三钢闽光
2012-12-31,2012-12-31,sz.002121,科陆电子
2012-12-31,2012-12-31,sz.002123,梦网集团
2012-12-31,2012-12-31,sz.002129,中环股份
2012-12-31,2012-12-31,sz.002140,东华科技
2012-12-31,2012-12-31,sz.002152,广电运通
2012-12-31,2012-12-31,sz.002154,报喜鸟
2012-12-31,2012-12-31,sz.002161,远望谷
2012-12-31,2012-12-31,sz.002168,深圳惠程
2012-12-31,2012-12-31,sz.002179,中航光电
2012-12-31,2012-12-31,sz.002181,粤传媒
2012-12-31,2012-12-31,sz.002183,怡亚通
2012-12-31,2012-12-31,sz.002190,成飞集成
2012-12-31,2012-12-31,sz.002191,劲嘉股份
2012-12-31,2012-12-31,sz.002194,*ST凡谷
2012-12-31,2012-12-31,sz.002204,大连重工
2012-12-31,2012-12-31,sz.002218,拓日新能
2012-12-31,2012-12-31,sz.002223,鱼跃医疗
2012-12-31,2012-12-31,sz.002225,濮耐股份
2012-12-31,2012-12-31,sz.002230,科大讯飞
2012-12-31,2012-12-31,sz.002232,启明信息
2012-12-31,2012-12-31,sz.002233,塔牌集团
2012-12-31,2012-12-31,sz.002237,恒邦股份
2012-12-31,2012-12-31,sz.002238,天威视讯
2012-12-31,2012-12-31,sz.002242,九阳股份
2012-12-31,2012-12-31,sz.002249,大洋电机
2012-12-31,2012-12-31,sz.002250,联化科技
2012-12-31,2012-12-31,sz.002252,上海莱士
2012-12-31,2012-12-31,sz.002254,泰和新材
2012-12-31,2012-12-31,sz.002267,陕天然气
2012-12-31,2012-12-31,sz.002276,万马股份
2012-12-31,2012-12-31,sz.002277,友阿股份
2012-12-31,2012-12-31,sz.002281,光迅科技
2012-12-31,2012-12-31,sz.002283,天润曲轴
2012-12-31,2012-12-31,sz.002285,世联行
2012-12-31,2012-12-31,sz.002292,奥飞娱乐
2012-12-31,2012-12-31,sz.002293,罗莱生活
2012-12-31,2012-12-31,sz.002294,信立泰
2012-12-31,2012-12-31,sz.002306,*ST云网
2012-12-31,2012-12-31,sz.002308,威创股份
2012-12-31,2012-12-31,sz.002309,中利集团
2012-12-31,2012-12-31,sz.002311,海大集团
2012-12-31,2012-12-31,sz.002315,焦点科技
2012-12-31,2012-12-31,sz.002320,海峡股份
2012-12-31,2012-12-31,sz.002326,永太科技
2012-12-31,2012-12-31,sz.002332,仙琚制药
2012-12-31,2012-12-31,sz.002340,格林美
2012-12-31,2012-12-31,sz.002342,巨力索具
2012-12-31,2012-12-31,sz.002345,潮宏基
2012-12-31,2012-12-31,sz.002362,汉王科技
2012-12-31,2012-12-31,sz.002383,合众思壮
2012-12-31,2012-12-31,sz.002384,东山精密
2012-12-31,2012-12-31,sz.002386,天原集团
2012-12-31,2012-12-31,sz.002392,北京利尔
2012-12-31,2012-12-31,sz.002393,力生制药
2012-12-31,2012-12-31,sz.002408,齐翔腾达
2012-12-31,2012-12-31,sz.002410,广联达
2012-12-31,2012-12-31,sz.002414,高德红外
2012-12-31,2012-12-31,sz.002424,贵州百灵
2012-12-31,2012-12-31,sz.002428,云南锗业
2012-12-31,2012-12-31,sz.002429,兆驰股份
2012-12-31,2012-12-31,sz.002437,誉衡药业
2012-12-31,2012-12-31,sz.002440,闰土股份
2012-12-31,2012-12-31,sz.002444,巨星科技
2012-12-31,2012-12-31,sz.002449,国星光电
2012-12-31,2012-12-31,sz.002450,康得新
2012-12-31,2012-12-31,sz.002461,珠江啤酒
2012-12-31,2012-12-31,sz.002463,沪电股份
2012-12-31,2012-12-31,sz.002465,海格通信
2012-12-31,2012-12-31,sz.002470,金正大
2012-12-31,2012-12-31,sz.002475,立讯精密
2012-12-31,2012-12-31,sz.002477,雏鹰农牧
2012-12-31,2012-12-31,sz.002479,富春环保
2012-12-31,2012-12-31,sz.002480,新筑股份
2012-12-31,2012-12-31,sz.002482,广田集团
2012-12-31,2012-12-31,sz.002489,浙江永强
2012-12-31,2012-12-31,sz.002498,汉缆股份
2012-12-31,2012-12-31,sz.002506,协鑫集成
2012-12-31,2012-12-31,sz.002534,杭锅股份
2012-12-31,2012-12-31,sz.002574,明牌珠宝
2012-12-31,2012-12-31,sz.002585,双星新材
2012-12-31,2012-12-31,sz.002601,龙蟒佰利
2012-12-31,2012-12-31,sz.002612,朗姿股份
2012-12-31,2012-12-31,sz.002646,青青稞酒
2012-12-31,2012-12-31,sz.002648,卫星石化
2012-12-31,2012-12-31,sz.002651,利君股份
2012-12-31,2012-12-31,sz.002653,海思科
2013-06-24,2013-06-30,sh.600004,白云机场
2013-06-24,2013-06-30,sh.600008,首创股份
2013-06-24,2013-06-30,sh.600017,日照港
2013-06-24,2013-06-30,sh.600021,上海电力
2013-06-24,2013-06-30,sh.600038,中直股份
2013-06-24,2013-06-30,sh.600054,黄山旅游
2013-06-24,2013-06-30,sh.600056,中国医药
2013-06-24,2013-06-30,sh.600059,古越龙山
2013-06-24,2013-06-30,sh.600063,皖维高新
2013-06-24,2013-06-30,sh.600064,南京高科
2013-06-24,2013-06-30,sh.600067,冠城大通
2013-06-24,2013-06-30,sh.600069,银鸽投资
2013-06-24,2013-06-30,sh.600072,中船科技
2013-06-24,2013-06-30,sh.600073,上海梅林
2013-06-24,2013-06-30,sh.600075,新疆天业
2013-06-24,2013-06-30,sh.600078,澄星股份
2013-06-24,2013-06-30,sh.600079,人福医药
2013-06-24,2013-06-30,sh.600086,东方金钰
2013-06-24,2013-06-30,sh.600088,中视传媒
2013-06-24,2013-06-30,sh.600094,大名城
2013-06-24,2013-06-30,sh.600103,青山纸业
2013-06-24,2013-06-30,sh.600106,重庆路桥
2013-06-24,2013-06-30,sh.600110,诺德股份
2013-06-24,2013-06-30,sh.600112,天成控股
2013-06-24,2013-06-30,sh.600117,西宁特钢
2013-06-24,2013-06-30,sh.600121,郑州煤电
2013-06-24,2013-06-30,sh.600122,宏图高科
2013-06-24,2013-06-30,sh.600138,中青旅
2013-06-24,2013-06-30,sh.600139,西部资源
2013-06-24,2013-06-30,sh.600141,兴发集团
2013-06-24,2013-06-30,sh.600151,航天机电
2013-06-24,2013-06-30,sh.600158,中体产业
2013-06-24,2013-06-30,sh.600161,天坛生物
2013-06-24,2013-06-30,sh.600162,香江控股
2013-06-24,2013-06-30,sh.600163,中闽能源
2013-06-24,2013-06-30,sh.600171,上海贝岭
2013-06-24,2013-06-30,sh.600176,中国巨石
2013-06-24,2013-06-30,sh.600183,生益科技
2013-06-24,2013-06-30,sh.600184,光电股份
2013-06-24,2013-06-30,sh.600195,中牧股份
2013-06-24,2013-06-30,sh.600197,伊力特
2013-06-24,2013-06-30,sh.600198,*ST大唐
2013-06-24,2013-06-30,sh.600199,金种子酒
2013-06-24,2013-06-30,sh.600200,江苏吴中
2013-06-24,2013-06-30,sh.600210,紫江企业
2013-06-24,2013-06-30,sh.600220,江苏阳光
2013-06-24,2013-06-30,sh.600223,鲁商置业
2013-06-24,2013-06-30,sh.600226,瀚叶股份
2013-06-24,2013-06-30,sh.600227,圣济堂
2013-06-24,2013-06-30,sh.600231,凌钢股份
2013-06-24,2013-06-30,sh.600236,桂冠电力
2013-06-24,2013-06-30,sh.600239,云南城投
2013-06-24,2013-06-30,sh.600240,华业资本
2013-06-24,2013-06-30,sh.600246,万通地产
2013-06-24,2013-06-30,sh.600251,冠农股份
2013-06-24,2013-06-30,sh.600258,首旅酒店
2013-06-24,2013-06-30,sh.600260,凯乐科技
2013-06-24,2013-06-30,sh.600261,阳光照明
2013-06-24,2013-06-30,sh.600268,国电南自
2013-06-24,2013-06-30,sh.600269,赣粤高速
2013-06-24,2013-06-30,sh.600270,外运发展
2013-06-24,2013-06-30,sh.600284,浦东建设
2013-06-24,2013-06-30,sh.600287,江苏舜天
2013-06-24,2013-06-30,sh.600289,*ST信通
2013-06-24,2013-06-30,sh.600290,华仪电气
2013-06-24,2013-06-30,sh.600292,远达环保
2013-06-24,2013-06-30,sh.600295,鄂尔多斯
2013-06-24,2013-06-30,sh.600298,安琪酵母
2013-06-24,2013-06-30,sh.600300,维维股份
2013-06-24,2013-06-30,sh.600308,华泰股份
2013-06-24,2013-06-30,sh.600311,荣华实业
2013-06-24,2013-06-30,sh.600312,平高电气
2013-06-24,2013-06-30,sh.600322,天房发展
2013-06-24,2013-06-30,sh.600325,华发股份
2013-06-24,2013-06-30,sh.600326,西藏天路
2013-06-24,2013-06-30,sh.600328,兰太实业
2013-06-24,2013-06-30,sh.600329,中新药业
2013-06-24,2013-06-30,sh.600330,天通股份
2013-06-24,2013-06-30,sh.600333,长春燃气
2013-06-24,2013-06-30,sh.600337,美克家居
2013-06-24,2013-06-30,sh.600339,中油工程
2013-06-24,2013-06-30,sh.600351,亚宝药业
2013-06-24,2013-06-30,sh.600366,宁波韵升
2013-06-24,2013-06-30,sh.600373,中文传媒
2013-06-24,2013-06-30,sh.600380,健康元
2013-06-24,2013-06-30,sh.600386,北巴传媒
2013-06-24,2013-06-30,sh.600387,海越能源
2013-06-24,2013-06-30,sh.600388,龙净环保
2013-06-24,2013-06-30,sh.600397,*ST安煤
2013-06-24,2013-06-30,sh.600408,*ST安泰
2013-06-24,2013-06-30,sh.600409,三友化工
2013-06-24,2013-06-30,sh.600410,华胜天成
2013-06-24,2013-06-30,sh.600416,湘电股份
2013-06-24,2013-06-30,sh.600418,江淮汽车
2013-06-24,2013-06-30,sh.600422,昆药集团
2013-06-24,2013-06-30,sh.600425,青松建化
2013-06-24,2013-06-30,sh.600426,华鲁恒升
2013-06-24,2013-06-30,sh.600428,中远海特
2013-06-24,2013-06-30,sh.600429,三元股份
2013-06-24,2013-06-30,sh.600435,北方导航
2013-06-24,2013-06-30,sh.600436,片仔癀
2013-06-24,2013-06-30,sh.600438,通威股份
2013-06-24,2013-06-30,sh.600439,瑞贝卡
2013-06-24,2013-06-30,sh.600449,宁夏建材
2013-06-24,2013-06-30,sh.600458,时代新材
2013-06-24,2013-06-30,sh.600460,士兰微
2013-06-24,2013-06-30,sh.600467,好当家
2013-06-24,2013-06-30,sh.600468,百利电气
2013-06-24,2013-06-30,sh.600469,风神股份
2013-06-24,2013-06-30,sh.600470,六国化工
2013-06-24,2013-06-30,sh.600475,华光股份
2013-06-24,2013-06-30,sh.600478,科力远
2013-06-24,2013-06-30,sh.600479,千金药业
2013-06-24,2013-06-30,sh.600480,凌云股份
2013-06-24,2013-06-30,sh.600481,双良节能
2013-06-24,2013-06-30,sh.600482,中国动力
2013-06-24,2013-06-30,sh.600487,亨通光电
2013-06-24,2013-06-30,sh.600488,天药股份
2013-06-24,2013-06-30,sh.600491,龙元建设
2013-06-24,2013-06-30,sh.600496,精工钢构
2013-06-24,2013-06-30,sh.600499,科达洁能
2013-06-24,2013-06-30,sh.600500,中化国际
2013-06-24,2013-06-30,sh.600501,航天晨光
2013-06-24,2013-06-30,sh.600503,华丽家族
2013-06-24,2013-06-30,sh.600509,天富能源
2013-06-24,2013-06-30,sh.600510,黑牡丹
2013-06-24,2013-06-30,sh.600511,国药股份
2013-06-24,2013-06-30,sh.600517,置信电气
2013-06-24,2013-06-30,sh.600521,华海药业
2013-06-24,2013-06-30,sh.600522,中天科技
2013-06-24,2013-06-30,sh.600523,贵航股份
2013-06-24,2013-06-30,sh.600525,长园集团
2013-06-24,2013-06-30,sh.600531,豫光金铅
2013-06-24,2013-06-30,sh.600533,栖霞建设
2013-06-24,2013-06-30,sh.600537,亿晶光电
2013-06-24,2013-06-30,sh.600545,卓郎智能
2013-06-24,2013-06-30,sh.600551,时代出版
2013-06-24,2013-06-30,sh.600557,康缘药业
2013-06-24,2013-06-30,sh.600563,法拉电子
2013-06-24,2013-06-30,sh.600570,恒生电子
2013-06-24,2013-06-30,sh.600572,康恩贝
2013-06-24,2013-06-30,sh.600578,京能电力
2013-06-24,2013-06-30,sh.600580,卧龙电气
2013-06-24,2013-06-30,sh.600581,八一钢铁
2013-06-24,2013-06-30,sh.600584,长电科技
2013-06-24,2013-06-30,sh.600586,金晶科技
2013-06-24,2013-06-30,sh.600589,广东榕泰
2013-06-24,2013-06-30,sh.600590,泰豪科技
2013-06-24,2013-06-30,sh.600594,益佰制药
2013-06-24,2013-06-30,sh.600596,新安股份
2013-06-24,2013-06-30,sh.600597,光明乳业
2013-06-24,2013-06-30,sh.600601,方正科技
2013-06-24,2013-06-30,sh.600611,大众交通
2013-06-24,2013-06-30,sh.600612,老凤祥
2013-06-24,2013-06-30,sh.600614,鹏起科技
2013-06-24,2013-06-30,sh.600616,金枫酒业
2013-06-24,2013-06-30,sh.600618,氯碱化工
2013-06-24,2013-06-30,sh.600622,光大嘉宝
2013-06-24,2013-06-30,sh.600628,新世界
2013-06-24,2013-06-30,sh.600633,浙数文化
2013-06-24,2013-06-30,sh.600635,大众公用
2013-06-24,2013-06-30,sh.600636,三爱富
2013-06-24,2013-06-30,sh.600639,浦东金桥
2013-06-24,2013-06-30,sh.600641,万业企业
2013-06-24,2013-06-30,sh.600643,爱建集团
2013-06-24,2013-06-30,sh.600644,乐山电力
2013-06-24,2013-06-30,sh.600645,中源协和
2013-06-24,2013-06-30,sh.600651,飞乐音响
2013-06-24,2013-06-30,sh.600654,ST中安
2013-06-24,2013-06-30,sh.600657,信达地产
2013-06-24,2013-06-30,sh.600662,强生控股
2013-06-24,2013-06-30,sh.600673,东阳光科
2013-06-24,2013-06-30,sh.600675,中华企业
2013-06-24,2013-06-30,sh.600683,京投发展
2013-06-24,2013-06-30,sh.600685,中船防务
2013-06-24,2013-06-30,sh.600702,舍得酒业
2013-06-24,2013-06-30,sh.600704,物产中大
2013-06-24,2013-06-30,sh.600710,苏美达
2013-06-24,2013-06-30,sh.600717,天津港
2013-06-24,2013-06-30,sh.600720,祁连山
2013-06-24,2013-06-30,sh.600723,首商股份
2013-06-24,2013-06-30,sh.600725,ST云维
2013-06-24,2013-06-30,sh.600729,重庆百货
2013-06-24,2013-06-30,sh.600736,苏州高新
2013-06-24,2013-06-30,sh.600737,中粮糖业
2013-06-24,2013-06-30,sh.600740,山西焦化
2013-06-24,2013-06-30,sh.600743,华远地产
2013-06-24,2013-06-30,sh.600747,ST大控
2013-06-24,2013-06-30,sh.600748,上实发展
2013-06-24,2013-06-30,sh.600750,江中药业
2013-06-24,2013-06-30,sh.600755,厦门国贸
2013-06-24,2013-06-30,sh.600757,长江传媒
2013-06-24,2013-06-30,sh.600759,洲际油气
2013-06-24,2013-06-30,sh.600761,安徽合力
2013-06-24,2013-06-30,sh.600765,中航重机
2013-06-24,2013-06-30,sh.600773,西藏城投
2013-06-24,2013-06-30,sh.600776,东方通信
2013-06-24,2013-06-30,sh.600780,通宝能源
2013-06-24,2013-06-30,sh.600787,中储股份
2013-06-24,2013-06-30,sh.600790,轻纺城
2013-06-24,2013-06-30,sh.600797,浙大网新
2013-06-24,2013-06-30,sh.600801,华新水泥
2013-06-24,2013-06-30,sh.600805,悦达投资
2013-06-24,2013-06-30,sh.600810,神马股份
2013-06-24,2013-06-30,sh.600815,厦工股份
2013-06-24,2013-06-30,sh.600816,安信信托
2013-06-24,2013-06-30,sh.600820,隧道股份
2013-06-24,2013-06-30,sh.600824,益民集团
2013-06-24,2013-06-30,sh.600825,新华传媒
2013-06-24,2013-06-30,sh.600826,兰生股份
2013-06-24,2013-06-30,sh.600829,人民同泰
2013-06-24,2013-06-30,sh.600830,香溢融通
2013-06-24,2013-06-30,sh.600831,广电网络
2013-06-24,2013-06-30,sh.600835,上海机电
2013-06-24,2013-06-30,sh.600844,丹化科技
2013-06-24,2013-06-30,sh.600851,海欣股份
2013-06-24,2013-06-30,sh.600858,银座股份
2013-06-24,2013-06-30,sh.600864,哈投股份
2013-06-24,2013-06-30,sh.600866,星湖科技
2013-06-24,2013-06-30,sh.600867,通化东宝
2013-06-24,2013-06-30,sh.600869,智慧能源
2013-06-24,2013-06-30,sh.600872,中炬高新
2013-06-24,2013-06-30,sh.600874,创业环保
2013-06-24,2013-06-30,sh.600879,航天电子
2013-06-24,2013-06-30,sh.600880,博瑞传播
2013-06-24,2013-06-30,sh.600884,杉杉股份
2013-06-24,2013-06-30,sh.600888,新疆众和
2013-06-24,2013-06-30,sh.600961,株冶集团
2013-06-24,2013-06-30,sh.600963,岳阳林纸
2013-06-24,2013-06-30,sh.600978,宜华生活
2013-06-24,2013-06-30,sh.600983,惠而浦
2013-06-24,2013-06-30,sh.600993,马应龙
2013-06-24,2013-06-30,sh.600995,文山电力
2013-06-24,2013-06-30,sh.601002,晋亿实业
2013-06-24,2013-06-30,sh.601010,文峰股份
2013-06-24,2013-06-30,sh.601011,宝泰隆
2013-06-24,2013-06-30,sh.601100,恒立液压
2013-06-24,2013-06-30,sh.601126,四方股份
2013-06-24,2013-06-30,sh.601208,东材科技
2013-06-24,2013-06-30,sh.601311,骆驼股份
2013-06-24,2013-06-30,sh.601339,百隆东方
2013-06-24,2013-06-30,sh.601388,怡球资源
2013-06-24,2013-06-30,sh.601515,东风股份
2013-06-24,2013-06-30,sh.601519,大智慧
2013-06-24,2013-06-30,sh.601608,中信重工
2013-06-24,2013-06-30,sh.601616,广电电气
2013-06-24,2013-06-30,sh.601636,旗滨集团
2013-06-24,2013-06-30,sh.601677,明泰铝业
2013-06-24,2013-06-30,sh.601678,滨化股份
2013-06-24,2013-06-30,sh.601777,力帆股份
2013-06-24,2013-06-30,sh.601801,皖新传媒
2013-06-24,2013-06-30,sh.601880,大连港
2013-06-24,2013-06-30,sh.601886,江河集团
2013-06-24,2013-06-30,sh.601908,京运通
2013-06-24,2013-06-30,sh.601999,出版传媒
2013-06-24,2013-06-30,sh.603000,人民网
2013-06-24,2013-06-30,sh.603001,奥康国际
2013-06-24,2013-06-30,sh.603077,和邦生物
2013-06-24,2013-06-30,sh.603366,日出东方
2013-06-24,2013-06-30,sz.000006,深振业A
2013-06-24,2013-06-30,sz.000021,深科技
2013-06-24,2013-06-30,sz.000028,国药一致
2013-06-24,2013-06-30,sz.000031,中粮地产
2013-06-24,2013-06-30,sz.000042,中洲控股
2013-06-24,2013-06-30,sz.000050,深天马A
2013-06-24,2013-06-30,sz.000066,中国长城
2013-06-24,2013-06-30,sz.000078,海王生物
2013-06-24,2013-06-30,sz.000088,盐田港
2013-06-24,2013-06-30,sz.000090,天健集团
2013-06-24,2013-06-30,sz.000099,中信海直
2013-06-24,2013-06-30,sz.000159,国际实业
2013-06-24,2013-06-30,sz.000301,东方盛虹
2013-06-24,2013-06-30,sz.000400,许继电气
2013-06-24,2013-06-30,sz.000410,沈阳机床
2013-06-24,2013-06-30,sz.000415,渤海金控
2013-06-24,2013-06-30,sz.000417,合肥百货
2013-06-24,2013-06-30,sz.000418,小天鹅A
2013-06-24,2013-06-30,sz.000426,兴业矿业
2013-06-24,2013-06-30,sz.000488,晨鸣纸业
2013-06-24,2013-06-30,sz.000501,鄂武商A
2013-06-24,2013-06-30,sz.000503,国新健康
2013-06-24,2013-06-30,sz.000506,中润资源
2013-06-24,2013-06-30,sz.000510,金路集团
2013-06-24,2013-06-30,sz.000511,烯碳退
2013-06-24,2013-06-30,sz.000513,丽珠集团
2013-06-24,2013-06-30,sz.000517,荣安地产
2013-06-24,2013-06-30,sz.000518,四环生物
2013-06-24,2013-06-30,sz.000525,红太阳
2013-06-24,2013-06-30,sz.000533,万家乐
2013-06-24,2013-06-30,sz.000540,中天金融
2013-06-24,2013-06-30,sz.000541,佛山照明
2013-06-24,2013-06-30,sz.000543,皖能电力
2013-06-24,2013-06-30,sz.000550,江铃汽车
2013-06-24,2013-06-30,sz.000554,泰山石油
2013-06-24,2013-06-30,sz.000563,陕国投A
2013-06-24,2013-06-30,sz.000566,海南海药
2013-06-24,2013-06-30,sz.000572,海马汽车
2013-06-24,2013-06-30,sz.000598,兴蓉环境
2013-06-24,2013-06-30,sz.000601,韶能股份
2013-06-24,2013-06-30,sz.000603,盛达矿业
2013-06-24,2013-06-30,sz.000608,阳光股份
2013-06-24,2013-06-30,sz.000612,焦作万方
2013-06-24,2013-06-30,sz.000616,海航投资
2013-06-24,2013-06-30,sz.000620,新华联
2013-06-24,2013-06-30,sz.000627,天茂集团
2013-06-24,2013-06-30,sz.000631,顺发恒业
2013-06-24,2013-06-30,sz.000636,风华高科
2013-06-24,2013-06-30,sz.000650,仁和药业
2013-06-24,2013-06-30,sz.000652,泰达股份
2013-06-24,2013-06-30,sz.000655,*ST金岭
2013-06-24,2013-06-30,sz.000659,珠海中富
2013-06-24,2013-06-30,sz.000661,长春高新
2013-06-24,2013-06-30,sz.000667,美好置业
2013-06-24,2013-06-30,sz.000680,山推股份
2013-06-24,2013-06-30,sz.000682,东方电子
2013-06-24,2013-06-30,sz.000683,远兴能源
2013-06-24,2013-06-30,sz.000685,中山公用
2013-06-24,2013-06-30,sz.000690,宝新能源
2013-06-24,2013-06-30,sz.000697,炼石有色
2013-06-24,2013-06-30,sz.000698,沈阳化工
2013-06-24,2013-06-30,sz.000708,大冶特钢
2013-06-24,2013-06-30,sz.000712,锦龙股份
2013-06-24,2013-06-30,sz.000713,丰乐种业
2013-06-24,2013-06-30,sz.000719,中原传媒
2013-06-24,2013-06-30,sz.000726,鲁泰A
2013-06-24,2013-06-30,sz.000732,泰禾集团
2013-06-24,2013-06-30,sz.000735,罗牛山
2013-06-24,2013-06-30,sz.000738,航发控制
2013-06-24,2013-06-30,sz.000755,*ST三维
2013-06-24,2013-06-30,sz.000759,中百集团
2013-06-24,2013-06-30,sz.000762,西藏矿业
2013-06-24,2013-06-30,sz.000777,中核科技
2013-06-24,2013-06-30,sz.000786,北新建材
2013-06-24,2013-06-30,sz.000793,华闻传媒
2013-06-24,2013-06-30,sz.000809,铁岭新城
2013-06-24,2013-06-30,sz.000816,*ST慧业
2013-06-24,2013-06-30,sz.000822,山东海化
2013-06-24,2013-06-30,sz.000823,超声电子
2013-06-24,2013-06-30,sz.000826,启迪桑德
2013-06-24,2013-06-30,sz.000828,东莞控股
2013-06-24,2013-06-30,sz.000829,天音控股
2013-06-24,2013-06-30,sz.000830,鲁西化工
2013-06-24,2013-06-30,sz.000848,承德露露
2013-06-24,2013-06-30,sz.000850,华茂股份
2013-06-24,2013-06-30,sz.000852,石化机械
2013-06-24,2013-06-30,sz.000860,顺鑫农业
2013-06-24,2013-06-30,sz.000861,海印股份
2013-06-24,2013-06-30,sz.000877,天山股份
2013-06-24,2013-06-30,sz.000886,海南高速
2013-06-24,2013-06-30,sz.000887,中鼎股份
2013-06-24,2013-06-30,sz.000893,*ST东凌
2013-06-24,2013-06-30,sz.000897,津滨发展
2013-06-24,2013-06-30,sz.000900,现代投资
2013-06-24,2013-06-30,sz.000903,云内动力
2013-06-24,2013-06-30,sz.000911,南宁糖业
2013-06-24,2013-06-30,sz.000912,*ST天化
2013-06-24,2013-06-30,sz.000917,电广传媒
2013-06-24,2013-06-30,sz.000918,嘉凯城
2013-06-24,2013-06-30,sz.000919,金陵药业
2013-06-24,2013-06-30,sz.000925,众合科技
2013-06-24,2013-06-30,sz.000926,福星股份
2013-06-24,2013-06-30,sz.000927,一汽夏利
2013-06-24,2013-06-30,sz.000930,中粮生化
2013-06-24,2013-06-30,sz.000931,中关村
2013-06-24,2013-06-30,sz.000932,华菱钢铁
2013-06-24,2013-06-30,sz.000935,四川双马
2013-06-24,2013-06-30,sz.000936,华西股份
2013-06-24,2013-06-30,sz.000939,*ST凯迪
2013-06-24,2013-06-30,sz.000951,中国重汽
2013-06-24,2013-06-30,sz.000959,首钢股份
2013-06-24,2013-06-30,sz.000962,东方钽业
2013-06-24,2013-06-30,sz.000973,佛塑科技
2013-06-24,2013-06-30,sz.000975,银泰资源
2013-06-24,2013-06-30,sz.000979,中弘股份
2013-06-24,2013-06-30,sz.000987,越秀金控
2013-06-24,2013-06-30,sz.000988,华工科技
2013-06-24,2013-06-30,sz.000997,新大陆
2013-06-24,2013-06-30,sz.000998,隆平高科
2013-06-24,2013-06-30,sz.001696,宗申动力
2013-06-24,2013-06-30,sz.002004,华邦健康
2013-06-24,2013-06-30,sz.002005,德豪润达
2013-06-24,2013-06-30,sz.002006,精功科技
2013-06-24,2013-06-30,sz.002008,大族激光
2013-06-24,2013-06-30,sz.002011,盾安环境
2013-06-24,2013-06-30,sz.002022,科华生物
2013-06-24,2013-06-30,sz.002025,航天电器
2013-06-24,2013-06-30,sz.002028,思源电气
2013-06-24,2013-06-30,sz.002029,七匹狼
2013-06-24,2013-06-30,sz.002041,登海种业
2013-06-24,2013-06-30,sz.002048,宁波华翔
2013-06-24,2013-06-30,sz.002050,三花智控
2013-06-24,2013-06-30,sz.002056,横店东磁
2013-06-24,2013-06-30,sz.002063,远光软件
2013-06-24,2013-06-30,sz.002064,华峰氨纶
2013-06-24,2013-06-30,sz.002065,东华软件
2013-06-24,2013-06-30,sz.002078,太阳纸业
2013-06-24,2013-06-30,sz.002083,孚日股份
2013-06-24,2013-06-30,sz.002091,江苏国泰
2013-06-24,2013-06-30,sz.002093,国脉科技
2013-06-24,2013-06-30,sz.002097,山河智能
2013-06-24,2013-06-30,sz.002118,紫鑫药业
2013-06-24,2013-06-30,sz.002121,科陆电子
2013-06-24,2013-06-30,sz.002123,梦网集团
2013-06-24,2013-06-30,sz.002129,中环股份
2013-06-24,2013-06-30,sz.002140,东华科技
2013-06-24,2013-06-30,sz.002152,广电运通
2013-06-24,2013-06-30,sz.002154,报喜鸟
2013-06-24,2013-06-30,sz.002161,远望谷
2013-06-24,2013-06-30,sz.002168,深圳惠程
2013-06-24,2013-06-30,sz.002179,中航光电
2013-06-24,2013-06-30,sz.002181,粤传媒
2013-06-24,2013-06-30,sz.002183,怡亚通
2013-06-24,2013-06-30,sz.002190,成飞集成
2013-06-24,2013-06-30,sz.002191,劲嘉股份
2013-06-24,2013-06-30,sz.002194,*ST凡谷
2013-06-24,2013-06-30,sz.002203,海亮股份
2013-06-24,2013-06-30,sz.002204,大连重工
2013-06-24,2013-06-30,sz.002216,三全食品
2013-06-24,2013-06-30,sz.002218,拓日新能
2013-06-24,2013-06-30,sz.002219,恒康医疗
2013-06-24,2013-06-30,sz.002223,鱼跃医疗
2013-06-24,2013-06-30,sz.002225,濮耐股份
2013-06-24,2013-06-30,sz.002226,江南化工
2013-06-24,2013-06-30,sz.002230,科大讯飞
2013-06-24,2013-06-30,sz.002232,启明信息
2013-06-24,2013-06-30,sz.002233,塔牌集团
2013-06-24,2013-06-30,sz.002237,恒邦股份
2013-06-24,2013-06-30,sz.002238,天威视讯
2013-06-24,2013-06-30,sz.002242,九阳股份
2013-06-24,2013-06-30,sz.002244,滨江集团
2013-06-24,2013-06-30,sz.002249,大洋电机
2013-06-24,2013-06-30,sz.002250,联化科技
2013-06-24,2013-06-30,sz.002252,上海莱士
2013-06-24,2013-06-30,sz.002254,泰和新材
2013-06-24,2013-06-30,sz.002267,陕天然气
2013-06-24,2013-06-30,sz.002276,万马股份
2013-06-24,2013-06-30,sz.002277,友阿股份
2013-06-24,2013-06-30,sz.002281,光迅科技
2013-06-24,2013-06-30,sz.002283,天润曲轴
2013-06-24,2013-06-30,sz.002285,世联行
2013-06-24,2013-06-30,sz.002292,奥飞娱乐
2013-06-24,2013-06-30,sz.002293,罗莱生活
2013-06-24,2013-06-30,sz.002294,信立泰
2013-06-24,2013-06-30,sz.002305,南国置业
2013-06-24,2013-06-30,sz.002306,*ST云网
2013-06-24,2013-06-30,sz.002308,威创股份
2013-06-24,2013-06-30,sz.002309,中利集团
2013-06-24,2013-06-30,sz.002315,焦点科技
2013-06-24,2013-06-30,sz.002320,海峡股份
2013-06-24,2013-06-30,sz.002325,洪涛股份
2013-06-24,2013-06-30,sz.002326,永太科技
2013-06-24,2013-06-30,sz.002332,仙琚制药
2013-06-24,2013-06-30,sz.002340,格林美
2013-06-24,2013-06-30,sz.002342,巨力索具
2013-06-24,2013-06-30,sz.002345,潮宏基
2013-06-24,2013-06-30,sz.002384,东山精密
2013-06-24,2013-06-30,sz.002386,天原集团
2013-06-24,2013-06-30,sz.002392,北京利尔
2013-06-24,2013-06-30,sz.002393,力生制药
2013-06-24,2013-06-30,sz.002396,星网锐捷
2013-06-24,2013-06-30,sz.002408,齐翔腾达
2013-06-24,2013-06-30,sz.002410,广联达
2013-06-24,2013-06-30,sz.002414,高德红外
2013-06-24,2013-06-30,sz.002424,贵州百灵
2013-06-24,2013-06-30,sz.002428,云南锗业
2013-06-24,2013-06-30,sz.002429,兆驰股份
2013-06-24,2013-06-30,sz.002430,杭氧股份
2013-06-24,2013-06-30,sz.002437,誉衡药业
2013-06-24,2013-06-30,sz.002440,闰土股份
2013-06-24,2013-06-30,sz.002444,巨星科技
2013-06-24,2013-06-30,sz.002449,国星光电
2013-06-24,2013-06-30,sz.002450,康得新
2013-06-24,2013-06-30,sz.002456,欧菲科技
2013-06-24,2013-06-30,sz.002461,珠江啤酒
2013-06-24,2013-06-30,sz.002463,沪电股份
2013-06-24,2013-06-30,sz.002465,海格通信
2013-06-24,2013-06-30,sz.002470,金正大
2013-06-24,2013-06-30,sz.002475,立讯精密
2013-06-24,2013-06-30,sz.002477,雏鹰农牧
2013-06-24,2013-06-30,sz.002479,富春环保
2013-06-24,2013-06-30,sz.002480,新筑股份
2013-06-24,2013-06-30,sz.002482,广田集团
2013-06-24,2013-06-30,sz.002489,浙江永强
2013-06-24,2013-06-30,sz.002498,汉缆股份
2013-06-24,2013-06-30,sz.002506,协鑫集成
2013-06-24,2013-06-30,sz.002534,杭锅股份
2013-06-24,2013-06-30,sz.002573,清新环境
2013-06-24,2013-06-30,sz.002574,明牌珠宝
2013-06-24,2013-06-30,sz.002585,双星新材
2013-06-24,2013-06-30,sz.002601,龙蟒佰利
2013-06-24,2013-06-30,sz.002612,朗姿股份
2013-06-24,2013-06-30,sz.002638,勤上股份
2013-06-24,2013-06-30,sz.002646,青青稞酒
2013-06-24,2013-06-30,sz.002648,卫星石化
2013-06-24,2013-06-30,sz.002651,利君股份
2013-06-24,2013-06-30,sz.002653,海思科
2013-06-24,2013-06-30,sz.002662,京威股份
2013-06-24,2013-06-30,sz.002663,普邦股份
2013-06-24,2013-06-30,sz.002672,东江环保
2013-06-24,2013-06-30,sz.002678,珠江钢琴
2013-12-30,2013-12-31,sh.600004,白云机场
2013-12-30,2013-12-31,sh.600006,东风汽车
2013-12-30,2013-12-31,sh.600017,日照港
2013-12-30,2013-12-31,sh.600021,上海电力
2013-12-30,2013-12-31,sh.600026,中远海能
2013-12-30,2013-12-31,sh.600037,歌华有线
2013-12-30,2013-12-31,sh.600038,中直股份
2013-12-30,2013-12-31,sh.600039,四川路桥
2013-12-30,2013-12-31,sh.600054,黄山旅游
2013-12-30,2013-12-31,sh.600056,中国医药
2013-12-30,2013-12-31,sh.600059,古越龙山
2013-12-30,2013-12-31,sh.600063,皖维高新
2013-12-30,2013-12-31,sh.600064,南京高科
2013-12-30,2013-12-31,sh.600067,冠城大通
2013-12-30,2013-12-31,sh.600069,银鸽投资
2013-12-30,2013-12-31,sh.600073,上海梅林
2013-12-30,2013-12-31,sh.600078,澄星股份
2013-12-30,2013-12-31,sh.600086,东方金钰
2013-12-30,2013-12-31,sh.600088,中视传媒
2013-12-30,2013-12-31,sh.600094,大名城
2013-12-30,2013-12-31,sh.600106,重庆路桥
2013-12-30,2013-12-31,sh.600110,诺德股份
2013-12-30,2013-12-31,sh.600112,天成控股
2013-12-30,2013-12-31,sh.600117,西宁特钢
2013-12-30,2013-12-31,sh.600120,浙江东方
2013-12-30,2013-12-31,sh.600121,郑州煤电
2013-12-30,2013-12-31,sh.600122,宏图高科
2013-12-30,2013-12-31,sh.600125,铁龙物流
2013-12-30,2013-12-31,sh.600132,重庆啤酒
2013-12-30,2013-12-31,sh.600138,中青旅
2013-12-30,2013-12-31,sh.600139,西部资源
2013-12-30,2013-12-31,sh.600141,兴发集团
2013-12-30,2013-12-31,sh.600151,航天机电
2013-12-30,2013-12-31,sh.600158,中体产业
2013-12-30,2013-12-31,sh.600161,天坛生物
2013-12-30,2013-12-31,sh.600162,香江控股
2013-12-30,2013-12-31,sh.600171,上海贝岭
2013-12-30,2013-12-31,sh.600176,中国巨石
2013-12-30,2013-12-31,sh.600180,瑞茂通
2013-12-30,2013-12-31,sh.600183,生益科技
2013-12-30,2013-12-31,sh.600184,光电股份
2013-12-30,2013-12-31,sh.600195,中牧股份
2013-12-30,2013-12-31,sh.600197,伊力特
2013-12-30,2013-12-31,sh.600198,*ST大唐
2013-12-30,2013-12-31,sh.600199,金种子酒
2013-12-30,2013-12-31,sh.600200,江苏吴中
2013-12-30,2013-12-31,sh.600220,江苏阳光
2013-12-30,2013-12-31,sh.600223,鲁商置业
2013-12-30,2013-12-31,sh.600236,桂冠电力
2013-12-30,2013-12-31,sh.600239,云南城投
2013-12-30,2013-12-31,sh.600240,华业资本
2013-12-30,2013-12-31,sh.600251,冠农股份
2013-12-30,2013-12-31,sh.600260,凯乐科技
2013-12-30,2013-12-31,sh.600261,阳光照明
2013-12-30,2013-12-31,sh.600268,国电南自
2013-12-30,2013-12-31,sh.600269,赣粤高速
2013-12-30,2013-12-31,sh.600270,外运发展
2013-12-30,2013-12-31,sh.600277,亿利洁能
2013-12-30,2013-12-31,sh.600280,中央商场
2013-12-30,2013-12-31,sh.600284,浦东建设
2013-12-30,2013-12-31,sh.600289,*ST信通
2013-12-30,2013-12-31,sh.600292,远达环保
2013-12-30,2013-12-31,sh.600298,安琪酵母
2013-12-30,2013-12-31,sh.600300,维维股份
2013-12-30,2013-12-31,sh.600308,华泰股份
2013-12-30,2013-12-31,sh.600311,荣华实业
2013-12-30,2013-12-31,sh.600312,平高电气
2013-12-30,2013-12-31,sh.600320,振华重工
2013-12-30,2013-12-31,sh.600322,天房发展
2013-12-30,2013-12-31,sh.600325,华发股份
2013-12-30,2013-12-31,sh.600329,中新药业
2013-12-30,2013-12-31,sh.600333,长春燃气
2013-12-30,2013-12-31,sh.600335,国机汽车
2013-12-30,2013-12-31,sh.600337,美克家居
2013-12-30,2013-12-31,sh.600351,亚宝药业
2013-12-30,2013-12-31,sh.600366,宁波韵升
2013-12-30,2013-12-31,sh.600373,中文传媒
2013-12-30,2013-12-31,sh.600380,健康元
2013-12-30,2013-12-31,sh.600387,海越能源
2013-12-30,2013-12-31,sh.600388,龙净环保
2013-12-30,2013-12-31,sh.600392,盛和资源
2013-12-30,2013-12-31,sh.600397,*ST安煤
2013-12-30,2013-12-31,sh.600401,*ST海润
2013-12-30,2013-12-31,sh.600408,*ST安泰
2013-12-30,2013-12-31,sh.600409,三友化工
2013-12-30,2013-12-31,sh.600410,华胜天成
2013-12-30,2013-12-31,sh.600416,湘电股份
2013-12-30,2013-12-31,sh.600418,江淮汽车
2013-12-30,2013-12-31,sh.600422,昆药集团
2013-12-30,2013-12-31,sh.600425,青松建化
2013-12-30,2013-12-31,sh.600426,华鲁恒升
2013-12-30,2013-12-31,sh.600428,中远海特
2013-12-30,2013-12-31,sh.600429,三元股份
2013-12-30,2013-12-31,sh.600435,北方导航
2013-12-30,2013-12-31,sh.600438,通威股份
2013-12-30,2013-12-31,sh.600439,瑞贝卡
2013-12-30,2013-12-31,sh.600449,宁夏建材
2013-12-30,2013-12-31,sh.600456,宝钛股份
2013-12-30,2013-12-31,sh.600458,时代新材
2013-12-30,2013-12-31,sh.600460,士兰微
2013-12-30,2013-12-31,sh.600467,好当家
2013-12-30,2013-12-31,sh.600468,百利电气
2013-12-30,2013-12-31,sh.600469,风神股份
2013-12-30,2013-12-31,sh.600470,六国化工
2013-12-30,2013-12-31,sh.600478,科力远
2013-12-30,2013-12-31,sh.600479,千金药业
2013-12-30,2013-12-31,sh.600481,双良节能
2013-12-30,2013-12-31,sh.600482,中国动力
2013-12-30,2013-12-31,sh.600487,亨通光电
2013-12-30,2013-12-31,sh.600488,天药股份
2013-12-30,2013-12-31,sh.600490,鹏欣资源
2013-12-30,2013-12-31,sh.600491,龙元建设
2013-12-30,2013-12-31,sh.600496,精工钢构
2013-12-30,2013-12-31,sh.600499,科达洁能
2013-12-30,2013-12-31,sh.600500,中化国际
2013-12-30,2013-12-31,sh.600503,华丽家族
2013-12-30,2013-12-31,sh.600507,方大特钢
2013-12-30,2013-12-31,sh.600508,上海能源
2013-12-30,2013-12-31,sh.600509,天富能源
2013-12-30,2013-12-31,sh.600510,黑牡丹
2013-12-30,2013-12-31,sh.600511,国药股份
2013-12-30,2013-12-31,sh.600517,置信电气
2013-12-30,2013-12-31,sh.600521,华海药业
2013-12-30,2013-12-31,sh.600522,中天科技
2013-12-30,2013-12-31,sh.600525,长园集团
2013-12-30,2013-12-31,sh.600531,豫光金铅
2013-12-30,2013-12-31,sh.600533,栖霞建设
2013-12-30,2013-12-31,sh.600537,亿晶光电
2013-12-30,2013-12-31,sh.600545,卓郎智能
2013-12-30,2013-12-31,sh.600551,时代出版
2013-12-30,2013-12-31,sh.600557,康缘药业
2013-12-30,2013-12-31,sh.600563,法拉电子
2013-12-30,2013-12-31,sh.600570,恒生电子
2013-12-30,2013-12-31,sh.600572,康恩贝
2013-12-30,2013-12-31,sh.600575,皖江物流
2013-12-30,2013-12-31,sh.600580,卧龙电气
2013-12-30,2013-12-31,sh.600581,八一钢铁
2013-12-30,2013-12-31,sh.600584,长电科技
2013-12-30,2013-12-31,sh.600586,金晶科技
2013-12-30,2013-12-31,sh.600587,新华医疗
2013-12-30,2013-12-31,sh.600589,广东榕泰
2013-12-30,2013-12-31,sh.600594,益佰制药
2013-12-30,2013-12-31,sh.600595,中孚实业
2013-12-30,2013-12-31,sh.600596,新安股份
2013-12-30,2013-12-31,sh.600601,方正科技
2013-12-30,2013-12-31,sh.600611,大众交通
2013-12-30,2013-12-31,sh.600612,老凤祥
2013-12-30,2013-12-31,sh.600614,鹏起科技
2013-12-30,2013-12-31,sh.600616,金枫酒业
2013-12-30,2013-12-31,sh.600618,氯碱化工
2013-12-30,2013-12-31,sh.600628,新世界
2013-12-30,2013-12-31,sh.600635,大众公用
2013-12-30,2013-12-31,sh.600636,三爱富
2013-12-30,2013-12-31,sh.600639,浦东金桥
2013-12-30,2013-12-31,sh.600640,号百控股
2013-12-30,2013-12-31,sh.600643,爱建集团
2013-12-30,2013-12-31,sh.600645,中源协和
2013-12-30,2013-12-31,sh.600651,飞乐音响
2013-12-30,2013-12-31,sh.600654,ST中安
2013-12-30,2013-12-31,sh.600657,信达地产
2013-12-30,2013-12-31,sh.600673,东阳光科
2013-12-30,2013-12-31,sh.600675,中华企业
2013-12-30,2013-12-31,sh.600683,京投发展
2013-12-30,2013-12-31,sh.600685,中船防务
2013-12-30,2013-12-31,sh.600699,均胜电子
2013-12-30,2013-12-31,sh.600702,舍得酒业
2013-12-30,2013-12-31,sh.600704,物产中大
2013-12-30,2013-12-31,sh.600717,天津港
2013-12-30,2013-12-31,sh.600720,祁连山
2013-12-30,2013-12-31,sh.600723,首商股份
2013-12-30,2013-12-31,sh.600724,宁波富达
2013-12-30,2013-12-31,sh.600729,重庆百货
2013-12-30,2013-12-31,sh.600736,苏州高新
2013-12-30,2013-12-31,sh.600737,中粮糖业
2013-12-30,2013-12-31,sh.600740,山西焦化
2013-12-30,2013-12-31,sh.600743,华远地产
2013-12-30,2013-12-31,sh.600747,ST大控
2013-12-30,2013-12-31,sh.600748,上实发展
2013-12-30,2013-12-31,sh.600750,江中药业
2013-12-30,2013-12-31,sh.600754,锦江股份
2013-12-30,2013-12-31,sh.600755,厦门国贸
2013-12-30,2013-12-31,sh.600757,长江传媒
2013-12-30,2013-12-31,sh.600759,洲际油气
2013-12-30,2013-12-31,sh.600761,安徽合力
2013-12-30,2013-12-31,sh.600765,中航重机
2013-12-30,2013-12-31,sh.600770,综艺股份
2013-12-30,2013-12-31,sh.600773,西藏城投
2013-12-30,2013-12-31,sh.600776,东方通信
2013-12-30,2013-12-31,sh.600780,通宝能源
2013-12-30,2013-12-31,sh.600787,中储股份
2013-12-30,2013-12-31,sh.600790,轻纺城
2013-12-30,2013-12-31,sh.600797,浙大网新
2013-12-30,2013-12-31,sh.600801,华新水泥
2013-12-30,2013-12-31,sh.600805,悦达投资
2013-12-30,2013-12-31,sh.600812,华北制药
2013-12-30,2013-12-31,sh.600815,厦工股份
2013-12-30,2013-12-31,sh.600816,安信信托
2013-12-30,2013-12-31,sh.600820,隧道股份
2013-12-30,2013-12-31,sh.600825,新华传媒
2013-12-30,2013-12-31,sh.600826,兰生股份
2013-12-30,2013-12-31,sh.600829,人民同泰
2013-12-30,2013-12-31,sh.600830,香溢融通
2013-12-30,2013-12-31,sh.600831,广电网络
2013-12-30,2013-12-31,sh.600835,上海机电
2013-12-30,2013-12-31,sh.600841,上柴股份
2013-12-30,2013-12-31,sh.600844,丹化科技
2013-12-30,2013-12-31,sh.600850,华东电脑
2013-12-30,2013-12-31,sh.600851,海欣股份
2013-12-30,2013-12-31,sh.600858,银座股份
2013-12-30,2013-12-31,sh.600864,哈投股份
2013-12-30,2013-12-31,sh.600869,智慧能源
2013-12-30,2013-12-31,sh.600872,中炬高新
2013-12-30,2013-12-31,sh.600874,创业环保
2013-12-30,2013-12-31,sh.600879,航天电子
2013-12-30,2013-12-31,sh.600880,博瑞传播
2013-12-30,2013-12-31,sh.600881,亚泰集团
2013-12-30,2013-12-31,sh.600884,杉杉股份
2013-12-30,2013-12-31,sh.600885,宏发股份
2013-12-30,2013-12-31,sh.600888,新疆众和
2013-12-30,2013-12-31,sh.600894,广日股份
2013-12-30,2013-12-31,sh.600963,岳阳林纸
2013-12-30,2013-12-31,sh.600978,宜华生活
2013-12-30,2013-12-31,sh.600983,惠而浦
2013-12-30,2013-12-31,sh.600993,马应龙
2013-12-30,2013-12-31,sh.601000,唐山港
2013-12-30,2013-12-31,sh.601002,晋亿实业
2013-12-30,2013-12-31,sh.601010,文峰股份
2013-12-30,2013-12-31,sh.601011,宝泰隆
2013-12-30,2013-12-31,sh.601100,恒立液压
2013-12-30,2013-12-31,sh.601126,四方股份
2013-12-30,2013-12-31,sh.601208,东材科技
2013-12-30,2013-12-31,sh.601216,君正集团
2013-12-30,2013-12-31,sh.601233,桐昆股份
2013-12-30,2013-12-31,sh.601311,骆驼股份
2013-12-30,2013-12-31,sh.601339,百隆东方
2013-12-30,2013-12-31,sh.601388,怡球资源
2013-12-30,2013-12-31,sh.601515,东风股份
2013-12-30,2013-12-31,sh.601519,大智慧
2013-12-30,2013-12-31,sh.601566,九牧王
2013-12-30,2013-12-31,sh.601588,北辰实业
2013-12-30,2013-12-31,sh.601608,中信重工
2013-12-30,2013-12-31,sh.601616,广电电气
2013-12-30,2013-12-31,sh.601636,旗滨集团
2013-12-30,2013-12-31,sh.601678,滨化股份
2013-12-30,2013-12-31,sh.601718,际华集团
2013-12-30,2013-12-31,sh.601777,力帆股份
2013-12-30,2013-12-31,sh.601801,皖新传媒
2013-12-30,2013-12-31,sh.601880,大连港
2013-12-30,2013-12-31,sh.601908,京运通
2013-12-30,2013-12-31,sh.601929,吉视传媒
2013-12-30,2013-12-31,sh.601965,中国汽研
2013-12-30,2013-12-31,sh.601999,出版传媒
2013-12-30,2013-12-31,sh.603001,奥康国际
2013-12-30,2013-12-31,sh.603077,和邦生物
2013-12-30,2013-12-31,sh.603366,日出东方
2013-12-30,2013-12-31,sh.603766,隆鑫通用
2013-12-30,2013-12-31,sz.000006,深振业A
2013-12-30,2013-12-31,sz.000021,深科技
2013-12-30,2013-12-31,sz.000028,国药一致
2013-12-30,2013-12-31,sz.000030,富奥股份
2013-12-30,2013-12-31,sz.000031,中粮地产
2013-12-30,2013-12-31,sz.000042,中洲控股
2013-12-30,2013-12-31,sz.000049,德赛电池
2013-12-30,2013-12-31,sz.000050,深天马A
2013-12-30,2013-12-31,sz.000066,中国长城
2013-12-30,2013-12-31,sz.000078,海王生物
2013-12-30,2013-12-31,sz.000088,盐田港
2013-12-30,2013-12-31,sz.000090,天健集团
2013-12-30,2013-12-31,sz.000099,中信海直
2013-12-30,2013-12-31,sz.000409,*ST地矿
2013-12-30,2013-12-31,sz.000413,东旭光电
2013-12-30,2013-12-31,sz.000415,渤海金控
2013-12-30,2013-12-31,sz.000417,合肥百货
2013-12-30,2013-12-31,sz.000418,小天鹅A
2013-12-30,2013-12-31,sz.000422,*ST宜化
2013-12-30,2013-12-31,sz.000426,兴业矿业
2013-12-30,2013-12-31,sz.000488,晨鸣纸业
2013-12-30,2013-12-31,sz.000501,鄂武商A
2013-12-30,2013-12-31,sz.000506,中润资源
2013-12-30,2013-12-31,sz.000510,金路集团
2013-12-30,2013-12-31,sz.000511,烯碳退
2013-12-30,2013-12-31,sz.000513,丽珠集团
2013-12-30,2013-12-31,sz.000517,荣安地产
2013-12-30,2013-12-31,sz.000518,四环生物
2013-12-30,2013-12-31,sz.000525,红太阳
2013-12-30,2013-12-31,sz.000540,中天金融
2013-12-30,2013-12-31,sz.000541,佛山照明
2013-12-30,2013-12-31,sz.000543,皖能电力
2013-12-30,2013-12-31,sz.000550,江铃汽车
2013-12-30,2013-12-31,sz.000552,靖远煤电
2013-12-30,2013-12-31,sz.000559,万向钱潮
2013-12-30,2013-12-31,sz.000563,陕国投A
2013-12-30,2013-12-31,sz.000566,海南海药
2013-12-30,2013-12-31,sz.000572,海马汽车
2013-12-30,2013-12-31,sz.000587,金洲慈航
2013-12-30,2013-12-31,sz.000603,盛达矿业
2013-12-30,2013-12-31,sz.000608,阳光股份
2013-12-30,2013-12-31,sz.000612,焦作万方
2013-12-30,2013-12-31,sz.000616,海航投资
2013-12-30,2013-12-31,sz.000620,新华联
2013-12-30,2013-12-31,sz.000627,天茂集团
2013-12-30,2013-12-31,sz.000631,顺发恒业
2013-12-30,2013-12-31,sz.000636,风华高科
2013-12-30,2013-12-31,sz.000650,仁和药业
2013-12-30,2013-12-31,sz.000652,泰达股份
2013-12-30,2013-12-31,sz.000655,*ST金岭
2013-12-30,2013-12-31,sz.000667,美好置业
2013-12-30,2013-12-31,sz.000669,金鸿控股
2013-12-30,2013-12-31,sz.000671,阳光城
2013-12-30,2013-12-31,sz.000680,山推股份
2013-12-30,2013-12-31,sz.000683,远兴能源
2013-12-30,2013-12-31,sz.000685,中山公用
2013-12-30,2013-12-31,sz.000688,国城矿业
2013-12-30,2013-12-31,sz.000690,宝新能源
2013-12-30,2013-12-31,sz.000697,炼石有色
2013-12-30,2013-12-31,sz.000712,锦龙股份
2013-12-30,2013-12-31,sz.000719,中原传媒
2013-12-30,2013-12-31,sz.000726,鲁泰A
2013-12-30,2013-12-31,sz.000732,泰禾集团
2013-12-30,2013-12-31,sz.000735,罗牛山
2013-12-30,2013-12-31,sz.000738,航发控制
2013-12-30,2013-12-31,sz.000759,中百集团
2013-12-30,2013-12-31,sz.000762,西藏矿业
2013-12-30,2013-12-31,sz.000777,中核科技
2013-12-30,2013-12-31,sz.000780,平庄能源
2013-12-30,2013-12-31,sz.000786,北新建材
2013-12-30,2013-12-31,sz.000788,北大医药
2013-12-30,2013-12-31,sz.000799,酒鬼酒
2013-12-30,2013-12-31,sz.000809,铁岭新城
2013-12-30,2013-12-31,sz.000816,*ST慧业
2013-12-30,2013-12-31,sz.000822,山东海化
2013-12-30,2013-12-31,sz.000823,超声电子
2013-12-30,2013-12-31,sz.000829,天音控股
2013-12-30,2013-12-31,sz.000830,鲁西化工
2013-12-30,2013-12-31,sz.000848,承德露露
2013-12-30,2013-12-31,sz.000850,华茂股份
2013-12-30,2013-12-31,sz.000852,石化机械
2013-12-30,2013-12-31,sz.000860,顺鑫农业
2013-12-30,2013-12-31,sz.000861,海印股份
2013-12-30,2013-12-31,sz.000877,天山股份
2013-12-30,2013-12-31,sz.000886,海南高速
2013-12-30,2013-12-31,sz.000887,中鼎股份
2013-12-30,2013-12-31,sz.000897,津滨发展
2013-12-30,2013-12-31,sz.000900,现代投资
2013-12-30,2013-12-31,sz.000919,金陵药业
2013-12-30,2013-12-31,sz.000921,海信科龙
2013-12-30,2013-12-31,sz.000926,福星股份
2013-12-30,2013-12-31,sz.000927,一汽夏利
2013-12-30,2013-12-31,sz.000930,中粮生化
2013-12-30,2013-12-31,sz.000931,中关村
2013-12-30,2013-12-31,sz.000935,四川双马
2013-12-30,2013-12-31,sz.000939,*ST凯迪
2013-12-30,2013-12-31,sz.000951,中国重汽
2013-12-30,2013-12-31,sz.000962,东方钽业
2013-12-30,2013-12-31,sz.000969,安泰科技
2013-12-30,2013-12-31,sz.000973,佛塑科技
2013-12-30,2013-12-31,sz.000975,银泰资源
2013-12-30,2013-12-31,sz.000977,浪潮信息
2013-12-30,2013-12-31,sz.000979,中弘股份
2013-12-30,2013-12-31,sz.000982,*ST中绒
2013-12-30,2013-12-31,sz.000987,越秀金控
2013-12-30,2013-12-31,sz.000988,华工科技
2013-12-30,2013-12-31,sz.000997,新大陆
2013-12-30,2013-12-31,sz.000998,隆平高科
2013-12-30,2013-12-31,sz.001696,宗申动力
2013-12-30,2013-12-31,sz.002004,华邦健康
2013-12-30,2013-12-31,sz.002005,德豪润达
2013-12-30,2013-12-31,sz.002008,大族激光
2013-12-30,2013-12-31,sz.002011,盾安环境
2013-12-30,2013-12-31,sz.002013,中航机电
2013-12-30,2013-12-31,sz.002022,科华生物
2013-12-30,2013-12-31,sz.002025,航天电器
2013-12-30,2013-12-31,sz.002028,思源电气
2013-12-30,2013-12-31,sz.002029,七匹狼
2013-12-30,2013-12-31,sz.002041,登海种业
2013-12-30,2013-12-31,sz.002048,宁波华翔
2013-12-30,2013-12-31,sz.002049,紫光国微
2013-12-30,2013-12-31,sz.002050,三花智控
2013-12-30,2013-12-31,sz.002056,横店东磁
2013-12-30,2013-12-31,sz.002063,远光软件
2013-12-30,2013-12-31,sz.002064,华峰氨纶
2013-12-30,2013-12-31,sz.002073,软控股份
2013-12-30,2013-12-31,sz.002075,沙钢股份
2013-12-30,2013-12-31,sz.002078,太阳纸业
2013-12-30,2013-12-31,sz.002083,孚日股份
2013-12-30,2013-12-31,sz.002091,江苏国泰
2013-12-30,2013-12-31,sz.002092,中泰化学
2013-12-30,2013-12-31,sz.002093,国脉科技
2013-12-30,2013-12-31,sz.002118,紫鑫药业
2013-12-30,2013-12-31,sz.002122,*ST天马
2013-12-30,2013-12-31,sz.002123,梦网集团
2013-12-30,2013-12-31,sz.002140,东华科技
2013-12-30,2013-12-31,sz.002152,广电运通
2013-12-30,2013-12-31,sz.002153,石基信息
2013-12-30,2013-12-31,sz.002154,报喜鸟
2013-12-30,2013-12-31,sz.002161,远望谷
2013-12-30,2013-12-31,sz.002167,东方锆业
2013-12-30,2013-12-31,sz.002168,深圳惠程
2013-12-30,2013-12-31,sz.002179,中航光电
2013-12-30,2013-12-31,sz.002181,粤传媒
2013-12-30,2013-12-31,sz.002183,怡亚通
2013-12-30,2013-12-31,sz.002190,成飞集成
2013-12-30,2013-12-31,sz.002191,劲嘉股份
2013-12-30,2013-12-31,sz.002194,*ST凡谷
2013-12-30,2013-12-31,sz.002203,海亮股份
2013-12-30,2013-12-31,sz.002216,三全食品
2013-12-30,2013-12-31,sz.002219,恒康医疗
2013-12-30,2013-12-31,sz.002221,东华能源
2013-12-30,2013-12-31,sz.002223,鱼跃医疗
2013-12-30,2013-12-31,sz.002225,濮耐股份
2013-12-30,2013-12-31,sz.002226,江南化工
2013-12-30,2013-12-31,sz.002233,塔牌集团
2013-12-30,2013-12-31,sz.002237,恒邦股份
2013-12-30,2013-12-31,sz.002238,天威视讯
2013-12-30,2013-12-31,sz.002249,大洋电机
2013-12-30,2013-12-31,sz.002250,联化科技
2013-12-30,2013-12-31,sz.002251,步步高
2013-12-30,2013-12-31,sz.002252,上海莱士
2013-12-30,2013-12-31,sz.002254,泰和新材
2013-12-30,2013-12-31,sz.002262,恩华药业
2013-12-30,2013-12-31,sz.002266,浙富控股
2013-12-30,2013-12-31,sz.002267,陕天然气
2013-12-30,2013-12-31,sz.002271,东方雨虹
2013-12-30,2013-12-31,sz.002273,水晶光电
2013-12-30,2013-12-31,sz.002275,桂林三金
2013-12-30,2013-12-31,sz.002276,万马股份
2013-12-30,2013-12-31,sz.002277,友阿股份
2013-12-30,2013-12-31,sz.002281,光迅科技
2013-12-30,2013-12-31,sz.002283,天润曲轴
2013-12-30,2013-12-31,sz.002285,世联行
2013-12-30,2013-12-31,sz.002292,奥飞娱乐
2013-12-30,2013-12-31,sz.002293,罗莱生活
2013-12-30,2013-12-31,sz.002305,南国置业
2013-12-30,2013-12-31,sz.002306,*ST云网
2013-12-30,2013-12-31,sz.002308,威创股份
2013-12-30,2013-12-31,sz.002309,中利集团
2013-12-30,2013-12-31,sz.002315,焦点科技
2013-12-30,2013-12-31,sz.002317,众生药业
2013-12-30,2013-12-31,sz.002320,海峡股份
2013-12-30,2013-12-31,sz.002325,洪涛股份
2013-12-30,2013-12-31,sz.002327,富安娜
2013-12-30,2013-12-31,sz.002332,仙琚制药
2013-12-30,2013-12-31,sz.002340,格林美
2013-12-30,2013-12-31,sz.002342,巨力索具
2013-12-30,2013-12-31,sz.002345,潮宏基
2013-12-30,2013-12-31,sz.002368,太极股份
2013-12-30,2013-12-31,sz.002371,北方华创
2013-12-30,2013-12-31,sz.002378,章源钨业
2013-12-30,2013-12-31,sz.002384,东山精密
2013-12-30,2013-12-31,sz.002392,北京利尔
2013-12-30,2013-12-31,sz.002393,力生制药
2013-12-30,2013-12-31,sz.002396,星网锐捷
2013-12-30,2013-12-31,sz.002400,省广集团
2013-12-30,2013-12-31,sz.002405,四维图新
2013-12-30,2013-12-31,sz.002408,齐翔腾达
2013-12-30,2013-12-31,sz.002410,广联达
2013-12-30,2013-12-31,sz.002414,高德红外
2013-12-30,2013-12-31,sz.002416,爱施德
2013-12-30,2013-12-31,sz.002419,天虹股份
2013-12-30,2013-12-31,sz.002424,贵州百灵
2013-12-30,2013-12-31,sz.002428,云南锗业
2013-12-30,2013-12-31,sz.002429,兆驰股份
2013-12-30,2013-12-31,sz.002430,杭氧股份
2013-12-30,2013-12-31,sz.002437,誉衡药业
2013-12-30,2013-12-31,sz.002440,闰土股份
2013-12-30,2013-12-31,sz.002444,巨星科技
2013-12-30,2013-12-31,sz.002447,晨鑫科技
2013-12-30,2013-12-31,sz.002461,珠江啤酒
2013-12-30,2013-12-31,sz.002463,沪电股份
2013-12-30,2013-12-31,sz.002465,海格通信
2013-12-30,2013-12-31,sz.002470,金正大
2013-12-30,2013-12-31,sz.002477,雏鹰农牧
2013-12-30,2013-12-31,sz.002479,富春环保
2013-12-30,2013-12-31,sz.002480,新筑股份
2013-12-30,2013-12-31,sz.002482,广田集团
2013-12-30,2013-12-31,sz.002489,浙江永强
2013-12-30,2013-12-31,sz.002490,山东墨龙
2013-12-30,2013-12-31,sz.002493,荣盛石化
2013-12-30,2013-12-31,sz.002498,汉缆股份
2013-12-30,2013-12-31,sz.002503,搜于特
2013-12-30,2013-12-31,sz.002508,老板电器
2013-12-30,2013-12-31,sz.002534,杭锅股份
2013-12-30,2013-12-31,sz.002557,洽洽食品
2013-12-30,2013-12-31,sz.002572,索菲亚
2013-12-30,2013-12-31,sz.002573,清新环境
2013-12-30,2013-12-31,sz.002574,明牌珠宝
2013-12-30,2013-12-31,sz.002588,史丹利
2013-12-30,2013-12-31,sz.002601,龙蟒佰利
2013-12-30,2013-12-31,sz.002612,朗姿股份
2013-12-30,2013-12-31,sz.002635,安洁科技
2013-12-30,2013-12-31,sz.002638,勤上股份
2013-12-30,2013-12-31,sz.002646,青青稞酒
2013-12-30,2013-12-31,sz.002648,卫星石化
2013-12-30,2013-12-31,sz.002662,京威股份
2013-12-30,2013-12-31,sz.002663,普邦股份
2013-12-30,2013-12-31,sz.002672,东江环保
2013-12-30,2013-12-31,sz.002678,珠江钢琴
2013-12-30,2013-12-31,sz.002690,美亚光电
2013-12-30,2013-12-31,sz.002698,博实股份
2013-12-30,2013-12-31,sz.002701,奥瑞金
2014-06-30,2014-06-30,sh.600004,白云机场
2014-06-30,2014-06-30,sh.600006,东风汽车
2014-06-30,2014-06-30,sh.600017,日照港
2014-06-30,2014-06-30,sh.600021,上海电力
2014-06-30,2014-06-30,sh.600026,中远海能
2014-06-30,2014-06-30,sh.600037,歌华有线
2014-06-30,2014-06-30,sh.600038,中直股份
2014-06-30,2014-06-30,sh.600039,四川路桥
2014-06-30,2014-06-30,sh.600054,黄山旅游
2014-06-30,2014-06-30,sh.600056,中国医药
2014-06-30,2014-06-30,sh.600059,古越龙山
2014-06-30,2014-06-30,sh.600064,南京高科
2014-06-30,2014-06-30,sh.600067,冠城大通
2014-06-30,2014-06-30,sh.600073,上海梅林
2014-06-30,2014-06-30,sh.600078,澄星股份
2014-06-30,2014-06-30,sh.600086,东方金钰
2014-06-30,2014-06-30,sh.600088,中视传媒
2014-06-30,2014-06-30,sh.600094,大名城
2014-06-30,2014-06-30,sh.600110,诺德股份
2014-06-30,2014-06-30,sh.600112,天成控股
2014-06-30,2014-06-30,sh.600120,浙江东方
2014-06-30,2014-06-30,sh.600122,宏图高科
2014-06-30,2014-06-30,sh.600125,铁龙物流
2014-06-30,2014-06-30,sh.600132,重庆啤酒
2014-06-30,2014-06-30,sh.600138,中青旅
2014-06-30,2014-06-30,sh.600139,西部资源
2014-06-30,2014-06-30,sh.600141,兴发集团
2014-06-30,2014-06-30,sh.600151,航天机电
2014-06-30,2014-06-30,sh.600158,中体产业
2014-06-30,2014-06-30,sh.600160,巨化股份
2014-06-30,2014-06-30,sh.600161,天坛生物
2014-06-30,2014-06-30,sh.600162,香江控股
2014-06-30,2014-06-30,sh.600169,太原重工
2014-06-30,2014-06-30,sh.600171,上海贝岭
2014-06-30,2014-06-30,sh.600175,美都能源
2014-06-30,2014-06-30,sh.600176,中国巨石
2014-06-30,2014-06-30,sh.600180,瑞茂通
2014-06-30,2014-06-30,sh.600183,生益科技
2014-06-30,2014-06-30,sh.600184,光电股份
2014-06-30,2014-06-30,sh.600187,国中水务
2014-06-30,2014-06-30,sh.600195,中牧股份
2014-06-30,2014-06-30,sh.600197,伊力特
2014-06-30,2014-06-30,sh.600198,*ST大唐
2014-06-30,2014-06-30,sh.600199,金种子酒
2014-06-30,2014-06-30,sh.600200,江苏吴中
2014-06-30,2014-06-30,sh.600201,生物股份
2014-06-30,2014-06-30,sh.600220,江苏阳光
2014-06-30,2014-06-30,sh.600239,云南城投
2014-06-30,2014-06-30,sh.600240,华业资本
2014-06-30,2014-06-30,sh.600251,冠农股份
2014-06-30,2014-06-30,sh.600260,凯乐科技
2014-06-30,2014-06-30,sh.600261,阳光照明
2014-06-30,2014-06-30,sh.600266,北京城建
2014-06-30,2014-06-30,sh.600268,国电南自
2014-06-30,2014-06-30,sh.600270,外运发展
2014-06-30,2014-06-30,sh.600280,中央商场
2014-06-30,2014-06-30,sh.600284,浦东建设
2014-06-30,2014-06-30,sh.600289,*ST信通
2014-06-30,2014-06-30,sh.600292,远达环保
2014-06-30,2014-06-30,sh.600298,安琪酵母
2014-06-30,2014-06-30,sh.600300,维维股份
2014-06-30,2014-06-30,sh.600311,荣华实业
2014-06-30,2014-06-30,sh.600312,平高电气
2014-06-30,2014-06-30,sh.600320,振华重工
2014-06-30,2014-06-30,sh.600322,天房发展
2014-06-30,2014-06-30,sh.600325,华发股份
2014-06-30,2014-06-30,sh.600329,中新药业
2014-06-30,2014-06-30,sh.600333,长春燃气
2014-06-30,2014-06-30,sh.600335,国机汽车
2014-06-30,2014-06-30,sh.600337,美克家居
2014-06-30,2014-06-30,sh.600351,亚宝药业
2014-06-30,2014-06-30,sh.600366,宁波韵升
2014-06-30,2014-06-30,sh.600380,健康元
2014-06-30,2014-06-30,sh.600387,海越能源
2014-06-30,2014-06-30,sh.600389,江山股份
2014-06-30,2014-06-30,sh.600392,盛和资源
2014-06-30,2014-06-30,sh.600397,*ST安煤
2014-06-30,2014-06-30,sh.600398,海澜之家
2014-06-30,2014-06-30,sh.600401,*ST海润
2014-06-30,2014-06-30,sh.600409,三友化工
2014-06-30,2014-06-30,sh.600410,华胜天成
2014-06-30,2014-06-30,sh.600416,湘电股份
2014-06-30,2014-06-30,sh.600418,江淮汽车
2014-06-30,2014-06-30,sh.600422,昆药集团
2014-06-30,2014-06-30,sh.600425,青松建化
2014-06-30,2014-06-30,sh.600426,华鲁恒升
2014-06-30,2014-06-30,sh.600428,中远海特
2014-06-30,2014-06-30,sh.600429,三元股份
2014-06-30,2014-06-30,sh.600432,退市吉恩
2014-06-30,2014-06-30,sh.600435,北方导航
2014-06-30,2014-06-30,sh.600438,通威股份
2014-06-30,2014-06-30,sh.600439,瑞贝卡
2014-06-30,2014-06-30,sh.600449,宁夏建材
2014-06-30,2014-06-30,sh.600456,宝钛股份
2014-06-30,2014-06-30,sh.600458,时代新材
2014-06-30,2014-06-30,sh.600460,士兰微
2014-06-30,2014-06-30,sh.600467,好当家
2014-06-30,2014-06-30,sh.600468,百利电气
2014-06-30,2014-06-30,sh.600478,科力远
2014-06-30,2014-06-30,sh.600479,千金药业
2014-06-30,2014-06-30,sh.600481,双良节能
2014-06-30,2014-06-30,sh.600482,中国动力
2014-06-30,2014-06-30,sh.600487,亨通光电
2014-06-30,2014-06-30,sh.600488,天药股份
2014-06-30,2014-06-30,sh.600490,鹏欣资源
2014-06-30,2014-06-30,sh.600491,龙元建设
2014-06-30,2014-06-30,sh.600496,精工钢构
2014-06-30,2014-06-30,sh.600500,中化国际
2014-06-30,2014-06-30,sh.600503,华丽家族
2014-06-30,2014-06-30,sh.600507,方大特钢
2014-06-30,2014-06-30,sh.600508,上海能源
2014-06-30,2014-06-30,sh.600509,天富能源
2014-06-30,2014-06-30,sh.600510,黑牡丹
2014-06-30,2014-06-30,sh.600511,国药股份
2014-06-30,2014-06-30,sh.600517,置信电气
2014-06-30,2014-06-30,sh.600521,华海药业
2014-06-30,2014-06-30,sh.600522,中天科技
2014-06-30,2014-06-30,sh.600525,长园集团
2014-06-30,2014-06-30,sh.600528,中铁工业
2014-06-30,2014-06-30,sh.600536,中国软件
2014-06-30,2014-06-30,sh.600537,亿晶光电
2014-06-30,2014-06-30,sh.600545,卓郎智能
2014-06-30,2014-06-30,sh.600551,时代出版
2014-06-30,2014-06-30,sh.600557,康缘药业
2014-06-30,2014-06-30,sh.600563,法拉电子
2014-06-30,2014-06-30,sh.600566,济川药业
2014-06-30,2014-06-30,sh.600570,恒生电子
2014-06-30,2014-06-30,sh.600572,康恩贝
2014-06-30,2014-06-30,sh.600575,皖江物流
2014-06-30,2014-06-30,sh.600580,卧龙电气
2014-06-30,2014-06-30,sh.600582,天地科技
2014-06-30,2014-06-30,sh.600584,长电科技
2014-06-30,2014-06-30,sh.600586,金晶科技
2014-06-30,2014-06-30,sh.600587,新华医疗
2014-06-30,2014-06-30,sh.600596,新安股份
2014-06-30,2014-06-30,sh.600601,方正科技
2014-06-30,2014-06-30,sh.600611,大众交通
2014-06-30,2014-06-30,sh.600612,老凤祥
2014-06-30,2014-06-30,sh.600614,鹏起科技
2014-06-30,2014-06-30,sh.600616,金枫酒业
2014-06-30,2014-06-30,sh.600618,氯碱化工
2014-06-30,2014-06-30,sh.600628,新世界
2014-06-30,2014-06-30,sh.600635,大众公用
2014-06-30,2014-06-30,sh.600636,三爱富
2014-06-30,2014-06-30,sh.600639,浦东金桥
2014-06-30,2014-06-30,sh.600640,号百控股
2014-06-30,2014-06-30,sh.600643,爱建集团
2014-06-30,2014-06-30,sh.600645,中源协和
2014-06-30,2014-06-30,sh.600651,飞乐音响
2014-06-30,2014-06-30,sh.600654,ST中安
2014-06-30,2014-06-30,sh.600657,信达地产
2014-06-30,2014-06-30,sh.600673,东阳光科
2014-06-30,2014-06-30,sh.600675,中华企业
2014-06-30,2014-06-30,sh.600683,京投发展
2014-06-30,2014-06-30,sh.600685,中船防务
2014-06-30,2014-06-30,sh.600694,大商股份
2014-06-30,2014-06-30,sh.600699,均胜电子
2014-06-30,2014-06-30,sh.600702,舍得酒业
2014-06-30,2014-06-30,sh.600704,物产中大
2014-06-30,2014-06-30,sh.600720,祁连山
2014-06-30,2014-06-30,sh.600723,首商股份
2014-06-30,2014-06-30,sh.600724,宁波富达
2014-06-30,2014-06-30,sh.600729,重庆百货
2014-06-30,2014-06-30,sh.600736,苏州高新
2014-06-30,2014-06-30,sh.600737,中粮糖业
2014-06-30,2014-06-30,sh.600740,山西焦化
2014-06-30,2014-06-30,sh.600743,华远地产
2014-06-30,2014-06-30,sh.600747,ST大控
2014-06-30,2014-06-30,sh.600748,上实发展
2014-06-30,2014-06-30,sh.600750,江中药业
2014-06-30,2014-06-30,sh.600754,锦江股份
2014-06-30,2014-06-30,sh.600755,厦门国贸
2014-06-30,2014-06-30,sh.600757,长江传媒
2014-06-30,2014-06-30,sh.600759,洲际油气
2014-06-30,2014-06-30,sh.600761,安徽合力
2014-06-30,2014-06-30,sh.600765,中航重机
2014-06-30,2014-06-30,sh.600770,综艺股份
2014-06-30,2014-06-30,sh.600773,西藏城投
2014-06-30,2014-06-30,sh.600776,东方通信
2014-06-30,2014-06-30,sh.600780,通宝能源
2014-06-30,2014-06-30,sh.600787,中储股份
2014-06-30,2014-06-30,sh.600790,轻纺城
2014-06-30,2014-06-30,sh.600797,浙大网新
2014-06-30,2014-06-30,sh.600801,华新水泥
2014-06-30,2014-06-30,sh.600803,新奥股份
2014-06-30,2014-06-30,sh.600805,悦达投资
2014-06-30,2014-06-30,sh.600811,东方集团
2014-06-30,2014-06-30,sh.600812,华北制药
2014-06-30,2014-06-30,sh.600815,厦工股份
2014-06-30,2014-06-30,sh.600816,安信信托
2014-06-30,2014-06-30,sh.600820,隧道股份
2014-06-30,2014-06-30,sh.600823,世茂股份
2014-06-30,2014-06-30,sh.600825,新华传媒
2014-06-30,2014-06-30,sh.600826,兰生股份
2014-06-30,2014-06-30,sh.600830,香溢融通
2014-06-30,2014-06-30,sh.600831,广电网络
2014-06-30,2014-06-30,sh.600835,上海机电
2014-06-30,2014-06-30,sh.600844,丹化科技
2014-06-30,2014-06-30,sh.600850,华东电脑
2014-06-30,2014-06-30,sh.600851,海欣股份
2014-06-30,2014-06-30,sh.600858,银座股份
2014-06-30,2014-06-30,sh.600859,王府井
2014-06-30,2014-06-30,sh.600864,哈投股份
2014-06-30,2014-06-30,sh.600869,智慧能源
2014-06-30,2014-06-30,sh.600872,中炬高新
2014-06-30,2014-06-30,sh.600874,创业环保
2014-06-30,2014-06-30,sh.600879,航天电子
2014-06-30,2014-06-30,sh.600881,亚泰集团
2014-06-30,2014-06-30,sh.600884,杉杉股份
2014-06-30,2014-06-30,sh.600885,宏发股份
2014-06-30,2014-06-30,sh.600888,新疆众和
2014-06-30,2014-06-30,sh.600894,广日股份
2014-06-30,2014-06-30,sh.600963,岳阳林纸
2014-06-30,2014-06-30,sh.600967,内蒙一机
2014-06-30,2014-06-30,sh.600970,中材国际
2014-06-30,2014-06-30,sh.600971,恒源煤电
2014-06-30,2014-06-30,sh.600978,宜华生活
2014-06-30,2014-06-30,sh.600983,惠而浦
2014-06-30,2014-06-30,sh.600993,马应龙
2014-06-30,2014-06-30,sh.600997,开滦股份
2014-06-30,2014-06-30,sh.601000,唐山港
2014-06-30,2014-06-30,sh.601002,晋亿实业
2014-06-30,2014-06-30,sh.601010,文峰股份
2014-06-30,2014-06-30,sh.601011,宝泰隆
2014-06-30,2014-06-30,sh.601012,隆基股份
2014-06-30,2014-06-30,sh.601099,太平洋
2014-06-30,2014-06-30,sh.601100,恒立液压
2014-06-30,2014-06-30,sh.601101,昊华能源
2014-06-30,2014-06-30,sh.601126,四方股份
2014-06-30,2014-06-30,sh.601208,东材科技
2014-06-30,2014-06-30,sh.601233,桐昆股份
2014-06-30,2014-06-30,sh.601311,骆驼股份
2014-06-30,2014-06-30,sh.601339,百隆东方
2014-06-30,2014-06-30,sh.601369,陕鼓动力
2014-06-30,2014-06-30,sh.601388,怡球资源
2014-06-30,2014-06-30,sh.601515,东风股份
2014-06-30,2014-06-30,sh.601519,大智慧
2014-06-30,2014-06-30,sh.601566,九牧王
2014-06-30,2014-06-30,sh.601608,中信重工
2014-06-30,2014-06-30,sh.601616,广电电气
2014-06-30,2014-06-30,sh.601636,旗滨集团
2014-06-30,2014-06-30,sh.601678,滨化股份
2014-06-30,2014-06-30,sh.601717,郑煤机
2014-06-30,2014-06-30,sh.601718,际华集团
2014-06-30,2014-06-30,sh.601777,力帆股份
2014-06-30,2014-06-30,sh.601801,皖新传媒
2014-06-30,2014-06-30,sh.601880,大连港
2014-06-30,2014-06-30,sh.601886,江河集团
2014-06-30,2014-06-30,sh.601908,京运通
2014-06-30,2014-06-30,sh.601965,中国汽研
2014-06-30,2014-06-30,sh.601999,出版传媒
2014-06-30,2014-06-30,sh.603001,奥康国际
2014-06-30,2014-06-30,sh.603077,和邦生物
2014-06-30,2014-06-30,sh.603366,日出东方
2014-06-30,2014-06-30,sh.603555,贵人鸟
2014-06-30,2014-06-30,sh.603766,隆鑫通用
2014-06-30,2014-06-30,sz.000006,深振业A
2014-06-30,2014-06-30,sz.000021,深科技
2014-06-30,2014-06-30,sz.000028,国药一致
2014-06-30,2014-06-30,sz.000030,富奥股份
2014-06-30,2014-06-30,sz.000031,中粮地产
2014-06-30,2014-06-30,sz.000049,德赛电池
2014-06-30,2014-06-30,sz.000050,深天马A
2014-06-30,2014-06-30,sz.000066,中国长城
2014-06-30,2014-06-30,sz.000078,海王生物
2014-06-30,2014-06-30,sz.000088,盐田港
2014-06-30,2014-06-30,sz.000090,天健集团
2014-06-30,2014-06-30,sz.000099,中信海直
2014-06-30,2014-06-30,sz.000409,*ST地矿
2014-06-30,2014-06-30,sz.000415,渤海金控
2014-06-30,2014-06-30,sz.000417,合肥百货
2014-06-30,2014-06-30,sz.000418,小天鹅A
2014-06-30,2014-06-30,sz.000422,*ST宜化
2014-06-30,2014-06-30,sz.000426,兴业矿业
2014-06-30,2014-06-30,sz.000488,晨鸣纸业
2014-06-30,2014-06-30,sz.000501,鄂武商A
2014-06-30,2014-06-30,sz.000506,中润资源
2014-06-30,2014-06-30,sz.000510,金路集团
2014-06-30,2014-06-30,sz.000511,烯碳退
2014-06-30,2014-06-30,sz.000513,丽珠集团
2014-06-30,2014-06-30,sz.000518,四环生物
2014-06-30,2014-06-30,sz.000525,红太阳
2014-06-30,2014-06-30,sz.000528,柳工
2014-06-30,2014-06-30,sz.000540,中天金融
2014-06-30,2014-06-30,sz.000541,佛山照明
2014-06-30,2014-06-30,sz.000543,皖能电力
2014-06-30,2014-06-30,sz.000550,江铃汽车
2014-06-30,2014-06-30,sz.000552,靖远煤电
2014-06-30,2014-06-30,sz.000559,万向钱潮
2014-06-30,2014-06-30,sz.000563,陕国投A
2014-06-30,2014-06-30,sz.000566,海南海药
2014-06-30,2014-06-30,sz.000572,海马汽车
2014-06-30,2014-06-30,sz.000587,金洲慈航
2014-06-30,2014-06-30,sz.000596,古井贡酒
2014-06-30,2014-06-30,sz.000603,盛达矿业
2014-06-30,2014-06-30,sz.000612,焦作万方
2014-06-30,2014-06-30,sz.000616,海航投资
2014-06-30,2014-06-30,sz.000620,新华联
2014-06-30,2014-06-30,sz.000627,天茂集团
2014-06-30,2014-06-30,sz.000631,顺发恒业
2014-06-30,2014-06-30,sz.000636,风华高科
2014-06-30,2014-06-30,sz.000650,仁和药业
2014-06-30,2014-06-30,sz.000652,泰达股份
2014-06-30,2014-06-30,sz.000655,*ST金岭
2014-06-30,2014-06-30,sz.000667,美好置业
2014-06-30,2014-06-30,sz.000669,金鸿控股
2014-06-30,2014-06-30,sz.000671,阳光城
2014-06-30,2014-06-30,sz.000680,山推股份
2014-06-30,2014-06-30,sz.000685,中山公用
2014-06-30,2014-06-30,sz.000688,国城矿业
2014-06-30,2014-06-30,sz.000690,宝新能源
2014-06-30,2014-06-30,sz.000693,*ST华泽
2014-06-30,2014-06-30,sz.000697,炼石有色
2014-06-30,2014-06-30,sz.000703,恒逸石化
2014-06-30,2014-06-30,sz.000712,锦龙股份
2014-06-30,2014-06-30,sz.000719,中原传媒
2014-06-30,2014-06-30,sz.000726,鲁泰A
2014-06-30,2014-06-30,sz.000732,泰禾集团
2014-06-30,2014-06-30,sz.000735,罗牛山
2014-06-30,2014-06-30,sz.000759,中百集团
2014-06-30,2014-06-30,sz.000762,西藏矿业
2014-06-30,2014-06-30,sz.000777,中核科技
2014-06-30,2014-06-30,sz.000780,平庄能源
2014-06-30,2014-06-30,sz.000786,北新建材
2014-06-30,2014-06-30,sz.000788,北大医药
2014-06-30,2014-06-30,sz.000799,酒鬼酒
2014-06-30,2014-06-30,sz.000809,铁岭新城
2014-06-30,2014-06-30,sz.000816,*ST慧业
2014-06-30,2014-06-30,sz.000823,超声电子
2014-06-30,2014-06-30,sz.000829,天音控股
2014-06-30,2014-06-30,sz.000830,鲁西化工
2014-06-30,2014-06-30,sz.000848,承德露露
2014-06-30,2014-06-30,sz.000850,华茂股份
2014-06-30,2014-06-30,sz.000852,石化机械
2014-06-30,2014-06-30,sz.000860,顺鑫农业
2014-06-30,2014-06-30,sz.000861,海印股份
2014-06-30,2014-06-30,sz.000877,天山股份
2014-06-30,2014-06-30,sz.000886,海南高速
2014-06-30,2014-06-30,sz.000887,中鼎股份
2014-06-30,2014-06-30,sz.000897,津滨发展
2014-06-30,2014-06-30,sz.000900,现代投资
2014-06-30,2014-06-30,sz.000919,金陵药业
2014-06-30,2014-06-30,sz.000921,海信科龙
2014-06-30,2014-06-30,sz.000926,福星股份
2014-06-30,2014-06-30,sz.000927,一汽夏利
2014-06-30,2014-06-30,sz.000930,中粮生化
2014-06-30,2014-06-30,sz.000931,中关村
2014-06-30,2014-06-30,sz.000933,神火股份
2014-06-30,2014-06-30,sz.000935,四川双马
2014-06-30,2014-06-30,sz.000939,*ST凯迪
2014-06-30,2014-06-30,sz.000951,中国重汽
2014-06-30,2014-06-30,sz.000962,东方钽业
2014-06-30,2014-06-30,sz.000969,安泰科技
2014-06-30,2014-06-30,sz.000973,佛塑科技
2014-06-30,2014-06-30,sz.000975,银泰资源
2014-06-30,2014-06-30,sz.000977,浪潮信息
2014-06-30,2014-06-30,sz.000979,中弘股份
2014-06-30,2014-06-30,sz.000982,*ST中绒
2014-06-30,2014-06-30,sz.000987,越秀金控
2014-06-30,2014-06-30,sz.000988,华工科技
2014-06-30,2014-06-30,sz.000997,新大陆
2014-06-30,2014-06-30,sz.000998,隆平高科
2014-06-30,2014-06-30,sz.001696,宗申动力
2014-06-30,2014-06-30,sz.002004,华邦健康
2014-06-30,2014-06-30,sz.002005,德豪润达
2014-06-30,2014-06-30,sz.002011,盾安环境
2014-06-30,2014-06-30,sz.002013,中航机电
2014-06-30,2014-06-30,sz.002018,*ST华信
2014-06-30,2014-06-30,sz.002022,科华生物
2014-06-30,2014-06-30,sz.002025,航天电器
2014-06-30,2014-06-30,sz.002028,思源电气
2014-06-30,2014-06-30,sz.002029,七匹狼
2014-06-30,2014-06-30,sz.002032,苏泊尔
2014-06-30,2014-06-30,sz.002041,登海种业
2014-06-30,2014-06-30,sz.002048,宁波华翔
2014-06-30,2014-06-30,sz.002049,紫光国微
2014-06-30,2014-06-30,sz.002050,三花智控
2014-06-30,2014-06-30,sz.002052,同洲电子
2014-06-30,2014-06-30,sz.002056,横店东磁
2014-06-30,2014-06-30,sz.002063,远光软件
2014-06-30,2014-06-30,sz.002064,华峰氨纶
2014-06-30,2014-06-30,sz.002069,獐子岛
2014-06-30,2014-06-30,sz.002073,软控股份
2014-06-30,2014-06-30,sz.002075,沙钢股份
2014-06-30,2014-06-30,sz.002078,太阳纸业
2014-06-30,2014-06-30,sz.002083,孚日股份
2014-06-30,2014-06-30,sz.002091,江苏国泰
2014-06-30,2014-06-30,sz.002092,中泰化学
2014-06-30,2014-06-30,sz.002093,国脉科技
2014-06-30,2014-06-30,sz.002118,紫鑫药业
2014-06-30,2014-06-30,sz.002122,*ST天马
2014-06-30,2014-06-30,sz.002123,梦网集团
2014-06-30,2014-06-30,sz.002128,露天煤业
2014-06-30,2014-06-30,sz.002140,东华科技
2014-06-30,2014-06-30,sz.002152,广电运通
2014-06-30,2014-06-30,sz.002153,石基信息
2014-06-30,2014-06-30,sz.002154,报喜鸟
2014-06-30,2014-06-30,sz.002155,湖南黄金
2014-06-30,2014-06-30,sz.002161,远望谷
2014-06-30,2014-06-30,sz.002168,深圳惠程
2014-06-30,2014-06-30,sz.002179,中航光电
2014-06-30,2014-06-30,sz.002181,粤传媒
2014-06-30,2014-06-30,sz.002183,怡亚通
2014-06-30,2014-06-30,sz.002190,成飞集成
2014-06-30,2014-06-30,sz.002191,劲嘉股份
2014-06-30,2014-06-30,sz.002194,*ST凡谷
2014-06-30,2014-06-30,sz.002203,海亮股份
2014-06-30,2014-06-30,sz.002204,大连重工
2014-06-30,2014-06-30,sz.002216,三全食品
2014-06-30,2014-06-30,sz.002219,恒康医疗
2014-06-30,2014-06-30,sz.002221,东华能源
2014-06-30,2014-06-30,sz.002223,鱼跃医疗
2014-06-30,2014-06-30,sz.002225,濮耐股份
2014-06-30,2014-06-30,sz.002226,江南化工
2014-06-30,2014-06-30,sz.002233,塔牌集团
2014-06-30,2014-06-30,sz.002237,恒邦股份
2014-06-30,2014-06-30,sz.002238,天威视讯
2014-06-30,2014-06-30,sz.002242,九阳股份
2014-06-30,2014-06-30,sz.002244,滨江集团
2014-06-30,2014-06-30,sz.002249,大洋电机
2014-06-30,2014-06-30,sz.002250,联化科技
2014-06-30,2014-06-30,sz.002251,步步高
2014-06-30,2014-06-30,sz.002254,泰和新材
2014-06-30,2014-06-30,sz.002262,恩华药业
2014-06-30,2014-06-30,sz.002266,浙富控股
2014-06-30,2014-06-30,sz.002267,陕天然气
2014-06-30,2014-06-30,sz.002271,东方雨虹
2014-06-30,2014-06-30,sz.002273,水晶光电
2014-06-30,2014-06-30,sz.002275,桂林三金
2014-06-30,2014-06-30,sz.002276,万马股份
2014-06-30,2014-06-30,sz.002277,友阿股份
2014-06-30,2014-06-30,sz.002281,光迅科技
2014-06-30,2014-06-30,sz.002285,世联行
2014-06-30,2014-06-30,sz.002293,罗莱生活
2014-06-30,2014-06-30,sz.002305,南国置业
2014-06-30,2014-06-30,sz.002308,威创股份
2014-06-30,2014-06-30,sz.002309,中利集团
2014-06-30,2014-06-30,sz.002311,海大集团
2014-06-30,2014-06-30,sz.002315,焦点科技
2014-06-30,2014-06-30,sz.002317,众生药业
2014-06-30,2014-06-30,sz.002320,海峡股份
2014-06-30,2014-06-30,sz.002325,洪涛股份
2014-06-30,2014-06-30,sz.002327,富安娜
2014-06-30,2014-06-30,sz.002332,仙琚制药
2014-06-30,2014-06-30,sz.002340,格林美
2014-06-30,2014-06-30,sz.002342,巨力索具
2014-06-30,2014-06-30,sz.002345,潮宏基
2014-06-30,2014-06-30,sz.002358,森源电气
2014-06-30,2014-06-30,sz.002368,太极股份
2014-06-30,2014-06-30,sz.002371,北方华创
2014-06-30,2014-06-30,sz.002378,章源钨业
2014-06-30,2014-06-30,sz.002384,东山精密
2014-06-30,2014-06-30,sz.002392,北京利尔
2014-06-30,2014-06-30,sz.002393,力生制药
2014-06-30,2014-06-30,sz.002396,星网锐捷
2014-06-30,2014-06-30,sz.002405,四维图新
2014-06-30,2014-06-30,sz.002408,齐翔腾达
2014-06-30,2014-06-30,sz.002414,高德红外
2014-06-30,2014-06-30,sz.002419,天虹股份
2014-06-30,2014-06-30,sz.002424,贵州百灵
2014-06-30,2014-06-30,sz.002428,云南锗业
2014-06-30,2014-06-30,sz.002430,杭氧股份
2014-06-30,2014-06-30,sz.002431,棕榈股份
2014-06-30,2014-06-30,sz.002437,誉衡药业
2014-06-30,2014-06-30,sz.002440,闰土股份
2014-06-30,2014-06-30,sz.002444,巨星科技
2014-06-30,2014-06-30,sz.002447,晨鑫科技
2014-06-30,2014-06-30,sz.002461,珠江啤酒
2014-06-30,2014-06-30,sz.002463,沪电股份
2014-06-30,2014-06-30,sz.002477,雏鹰农牧
2014-06-30,2014-06-30,sz.002479,富春环保
2014-06-30,2014-06-30,sz.002480,新筑股份
2014-06-30,2014-06-30,sz.002482,广田集团
2014-06-30,2014-06-30,sz.002489,浙江永强
2014-06-30,2014-06-30,sz.002490,山东墨龙
2014-06-30,2014-06-30,sz.002498,汉缆股份
2014-06-30,2014-06-30,sz.002503,搜于特
2014-06-30,2014-06-30,sz.002508,老板电器
2014-06-30,2014-06-30,sz.002534,杭锅股份
2014-06-30,2014-06-30,sz.002551,尚荣医疗
2014-06-30,2014-06-30,sz.002557,洽洽食品
2014-06-30,2014-06-30,sz.002572,索菲亚
2014-06-30,2014-06-30,sz.002573,清新环境
2014-06-30,2014-06-30,sz.002574,明牌珠宝
2014-06-30,2014-06-30,sz.002588,史丹利
2014-06-30,2014-06-30,sz.002595,豪迈科技
2014-06-30,2014-06-30,sz.002601,龙蟒佰利
2014-06-30,2014-06-30,sz.002612,朗姿股份
2014-06-30,2014-06-30,sz.002635,安洁科技
2014-06-30,2014-06-30,sz.002646,青青稞酒
2014-06-30,2014-06-30,sz.002648,卫星石化
2014-06-30,2014-06-30,sz.002662,京威股份
2014-06-30,2014-06-30,sz.002663,普邦股份
2014-06-30,2014-06-30,sz.002672,东江环保
2014-06-30,2014-06-30,sz.002678,珠江钢琴
2014-06-30,2014-06-30,sz.002690,美亚光电
2014-06-30,2014-06-30,sz.002698,博实股份
2014-06-30,2014-06-30,sz.002701,奥瑞金
2014-06-30,2014-06-30,sz.002705,新宝股份
2014-06-30,2014-06-30,sz.002714,牧原股份
2014-12-29,2014-12-31,sh.600004,白云机场
2014-12-29,2014-12-31,sh.600006,东风汽车
2014-12-29,2014-12-31,sh.600017,日照港
2014-12-29,2014-12-31,sh.600021,上海电力
2014-12-29,2014-12-31,sh.600026,中远海能
2014-12-29,2014-12-31,sh.600037,歌华有线
2014-12-29,2014-12-31,sh.600039,四川路桥
2014-12-29,2014-12-31,sh.600056,中国医药
2014-12-29,2014-12-31,sh.600059,古越龙山
2014-12-29,2014-12-31,sh.600062,华润双鹤
2014-12-29,2014-12-31,sh.600064,南京高科
2014-12-29,2014-12-31,sh.600067,冠城大通
2014-12-29,2014-12-31,sh.600073,上海梅林
2014-12-29,2014-12-31,sh.600078,澄星股份
2014-12-29,2014-12-31,sh.600086,东方金钰
2014-12-29,2014-12-31,sh.600088,中视传媒
2014-12-29,2014-12-31,sh.600098,广州发展
2014-12-29,2014-12-31,sh.600110,诺德股份
2014-12-29,2014-12-31,sh.600112,天成控股
2014-12-29,2014-12-31,sh.600120,浙江东方
2014-12-29,2014-12-31,sh.600122,宏图高科
2014-12-29,2014-12-31,sh.600125,铁龙物流
2014-12-29,2014-12-31,sh.600132,重庆啤酒
2014-12-29,2014-12-31,sh.600138,中青旅
2014-12-29,2014-12-31,sh.600141,兴发集团
2014-12-29,2014-12-31,sh.600151,航天机电
2014-12-29,2014-12-31,sh.600158,中体产业
2014-12-29,2014-12-31,sh.600160,巨化股份
2014-12-29,2014-12-31,sh.600161,天坛生物
2014-12-29,2014-12-31,sh.600162,香江控股
2014-12-29,2014-12-31,sh.600169,太原重工
2014-12-29,2014-12-31,sh.600171,上海贝岭
2014-12-29,2014-12-31,sh.600175,美都能源
2014-12-29,2014-12-31,sh.600176,中国巨石
2014-12-29,2014-12-31,sh.600180,瑞茂通
2014-12-29,2014-12-31,sh.600183,生益科技
2014-12-29,2014-12-31,sh.600184,光电股份
2014-12-29,2014-12-31,sh.600187,国中水务
2014-12-29,2014-12-31,sh.600195,中牧股份
2014-12-29,2014-12-31,sh.600197,伊力特
2014-12-29,2014-12-31,sh.600198,*ST大唐
2014-12-29,2014-12-31,sh.600199,金种子酒
2014-12-29,2014-12-31,sh.600200,江苏吴中
2014-12-29,2014-12-31,sh.600201,生物股份
2014-12-29,2014-12-31,sh.600216,浙江医药
2014-12-29,2014-12-31,sh.600219,南山铝业
2014-12-29,2014-12-31,sh.600220,江苏阳光
2014-12-29,2014-12-31,sh.600239,云南城投
2014-12-29,2014-12-31,sh.600240,华业资本
2014-12-29,2014-12-31,sh.600251,冠农股份
2014-12-29,2014-12-31,sh.600259,广晟有色
2014-12-29,2014-12-31,sh.600260,凯乐科技
2014-12-29,2014-12-31,sh.600261,阳光照明
2014-12-29,2014-12-31,sh.600266,北京城建
2014-12-29,2014-12-31,sh.600270,外运发展
2014-12-29,2014-12-31,sh.600280,中央商场
2014-12-29,2014-12-31,sh.600284,浦东建设
2014-12-29,2014-12-31,sh.600289,*ST信通
2014-12-29,2014-12-31,sh.600292,远达环保
2014-12-29,2014-12-31,sh.600298,安琪酵母
2014-12-29,2014-12-31,sh.600300,维维股份
2014-12-29,2014-12-31,sh.600312,平高电气
2014-12-29,2014-12-31,sh.600317,营口港
2014-12-29,2014-12-31,sh.600320,振华重工
2014-12-29,2014-12-31,sh.600325,华发股份
2014-12-29,2014-12-31,sh.600329,中新药业
2014-12-29,2014-12-31,sh.600333,长春燃气
2014-12-29,2014-12-31,sh.600335,国机汽车
2014-12-29,2014-12-31,sh.600337,美克家居
2014-12-29,2014-12-31,sh.600351,亚宝药业
2014-12-29,2014-12-31,sh.600366,宁波韵升
2014-12-29,2014-12-31,sh.600376,首开股份
2014-12-29,2014-12-31,sh.600380,健康元
2014-12-29,2014-12-31,sh.600387,海越能源
2014-12-29,2014-12-31,sh.600389,江山股份
2014-12-29,2014-12-31,sh.600392,盛和资源
2014-12-29,2014-12-31,sh.600397,*ST安煤
2014-12-29,2014-12-31,sh.600401,*ST海润
2014-12-29,2014-12-31,sh.600409,三友化工
2014-12-29,2014-12-31,sh.600410,华胜天成
2014-12-29,2014-12-31,sh.600416,湘电股份
2014-12-29,2014-12-31,sh.600418,江淮汽车
2014-12-29,2014-12-31,sh.600422,昆药集团
2014-12-29,2014-12-31,sh.600425,青松建化
2014-12-29,2014-12-31,sh.600426,华鲁恒升
2014-12-29,2014-12-31,sh.600428,中远海特
2014-12-29,2014-12-31,sh.600429,三元股份
2014-12-29,2014-12-31,sh.600432,退市吉恩
2014-12-29,2014-12-31,sh.600433,冠豪高新
2014-12-29,2014-12-31,sh.600435,北方导航
2014-12-29,2014-12-31,sh.600438,通威股份
2014-12-29,2014-12-31,sh.600439,瑞贝卡
2014-12-29,2014-12-31,sh.600456,宝钛股份
2014-12-29,2014-12-31,sh.600458,时代新材
2014-12-29,2014-12-31,sh.600460,士兰微
2014-12-29,2014-12-31,sh.600467,好当家
2014-12-29,2014-12-31,sh.600468,百利电气
2014-12-29,2014-12-31,sh.600478,科力远
2014-12-29,2014-12-31,sh.600481,双良节能
2014-12-29,2014-12-31,sh.600482,中国动力
2014-12-29,2014-12-31,sh.600487,亨通光电
2014-12-29,2014-12-31,sh.600488,天药股份
2014-12-29,2014-12-31,sh.600490,鹏欣资源
2014-12-29,2014-12-31,sh.600496,精工钢构
2014-12-29,2014-12-31,sh.600499,科达洁能
2014-12-29,2014-12-31,sh.600507,方大特钢
2014-12-29,2014-12-31,sh.600509,天富能源
2014-12-29,2014-12-31,sh.600510,黑牡丹
2014-12-29,2014-12-31,sh.600511,国药股份
2014-12-29,2014-12-31,sh.600517,置信电气
2014-12-29,2014-12-31,sh.600521,华海药业
2014-12-29,2014-12-31,sh.600522,中天科技
2014-12-29,2014-12-31,sh.600525,长园集团
2014-12-29,2014-12-31,sh.600528,中铁工业
2014-12-29,2014-12-31,sh.600536,中国软件
2014-12-29,2014-12-31,sh.600537,亿晶光电
2014-12-29,2014-12-31,sh.600545,卓郎智能
2014-12-29,2014-12-31,sh.600546,山煤国际
2014-12-29,2014-12-31,sh.600551,时代出版
2014-12-29,2014-12-31,sh.600557,康缘药业
2014-12-29,2014-12-31,sh.600563,法拉电子
2014-12-29,2014-12-31,sh.600572,康恩贝
2014-12-29,2014-12-31,sh.600575,皖江物流
2014-12-29,2014-12-31,sh.600580,卧龙电气
2014-12-29,2014-12-31,sh.600582,天地科技
2014-12-29,2014-12-31,sh.600584,长电科技
2014-12-29,2014-12-31,sh.600586,金晶科技
2014-12-29,2014-12-31,sh.600587,新华医疗
2014-12-29,2014-12-31,sh.600596,新安股份
2014-12-29,2014-12-31,sh.600601,方正科技
2014-12-29,2014-12-31,sh.600611,大众交通
2014-12-29,2014-12-31,sh.600612,老凤祥
2014-12-29,2014-12-31,sh.600614,鹏起科技
2014-12-29,2014-12-31,sh.600616,金枫酒业
2014-12-29,2014-12-31,sh.600618,氯碱化工
2014-12-29,2014-12-31,sh.600628,新世界
2014-12-29,2014-12-31,sh.600635,大众公用
2014-12-29,2014-12-31,sh.600636,三爱富
2014-12-29,2014-12-31,sh.600639,浦东金桥
2014-12-29,2014-12-31,sh.600640,号百控股
2014-12-29,2014-12-31,sh.600643,爱建集团
2014-12-29,2014-12-31,sh.600645,中源协和
2014-12-29,2014-12-31,sh.600651,飞乐音响
2014-12-29,2014-12-31,sh.600654,ST中安
2014-12-29,2014-12-31,sh.600657,信达地产
2014-12-29,2014-12-31,sh.600673,东阳光科
2014-12-29,2014-12-31,sh.600675,中华企业
2014-12-29,2014-12-31,sh.600685,中船防务
2014-12-29,2014-12-31,sh.600694,大商股份
2014-12-29,2014-12-31,sh.600699,均胜电子
2014-12-29,2014-12-31,sh.600702,舍得酒业
2014-12-29,2014-12-31,sh.600704,物产中大
2014-12-29,2014-12-31,sh.600720,祁连山
2014-12-29,2014-12-31,sh.600729,重庆百货
2014-12-29,2014-12-31,sh.600736,苏州高新
2014-12-29,2014-12-31,sh.600737,中粮糖业
2014-12-29,2014-12-31,sh.600740,山西焦化
2014-12-29,2014-12-31,sh.600743,华远地产
2014-12-29,2014-12-31,sh.600747,ST大控
2014-12-29,2014-12-31,sh.600748,上实发展
2014-12-29,2014-12-31,sh.600750,江中药业
2014-12-29,2014-12-31,sh.600754,锦江股份
2014-12-29,2014-12-31,sh.600755,厦门国贸
2014-12-29,2014-12-31,sh.600757,长江传媒
2014-12-29,2014-12-31,sh.600759,洲际油气
2014-12-29,2014-12-31,sh.600761,安徽合力
2014-12-29,2014-12-31,sh.600765,中航重机
2014-12-29,2014-12-31,sh.600770,综艺股份
2014-12-29,2014-12-31,sh.600773,西藏城投
2014-12-29,2014-12-31,sh.600776,东方通信
2014-12-29,2014-12-31,sh.600780,通宝能源
2014-12-29,2014-12-31,sh.600787,中储股份
2014-12-29,2014-12-31,sh.600790,轻纺城
2014-12-29,2014-12-31,sh.600797,浙大网新
2014-12-29,2014-12-31,sh.600801,华新水泥
2014-12-29,2014-12-31,sh.600803,新奥股份
2014-12-29,2014-12-31,sh.600805,悦达投资
2014-12-29,2014-12-31,sh.600811,东方集团
2014-12-29,2014-12-31,sh.600812,华北制药
2014-12-29,2014-12-31,sh.600816,安信信托
2014-12-29,2014-12-31,sh.600820,隧道股份
2014-12-29,2014-12-31,sh.600823,世茂股份
2014-12-29,2014-12-31,sh.600825,新华传媒
2014-12-29,2014-12-31,sh.600826,兰生股份
2014-12-29,2014-12-31,sh.600830,香溢融通
2014-12-29,2014-12-31,sh.600831,广电网络
2014-12-29,2014-12-31,sh.600835,上海机电
2014-12-29,2014-12-31,sh.600844,丹化科技
2014-12-29,2014-12-31,sh.600850,华东电脑
2014-12-29,2014-12-31,sh.600851,海欣股份
2014-12-29,2014-12-31,sh.600859,王府井
2014-12-29,2014-12-31,sh.600864,哈投股份
2014-12-29,2014-12-31,sh.600869,智慧能源
2014-12-29,2014-12-31,sh.600872,中炬高新
2014-12-29,2014-12-31,sh.600874,创业环保
2014-12-29,2014-12-31,sh.600879,航天电子
2014-12-29,2014-12-31,sh.600881,亚泰集团
2014-12-29,2014-12-31,sh.600884,杉杉股份
2014-12-29,2014-12-31,sh.600885,宏发股份
2014-12-29,2014-12-31,sh.600894,广日股份
2014-12-29,2014-12-31,sh.600895,张江高科
2014-12-29,2014-12-31,sh.600967,内蒙一机
2014-12-29,2014-12-31,sh.600970,中材国际
2014-12-29,2014-12-31,sh.600971,恒源煤电
2014-12-29,2014-12-31,sh.600978,宜华生活
2014-12-29,2014-12-31,sh.600983,惠而浦
2014-12-29,2014-12-31,sh.600993,马应龙
2014-12-29,2014-12-31,sh.600997,开滦股份
2014-12-29,2014-12-31,sh.601000,唐山港
2014-12-29,2014-12-31,sh.601001,大同煤业
2014-12-29,2014-12-31,sh.601002,晋亿实业
2014-12-29,2014-12-31,sh.601010,文峰股份
2014-12-29,2014-12-31,sh.601011,宝泰隆
2014-12-29,2014-12-31,sh.601012,隆基股份
2014-12-29,2014-12-31,sh.601099,太平洋
2014-12-29,2014-12-31,sh.601101,昊华能源
2014-12-29,2014-12-31,sh.601126,四方股份
2014-12-29,2014-12-31,sh.601208,东材科技
2014-12-29,2014-12-31,sh.601233,桐昆股份
2014-12-29,2014-12-31,sh.601311,骆驼股份
2014-12-29,2014-12-31,sh.601369,陕鼓动力
2014-12-29,2014-12-31,sh.601388,怡球资源
2014-12-29,2014-12-31,sh.601515,东风股份
2014-12-29,2014-12-31,sh.601519,大智慧
2014-12-29,2014-12-31,sh.601566,九牧王
2014-12-29,2014-12-31,sh.601608,中信重工
2014-12-29,2014-12-31,sh.601666,平煤股份
2014-12-29,2014-12-31,sh.601678,滨化股份
2014-12-29,2014-12-31,sh.601717,郑煤机
2014-12-29,2014-12-31,sh.601718,际华集团
2014-12-29,2014-12-31,sh.601777,力帆股份
2014-12-29,2014-12-31,sh.601801,皖新传媒
2014-12-29,2014-12-31,sh.601872,招商轮船
2014-12-29,2014-12-31,sh.601880,大连港
2014-12-29,2014-12-31,sh.601886,江河集团
2014-12-29,2014-12-31,sh.601908,京运通
2014-12-29,2014-12-31,sh.601965,中国汽研
2014-12-29,2014-12-31,sh.601999,出版传媒
2014-12-29,2014-12-31,sh.603001,奥康国际
2014-12-29,2014-12-31,sh.603005,晶方科技
2014-12-29,2014-12-31,sh.603077,和邦生物
2014-12-29,2014-12-31,sh.603328,依顿电子
2014-12-29,2014-12-31,sh.603366,日出东方
2014-12-29,2014-12-31,sh.603369,今世缘
2014-12-29,2014-12-31,sh.603555,贵人鸟
2014-12-29,2014-12-31,sh.603766,隆鑫通用
2014-12-29,2014-12-31,sz.000006,深振业A
2014-12-29,2014-12-31,sz.000012,南玻A
2014-12-29,2014-12-31,sz.000021,深科技
2014-12-29,2014-12-31,sz.000028,国药一致
2014-12-29,2014-12-31,sz.000030,富奥股份
2014-12-29,2014-12-31,sz.000031,中粮地产
2014-12-29,2014-12-31,sz.000049,德赛电池
2014-12-29,2014-12-31,sz.000050,深天马A
2014-12-29,2014-12-31,sz.000062,深圳华强
2014-12-29,2014-12-31,sz.000066,中国长城
2014-12-29,2014-12-31,sz.000078,海王生物
2014-12-29,2014-12-31,sz.000088,盐田港
2014-12-29,2014-12-31,sz.000090,天健集团
2014-12-29,2014-12-31,sz.000099,中信海直
2014-12-29,2014-12-31,sz.000415,渤海金控
2014-12-29,2014-12-31,sz.000417,合肥百货
2014-12-29,2014-12-31,sz.000418,小天鹅A
2014-12-29,2014-12-31,sz.000422,*ST宜化
2014-12-29,2014-12-31,sz.000426,兴业矿业
2014-12-29,2014-12-31,sz.000488,晨鸣纸业
2014-12-29,2014-12-31,sz.000501,鄂武商A
2014-12-29,2014-12-31,sz.000506,中润资源
2014-12-29,2014-12-31,sz.000510,金路集团
2014-12-29,2014-12-31,sz.000511,烯碳退
2014-12-29,2014-12-31,sz.000513,丽珠集团
2014-12-29,2014-12-31,sz.000519,中兵红箭
2014-12-29,2014-12-31,sz.000525,红太阳
2014-12-29,2014-12-31,sz.000528,柳工
2014-12-29,2014-12-31,sz.000540,中天金融
2014-12-29,2014-12-31,sz.000541,佛山照明
2014-12-29,2014-12-31,sz.000543,皖能电力
2014-12-29,2014-12-31,sz.000550,江铃汽车
2014-12-29,2014-12-31,sz.000552,靖远煤电
2014-12-29,2014-12-31,sz.000555,神州信息
2014-12-29,2014-12-31,sz.000563,陕国投A
2014-12-29,2014-12-31,sz.000566,海南海药
2014-12-29,2014-12-31,sz.000572,海马汽车
2014-12-29,2014-12-31,sz.000587,金洲慈航
2014-12-29,2014-12-31,sz.000596,古井贡酒
2014-12-29,2014-12-31,sz.000603,盛达矿业
2014-12-29,2014-12-31,sz.000612,焦作万方
2014-12-29,2014-12-31,sz.000616,海航投资
2014-12-29,2014-12-31,sz.000620,新华联
2014-12-29,2014-12-31,sz.000631,顺发恒业
2014-12-29,2014-12-31,sz.000636,风华高科
2014-12-29,2014-12-31,sz.000650,仁和药业
2014-12-29,2014-12-31,sz.000652,泰达股份
2014-12-29,2014-12-31,sz.000656,金科股份
2014-12-29,2014-12-31,sz.000661,长春高新
2014-12-29,2014-12-31,sz.000667,美好置业
2014-12-29,2014-12-31,sz.000669,金鸿控股
2014-12-29,2014-12-31,sz.000671,阳光城
2014-12-29,2014-12-31,sz.000680,山推股份
2014-12-29,2014-12-31,sz.000681,视觉中国
2014-12-29,2014-12-31,sz.000685,中山公用
2014-12-29,2014-12-31,sz.000688,国城矿业
2014-12-29,2014-12-31,sz.000690,宝新能源
2014-12-29,2014-12-31,sz.000693,*ST华泽
2014-12-29,2014-12-31,sz.000697,炼石有色
2014-12-29,2014-12-31,sz.000703,恒逸石化
2014-12-29,2014-12-31,sz.000712,锦龙股份
2014-12-29,2014-12-31,sz.000718,苏宁环球
2014-12-29,2014-12-31,sz.000719,中原传媒
2014-12-29,2014-12-31,sz.000726,鲁泰A
2014-12-29,2014-12-31,sz.000732,泰禾集团
2014-12-29,2014-12-31,sz.000735,罗牛山
2014-12-29,2014-12-31,sz.000748,长城信息
2014-12-29,2014-12-31,sz.000758,中色股份
2014-12-29,2014-12-31,sz.000762,西藏矿业
2014-12-29,2014-12-31,sz.000777,中核科技
2014-12-29,2014-12-31,sz.000780,平庄能源
2014-12-29,2014-12-31,sz.000786,北新建材
2014-12-29,2014-12-31,sz.000788,北大医药
2014-12-29,2014-12-31,sz.000809,铁岭新城
2014-12-29,2014-12-31,sz.000816,*ST慧业
2014-12-29,2014-12-31,sz.000823,超声电子
2014-12-29,2014-12-31,sz.000829,天音控股
2014-12-29,2014-12-31,sz.000830,鲁西化工
2014-12-29,2014-12-31,sz.000848,承德露露
2014-12-29,2014-12-31,sz.000850,华茂股份
2014-12-29,2014-12-31,sz.000852,石化机械
2014-12-29,2014-12-31,sz.000860,顺鑫农业
2014-12-29,2014-12-31,sz.000861,海印股份
2014-12-29,2014-12-31,sz.000877,天山股份
2014-12-29,2014-12-31,sz.000886,海南高速
2014-12-29,2014-12-31,sz.000887,中鼎股份
2014-12-29,2014-12-31,sz.000897,津滨发展
2014-12-29,2014-12-31,sz.000900,现代投资
2014-12-29,2014-12-31,sz.000919,金陵药业
2014-12-29,2014-12-31,sz.000921,海信科龙
2014-12-29,2014-12-31,sz.000926,福星股份
2014-12-29,2014-12-31,sz.000927,一汽夏利
2014-12-29,2014-12-31,sz.000930,中粮生化
2014-12-29,2014-12-31,sz.000931,中关村
2014-12-29,2014-12-31,sz.000933,神火股份
2014-12-29,2014-12-31,sz.000939,*ST凯迪
2014-12-29,2014-12-31,sz.000951,中国重汽
2014-12-29,2014-12-31,sz.000959,首钢股份
2014-12-29,2014-12-31,sz.000961,中南建设
2014-12-29,2014-12-31,sz.000962,东方钽业
2014-12-29,2014-12-31,sz.000969,安泰科技
2014-12-29,2014-12-31,sz.000973,佛塑科技
2014-12-29,2014-12-31,sz.000975,银泰资源
2014-12-29,2014-12-31,sz.000977,浪潮信息
2014-12-29,2014-12-31,sz.000979,中弘股份
2014-12-29,2014-12-31,sz.000982,*ST中绒
2014-12-29,2014-12-31,sz.000988,华工科技
2014-12-29,2014-12-31,sz.000997,新大陆
2014-12-29,2014-12-31,sz.000998,隆平高科
2014-12-29,2014-12-31,sz.001696,宗申动力
2014-12-29,2014-12-31,sz.002004,华邦健康
2014-12-29,2014-12-31,sz.002005,德豪润达
2014-12-29,2014-12-31,sz.002011,盾安环境
2014-12-29,2014-12-31,sz.002013,中航机电
2014-12-29,2014-12-31,sz.002018,*ST华信
2014-12-29,2014-12-31,sz.002022,科华生物
2014-12-29,2014-12-31,sz.002025,航天电器
2014-12-29,2014-12-31,sz.002028,思源电气
2014-12-29,2014-12-31,sz.002029,七匹狼
2014-12-29,2014-12-31,sz.002030,达安基因
2014-12-29,2014-12-31,sz.002041,登海种业
2014-12-29,2014-12-31,sz.002048,宁波华翔
2014-12-29,2014-12-31,sz.002050,三花智控
2014-12-29,2014-12-31,sz.002052,同洲电子
2014-12-29,2014-12-31,sz.002056,横店东磁
2014-12-29,2014-12-31,sz.002063,远光软件
2014-12-29,2014-12-31,sz.002064,华峰氨纶
2014-12-29,2014-12-31,sz.002069,獐子岛
2014-12-29,2014-12-31,sz.002073,软控股份
2014-12-29,2014-12-31,sz.002078,太阳纸业
2014-12-29,2014-12-31,sz.002083,孚日股份
2014-12-29,2014-12-31,sz.002091,江苏国泰
2014-12-29,2014-12-31,sz.002092,中泰化学
2014-12-29,2014-12-31,sz.002093,国脉科技
2014-12-29,2014-12-31,sz.002106,莱宝高科
2014-12-29,2014-12-31,sz.002118,紫鑫药业
2014-12-29,2014-12-31,sz.002122,*ST天马
2014-12-29,2014-12-31,sz.002123,梦网集团
2014-12-29,2014-12-31,sz.002128,露天煤业
2014-12-29,2014-12-31,sz.002140,东华科技
2014-12-29,2014-12-31,sz.002155,湖南黄金
2014-12-29,2014-12-31,sz.002161,远望谷
2014-12-29,2014-12-31,sz.002168,深圳惠程
2014-12-29,2014-12-31,sz.002174,游族网络
2014-12-29,2014-12-31,sz.002179,中航光电
2014-12-29,2014-12-31,sz.002181,粤传媒
2014-12-29,2014-12-31,sz.002183,怡亚通
2014-12-29,2014-12-31,sz.002191,劲嘉股份
2014-12-29,2014-12-31,sz.002194,*ST凡谷
2014-12-29,2014-12-31,sz.002203,海亮股份
2014-12-29,2014-12-31,sz.002204,大连重工
2014-12-29,2014-12-31,sz.002216,三全食品
2014-12-29,2014-12-31,sz.002219,恒康医疗
2014-12-29,2014-12-31,sz.002221,东华能源
2014-12-29,2014-12-31,sz.002223,鱼跃医疗
2014-12-29,2014-12-31,sz.002225,濮耐股份
2014-12-29,2014-12-31,sz.002226,江南化工
2014-12-29,2014-12-31,sz.002233,塔牌集团
2014-12-29,2014-12-31,sz.002237,恒邦股份
2014-12-29,2014-12-31,sz.002238,天威视讯
2014-12-29,2014-12-31,sz.002240,威华股份
2014-12-29,2014-12-31,sz.002242,九阳股份
2014-12-29,2014-12-31,sz.002244,滨江集团
2014-12-29,2014-12-31,sz.002249,大洋电机
2014-12-29,2014-12-31,sz.002250,联化科技
2014-12-29,2014-12-31,sz.002251,步步高
2014-12-29,2014-12-31,sz.002254,泰和新材
2014-12-29,2014-12-31,sz.002266,浙富控股
2014-12-29,2014-12-31,sz.002267,陕天然气
2014-12-29,2014-12-31,sz.002269,美邦服饰
2014-12-29,2014-12-31,sz.002271,东方雨虹
2014-12-29,2014-12-31,sz.002273,水晶光电
2014-12-29,2014-12-31,sz.002275,桂林三金
2014-12-29,2014-12-31,sz.002276,万马股份
2014-12-29,2014-12-31,sz.002277,友阿股份
2014-12-29,2014-12-31,sz.002281,光迅科技
2014-12-29,2014-12-31,sz.002285,世联行
2014-12-29,2014-12-31,sz.002293,罗莱生活
2014-12-29,2014-12-31,sz.002299,圣农发展
2014-12-29,2014-12-31,sz.002308,威创股份
2014-12-29,2014-12-31,sz.002309,中利集团
2014-12-29,2014-12-31,sz.002311,海大集团
2014-12-29,2014-12-31,sz.002315,焦点科技
2014-12-29,2014-12-31,sz.002317,众生药业
2014-12-29,2014-12-31,sz.002320,海峡股份
2014-12-29,2014-12-31,sz.002325,洪涛股份
2014-12-29,2014-12-31,sz.002327,富安娜
2014-12-29,2014-12-31,sz.002332,仙琚制药
2014-12-29,2014-12-31,sz.002340,格林美
2014-12-29,2014-12-31,sz.002342,巨力索具
2014-12-29,2014-12-31,sz.002345,潮宏基
2014-12-29,2014-12-31,sz.002358,森源电气
2014-12-29,2014-12-31,sz.002368,太极股份
2014-12-29,2014-12-31,sz.002371,北方华创
2014-12-29,2014-12-31,sz.002384,东山精密
2014-12-29,2014-12-31,sz.002390,信邦制药
2014-12-29,2014-12-31,sz.002392,北京利尔
2014-12-29,2014-12-31,sz.002393,力生制药
2014-12-29,2014-12-31,sz.002396,星网锐捷
2014-12-29,2014-12-31,sz.002405,四维图新
2014-12-29,2014-12-31,sz.002408,齐翔腾达
2014-12-29,2014-12-31,sz.002414,高德红外
2014-12-29,2014-12-31,sz.002419,天虹股份
2014-12-29,2014-12-31,sz.002424,贵州百灵
2014-12-29,2014-12-31,sz.002428,云南锗业
2014-12-29,2014-12-31,sz.002430,杭氧股份
2014-12-29,2014-12-31,sz.002431,棕榈股份
2014-12-29,2014-12-31,sz.002437,誉衡药业
2014-12-29,2014-12-31,sz.002440,闰土股份
2014-12-29,2014-12-31,sz.002444,巨星科技
2014-12-29,2014-12-31,sz.002461,珠江啤酒
2014-12-29,2014-12-31,sz.002463,沪电股份
2014-12-29,2014-12-31,sz.002477,雏鹰农牧
2014-12-29,2014-12-31,sz.002479,富春环保
2014-12-29,2014-12-31,sz.002480,新筑股份
2014-12-29,2014-12-31,sz.002482,广田集团
2014-12-29,2014-12-31,sz.002489,浙江永强
2014-12-29,2014-12-31,sz.002490,山东墨龙
2014-12-29,2014-12-31,sz.002498,汉缆股份
2014-12-29,2014-12-31,sz.002503,搜于特
2014-12-29,2014-12-31,sz.002505,大康农业
2014-12-29,2014-12-31,sz.002508,老板电器
2014-12-29,2014-12-31,sz.002551,尚荣医疗
2014-12-29,2014-12-31,sz.002557,洽洽食品
2014-12-29,2014-12-31,sz.002573,清新环境
2014-12-29,2014-12-31,sz.002574,明牌珠宝
2014-12-29,2014-12-31,sz.002588,史丹利
2014-12-29,2014-12-31,sz.002595,豪迈科技
2014-12-29,2014-12-31,sz.002612,朗姿股份
2014-12-29,2014-12-31,sz.002635,安洁科技
2014-12-29,2014-12-31,sz.002646,青青稞酒
2014-12-29,2014-12-31,sz.002648,卫星石化
2014-12-29,2014-12-31,sz.002662,京威股份
2014-12-29,2014-12-31,sz.002663,普邦股份
2014-12-29,2014-12-31,sz.002665,首航节能
2014-12-29,2014-12-31,sz.002672,东江环保
2014-12-29,2014-12-31,sz.002678,珠江钢琴
2014-12-29,2014-12-31,sz.002690,美亚光电
2014-12-29,2014-12-31,sz.002698,博实股份
2014-12-29,2014-12-31,sz.002701,奥瑞金
2014-12-29,2014-12-31,sz.002705,新宝股份
2014-12-29,2014-12-31,sz.002714,牧原股份
2014-12-29,2014-12-31,sz.002727,一心堂
2014-12-29,2014-12-31,sz.300039,上海凯宝
2014-12-29,2014-12-31,sz.300059,东方财富
2014-12-29,2014-12-31,sz.300088,长信科技
2014-12-29,2014-12-31,sz.300115,长盈精密
2014-12-29,2014-12-31,sz.300134,大富科技
2014-12-29,2014-12-31,sz.300144,宋城演艺
2014-12-29,2014-12-31,sz.300147,香雪制药
2014-12-29,2014-12-31,sz.300168,万达信息
2014-12-29,2014-12-31,sz.300202,聚龙股份
2014-12-29,2014-12-31,sz.300253,卫宁健康
2014-12-29,2014-12-31,sz.300273,和佳股份
2015-06-29,2015-06-30,sh.600004,白云机场
2015-06-29,2015-06-30,sh.600006,东风汽车
2015-06-29,2015-06-30,sh.600017,日照港
2015-06-29,2015-06-30,sh.600021,上海电力
2015-06-29,2015-06-30,sh.600026,中远海能
2015-06-29,2015-06-30,sh.600037,歌华有线
2015-06-29,2015-06-30,sh.600039,四川路桥
2015-06-29,2015-06-30,sh.600056,中国医药
2015-06-29,2015-06-30,sh.600058,五矿发展
2015-06-29,2015-06-30,sh.600059,古越龙山
2015-06-29,2015-06-30,sh.600062,华润双鹤
2015-06-29,2015-06-30,sh.600064,南京高科
2015-06-29,2015-06-30,sh.600067,冠城大通
2015-06-29,2015-06-30,sh.600073,上海梅林
2015-06-29,2015-06-30,sh.600079,人福医药
2015-06-29,2015-06-30,sh.600086,东方金钰
2015-06-29,2015-06-30,sh.600088,中视传媒
2015-06-29,2015-06-30,sh.600110,诺德股份
2015-06-29,2015-06-30,sh.600112,天成控股
2015-06-29,2015-06-30,sh.600120,浙江东方
2015-06-29,2015-06-30,sh.600122,宏图高科
2015-06-29,2015-06-30,sh.600125,铁龙物流
2015-06-29,2015-06-30,sh.600132,重庆啤酒
2015-06-29,2015-06-30,sh.600138,中青旅
2015-06-29,2015-06-30,sh.600141,兴发集团
2015-06-29,2015-06-30,sh.600143,金发科技
2015-06-29,2015-06-30,sh.600151,航天机电
2015-06-29,2015-06-30,sh.600158,中体产业
2015-06-29,2015-06-30,sh.600160,巨化股份
2015-06-29,2015-06-30,sh.600161,天坛生物
2015-06-29,2015-06-30,sh.600169,太原重工
2015-06-29,2015-06-30,sh.600171,上海贝岭
2015-06-29,2015-06-30,sh.600175,美都能源
2015-06-29,2015-06-30,sh.600176,中国巨石
2015-06-29,2015-06-30,sh.600180,瑞茂通
2015-06-29,2015-06-30,sh.600183,生益科技
2015-06-29,2015-06-30,sh.600184,光电股份
2015-06-29,2015-06-30,sh.600187,国中水务
2015-06-29,2015-06-30,sh.600195,中牧股份
2015-06-29,2015-06-30,sh.600198,*ST大唐
2015-06-29,2015-06-30,sh.600199,金种子酒
2015-06-29,2015-06-30,sh.600200,江苏吴中
2015-06-29,2015-06-30,sh.600201,生物股份
2015-06-29,2015-06-30,sh.600216,浙江医药
2015-06-29,2015-06-30,sh.600219,南山铝业
2015-06-29,2015-06-30,sh.600220,江苏阳光
2015-06-29,2015-06-30,sh.600240,华业资本
2015-06-29,2015-06-30,sh.600251,冠农股份
2015-06-29,2015-06-30,sh.600259,广晟有色
2015-06-29,2015-06-30,sh.600260,凯乐科技
2015-06-29,2015-06-30,sh.600261,阳光照明
2015-06-29,2015-06-30,sh.600267,海正药业
2015-06-29,2015-06-30,sh.600270,外运发展
2015-06-29,2015-06-30,sh.600280,中央商场
2015-06-29,2015-06-30,sh.600284,浦东建设
2015-06-29,2015-06-30,sh.600289,*ST信通
2015-06-29,2015-06-30,sh.600292,远达环保
2015-06-29,2015-06-30,sh.600298,安琪酵母
2015-06-29,2015-06-30,sh.600300,维维股份
2015-06-29,2015-06-30,sh.600312,平高电气
2015-06-29,2015-06-30,sh.600320,振华重工
2015-06-29,2015-06-30,sh.600325,华发股份
2015-06-29,2015-06-30,sh.600329,中新药业
2015-06-29,2015-06-30,sh.600335,国机汽车
2015-06-29,2015-06-30,sh.600337,美克家居
2015-06-29,2015-06-30,sh.600351,亚宝药业
2015-06-29,2015-06-30,sh.600366,宁波韵升
2015-06-29,2015-06-30,sh.600376,首开股份
2015-06-29,2015-06-30,sh.600380,健康元
2015-06-29,2015-06-30,sh.600387,海越能源
2015-06-29,2015-06-30,sh.600389,江山股份
2015-06-29,2015-06-30,sh.600392,盛和资源
2015-06-29,2015-06-30,sh.600395,盘江股份
2015-06-29,2015-06-30,sh.600397,*ST安煤
2015-06-29,2015-06-30,sh.600403,大有能源
2015-06-29,2015-06-30,sh.600409,三友化工
2015-06-29,2015-06-30,sh.600410,华胜天成
2015-06-29,2015-06-30,sh.600416,湘电股份
2015-06-29,2015-06-30,sh.600418,江淮汽车
2015-06-29,2015-06-30,sh.600422,昆药集团
2015-06-29,2015-06-30,sh.600425,青松建化
2015-06-29,2015-06-30,sh.600426,华鲁恒升
2015-06-29,2015-06-30,sh.600428,中远海特
2015-06-29,2015-06-30,sh.600429,三元股份
2015-06-29,2015-06-30,sh.600433,冠豪高新
2015-06-29,2015-06-30,sh.600435,北方导航
2015-06-29,2015-06-30,sh.600436,片仔癀
2015-06-29,2015-06-30,sh.600446,金证股份
2015-06-29,2015-06-30,sh.600456,宝钛股份
2015-06-29,2015-06-30,sh.600458,时代新材
2015-06-29,2015-06-30,sh.600460,士兰微
2015-06-29,2015-06-30,sh.600468,百利电气
2015-06-29,2015-06-30,sh.600478,科力远
2015-06-29,2015-06-30,sh.600481,双良节能
2015-06-29,2015-06-30,sh.600482,中国动力
2015-06-29,2015-06-30,sh.600487,亨通光电
2015-06-29,2015-06-30,sh.600488,天药股份
2015-06-29,2015-06-30,sh.600496,精工钢构
2015-06-29,2015-06-30,sh.600498,烽火通信
2015-06-29,2015-06-30,sh.600499,科达洁能
2015-06-29,2015-06-30,sh.600500,中化国际
2015-06-29,2015-06-30,sh.600507,方大特钢
2015-06-29,2015-06-30,sh.600509,天富能源
2015-06-29,2015-06-30,sh.600510,黑牡丹
2015-06-29,2015-06-30,sh.600511,国药股份
2015-06-29,2015-06-30,sh.600517,置信电气
2015-06-29,2015-06-30,sh.600521,华海药业
2015-06-29,2015-06-30,sh.600522,中天科技
2015-06-29,2015-06-30,sh.600525,长园集团
2015-06-29,2015-06-30,sh.600528,中铁工业
2015-06-29,2015-06-30,sh.600536,中国软件
2015-06-29,2015-06-30,sh.600537,亿晶光电
2015-06-29,2015-06-30,sh.600545,卓郎智能
2015-06-29,2015-06-30,sh.600546,山煤国际
2015-06-29,2015-06-30,sh.600551,时代出版
2015-06-29,2015-06-30,sh.600557,康缘药业
2015-06-29,2015-06-30,sh.600563,法拉电子
2015-06-29,2015-06-30,sh.600566,济川药业
2015-06-29,2015-06-30,sh.600572,康恩贝
2015-06-29,2015-06-30,sh.600575,皖江物流
2015-06-29,2015-06-30,sh.600580,卧龙电气
2015-06-29,2015-06-30,sh.600584,长电科技
2015-06-29,2015-06-30,sh.600586,金晶科技
2015-06-29,2015-06-30,sh.600587,新华医疗
2015-06-29,2015-06-30,sh.600594,益佰制药
2015-06-29,2015-06-30,sh.600596,新安股份
2015-06-29,2015-06-30,sh.600601,方正科技
2015-06-29,2015-06-30,sh.600611,大众交通
2015-06-29,2015-06-30,sh.600614,鹏起科技
2015-06-29,2015-06-30,sh.600617,国新能源
2015-06-29,2015-06-30,sh.600618,氯碱化工
2015-06-29,2015-06-30,sh.600628,新世界
2015-06-29,2015-06-30,sh.600635,大众公用
2015-06-29,2015-06-30,sh.600636,三爱富
2015-06-29,2015-06-30,sh.600639,浦东金桥
2015-06-29,2015-06-30,sh.600640,号百控股
2015-06-29,2015-06-30,sh.600643,爱建集团
2015-06-29,2015-06-30,sh.600645,中源协和
2015-06-29,2015-06-30,sh.600651,飞乐音响
2015-06-29,2015-06-30,sh.600654,ST中安
2015-06-29,2015-06-30,sh.600655,豫园股份
2015-06-29,2015-06-30,sh.600657,信达地产
2015-06-29,2015-06-30,sh.600664,哈药股份
2015-06-29,2015-06-30,sh.600673,东阳光科
2015-06-29,2015-06-30,sh.600675,中华企业
2015-06-29,2015-06-30,sh.600685,中船防务
2015-06-29,2015-06-30,sh.600694,大商股份
2015-06-29,2015-06-30,sh.600699,均胜电子
2015-06-29,2015-06-30,sh.600702,舍得酒业
2015-06-29,2015-06-30,sh.600704,物产中大
2015-06-29,2015-06-30,sh.600720,祁连山
2015-06-29,2015-06-30,sh.600729,重庆百货
2015-06-29,2015-06-30,sh.600736,苏州高新
2015-06-29,2015-06-30,sh.600737,中粮糖业
2015-06-29,2015-06-30,sh.600743,华远地产
2015-06-29,2015-06-30,sh.600747,ST大控
2015-06-29,2015-06-30,sh.600748,上实发展
2015-06-29,2015-06-30,sh.600750,江中药业
2015-06-29,2015-06-30,sh.600754,锦江股份
2015-06-29,2015-06-30,sh.600755,厦门国贸
2015-06-29,2015-06-30,sh.600757,长江传媒
2015-06-29,2015-06-30,sh.600759,洲际油气
2015-06-29,2015-06-30,sh.600761,安徽合力
2015-06-29,2015-06-30,sh.600765,中航重机
2015-06-29,2015-06-30,sh.600770,综艺股份
2015-06-29,2015-06-30,sh.600773,西藏城投
2015-06-29,2015-06-30,sh.600776,东方通信
2015-06-29,2015-06-30,sh.600780,通宝能源
2015-06-29,2015-06-30,sh.600787,中储股份
2015-06-29,2015-06-30,sh.600790,轻纺城
2015-06-29,2015-06-30,sh.600797,浙大网新
2015-06-29,2015-06-30,sh.600801,华新水泥
2015-06-29,2015-06-30,sh.600803,新奥股份
2015-06-29,2015-06-30,sh.600805,悦达投资
2015-06-29,2015-06-30,sh.600808,马钢股份
2015-06-29,2015-06-30,sh.600811,东方集团
2015-06-29,2015-06-30,sh.600812,华北制药
2015-06-29,2015-06-30,sh.600816,安信信托
2015-06-29,2015-06-30,sh.600823,世茂股份
2015-06-29,2015-06-30,sh.600825,新华传媒
2015-06-29,2015-06-30,sh.600826,兰生股份
2015-06-29,2015-06-30,sh.600831,广电网络
2015-06-29,2015-06-30,sh.600835,上海机电
2015-06-29,2015-06-30,sh.600850,华东电脑
2015-06-29,2015-06-30,sh.600851,海欣股份
2015-06-29,2015-06-30,sh.600859,王府井
2015-06-29,2015-06-30,sh.600864,哈投股份
2015-06-29,2015-06-30,sh.600869,智慧能源
2015-06-29,2015-06-30,sh.600872,中炬高新
2015-06-29,2015-06-30,sh.600874,创业环保
2015-06-29,2015-06-30,sh.600879,航天电子
2015-06-29,2015-06-30,sh.600880,博瑞传播
2015-06-29,2015-06-30,sh.600881,亚泰集团
2015-06-29,2015-06-30,sh.600884,杉杉股份
2015-06-29,2015-06-30,sh.600885,宏发股份
2015-06-29,2015-06-30,sh.600894,广日股份
2015-06-29,2015-06-30,sh.600895,张江高科
2015-06-29,2015-06-30,sh.600917,重庆燃气
2015-06-29,2015-06-30,sh.600967,内蒙一机
2015-06-29,2015-06-30,sh.600970,中材国际
2015-06-29,2015-06-30,sh.600971,恒源煤电
2015-06-29,2015-06-30,sh.600978,宜华生活
2015-06-29,2015-06-30,sh.600983,惠而浦
2015-06-29,2015-06-30,sh.600993,马应龙
2015-06-29,2015-06-30,sh.600997,开滦股份
2015-06-29,2015-06-30,sh.601000,唐山港
2015-06-29,2015-06-30,sh.601001,大同煤业
2015-06-29,2015-06-30,sh.601002,晋亿实业
2015-06-29,2015-06-30,sh.601005,重庆钢铁
2015-06-29,2015-06-30,sh.601010,文峰股份
2015-06-29,2015-06-30,sh.601012,隆基股份
2015-06-29,2015-06-30,sh.601101,昊华能源
2015-06-29,2015-06-30,sh.601126,四方股份
2015-06-29,2015-06-30,sh.601139,深圳燃气
2015-06-29,2015-06-30,sh.601208,东材科技
2015-06-29,2015-06-30,sh.601226,华电重工
2015-06-29,2015-06-30,sh.601233,桐昆股份
2015-06-29,2015-06-30,sh.601311,骆驼股份
2015-06-29,2015-06-30,sh.601369,陕鼓动力
2015-06-29,2015-06-30,sh.601515,东风股份
2015-06-29,2015-06-30,sh.601608,中信重工
2015-06-29,2015-06-30,sh.601666,平煤股份
2015-06-29,2015-06-30,sh.601678,滨化股份
2015-06-29,2015-06-30,sh.601717,郑煤机
2015-06-29,2015-06-30,sh.601718,际华集团
2015-06-29,2015-06-30,sh.601777,力帆股份
2015-06-29,2015-06-30,sh.601801,皖新传媒
2015-06-29,2015-06-30,sh.601880,大连港
2015-06-29,2015-06-30,sh.601886,江河集团
2015-06-29,2015-06-30,sh.601908,京运通
2015-06-29,2015-06-30,sh.601965,中国汽研
2015-06-29,2015-06-30,sh.601999,出版传媒
2015-06-29,2015-06-30,sh.603001,奥康国际
2015-06-29,2015-06-30,sh.603005,晶方科技
2015-06-29,2015-06-30,sh.603019,中科曙光
2015-06-29,2015-06-30,sh.603077,和邦生物
2015-06-29,2015-06-30,sh.603169,兰石重装
2015-06-29,2015-06-30,sh.603188,ST亚邦
2015-06-29,2015-06-30,sh.603328,依顿电子
2015-06-29,2015-06-30,sh.603366,日出东方
2015-06-29,2015-06-30,sh.603369,今世缘
2015-06-29,2015-06-30,sh.603555,贵人鸟
2015-06-29,2015-06-30,sh.603698,航天工程
2015-06-29,2015-06-30,sh.603699,纽威股份
2015-06-29,2015-06-30,sh.603766,隆鑫通用
2015-06-29,2015-06-30,sh.603899,晨光文具
2015-06-29,2015-06-30,sz.000006,深振业A
2015-06-29,2015-06-30,sz.000012,南玻A
2015-06-29,2015-06-30,sz.000021,深科技
2015-06-29,2015-06-30,sz.000028,国药一致
2015-06-29,2015-06-30,sz.000030,富奥股份
2015-06-29,2015-06-30,sz.000031,中粮地产
2015-06-29,2015-06-30,sz.000049,德赛电池
2015-06-29,2015-06-30,sz.000062,深圳华强
2015-06-29,2015-06-30,sz.000066,中国长城
2015-06-29,2015-06-30,sz.000078,海王生物
2015-06-29,2015-06-30,sz.000088,盐田港
2015-06-29,2015-06-30,sz.000090,天健集团
2015-06-29,2015-06-30,sz.000099,中信海直
2015-06-29,2015-06-30,sz.000401,冀东水泥
2015-06-29,2015-06-30,sz.000415,渤海金控
2015-06-29,2015-06-30,sz.000417,合肥百货
2015-06-29,2015-06-30,sz.000418,小天鹅A
2015-06-29,2015-06-30,sz.000422,*ST宜化
2015-06-29,2015-06-30,sz.000426,兴业矿业
2015-06-29,2015-06-30,sz.000488,晨鸣纸业
2015-06-29,2015-06-30,sz.000501,鄂武商A
2015-06-29,2015-06-30,sz.000511,烯碳退
2015-06-29,2015-06-30,sz.000513,丽珠集团
2015-06-29,2015-06-30,sz.000519,中兵红箭
2015-06-29,2015-06-30,sz.000525,红太阳
2015-06-29,2015-06-30,sz.000528,柳工
2015-06-29,2015-06-30,sz.000540,中天金融
2015-06-29,2015-06-30,sz.000541,佛山照明
2015-06-29,2015-06-30,sz.000543,皖能电力
2015-06-29,2015-06-30,sz.000547,航天发展
2015-06-29,2015-06-30,sz.000550,江铃汽车
2015-06-29,2015-06-30,sz.000552,靖远煤电
2015-06-29,2015-06-30,sz.000563,陕国投A
2015-06-29,2015-06-30,sz.000566,海南海药
2015-06-29,2015-06-30,sz.000572,海马汽车
2015-06-29,2015-06-30,sz.000582,北部湾港
2015-06-29,2015-06-30,sz.000587,金洲慈航
2015-06-29,2015-06-30,sz.000592,平潭发展
2015-06-29,2015-06-30,sz.000596,古井贡酒
2015-06-29,2015-06-30,sz.000600,建投能源
2015-06-29,2015-06-30,sz.000603,盛达矿业
2015-06-29,2015-06-30,sz.000612,焦作万方
2015-06-29,2015-06-30,sz.000616,海航投资
2015-06-29,2015-06-30,sz.000620,新华联
2015-06-29,2015-06-30,sz.000631,顺发恒业
2015-06-29,2015-06-30,sz.000636,风华高科
2015-06-29,2015-06-30,sz.000650,仁和药业
2015-06-29,2015-06-30,sz.000652,泰达股份
2015-06-29,2015-06-30,sz.000656,金科股份
2015-06-29,2015-06-30,sz.000661,长春高新
2015-06-29,2015-06-30,sz.000667,美好置业
2015-06-29,2015-06-30,sz.000669,金鸿控股
2015-06-29,2015-06-30,sz.000671,阳光城
2015-06-29,2015-06-30,sz.000680,山推股份
2015-06-29,2015-06-30,sz.000681,视觉中国
2015-06-29,2015-06-30,sz.000685,中山公用
2015-06-29,2015-06-30,sz.000688,国城矿业
2015-06-29,2015-06-30,sz.000690,宝新能源
2015-06-29,2015-06-30,sz.000693,*ST华泽
2015-06-29,2015-06-30,sz.000697,炼石有色
2015-06-29,2015-06-30,sz.000703,恒逸石化
2015-06-29,2015-06-30,sz.000718,苏宁环球
2015-06-29,2015-06-30,sz.000719,中原传媒
2015-06-29,2015-06-30,sz.000726,鲁泰A
2015-06-29,2015-06-30,sz.000732,泰禾集团
2015-06-29,2015-06-30,sz.000735,罗牛山
2015-06-29,2015-06-30,sz.000748,长城信息
2015-06-29,2015-06-30,sz.000758,中色股份
2015-06-29,2015-06-30,sz.000762,西藏矿业
2015-06-29,2015-06-30,sz.000777,中核科技
2015-06-29,2015-06-30,sz.000780,平庄能源
2015-06-29,2015-06-30,sz.000786,北新建材
2015-06-29,2015-06-30,sz.000788,北大医药
2015-06-29,2015-06-30,sz.000816,*ST慧业
2015-06-29,2015-06-30,sz.000823,超声电子
2015-06-29,2015-06-30,sz.000829,天音控股
2015-06-29,2015-06-30,sz.000830,鲁西化工
2015-06-29,2015-06-30,sz.000848,承德露露
2015-06-29,2015-06-30,sz.000850,华茂股份
2015-06-29,2015-06-30,sz.000852,石化机械
2015-06-29,2015-06-30,sz.000860,顺鑫农业
2015-06-29,2015-06-30,sz.000861,海印股份
2015-06-29,2015-06-30,sz.000869,张裕A
2015-06-29,2015-06-30,sz.000877,天山股份
2015-06-29,2015-06-30,sz.000887,中鼎股份
2015-06-29,2015-06-30,sz.000897,津滨发展
2015-06-29,2015-06-30,sz.000900,现代投资
2015-06-29,2015-06-30,sz.000919,金陵药业
2015-06-29,2015-06-30,sz.000921,海信科龙
2015-06-29,2015-06-30,sz.000926,福星股份
2015-06-29,2015-06-30,sz.000930,中粮生化
2015-06-29,2015-06-30,sz.000931,中关村
2015-06-29,2015-06-30,sz.000933,神火股份
2015-06-29,2015-06-30,sz.000939,*ST凯迪
2015-06-29,2015-06-30,sz.000951,中国重汽
2015-06-29,2015-06-30,sz.000961,中南建设
2015-06-29,2015-06-30,sz.000962,东方钽业
2015-06-29,2015-06-30,sz.000969,安泰科技
2015-06-29,2015-06-30,sz.000973,佛塑科技
2015-06-29,2015-06-30,sz.000975,银泰资源
2015-06-29,2015-06-30,sz.000979,中弘股份
2015-06-29,2015-06-30,sz.000988,华工科技
2015-06-29,2015-06-30,sz.000997,新大陆
2015-06-29,2015-06-30,sz.000998,隆平高科
2015-06-29,2015-06-30,sz.001696,宗申动力
2015-06-29,2015-06-30,sz.002004,华邦健康
2015-06-29,2015-06-30,sz.002005,德豪润达
2015-06-29,2015-06-30,sz.002011,盾安环境
2015-06-29,2015-06-30,sz.002013,中航机电
2015-06-29,2015-06-30,sz.002018,*ST华信
2015-06-29,2015-06-30,sz.002022,科华生物
2015-06-29,2015-06-30,sz.002025,航天电器
2015-06-29,2015-06-30,sz.002028,思源电气
2015-06-29,2015-06-30,sz.002029,七匹狼
2015-06-29,2015-06-30,sz.002030,达安基因
2015-06-29,2015-06-30,sz.002041,登海种业
2015-06-29,2015-06-30,sz.002048,宁波华翔
2015-06-29,2015-06-30,sz.002049,紫光国微
2015-06-29,2015-06-30,sz.002050,三花智控
2015-06-29,2015-06-30,sz.002056,横店东磁
2015-06-29,2015-06-30,sz.002063,远光软件
2015-06-29,2015-06-30,sz.002064,华峰氨纶
2015-06-29,2015-06-30,sz.002069,獐子岛
2015-06-29,2015-06-30,sz.002073,软控股份
2015-06-29,2015-06-30,sz.002078,太阳纸业
2015-06-29,2015-06-30,sz.002091,江苏国泰
2015-06-29,2015-06-30,sz.002092,中泰化学
2015-06-29,2015-06-30,sz.002093,国脉科技
2015-06-29,2015-06-30,sz.002106,莱宝高科
2015-06-29,2015-06-30,sz.002118,紫鑫药业
2015-06-29,2015-06-30,sz.002122,*ST天马
2015-06-29,2015-06-30,sz.002128,露天煤业
2015-06-29,2015-06-30,sz.002140,东华科技
2015-06-29,2015-06-30,sz.002143,印纪传媒
2015-06-29,2015-06-30,sz.002155,湖南黄金
2015-06-29,2015-06-30,sz.002161,远望谷
2015-06-29,2015-06-30,sz.002168,深圳惠程
2015-06-29,2015-06-30,sz.002174,游族网络
2015-06-29,2015-06-30,sz.002179,中航光电
2015-06-29,2015-06-30,sz.002181,粤传媒
2015-06-29,2015-06-30,sz.002183,怡亚通
2015-06-29,2015-06-30,sz.002190,成飞集成
2015-06-29,2015-06-30,sz.002191,劲嘉股份
2015-06-29,2015-06-30,sz.002194,*ST凡谷
2015-06-29,2015-06-30,sz.002195,二三四五
2015-06-29,2015-06-30,sz.002203,海亮股份
2015-06-29,2015-06-30,sz.002204,大连重工
2015-06-29,2015-06-30,sz.002216,三全食品
2015-06-29,2015-06-30,sz.002219,恒康医疗
2015-06-29,2015-06-30,sz.002221,东华能源
2015-06-29,2015-06-30,sz.002223,鱼跃医疗
2015-06-29,2015-06-30,sz.002225,濮耐股份
2015-06-29,2015-06-30,sz.002233,塔牌集团
2015-06-29,2015-06-30,sz.002237,恒邦股份
2015-06-29,2015-06-30,sz.002238,天威视讯
2015-06-29,2015-06-30,sz.002240,威华股份
2015-06-29,2015-06-30,sz.002242,九阳股份
2015-06-29,2015-06-30,sz.002244,滨江集团
2015-06-29,2015-06-30,sz.002249,大洋电机
2015-06-29,2015-06-30,sz.002250,联化科技
2015-06-29,2015-06-30,sz.002251,步步高
2015-06-29,2015-06-30,sz.002254,泰和新材
2015-06-29,2015-06-30,sz.002266,浙富控股
2015-06-29,2015-06-30,sz.002267,陕天然气
2015-06-29,2015-06-30,sz.002269,美邦服饰
2015-06-29,2015-06-30,sz.002271,东方雨虹
2015-06-29,2015-06-30,sz.002273,水晶光电
2015-06-29,2015-06-30,sz.002275,桂林三金
2015-06-29,2015-06-30,sz.002276,万马股份
2015-06-29,2015-06-30,sz.002277,友阿股份
2015-06-29,2015-06-30,sz.002281,光迅科技
2015-06-29,2015-06-30,sz.002285,世联行
2015-06-29,2015-06-30,sz.002293,罗莱生活
2015-06-29,2015-06-30,sz.002299,圣农发展
2015-06-29,2015-06-30,sz.002308,威创股份
2015-06-29,2015-06-30,sz.002309,中利集团
2015-06-29,2015-06-30,sz.002311,海大集团
2015-06-29,2015-06-30,sz.002315,焦点科技
2015-06-29,2015-06-30,sz.002317,众生药业
2015-06-29,2015-06-30,sz.002325,洪涛股份
2015-06-29,2015-06-30,sz.002327,富安娜
2015-06-29,2015-06-30,sz.002332,仙琚制药
2015-06-29,2015-06-30,sz.002340,格林美
2015-06-29,2015-06-30,sz.002342,巨力索具
2015-06-29,2015-06-30,sz.002345,潮宏基
2015-06-29,2015-06-30,sz.002358,森源电气
2015-06-29,2015-06-30,sz.002368,太极股份
2015-06-29,2015-06-30,sz.002371,北方华创
2015-06-29,2015-06-30,sz.002373,千方科技
2015-06-29,2015-06-30,sz.002384,东山精密
2015-06-29,2015-06-30,sz.002390,信邦制药
2015-06-29,2015-06-30,sz.002392,北京利尔
2015-06-29,2015-06-30,sz.002393,力生制药
2015-06-29,2015-06-30,sz.002396,星网锐捷
2015-06-29,2015-06-30,sz.002400,省广集团
2015-06-29,2015-06-30,sz.002405,四维图新
2015-06-29,2015-06-30,sz.002408,齐翔腾达
2015-06-29,2015-06-30,sz.002414,高德红外
2015-06-29,2015-06-30,sz.002419,天虹股份
2015-06-29,2015-06-30,sz.002424,贵州百灵
2015-06-29,2015-06-30,sz.002428,云南锗业
2015-06-29,2015-06-30,sz.002430,杭氧股份
2015-06-29,2015-06-30,sz.002431,棕榈股份
2015-06-29,2015-06-30,sz.002437,誉衡药业
2015-06-29,2015-06-30,sz.002440,闰土股份
2015-06-29,2015-06-30,sz.002444,巨星科技
2015-06-29,2015-06-30,sz.002461,珠江啤酒
2015-06-29,2015-06-30,sz.002463,沪电股份
2015-06-29,2015-06-30,sz.002466,天齐锂业
2015-06-29,2015-06-30,sz.002477,雏鹰农牧
2015-06-29,2015-06-30,sz.002479,富春环保
2015-06-29,2015-06-30,sz.002480,新筑股份
2015-06-29,2015-06-30,sz.002482,广田集团
2015-06-29,2015-06-30,sz.002489,浙江永强
2015-06-29,2015-06-30,sz.002490,山东墨龙
2015-06-29,2015-06-30,sz.002503,搜于特
2015-06-29,2015-06-30,sz.002508,老板电器
2015-06-29,2015-06-30,sz.002551,尚荣医疗
2015-06-29,2015-06-30,sz.002557,洽洽食品
2015-06-29,2015-06-30,sz.002573,清新环境
2015-06-29,2015-06-30,sz.002574,明牌珠宝
2015-06-29,2015-06-30,sz.002588,史丹利
2015-06-29,2015-06-30,sz.002595,豪迈科技
2015-06-29,2015-06-30,sz.002635,安洁科技
2015-06-29,2015-06-30,sz.002642,荣之联
2015-06-29,2015-06-30,sz.002646,青青稞酒
2015-06-29,2015-06-30,sz.002648,卫星石化
2015-06-29,2015-06-30,sz.002662,京威股份
2015-06-29,2015-06-30,sz.002663,普邦股份
2015-06-29,2015-06-30,sz.002665,首航节能
2015-06-29,2015-06-30,sz.002672,东江环保
2015-06-29,2015-06-30,sz.002678,珠江钢琴
2015-06-29,2015-06-30,sz.002681,奋达科技
2015-06-29,2015-06-30,sz.002698,博实股份
2015-06-29,2015-06-30,sz.002701,奥瑞金
2015-06-29,2015-06-30,sz.002705,新宝股份
2015-06-29,2015-06-30,sz.002727,一心堂
2015-06-29,2015-06-30,sz.300033,同花顺
2015-06-29,2015-06-30,sz.300039,上海凯宝
2015-06-29,2015-06-30,sz.300043,星辉娱乐
2015-06-29,2015-06-30,sz.300072,三聚环保
2015-06-29,2015-06-30,sz.300088,长信科技
2015-06-29,2015-06-30,sz.300115,长盈精密
2015-06-29,2015-06-30,sz.300134,大富科技
2015-06-29,2015-06-30,sz.300144,宋城演艺
2015-06-29,2015-06-30,sz.300147,香雪制药
2015-06-29,2015-06-30,sz.300199,翰宇药业
2015-06-29,2015-06-30,sz.300202,聚龙股份
2015-06-29,2015-06-30,sz.300244,迪安诊断
2015-06-29,2015-06-30,sz.300253,卫宁健康
2015-06-29,2015-06-30,sz.300267,尔康制药
2015-06-29,2015-06-30,sz.300273,和佳股份
2015-06-29,2015-06-30,sz.300274,阳光电源
2015-06-29,2015-06-30,sz.300291,华录百纳
2015-12-28,2015-12-31,sh.600004,白云机场
2015-12-28,2015-12-31,sh.600006,东风汽车
2015-12-28,2015-12-31,sh.600017,日照港
2015-12-28,2015-12-31,sh.600022,山东钢铁
2015-12-28,2015-12-31,sh.600026,中远海能
2015-12-28,2015-12-31,sh.600039,四川路桥
2015-12-28,2015-12-31,sh.600056,中国医药
2015-12-28,2015-12-31,sh.600058,五矿发展
2015-12-28,2015-12-31,sh.600059,古越龙山
2015-12-28,2015-12-31,sh.600062,华润双鹤
2015-12-28,2015-12-31,sh.600064,南京高科
2015-12-28,2015-12-31,sh.600067,冠城大通
2015-12-28,2015-12-31,sh.600073,上海梅林
2015-12-28,2015-12-31,sh.600074,*ST保千
2015-12-28,2015-12-31,sh.600079,人福医药
2015-12-28,2015-12-31,sh.600086,东方金钰
2015-12-28,2015-12-31,sh.600088,中视传媒
2015-12-28,2015-12-31,sh.600094,大名城
2015-12-28,2015-12-31,sh.600108,亚盛集团
2015-12-28,2015-12-31,sh.600112,天成控股
2015-12-28,2015-12-31,sh.600120,浙江东方
2015-12-28,2015-12-31,sh.600122,宏图高科
2015-12-28,2015-12-31,sh.600125,铁龙物流
2015-12-28,2015-12-31,sh.600132,重庆啤酒
2015-12-28,2015-12-31,sh.600138,中青旅
2015-12-28,2015-12-31,sh.600141,兴发集团
2015-12-28,2015-12-31,sh.600143,金发科技
2015-12-28,2015-12-31,sh.600151,航天机电
2015-12-28,2015-12-31,sh.600158,中体产业
2015-12-28,2015-12-31,sh.600160,巨化股份
2015-12-28,2015-12-31,sh.600161,天坛生物
2015-12-28,2015-12-31,sh.600169,太原重工
2015-12-28,2015-12-31,sh.600171,上海贝岭
2015-12-28,2015-12-31,sh.600175,美都能源
2015-12-28,2015-12-31,sh.600176,中国巨石
2015-12-28,2015-12-31,sh.600180,瑞茂通
2015-12-28,2015-12-31,sh.600183,生益科技
2015-12-28,2015-12-31,sh.600184,光电股份
2015-12-28,2015-12-31,sh.600187,国中水务
2015-12-28,2015-12-31,sh.600195,中牧股份
2015-12-28,2015-12-31,sh.600198,*ST大唐
2015-12-28,2015-12-31,sh.600200,江苏吴中
2015-12-28,2015-12-31,sh.600201,生物股份
2015-12-28,2015-12-31,sh.600216,浙江医药
2015-12-28,2015-12-31,sh.600219,南山铝业
2015-12-28,2015-12-31,sh.600220,江苏阳光
2015-12-28,2015-12-31,sh.600236,桂冠电力
2015-12-28,2015-12-31,sh.600240,华业资本
2015-12-28,2015-12-31,sh.600251,冠农股份
2015-12-28,2015-12-31,sh.600259,广晟有色
2015-12-28,2015-12-31,sh.600260,凯乐科技
2015-12-28,2015-12-31,sh.600267,海正药业
2015-12-28,2015-12-31,sh.600270,外运发展
2015-12-28,2015-12-31,sh.600280,中央商场
2015-12-28,2015-12-31,sh.600282,南钢股份
2015-12-28,2015-12-31,sh.600284,浦东建设
2015-12-28,2015-12-31,sh.600289,*ST信通
2015-12-28,2015-12-31,sh.600292,远达环保
2015-12-28,2015-12-31,sh.600298,安琪酵母
2015-12-28,2015-12-31,sh.600300,维维股份
2015-12-28,2015-12-31,sh.600312,平高电气
2015-12-28,2015-12-31,sh.600316,洪都航空
2015-12-28,2015-12-31,sh.600320,振华重工
2015-12-28,2015-12-31,sh.600325,华发股份
2015-12-28,2015-12-31,sh.600329,中新药业
2015-12-28,2015-12-31,sh.600335,国机汽车
2015-12-28,2015-12-31,sh.600337,美克家居
2015-12-28,2015-12-31,sh.600348,阳泉煤业
2015-12-28,2015-12-31,sh.600351,亚宝药业
2015-12-28,2015-12-31,sh.600366,宁波韵升
2015-12-28,2015-12-31,sh.600376,首开股份
2015-12-28,2015-12-31,sh.600380,健康元
2015-12-28,2015-12-31,sh.600388,龙净环保
2015-12-28,2015-12-31,sh.600392,盛和资源
2015-12-28,2015-12-31,sh.600395,盘江股份
2015-12-28,2015-12-31,sh.600397,*ST安煤
2015-12-28,2015-12-31,sh.600409,三友化工
2015-12-28,2015-12-31,sh.600410,华胜天成
2015-12-28,2015-12-31,sh.600416,湘电股份
2015-12-28,2015-12-31,sh.600418,江淮汽车
2015-12-28,2015-12-31,sh.600422,昆药集团
2015-12-28,2015-12-31,sh.600425,青松建化
2015-12-28,2015-12-31,sh.600426,华鲁恒升
2015-12-28,2015-12-31,sh.600428,中远海特
2015-12-28,2015-12-31,sh.600429,三元股份
2015-12-28,2015-12-31,sh.600433,冠豪高新
2015-12-28,2015-12-31,sh.600435,北方导航
2015-12-28,2015-12-31,sh.600436,片仔癀
2015-12-28,2015-12-31,sh.600456,宝钛股份
2015-12-28,2015-12-31,sh.600458,时代新材
2015-12-28,2015-12-31,sh.600460,士兰微
2015-12-28,2015-12-31,sh.600468,百利电气
2015-12-28,2015-12-31,sh.600478,科力远
2015-12-28,2015-12-31,sh.600481,双良节能
2015-12-28,2015-12-31,sh.600482,中国动力
2015-12-28,2015-12-31,sh.600483,福能股份
2015-12-28,2015-12-31,sh.600487,亨通光电
2015-12-28,2015-12-31,sh.600496,精工钢构
2015-12-28,2015-12-31,sh.600497,驰宏锌锗
2015-12-28,2015-12-31,sh.600498,烽火通信
2015-12-28,2015-12-31,sh.600499,科达洁能
2015-12-28,2015-12-31,sh.600500,中化国际
2015-12-28,2015-12-31,sh.600503,华丽家族
2015-12-28,2015-12-31,sh.600507,方大特钢
2015-12-28,2015-12-31,sh.600509,天富能源
2015-12-28,2015-12-31,sh.600510,黑牡丹
2015-12-28,2015-12-31,sh.600511,国药股份
2015-12-28,2015-12-31,sh.600516,方大炭素
2015-12-28,2015-12-31,sh.600517,置信电气
2015-12-28,2015-12-31,sh.600521,华海药业
2015-12-28,2015-12-31,sh.600522,中天科技
2015-12-28,2015-12-31,sh.600525,长园集团
2015-12-28,2015-12-31,sh.600528,中铁工业
2015-12-28,2015-12-31,sh.600536,中国软件
2015-12-28,2015-12-31,sh.600537,亿晶光电
2015-12-28,2015-12-31,sh.600545,卓郎智能
2015-12-28,2015-12-31,sh.600546,山煤国际
2015-12-28,2015-12-31,sh.600551,时代出版
2015-12-28,2015-12-31,sh.600557,康缘药业
2015-12-28,2015-12-31,sh.600563,法拉电子
2015-12-28,2015-12-31,sh.600566,济川药业
2015-12-28,2015-12-31,sh.600572,康恩贝
2015-12-28,2015-12-31,sh.600575,皖江物流
2015-12-28,2015-12-31,sh.600580,卧龙电气
2015-12-28,2015-12-31,sh.600584,长电科技
2015-12-28,2015-12-31,sh.600586,金晶科技
2015-12-28,2015-12-31,sh.600587,新华医疗
2015-12-28,2015-12-31,sh.600594,益佰制药
2015-12-28,2015-12-31,sh.600596,新安股份
2015-12-28,2015-12-31,sh.600597,光明乳业
2015-12-28,2015-12-31,sh.600601,方正科技
2015-12-28,2015-12-31,sh.600611,大众交通
2015-12-28,2015-12-31,sh.600614,鹏起科技
2015-12-28,2015-12-31,sh.600617,国新能源
2015-12-28,2015-12-31,sh.600618,氯碱化工
2015-12-28,2015-12-31,sh.600628,新世界
2015-12-28,2015-12-31,sh.600635,大众公用
2015-12-28,2015-12-31,sh.600639,浦东金桥
2015-12-28,2015-12-31,sh.600640,号百控股
2015-12-28,2015-12-31,sh.600643,爱建集团
2015-12-28,2015-12-31,sh.600645,中源协和
2015-12-28,2015-12-31,sh.600651,飞乐音响
2015-12-28,2015-12-31,sh.600654,ST中安
2015-12-28,2015-12-31,sh.600655,豫园股份
2015-12-28,2015-12-31,sh.600657,信达地产
2015-12-28,2015-12-31,sh.600664,哈药股份
2015-12-28,2015-12-31,sh.600673,东阳光科
2015-12-28,2015-12-31,sh.600694,大商股份
2015-12-28,2015-12-31,sh.600699,均胜电子
2015-12-28,2015-12-31,sh.600704,物产中大
2015-12-28,2015-12-31,sh.600720,祁连山
2015-12-28,2015-12-31,sh.600729,重庆百货
2015-12-28,2015-12-31,sh.600736,苏州高新
2015-12-28,2015-12-31,sh.600743,华远地产
2015-12-28,2015-12-31,sh.600748,上实发展
2015-12-28,2015-12-31,sh.600750,江中药业
2015-12-28,2015-12-31,sh.600751,海航科技
2015-12-28,2015-12-31,sh.600754,锦江股份
2015-12-28,2015-12-31,sh.600755,厦门国贸
2015-12-28,2015-12-31,sh.600757,长江传媒
2015-12-28,2015-12-31,sh.600759,洲际油气
2015-12-28,2015-12-31,sh.600761,安徽合力
2015-12-28,2015-12-31,sh.600765,中航重机
2015-12-28,2015-12-31,sh.600770,综艺股份
2015-12-28,2015-12-31,sh.600773,西藏城投
2015-12-28,2015-12-31,sh.600776,东方通信
2015-12-28,2015-12-31,sh.600780,通宝能源
2015-12-28,2015-12-31,sh.600787,中储股份
2015-12-28,2015-12-31,sh.600790,轻纺城
2015-12-28,2015-12-31,sh.600797,浙大网新
2015-12-28,2015-12-31,sh.600801,华新水泥
2015-12-28,2015-12-31,sh.600803,新奥股份
2015-12-28,2015-12-31,sh.600805,悦达投资
2015-12-28,2015-12-31,sh.600808,马钢股份
2015-12-28,2015-12-31,sh.600809,山西汾酒
2015-12-28,2015-12-31,sh.600811,东方集团
2015-12-28,2015-12-31,sh.600812,华北制药
2015-12-28,2015-12-31,sh.600816,安信信托
2015-12-28,2015-12-31,sh.600823,世茂股份
2015-12-28,2015-12-31,sh.600825,新华传媒
2015-12-28,2015-12-31,sh.600826,兰生股份
2015-12-28,2015-12-31,sh.600831,广电网络
2015-12-28,2015-12-31,sh.600835,上海机电
2015-12-28,2015-12-31,sh.600850,华东电脑
2015-12-28,2015-12-31,sh.600851,海欣股份
2015-12-28,2015-12-31,sh.600859,王府井
2015-12-28,2015-12-31,sh.600864,哈投股份
2015-12-28,2015-12-31,sh.600869,智慧能源
2015-12-28,2015-12-31,sh.600872,中炬高新
2015-12-28,2015-12-31,sh.600874,创业环保
2015-12-28,2015-12-31,sh.600879,航天电子
2015-12-28,2015-12-31,sh.600880,博瑞传播
2015-12-28,2015-12-31,sh.600881,亚泰集团
2015-12-28,2015-12-31,sh.600884,杉杉股份
2015-12-28,2015-12-31,sh.600885,宏发股份
2015-12-28,2015-12-31,sh.600894,广日股份
2015-12-28,2015-12-31,sh.600917,重庆燃气
2015-12-28,2015-12-31,sh.600967,内蒙一机
2015-12-28,2015-12-31,sh.600970,中材国际
2015-12-28,2015-12-31,sh.600971,恒源煤电
2015-12-28,2015-12-31,sh.600978,宜华生活
2015-12-28,2015-12-31,sh.600993,马应龙
2015-12-28,2015-12-31,sh.600997,开滦股份
2015-12-28,2015-12-31,sh.601000,唐山港
2015-12-28,2015-12-31,sh.601001,大同煤业
2015-12-28,2015-12-31,sh.601002,晋亿实业
2015-12-28,2015-12-31,sh.601005,重庆钢铁
2015-12-28,2015-12-31,sh.601010,文峰股份
2015-12-28,2015-12-31,sh.601012,隆基股份
2015-12-28,2015-12-31,sh.601101,昊华能源
2015-12-28,2015-12-31,sh.601126,四方股份
2015-12-28,2015-12-31,sh.601139,深圳燃气
2015-12-28,2015-12-31,sh.601168,西部矿业
2015-12-28,2015-12-31,sh.601226,华电重工
2015-12-28,2015-12-31,sh.601233,桐昆股份
2015-12-28,2015-12-31,sh.601311,骆驼股份
2015-12-28,2015-12-31,sh.601369,陕鼓动力
2015-12-28,2015-12-31,sh.601515,东风股份
2015-12-28,2015-12-31,sh.601666,平煤股份
2015-12-28,2015-12-31,sh.601678,滨化股份
2015-12-28,2015-12-31,sh.601717,郑煤机
2015-12-28,2015-12-31,sh.601777,力帆股份
2015-12-28,2015-12-31,sh.601801,皖新传媒
2015-12-28,2015-12-31,sh.601880,大连港
2015-12-28,2015-12-31,sh.601886,江河集团
2015-12-28,2015-12-31,sh.601908,京运通
2015-12-28,2015-12-31,sh.601929,吉视传媒
2015-12-28,2015-12-31,sh.601965,中国汽研
2015-12-28,2015-12-31,sh.603001,奥康国际
2015-12-28,2015-12-31,sh.603005,晶方科技
2015-12-28,2015-12-31,sh.603019,中科曙光
2015-12-28,2015-12-31,sh.603025,大豪科技
2015-12-28,2015-12-31,sh.603077,和邦生物
2015-12-28,2015-12-31,sh.603169,兰石重装
2015-12-28,2015-12-31,sh.603188,ST亚邦
2015-12-28,2015-12-31,sh.603328,依顿电子
2015-12-28,2015-12-31,sh.603355,莱克电气
2015-12-28,2015-12-31,sh.603366,日出东方
2015-12-28,2015-12-31,sh.603369,今世缘
2015-12-28,2015-12-31,sh.603555,贵人鸟
2015-12-28,2015-12-31,sh.603567,珍宝岛
2015-12-28,2015-12-31,sh.603568,伟明环保
2015-12-28,2015-12-31,sh.603589,口子窖
2015-12-28,2015-12-31,sh.603698,航天工程
2015-12-28,2015-12-31,sh.603699,纽威股份
2015-12-28,2015-12-31,sh.603766,隆鑫通用
2015-12-28,2015-12-31,sh.603806,福斯特
2015-12-28,2015-12-31,sh.603883,老百姓
2015-12-28,2015-12-31,sh.603899,晨光文具
2015-12-28,2015-12-31,sz.000006,深振业A
2015-12-28,2015-12-31,sz.000012,南玻A
2015-12-28,2015-12-31,sz.000021,深科技
2015-12-28,2015-12-31,sz.000028,国药一致
2015-12-28,2015-12-31,sz.000030,富奥股份
2015-12-28,2015-12-31,sz.000031,中粮地产
2015-12-28,2015-12-31,sz.000049,德赛电池
2015-12-28,2015-12-31,sz.000050,深天马A
2015-12-28,2015-12-31,sz.000062,深圳华强
2015-12-28,2015-12-31,sz.000066,中国长城
2015-12-28,2015-12-31,sz.000078,海王生物
2015-12-28,2015-12-31,sz.000088,盐田港
2015-12-28,2015-12-31,sz.000090,天健集团
2015-12-28,2015-12-31,sz.000099,中信海直
2015-12-28,2015-12-31,sz.000401,冀东水泥
2015-12-28,2015-12-31,sz.000417,合肥百货
2015-12-28,2015-12-31,sz.000418,小天鹅A
2015-12-28,2015-12-31,sz.000426,兴业矿业
2015-12-28,2015-12-31,sz.000488,晨鸣纸业
2015-12-28,2015-12-31,sz.000501,鄂武商A
2015-12-28,2015-12-31,sz.000511,烯碳退
2015-12-28,2015-12-31,sz.000513,丽珠集团
2015-12-28,2015-12-31,sz.000519,中兵红箭
2015-12-28,2015-12-31,sz.000525,红太阳
2015-12-28,2015-12-31,sz.000528,柳工
2015-12-28,2015-12-31,sz.000541,佛山照明
2015-12-28,2015-12-31,sz.000543,皖能电力
2015-12-28,2015-12-31,sz.000547,航天发展
2015-12-28,2015-12-31,sz.000550,江铃汽车
2015-12-28,2015-12-31,sz.000552,靖远煤电
2015-12-28,2015-12-31,sz.000563,陕国投A
2015-12-28,2015-12-31,sz.000566,海南海药
2015-12-28,2015-12-31,sz.000572,海马汽车
2015-12-28,2015-12-31,sz.000582,北部湾港
2015-12-28,2015-12-31,sz.000587,金洲慈航
2015-12-28,2015-12-31,sz.000592,平潭发展
2015-12-28,2015-12-31,sz.000596,古井贡酒
2015-12-28,2015-12-31,sz.000600,建投能源
2015-12-28,2015-12-31,sz.000603,盛达矿业
2015-12-28,2015-12-31,sz.000612,焦作万方
2015-12-28,2015-12-31,sz.000616,海航投资
2015-12-28,2015-12-31,sz.000620,新华联
2015-12-28,2015-12-31,sz.000631,顺发恒业
2015-12-28,2015-12-31,sz.000636,风华高科
2015-12-28,2015-12-31,sz.000650,仁和药业
2015-12-28,2015-12-31,sz.000652,泰达股份
2015-12-28,2015-12-31,sz.000656,金科股份
2015-12-28,2015-12-31,sz.000661,长春高新
2015-12-28,2015-12-31,sz.000667,美好置业
2015-12-28,2015-12-31,sz.000669,金鸿控股
2015-12-28,2015-12-31,sz.000671,阳光城
2015-12-28,2015-12-31,sz.000680,山推股份
2015-12-28,2015-12-31,sz.000681,视觉中国
2015-12-28,2015-12-31,sz.000685,中山公用
2015-12-28,2015-12-31,sz.000690,宝新能源
2015-12-28,2015-12-31,sz.000693,*ST华泽
2015-12-28,2015-12-31,sz.000697,炼石有色
2015-12-28,2015-12-31,sz.000703,恒逸石化
2015-12-28,2015-12-31,sz.000718,苏宁环球
2015-12-28,2015-12-31,sz.000719,中原传媒
2015-12-28,2015-12-31,sz.000726,鲁泰A
2015-12-28,2015-12-31,sz.000732,泰禾集团
2015-12-28,2015-12-31,sz.000748,长城信息
2015-12-28,2015-12-31,sz.000758,中色股份
2015-12-28,2015-12-31,sz.000762,西藏矿业
2015-12-28,2015-12-31,sz.000777,中核科技
2015-12-28,2015-12-31,sz.000786,北新建材
2015-12-28,2015-12-31,sz.000816,*ST慧业
2015-12-28,2015-12-31,sz.000829,天音控股
2015-12-28,2015-12-31,sz.000830,鲁西化工
2015-12-28,2015-12-31,sz.000848,承德露露
2015-12-28,2015-12-31,sz.000852,石化机械
2015-12-28,2015-12-31,sz.000860,顺鑫农业
2015-12-28,2015-12-31,sz.000861,海印股份
2015-12-28,2015-12-31,sz.000869,张裕A
2015-12-28,2015-12-31,sz.000877,天山股份
2015-12-28,2015-12-31,sz.000887,中鼎股份
2015-12-28,2015-12-31,sz.000897,津滨发展
2015-12-28,2015-12-31,sz.000900,现代投资
2015-12-28,2015-12-31,sz.000919,金陵药业
2015-12-28,2015-12-31,sz.000921,海信科龙
2015-12-28,2015-12-31,sz.000926,福星股份
2015-12-28,2015-12-31,sz.000930,中粮生化
2015-12-28,2015-12-31,sz.000931,中关村
2015-12-28,2015-12-31,sz.000933,神火股份
2015-12-28,2015-12-31,sz.000939,*ST凯迪
2015-12-28,2015-12-31,sz.000951,中国重汽
2015-12-28,2015-12-31,sz.000961,中南建设
2015-12-28,2015-12-31,sz.000969,安泰科技
2015-12-28,2015-12-31,sz.000970,中科三环
2015-12-28,2015-12-31,sz.000973,佛塑科技
2015-12-28,2015-12-31,sz.000975,银泰资源
2015-12-28,2015-12-31,sz.000979,中弘股份
2015-12-28,2015-12-31,sz.000988,华工科技
2015-12-28,2015-12-31,sz.000997,新大陆
2015-12-28,2015-12-31,sz.000998,隆平高科
2015-12-28,2015-12-31,sz.001696,宗申动力
2015-12-28,2015-12-31,sz.002001,新和成
2015-12-28,2015-12-31,sz.002004,华邦健康
2015-12-28,2015-12-31,sz.002005,德豪润达
2015-12-28,2015-12-31,sz.002011,盾安环境
2015-12-28,2015-12-31,sz.002013,中航机电
2015-12-28,2015-12-31,sz.002022,科华生物
2015-12-28,2015-12-31,sz.002025,航天电器
2015-12-28,2015-12-31,sz.002028,思源电气
2015-12-28,2015-12-31,sz.002029,七匹狼
2015-12-28,2015-12-31,sz.002030,达安基因
2015-12-28,2015-12-31,sz.002041,登海种业
2015-12-28,2015-12-31,sz.002048,宁波华翔
2015-12-28,2015-12-31,sz.002049,紫光国微
2015-12-28,2015-12-31,sz.002050,三花智控
2015-12-28,2015-12-31,sz.002051,中工国际
2015-12-28,2015-12-31,sz.002056,横店东磁
2015-12-28,2015-12-31,sz.002063,远光软件
2015-12-28,2015-12-31,sz.002064,华峰氨纶
2015-12-28,2015-12-31,sz.002073,软控股份
2015-12-28,2015-12-31,sz.002078,太阳纸业
2015-12-28,2015-12-31,sz.002085,万丰奥威
2015-12-28,2015-12-31,sz.002092,中泰化学
2015-12-28,2015-12-31,sz.002093,国脉科技
2015-12-28,2015-12-31,sz.002106,莱宝高科
2015-12-28,2015-12-31,sz.002118,紫鑫药业
2015-12-28,2015-12-31,sz.002122,*ST天马
2015-12-28,2015-12-31,sz.002128,露天煤业
2015-12-28,2015-12-31,sz.002140,东华科技
2015-12-28,2015-12-31,sz.002143,印纪传媒
2015-12-28,2015-12-31,sz.002155,湖南黄金
2015-12-28,2015-12-31,sz.002161,远望谷
2015-12-28,2015-12-31,sz.002168,深圳惠程
2015-12-28,2015-12-31,sz.002174,游族网络
2015-12-28,2015-12-31,sz.002179,中航光电
2015-12-28,2015-12-31,sz.002180,纳思达
2015-12-28,2015-12-31,sz.002181,粤传媒
2015-12-28,2015-12-31,sz.002190,成飞集成
2015-12-28,2015-12-31,sz.002191,劲嘉股份
2015-12-28,2015-12-31,sz.002194,*ST凡谷
2015-12-28,2015-12-31,sz.002203,海亮股份
2015-12-28,2015-12-31,sz.002204,大连重工
2015-12-28,2015-12-31,sz.002216,三全食品
2015-12-28,2015-12-31,sz.002217,合力泰
2015-12-28,2015-12-31,sz.002219,恒康医疗
2015-12-28,2015-12-31,sz.002221,东华能源
2015-12-28,2015-12-31,sz.002223,鱼跃医疗
2015-12-28,2015-12-31,sz.002233,塔牌集团
2015-12-28,2015-12-31,sz.002237,恒邦股份
2015-12-28,2015-12-31,sz.002238,天威视讯
2015-12-28,2015-12-31,sz.002242,九阳股份
2015-12-28,2015-12-31,sz.002244,滨江集团
2015-12-28,2015-12-31,sz.002249,大洋电机
2015-12-28,2015-12-31,sz.002250,联化科技
2015-12-28,2015-12-31,sz.002251,步步高
2015-12-28,2015-12-31,sz.002254,泰和新材
2015-12-28,2015-12-31,sz.002266,浙富控股
2015-12-28,2015-12-31,sz.002267,陕天然气
2015-12-28,2015-12-31,sz.002269,美邦服饰
2015-12-28,2015-12-31,sz.002271,东方雨虹
2015-12-28,2015-12-31,sz.002273,水晶光电
2015-12-28,2015-12-31,sz.002276,万马股份
2015-12-28,2015-12-31,sz.002277,友阿股份
2015-12-28,2015-12-31,sz.002281,光迅科技
2015-12-28,2015-12-31,sz.002285,世联行
2015-12-28,2015-12-31,sz.002293,罗莱生活
2015-12-28,2015-12-31,sz.002299,圣农发展
2015-12-28,2015-12-31,sz.002308,威创股份
2015-12-28,2015-12-31,sz.002309,中利集团
2015-12-28,2015-12-31,sz.002311,海大集团
2015-12-28,2015-12-31,sz.002315,焦点科技
2015-12-28,2015-12-31,sz.002317,众生药业
2015-12-28,2015-12-31,sz.002325,洪涛股份
2015-12-28,2015-12-31,sz.002327,富安娜
2015-12-28,2015-12-31,sz.002332,仙琚制药
2015-12-28,2015-12-31,sz.002340,格林美
2015-12-28,2015-12-31,sz.002342,巨力索具
2015-12-28,2015-12-31,sz.002344,海宁皮城
2015-12-28,2015-12-31,sz.002345,潮宏基
2015-12-28,2015-12-31,sz.002354,天神娱乐
2015-12-28,2015-12-31,sz.002358,森源电气
2015-12-28,2015-12-31,sz.002368,太极股份
2015-12-28,2015-12-31,sz.002371,北方华创
2015-12-28,2015-12-31,sz.002373,千方科技
2015-12-28,2015-12-31,sz.002384,东山精密
2015-12-28,2015-12-31,sz.002390,信邦制药
2015-12-28,2015-12-31,sz.002392,北京利尔
2015-12-28,2015-12-31,sz.002396,星网锐捷
2015-12-28,2015-12-31,sz.002400,省广集团
2015-12-28,2015-12-31,sz.002405,四维图新
2015-12-28,2015-12-31,sz.002408,齐翔腾达
2015-12-28,2015-12-31,sz.002414,高德红外
2015-12-28,2015-12-31,sz.002419,天虹股份
2015-12-28,2015-12-31,sz.002428,云南锗业
2015-12-28,2015-12-31,sz.002430,杭氧股份
2015-12-28,2015-12-31,sz.002431,棕榈股份
2015-12-28,2015-12-31,sz.002437,誉衡药业
2015-12-28,2015-12-31,sz.002439,启明星辰
2015-12-28,2015-12-31,sz.002440,闰土股份
2015-12-28,2015-12-31,sz.002444,巨星科技
2015-12-28,2015-12-31,sz.002461,珠江啤酒
2015-12-28,2015-12-31,sz.002463,沪电股份
2015-12-28,2015-12-31,sz.002466,天齐锂业
2015-12-28,2015-12-31,sz.002477,雏鹰农牧
2015-12-28,2015-12-31,sz.002479,富春环保
2015-12-28,2015-12-31,sz.002482,广田集团
2015-12-28,2015-12-31,sz.002489,浙江永强
2015-12-28,2015-12-31,sz.002493,荣盛石化
2015-12-28,2015-12-31,sz.002498,汉缆股份
2015-12-28,2015-12-31,sz.002503,搜于特
2015-12-28,2015-12-31,sz.002505,大康农业
2015-12-28,2015-12-31,sz.002508,老板电器
2015-12-28,2015-12-31,sz.002551,尚荣医疗
2015-12-28,2015-12-31,sz.002568,百润股份
2015-12-28,2015-12-31,sz.002573,清新环境
2015-12-28,2015-12-31,sz.002588,史丹利
2015-12-28,2015-12-31,sz.002595,豪迈科技
2015-12-28,2015-12-31,sz.002603,以岭药业
2015-12-28,2015-12-31,sz.002635,安洁科技
2015-12-28,2015-12-31,sz.002642,荣之联
2015-12-28,2015-12-31,sz.002646,青青稞酒
2015-12-28,2015-12-31,sz.002648,卫星石化
2015-12-28,2015-12-31,sz.002653,海思科
2015-12-28,2015-12-31,sz.002657,中科金财
2015-12-28,2015-12-31,sz.002663,普邦股份
2015-12-28,2015-12-31,sz.002665,首航节能
2015-12-28,2015-12-31,sz.002672,东江环保
2015-12-28,2015-12-31,sz.002678,珠江钢琴
2015-12-28,2015-12-31,sz.002681,奋达科技
2015-12-28,2015-12-31,sz.002698,博实股份
2015-12-28,2015-12-31,sz.002701,奥瑞金
2015-12-28,2015-12-31,sz.002714,牧原股份
2015-12-28,2015-12-31,sz.002727,一心堂
2015-12-28,2015-12-31,sz.002745,木林森
2015-12-28,2015-12-31,sz.300026,红日药业
2015-12-28,2015-12-31,sz.300039,上海凯宝
2015-12-28,2015-12-31,sz.300043,星辉娱乐
2015-12-28,2015-12-31,sz.300055,万邦达
2015-12-28,2015-12-31,sz.300072,三聚环保
2015-12-28,2015-12-31,sz.300085,银之杰
2015-12-28,2015-12-31,sz.300088,长信科技
2015-12-28,2015-12-31,sz.300115,长盈精密
2015-12-28,2015-12-31,sz.300122,智飞生物
2015-12-28,2015-12-31,sz.300134,大富科技
2015-12-28,2015-12-31,sz.300147,香雪制药
2015-12-28,2015-12-31,sz.300182,捷成股份
2015-12-28,2015-12-31,sz.300199,翰宇药业
2015-12-28,2015-12-31,sz.300202,聚龙股份
2015-12-28,2015-12-31,sz.300244,迪安诊断
2015-12-28,2015-12-31,sz.300253,卫宁健康
2015-12-28,2015-12-31,sz.300257,开山股份
2015-12-28,2015-12-31,sz.300267,尔康制药
2015-12-28,2015-12-31,sz.300273,和佳股份
2015-12-28,2015-12-31,sz.300274,阳光电源
2015-12-28,2015-12-31,sz.300291,华录百纳
2016-06-27,2016-06-30,sh.600004,白云机场
2016-06-27,2016-06-30,sh.600006,东风汽车
2016-06-27,2016-06-30,sh.600017,日照港
2016-06-27,2016-06-30,sh.600026,中远海能
2016-06-27,2016-06-30,sh.600039,四川路桥
2016-06-27,2016-06-30,sh.600053,九鼎投资
2016-06-27,2016-06-30,sh.600056,中国医药
2016-06-27,2016-06-30,sh.600058,五矿发展
2016-06-27,2016-06-30,sh.600059,古越龙山
2016-06-27,2016-06-30,sh.600062,华润双鹤
2016-06-27,2016-06-30,sh.600064,南京高科
2016-06-27,2016-06-30,sh.600067,冠城大通
2016-06-27,2016-06-30,sh.600073,上海梅林
2016-06-27,2016-06-30,sh.600079,人福医药
2016-06-27,2016-06-30,sh.600086,东方金钰
2016-06-27,2016-06-30,sh.600088,中视传媒
2016-06-27,2016-06-30,sh.600094,大名城
2016-06-27,2016-06-30,sh.600108,亚盛集团
2016-06-27,2016-06-30,sh.600112,天成控股
2016-06-27,2016-06-30,sh.600120,浙江东方
2016-06-27,2016-06-30,sh.600122,宏图高科
2016-06-27,2016-06-30,sh.600125,铁龙物流
2016-06-27,2016-06-30,sh.600132,重庆啤酒
2016-06-27,2016-06-30,sh.600138,中青旅
2016-06-27,2016-06-30,sh.600141,兴发集团
2016-06-27,2016-06-30,sh.600143,金发科技
2016-06-27,2016-06-30,sh.600151,航天机电
2016-06-27,2016-06-30,sh.600158,中体产业
2016-06-27,2016-06-30,sh.600160,巨化股份
2016-06-27,2016-06-30,sh.600161,天坛生物
2016-06-27,2016-06-30,sh.600166,福田汽车
2016-06-27,2016-06-30,sh.600169,太原重工
2016-06-27,2016-06-30,sh.600171,上海贝岭
2016-06-27,2016-06-30,sh.600175,美都能源
2016-06-27,2016-06-30,sh.600176,中国巨石
2016-06-27,2016-06-30,sh.600180,瑞茂通
2016-06-27,2016-06-30,sh.600183,生益科技
2016-06-27,2016-06-30,sh.600184,光电股份
2016-06-27,2016-06-30,sh.600187,国中水务
2016-06-27,2016-06-30,sh.600195,中牧股份
2016-06-27,2016-06-30,sh.600198,*ST大唐
2016-06-27,2016-06-30,sh.600200,江苏吴中
2016-06-27,2016-06-30,sh.600201,生物股份
2016-06-27,2016-06-30,sh.600216,浙江医药
2016-06-27,2016-06-30,sh.600219,南山铝业
2016-06-27,2016-06-30,sh.600220,江苏阳光
2016-06-27,2016-06-30,sh.600236,桂冠电力
2016-06-27,2016-06-30,sh.600240,华业资本
2016-06-27,2016-06-30,sh.600251,冠农股份
2016-06-27,2016-06-30,sh.600259,广晟有色
2016-06-27,2016-06-30,sh.600260,凯乐科技
2016-06-27,2016-06-30,sh.600266,北京城建
2016-06-27,2016-06-30,sh.600267,海正药业
2016-06-27,2016-06-30,sh.600270,外运发展
2016-06-27,2016-06-30,sh.600277,亿利洁能
2016-06-27,2016-06-30,sh.600280,中央商场
2016-06-27,2016-06-30,sh.600282,南钢股份
2016-06-27,2016-06-30,sh.600284,浦东建设
2016-06-27,2016-06-30,sh.600289,*ST信通
2016-06-27,2016-06-30,sh.600292,远达环保
2016-06-27,2016-06-30,sh.600298,安琪酵母
2016-06-27,2016-06-30,sh.600300,维维股份
2016-06-27,2016-06-30,sh.600312,平高电气
2016-06-27,2016-06-30,sh.600316,洪都航空
2016-06-27,2016-06-30,sh.600320,振华重工
2016-06-27,2016-06-30,sh.600325,华发股份
2016-06-27,2016-06-30,sh.600329,中新药业
2016-06-27,2016-06-30,sh.600335,国机汽车
2016-06-27,2016-06-30,sh.600348,阳泉煤业
2016-06-27,2016-06-30,sh.600351,亚宝药业
2016-06-27,2016-06-30,sh.600366,宁波韵升
2016-06-27,2016-06-30,sh.600380,健康元
2016-06-27,2016-06-30,sh.600388,龙净环保
2016-06-27,2016-06-30,sh.600392,盛和资源
2016-06-27,2016-06-30,sh.600395,盘江股份
2016-06-27,2016-06-30,sh.600397,*ST安煤
2016-06-27,2016-06-30,sh.600409,三友化工
2016-06-27,2016-06-30,sh.600410,华胜天成
2016-06-27,2016-06-30,sh.600416,湘电股份
2016-06-27,2016-06-30,sh.600418,江淮汽车
2016-06-27,2016-06-30,sh.600422,昆药集团
2016-06-27,2016-06-30,sh.600425,青松建化
2016-06-27,2016-06-30,sh.600426,华鲁恒升
2016-06-27,2016-06-30,sh.600428,中远海特
2016-06-27,2016-06-30,sh.600433,冠豪高新
2016-06-27,2016-06-30,sh.600435,北方导航
2016-06-27,2016-06-30,sh.600436,片仔癀
2016-06-27,2016-06-30,sh.600456,宝钛股份
2016-06-27,2016-06-30,sh.600458,时代新材
2016-06-27,2016-06-30,sh.600460,士兰微
2016-06-27,2016-06-30,sh.600466,蓝光发展
2016-06-27,2016-06-30,sh.600468,百利电气
2016-06-27,2016-06-30,sh.600478,科力远
2016-06-27,2016-06-30,sh.600481,双良节能
2016-06-27,2016-06-30,sh.600482,中国动力
2016-06-27,2016-06-30,sh.600483,福能股份
2016-06-27,2016-06-30,sh.600487,亨通光电
2016-06-27,2016-06-30,sh.600496,精工钢构
2016-06-27,2016-06-30,sh.600497,驰宏锌锗
2016-06-27,2016-06-30,sh.600498,烽火通信
2016-06-27,2016-06-30,sh.600499,科达洁能
2016-06-27,2016-06-30,sh.600500,中化国际
2016-06-27,2016-06-30,sh.600503,华丽家族
2016-06-27,2016-06-30,sh.600507,方大特钢
2016-06-27,2016-06-30,sh.600509,天富能源
2016-06-27,2016-06-30,sh.600510,黑牡丹
2016-06-27,2016-06-30,sh.600511,国药股份
2016-06-27,2016-06-30,sh.600516,方大炭素
2016-06-27,2016-06-30,sh.600517,置信电气
2016-06-27,2016-06-30,sh.600521,华海药业
2016-06-27,2016-06-30,sh.600522,中天科技
2016-06-27,2016-06-30,sh.600525,长园集团
2016-06-27,2016-06-30,sh.600528,中铁工业
2016-06-27,2016-06-30,sh.600536,中国软件
2016-06-27,2016-06-30,sh.600537,亿晶光电
2016-06-27,2016-06-30,sh.600545,卓郎智能
2016-06-27,2016-06-30,sh.600551,时代出版
2016-06-27,2016-06-30,sh.600557,康缘药业
2016-06-27,2016-06-30,sh.600563,法拉电子
2016-06-27,2016-06-30,sh.600565,迪马股份
2016-06-27,2016-06-30,sh.600572,康恩贝
2016-06-27,2016-06-30,sh.600575,皖江物流
2016-06-27,2016-06-30,sh.600580,卧龙电气
2016-06-27,2016-06-30,sh.600584,长电科技
2016-06-27,2016-06-30,sh.600586,金晶科技
2016-06-27,2016-06-30,sh.600587,新华医疗
2016-06-27,2016-06-30,sh.600594,益佰制药
2016-06-27,2016-06-30,sh.600596,新安股份
2016-06-27,2016-06-30,sh.600597,光明乳业
2016-06-27,2016-06-30,sh.600601,方正科技
2016-06-27,2016-06-30,sh.600611,大众交通
2016-06-27,2016-06-30,sh.600614,鹏起科技
2016-06-27,2016-06-30,sh.600617,国新能源
2016-06-27,2016-06-30,sh.600618,氯碱化工
2016-06-27,2016-06-30,sh.600623,华谊集团
2016-06-27,2016-06-30,sh.600628,新世界
2016-06-27,2016-06-30,sh.600633,浙数文化
2016-06-27,2016-06-30,sh.600635,大众公用
2016-06-27,2016-06-30,sh.600639,浦东金桥
2016-06-27,2016-06-30,sh.600640,号百控股
2016-06-27,2016-06-30,sh.600643,爱建集团
2016-06-27,2016-06-30,sh.600645,中源协和
2016-06-27,2016-06-30,sh.600651,飞乐音响
2016-06-27,2016-06-30,sh.600655,豫园股份
2016-06-27,2016-06-30,sh.600657,信达地产
2016-06-27,2016-06-30,sh.600664,哈药股份
2016-06-27,2016-06-30,sh.600673,东阳光科
2016-06-27,2016-06-30,sh.600682,南京新百
2016-06-27,2016-06-30,sh.600687,刚泰控股
2016-06-27,2016-06-30,sh.600694,大商股份
2016-06-27,2016-06-30,sh.600699,均胜电子
2016-06-27,2016-06-30,sh.600717,天津港
2016-06-27,2016-06-30,sh.600720,祁连山
2016-06-27,2016-06-30,sh.600729,重庆百货
2016-06-27,2016-06-30,sh.600736,苏州高新
2016-06-27,2016-06-30,sh.600743,华远地产
2016-06-27,2016-06-30,sh.600748,上实发展
2016-06-27,2016-06-30,sh.600750,江中药业
2016-06-27,2016-06-30,sh.600751,海航科技
2016-06-27,2016-06-30,sh.600754,锦江股份
2016-06-27,2016-06-30,sh.600755,厦门国贸
2016-06-27,2016-06-30,sh.600757,长江传媒
2016-06-27,2016-06-30,sh.600759,洲际油气
2016-06-27,2016-06-30,sh.600761,安徽合力
2016-06-27,2016-06-30,sh.600765,中航重机
2016-06-27,2016-06-30,sh.600770,综艺股份
2016-06-27,2016-06-30,sh.600773,西藏城投
2016-06-27,2016-06-30,sh.600776,东方通信
2016-06-27,2016-06-30,sh.600787,中储股份
2016-06-27,2016-06-30,sh.600790,轻纺城
2016-06-27,2016-06-30,sh.600801,华新水泥
2016-06-27,2016-06-30,sh.600805,悦达投资
2016-06-27,2016-06-30,sh.600808,马钢股份
2016-06-27,2016-06-30,sh.600809,山西汾酒
2016-06-27,2016-06-30,sh.600811,东方集团
2016-06-27,2016-06-30,sh.600812,华北制药
2016-06-27,2016-06-30,sh.600823,世茂股份
2016-06-27,2016-06-30,sh.600825,新华传媒
2016-06-27,2016-06-30,sh.600826,兰生股份
2016-06-27,2016-06-30,sh.600831,广电网络
2016-06-27,2016-06-30,sh.600835,上海机电
2016-06-27,2016-06-30,sh.600850,华东电脑
2016-06-27,2016-06-30,sh.600851,海欣股份
2016-06-27,2016-06-30,sh.600859,王府井
2016-06-27,2016-06-30,sh.600864,哈投股份
2016-06-27,2016-06-30,sh.600869,智慧能源
2016-06-27,2016-06-30,sh.600872,中炬高新
2016-06-27,2016-06-30,sh.600874,创业环保
2016-06-27,2016-06-30,sh.600879,航天电子
2016-06-27,2016-06-30,sh.600880,博瑞传播
2016-06-27,2016-06-30,sh.600881,亚泰集团
2016-06-27,2016-06-30,sh.600884,杉杉股份
2016-06-27,2016-06-30,sh.600894,广日股份
2016-06-27,2016-06-30,sh.600917,重庆燃气
2016-06-27,2016-06-30,sh.600967,内蒙一机
2016-06-27,2016-06-30,sh.600970,中材国际
2016-06-27,2016-06-30,sh.600971,恒源煤电
2016-06-27,2016-06-30,sh.600978,宜华生活
2016-06-27,2016-06-30,sh.600993,马应龙
2016-06-27,2016-06-30,sh.601000,唐山港
2016-06-27,2016-06-30,sh.601001,大同煤业
2016-06-27,2016-06-30,sh.601002,晋亿实业
2016-06-27,2016-06-30,sh.601005,重庆钢铁
2016-06-27,2016-06-30,sh.601010,文峰股份
2016-06-27,2016-06-30,sh.601012,隆基股份
2016-06-27,2016-06-30,sh.601126,四方股份
2016-06-27,2016-06-30,sh.601155,新城控股
2016-06-27,2016-06-30,sh.601168,西部矿业
2016-06-27,2016-06-30,sh.601226,华电重工
2016-06-27,2016-06-30,sh.601233,桐昆股份
2016-06-27,2016-06-30,sh.601311,骆驼股份
2016-06-27,2016-06-30,sh.601369,陕鼓动力
2016-06-27,2016-06-30,sh.601515,东风股份
2016-06-27,2016-06-30,sh.601666,平煤股份
2016-06-27,2016-06-30,sh.601678,滨化股份
2016-06-27,2016-06-30,sh.601699,潞安环能
2016-06-27,2016-06-30,sh.601717,郑煤机
2016-06-27,2016-06-30,sh.601777,力帆股份
2016-06-27,2016-06-30,sh.601801,皖新传媒
2016-06-27,2016-06-30,sh.601880,大连港
2016-06-27,2016-06-30,sh.601886,江河集团
2016-06-27,2016-06-30,sh.601908,京运通
2016-06-27,2016-06-30,sh.601929,吉视传媒
2016-06-27,2016-06-30,sh.601965,中国汽研
2016-06-27,2016-06-30,sh.603001,奥康国际
2016-06-27,2016-06-30,sh.603005,晶方科技
2016-06-27,2016-06-30,sh.603019,中科曙光
2016-06-27,2016-06-30,sh.603025,大豪科技
2016-06-27,2016-06-30,sh.603077,和邦生物
2016-06-27,2016-06-30,sh.603169,兰石重装
2016-06-27,2016-06-30,sh.603188,ST亚邦
2016-06-27,2016-06-30,sh.603198,迎驾贡酒
2016-06-27,2016-06-30,sh.603328,依顿电子
2016-06-27,2016-06-30,sh.603355,莱克电气
2016-06-27,2016-06-30,sh.603555,贵人鸟
2016-06-27,2016-06-30,sh.603567,珍宝岛
2016-06-27,2016-06-30,sh.603568,伟明环保
2016-06-27,2016-06-30,sh.603589,口子窖
2016-06-27,2016-06-30,sh.603698,航天工程
2016-06-27,2016-06-30,sh.603699,纽威股份
2016-06-27,2016-06-30,sh.603766,隆鑫通用
2016-06-27,2016-06-30,sh.603806,福斯特
2016-06-27,2016-06-30,sh.603883,老百姓
2016-06-27,2016-06-30,sz.000006,深振业A
2016-06-27,2016-06-30,sz.000008,神州高铁
2016-06-27,2016-06-30,sz.000012,南玻A
2016-06-27,2016-06-30,sz.000021,深科技
2016-06-27,2016-06-30,sz.000028,国药一致
2016-06-27,2016-06-30,sz.000030,富奥股份
2016-06-27,2016-06-30,sz.000031,中粮地产
2016-06-27,2016-06-30,sz.000049,德赛电池
2016-06-27,2016-06-30,sz.000050,深天马A
2016-06-27,2016-06-30,sz.000062,深圳华强
2016-06-27,2016-06-30,sz.000066,中国长城
2016-06-27,2016-06-30,sz.000078,海王生物
2016-06-27,2016-06-30,sz.000088,盐田港
2016-06-27,2016-06-30,sz.000090,天健集团
2016-06-27,2016-06-30,sz.000099,中信海直
2016-06-27,2016-06-30,sz.000158,常山北明
2016-06-27,2016-06-30,sz.000400,许继电气
2016-06-27,2016-06-30,sz.000401,冀东水泥
2016-06-27,2016-06-30,sz.000417,合肥百货
2016-06-27,2016-06-30,sz.000418,小天鹅A
2016-06-27,2016-06-30,sz.000426,兴业矿业
2016-06-27,2016-06-30,sz.000488,晨鸣纸业
2016-06-27,2016-06-30,sz.000501,鄂武商A
2016-06-27,2016-06-30,sz.000513,丽珠集团
2016-06-27,2016-06-30,sz.000517,荣安地产
2016-06-27,2016-06-30,sz.000519,中兵红箭
2016-06-27,2016-06-30,sz.000528,柳工
2016-06-27,2016-06-30,sz.000541,佛山照明
2016-06-27,2016-06-30,sz.000543,皖能电力
2016-06-27,2016-06-30,sz.000547,航天发展
2016-06-27,2016-06-30,sz.000550,江铃汽车
2016-06-27,2016-06-30,sz.000552,靖远煤电
2016-06-27,2016-06-30,sz.000563,陕国投A
2016-06-27,2016-06-30,sz.000566,海南海药
2016-06-27,2016-06-30,sz.000572,海马汽车
2016-06-27,2016-06-30,sz.000581,威孚高科
2016-06-27,2016-06-30,sz.000587,金洲慈航
2016-06-27,2016-06-30,sz.000592,平潭发展
2016-06-27,2016-06-30,sz.000596,古井贡酒
2016-06-27,2016-06-30,sz.000598,兴蓉环境
2016-06-27,2016-06-30,sz.000600,建投能源
2016-06-27,2016-06-30,sz.000612,焦作万方
2016-06-27,2016-06-30,sz.000616,海航投资
2016-06-27,2016-06-30,sz.000620,新华联
2016-06-27,2016-06-30,sz.000631,顺发恒业
2016-06-27,2016-06-30,sz.000636,风华高科
2016-06-27,2016-06-30,sz.000652,泰达股份
2016-06-27,2016-06-30,sz.000656,金科股份
2016-06-27,2016-06-30,sz.000661,长春高新
2016-06-27,2016-06-30,sz.000667,美好置业
2016-06-27,2016-06-30,sz.000669,金鸿控股
2016-06-27,2016-06-30,sz.000671,阳光城
2016-06-27,2016-06-30,sz.000680,山推股份
2016-06-27,2016-06-30,sz.000681,视觉中国
2016-06-27,2016-06-30,sz.000685,中山公用
2016-06-27,2016-06-30,sz.000690,宝新能源
2016-06-27,2016-06-30,sz.000697,炼石有色
2016-06-27,2016-06-30,sz.000703,恒逸石化
2016-06-27,2016-06-30,sz.000726,鲁泰A
2016-06-27,2016-06-30,sz.000727,华东科技
2016-06-27,2016-06-30,sz.000748,长城信息
2016-06-27,2016-06-30,sz.000758,中色股份
2016-06-27,2016-06-30,sz.000762,西藏矿业
2016-06-27,2016-06-30,sz.000777,中核科技
2016-06-27,2016-06-30,sz.000786,北新建材
2016-06-27,2016-06-30,sz.000810,创维数字
2016-06-27,2016-06-30,sz.000816,*ST慧业
2016-06-27,2016-06-30,sz.000829,天音控股
2016-06-27,2016-06-30,sz.000830,鲁西化工
2016-06-27,2016-06-30,sz.000848,承德露露
2016-06-27,2016-06-30,sz.000860,顺鑫农业
2016-06-27,2016-06-30,sz.000861,海印股份
2016-06-27,2016-06-30,sz.000869,张裕A
2016-06-27,2016-06-30,sz.000877,天山股份
2016-06-27,2016-06-30,sz.000878,云南铜业
2016-06-27,2016-06-30,sz.000887,中鼎股份
2016-06-27,2016-06-30,sz.000897,津滨发展
2016-06-27,2016-06-30,sz.000900,现代投资
2016-06-27,2016-06-30,sz.000919,金陵药业
2016-06-27,2016-06-30,sz.000926,福星股份
2016-06-27,2016-06-30,sz.000930,中粮生化
2016-06-27,2016-06-30,sz.000931,中关村
2016-06-27,2016-06-30,sz.000937,冀中能源
2016-06-27,2016-06-30,sz.000939,*ST凯迪
2016-06-27,2016-06-30,sz.000961,中南建设
2016-06-27,2016-06-30,sz.000969,安泰科技
2016-06-27,2016-06-30,sz.000970,中科三环
2016-06-27,2016-06-30,sz.000973,佛塑科技
2016-06-27,2016-06-30,sz.000975,银泰资源
2016-06-27,2016-06-30,sz.000979,中弘股份
2016-06-27,2016-06-30,sz.000983,西山煤电
2016-06-27,2016-06-30,sz.000988,华工科技
2016-06-27,2016-06-30,sz.000997,新大陆
2016-06-27,2016-06-30,sz.000998,隆平高科
2016-06-27,2016-06-30,sz.001696,宗申动力
2016-06-27,2016-06-30,sz.002001,新和成
2016-06-27,2016-06-30,sz.002002,鸿达兴业
2016-06-27,2016-06-30,sz.002004,华邦健康
2016-06-27,2016-06-30,sz.002005,德豪润达
2016-06-27,2016-06-30,sz.002011,盾安环境
2016-06-27,2016-06-30,sz.002013,中航机电
2016-06-27,2016-06-30,sz.002022,科华生物
2016-06-27,2016-06-30,sz.002025,航天电器
2016-06-27,2016-06-30,sz.002028,思源电气
2016-06-27,2016-06-30,sz.002029,七匹狼
2016-06-27,2016-06-30,sz.002030,达安基因
2016-06-27,2016-06-30,sz.002038,双鹭药业
2016-06-27,2016-06-30,sz.002041,登海种业
2016-06-27,2016-06-30,sz.002048,宁波华翔
2016-06-27,2016-06-30,sz.002049,紫光国微
2016-06-27,2016-06-30,sz.002050,三花智控
2016-06-27,2016-06-30,sz.002051,中工国际
2016-06-27,2016-06-30,sz.002056,横店东磁
2016-06-27,2016-06-30,sz.002063,远光软件
2016-06-27,2016-06-30,sz.002064,华峰氨纶
2016-06-27,2016-06-30,sz.002073,软控股份
2016-06-27,2016-06-30,sz.002074,国轩高科
2016-06-27,2016-06-30,sz.002078,太阳纸业
2016-06-27,2016-06-30,sz.002085,万丰奥威
2016-06-27,2016-06-30,sz.002092,中泰化学
2016-06-27,2016-06-30,sz.002093,国脉科技
2016-06-27,2016-06-30,sz.002106,莱宝高科
2016-06-27,2016-06-30,sz.002118,紫鑫药业
2016-06-27,2016-06-30,sz.002122,*ST天马
2016-06-27,2016-06-30,sz.002128,露天煤业
2016-06-27,2016-06-30,sz.002131,利欧股份
2016-06-27,2016-06-30,sz.002155,湖南黄金
2016-06-27,2016-06-30,sz.002161,远望谷
2016-06-27,2016-06-30,sz.002168,深圳惠程
2016-06-27,2016-06-30,sz.002179,中航光电
2016-06-27,2016-06-30,sz.002181,粤传媒
2016-06-27,2016-06-30,sz.002190,成飞集成
2016-06-27,2016-06-30,sz.002191,劲嘉股份
2016-06-27,2016-06-30,sz.002194,*ST凡谷
2016-06-27,2016-06-30,sz.002216,三全食品
2016-06-27,2016-06-30,sz.002217,合力泰
2016-06-27,2016-06-30,sz.002221,东华能源
2016-06-27,2016-06-30,sz.002223,鱼跃医疗
2016-06-27,2016-06-30,sz.002233,塔牌集团
2016-06-27,2016-06-30,sz.002238,天威视讯
2016-06-27,2016-06-30,sz.002242,九阳股份
2016-06-27,2016-06-30,sz.002244,滨江集团
2016-06-27,2016-06-30,sz.002249,大洋电机
2016-06-27,2016-06-30,sz.002250,联化科技
2016-06-27,2016-06-30,sz.002251,步步高
2016-06-27,2016-06-30,sz.002254,泰和新材
2016-06-27,2016-06-30,sz.002261,拓维信息
2016-06-27,2016-06-30,sz.002266,浙富控股
2016-06-27,2016-06-30,sz.002267,陕天然气
2016-06-27,2016-06-30,sz.002268,卫士通
2016-06-27,2016-06-30,sz.002269,美邦服饰
2016-06-27,2016-06-30,sz.002271,东方雨虹
2016-06-27,2016-06-30,sz.002273,水晶光电
2016-06-27,2016-06-30,sz.002276,万马股份
2016-06-27,2016-06-30,sz.002277,友阿股份
2016-06-27,2016-06-30,sz.002281,光迅科技
2016-06-27,2016-06-30,sz.002285,世联行
2016-06-27,2016-06-30,sz.002293,罗莱生活
2016-06-27,2016-06-30,sz.002299,圣农发展
2016-06-27,2016-06-30,sz.002308,威创股份
2016-06-27,2016-06-30,sz.002309,中利集团
2016-06-27,2016-06-30,sz.002310,东方园林
2016-06-27,2016-06-30,sz.002311,海大集团
2016-06-27,2016-06-30,sz.002315,焦点科技
2016-06-27,2016-06-30,sz.002317,众生药业
2016-06-27,2016-06-30,sz.002325,洪涛股份
2016-06-27,2016-06-30,sz.002327,富安娜
2016-06-27,2016-06-30,sz.002332,仙琚制药
2016-06-27,2016-06-30,sz.002340,格林美
2016-06-27,2016-06-30,sz.002342,巨力索具
2016-06-27,2016-06-30,sz.002344,海宁皮城
2016-06-27,2016-06-30,sz.002345,潮宏基
2016-06-27,2016-06-30,sz.002353,杰瑞股份
2016-06-27,2016-06-30,sz.002354,天神娱乐
2016-06-27,2016-06-30,sz.002358,森源电气
2016-06-27,2016-06-30,sz.002366,台海核电
2016-06-27,2016-06-30,sz.002368,太极股份
2016-06-27,2016-06-30,sz.002371,北方华创
2016-06-27,2016-06-30,sz.002373,千方科技
2016-06-27,2016-06-30,sz.002375,亚厦股份
2016-06-27,2016-06-30,sz.002384,东山精密
2016-06-27,2016-06-30,sz.002390,信邦制药
2016-06-27,2016-06-30,sz.002392,北京利尔
2016-06-27,2016-06-30,sz.002396,星网锐捷
2016-06-27,2016-06-30,sz.002400,省广集团
2016-06-27,2016-06-30,sz.002405,四维图新
2016-06-27,2016-06-30,sz.002408,齐翔腾达
2016-06-27,2016-06-30,sz.002410,广联达
2016-06-27,2016-06-30,sz.002414,高德红外
2016-06-27,2016-06-30,sz.002426,胜利精密
2016-06-27,2016-06-30,sz.002428,云南锗业
2016-06-27,2016-06-30,sz.002431,棕榈股份
2016-06-27,2016-06-30,sz.002437,誉衡药业
2016-06-27,2016-06-30,sz.002439,启明星辰
2016-06-27,2016-06-30,sz.002440,闰土股份
2016-06-27,2016-06-30,sz.002444,巨星科技
2016-06-27,2016-06-30,sz.002461,珠江啤酒
2016-06-27,2016-06-30,sz.002463,沪电股份
2016-06-27,2016-06-30,sz.002466,天齐锂业
2016-06-27,2016-06-30,sz.002477,雏鹰农牧
2016-06-27,2016-06-30,sz.002479,富春环保
2016-06-27,2016-06-30,sz.002482,广田集团
2016-06-27,2016-06-30,sz.002489,浙江永强
2016-06-27,2016-06-30,sz.002498,汉缆股份
2016-06-27,2016-06-30,sz.002503,搜于特
2016-06-27,2016-06-30,sz.002505,大康农业
2016-06-27,2016-06-30,sz.002508,老板电器
2016-06-27,2016-06-30,sz.002512,达华智能
2016-06-27,2016-06-30,sz.002551,尚荣医疗
2016-06-27,2016-06-30,sz.002572,索菲亚
2016-06-27,2016-06-30,sz.002573,清新环境
2016-06-27,2016-06-30,sz.002588,史丹利
2016-06-27,2016-06-30,sz.002589,瑞康医药
2016-06-27,2016-06-30,sz.002595,豪迈科技
2016-06-27,2016-06-30,sz.002602,世纪华通
2016-06-27,2016-06-30,sz.002603,以岭药业
2016-06-27,2016-06-30,sz.002624,完美世界
2016-06-27,2016-06-30,sz.002635,安洁科技
2016-06-27,2016-06-30,sz.002640,跨境通
2016-06-27,2016-06-30,sz.002642,荣之联
2016-06-27,2016-06-30,sz.002646,青青稞酒
2016-06-27,2016-06-30,sz.002657,中科金财
2016-06-27,2016-06-30,sz.002663,普邦股份
2016-06-27,2016-06-30,sz.002665,首航节能
2016-06-27,2016-06-30,sz.002672,东江环保
2016-06-27,2016-06-30,sz.002678,珠江钢琴
2016-06-27,2016-06-30,sz.002681,奋达科技
2016-06-27,2016-06-30,sz.002698,博实股份
2016-06-27,2016-06-30,sz.002699,美盛文化
2016-06-27,2016-06-30,sz.002701,奥瑞金
2016-06-27,2016-06-30,sz.002714,牧原股份
2016-06-27,2016-06-30,sz.002727,一心堂
2016-06-27,2016-06-30,sz.002745,木林森
2016-06-27,2016-06-30,sz.300001,特锐德
2016-06-27,2016-06-30,sz.300010,立思辰
2016-06-27,2016-06-30,sz.300026,红日药业
2016-06-27,2016-06-30,sz.300032,金龙机电
2016-06-27,2016-06-30,sz.300039,上海凯宝
2016-06-27,2016-06-30,sz.300043,星辉娱乐
2016-06-27,2016-06-30,sz.300055,万邦达
2016-06-27,2016-06-30,sz.300072,三聚环保
2016-06-27,2016-06-30,sz.300088,长信科技
2016-06-27,2016-06-30,sz.300113,顺网科技
2016-06-27,2016-06-30,sz.300115,长盈精密
2016-06-27,2016-06-30,sz.300134,大富科技
2016-06-27,2016-06-30,sz.300147,香雪制药
2016-06-27,2016-06-30,sz.300166,东方国信
2016-06-27,2016-06-30,sz.300182,捷成股份
2016-06-27,2016-06-30,sz.300199,翰宇药业
2016-06-27,2016-06-30,sz.300202,聚龙股份
2016-06-27,2016-06-30,sz.300244,迪安诊断
2016-06-27,2016-06-30,sz.300253,卫宁健康
2016-06-27,2016-06-30,sz.300257,开山股份
2016-06-27,2016-06-30,sz.300273,和佳股份
2016-06-27,2016-06-30,sz.300274,阳光电源
2016-06-27,2016-06-30,sz.300287,飞利信
2016-06-27,2016-06-30,sz.300291,华录百纳
2016-12-26,2016-12-31,sh.600006,东风汽车
2016-12-26,2016-12-31,sh.600017,日照港
2016-12-26,2016-12-31,sh.600022,山东钢铁
2016-12-26,2016-12-31,sh.600026,中远海能
2016-12-26,2016-12-31,sh.600039,四川路桥
2016-12-26,2016-12-31,sh.600053,九鼎投资
2016-12-26,2016-12-31,sh.600056,中国医药
2016-12-26,2016-12-31,sh.600058,五矿发展
2016-12-26,2016-12-31,sh.600059,古越龙山
2016-12-26,2016-12-31,sh.600062,华润双鹤
2016-12-26,2016-12-31,sh.600064,南京高科
2016-12-26,2016-12-31,sh.600067,冠城大通
2016-12-26,2016-12-31,sh.600073,上海梅林
2016-12-26,2016-12-31,sh.600079,人福医药
2016-12-26,2016-12-31,sh.600086,东方金钰
2016-12-26,2016-12-31,sh.600088,中视传媒
2016-12-26,2016-12-31,sh.600094,大名城
2016-12-26,2016-12-31,sh.600098,广州发展
2016-12-26,2016-12-31,sh.600108,亚盛集团
2016-12-26,2016-12-31,sh.600112,天成控股
2016-12-26,2016-12-31,sh.600120,浙江东方
2016-12-26,2016-12-31,sh.600122,宏图高科
2016-12-26,2016-12-31,sh.600125,铁龙物流
2016-12-26,2016-12-31,sh.600138,中青旅
2016-12-26,2016-12-31,sh.600141,兴发集团
2016-12-26,2016-12-31,sh.600143,金发科技
2016-12-26,2016-12-31,sh.600151,航天机电
2016-12-26,2016-12-31,sh.600158,中体产业
2016-12-26,2016-12-31,sh.600160,巨化股份
2016-12-26,2016-12-31,sh.600161,天坛生物
2016-12-26,2016-12-31,sh.600166,福田汽车
2016-12-26,2016-12-31,sh.600169,太原重工
2016-12-26,2016-12-31,sh.600171,上海贝岭
2016-12-26,2016-12-31,sh.600175,美都能源
2016-12-26,2016-12-31,sh.600176,中国巨石
2016-12-26,2016-12-31,sh.600180,瑞茂通
2016-12-26,2016-12-31,sh.600183,生益科技
2016-12-26,2016-12-31,sh.600184,光电股份
2016-12-26,2016-12-31,sh.600187,国中水务
2016-12-26,2016-12-31,sh.600195,中牧股份
2016-12-26,2016-12-31,sh.600198,*ST大唐
2016-12-26,2016-12-31,sh.600200,江苏吴中
2016-12-26,2016-12-31,sh.600201,生物股份
2016-12-26,2016-12-31,sh.600216,浙江医药
2016-12-26,2016-12-31,sh.600219,南山铝业
2016-12-26,2016-12-31,sh.600220,江苏阳光
2016-12-26,2016-12-31,sh.600240,华业资本
2016-12-26,2016-12-31,sh.600251,冠农股份
2016-12-26,2016-12-31,sh.600259,广晟有色
2016-12-26,2016-12-31,sh.600260,凯乐科技
2016-12-26,2016-12-31,sh.600266,北京城建
2016-12-26,2016-12-31,sh.600267,海正药业
2016-12-26,2016-12-31,sh.600270,外运发展
2016-12-26,2016-12-31,sh.600277,亿利洁能
2016-12-26,2016-12-31,sh.600280,中央商场
2016-12-26,2016-12-31,sh.600282,南钢股份
2016-12-26,2016-12-31,sh.600284,浦东建设
2016-12-26,2016-12-31,sh.600289,*ST信通
2016-12-26,2016-12-31,sh.600291,西水股份
2016-12-26,2016-12-31,sh.600292,远达环保
2016-12-26,2016-12-31,sh.600298,安琪酵母
2016-12-26,2016-12-31,sh.600300,维维股份
2016-12-26,2016-12-31,sh.600307,酒钢宏兴
2016-12-26,2016-12-31,sh.600312,平高电气
2016-12-26,2016-12-31,sh.600315,上海家化
2016-12-26,2016-12-31,sh.600316,洪都航空
2016-12-26,2016-12-31,sh.600325,华发股份
2016-12-26,2016-12-31,sh.600329,中新药业
2016-12-26,2016-12-31,sh.600335,国机汽车
2016-12-26,2016-12-31,sh.600338,西藏珠峰
2016-12-26,2016-12-31,sh.600348,阳泉煤业
2016-12-26,2016-12-31,sh.600351,亚宝药业
2016-12-26,2016-12-31,sh.600366,宁波韵升
2016-12-26,2016-12-31,sh.600380,健康元
2016-12-26,2016-12-31,sh.600388,龙净环保
2016-12-26,2016-12-31,sh.600392,盛和资源
2016-12-26,2016-12-31,sh.600395,盘江股份
2016-12-26,2016-12-31,sh.600397,*ST安煤
2016-12-26,2016-12-31,sh.600409,三友化工
2016-12-26,2016-12-31,sh.600410,华胜天成
2016-12-26,2016-12-31,sh.600416,湘电股份
2016-12-26,2016-12-31,sh.600418,江淮汽车
2016-12-26,2016-12-31,sh.600422,昆药集团
2016-12-26,2016-12-31,sh.600425,青松建化
2016-12-26,2016-12-31,sh.600426,华鲁恒升
2016-12-26,2016-12-31,sh.600428,中远海特
2016-12-26,2016-12-31,sh.600433,冠豪高新
2016-12-26,2016-12-31,sh.600435,北方导航
2016-12-26,2016-12-31,sh.600436,片仔癀
2016-12-26,2016-12-31,sh.600458,时代新材
2016-12-26,2016-12-31,sh.600460,士兰微
2016-12-26,2016-12-31,sh.600466,蓝光发展
2016-12-26,2016-12-31,sh.600468,百利电气
2016-12-26,2016-12-31,sh.600478,科力远
2016-12-26,2016-12-31,sh.600481,双良节能
2016-12-26,2016-12-31,sh.600483,福能股份
2016-12-26,2016-12-31,sh.600487,亨通光电
2016-12-26,2016-12-31,sh.600496,精工钢构
2016-12-26,2016-12-31,sh.600497,驰宏锌锗
2016-12-26,2016-12-31,sh.600499,科达洁能
2016-12-26,2016-12-31,sh.600500,中化国际
2016-12-26,2016-12-31,sh.600503,华丽家族
2016-12-26,2016-12-31,sh.600511,国药股份
2016-12-26,2016-12-31,sh.600516,方大炭素
2016-12-26,2016-12-31,sh.600517,置信电气
2016-12-26,2016-12-31,sh.600521,华海药业
2016-12-26,2016-12-31,sh.600522,中天科技
2016-12-26,2016-12-31,sh.600525,长园集团
2016-12-26,2016-12-31,sh.600528,中铁工业
2016-12-26,2016-12-31,sh.600536,中国软件
2016-12-26,2016-12-31,sh.600537,亿晶光电
2016-12-26,2016-12-31,sh.600545,卓郎智能
2016-12-26,2016-12-31,sh.600549,厦门钨业
2016-12-26,2016-12-31,sh.600551,时代出版
2016-12-26,2016-12-31,sh.600557,康缘药业
2016-12-26,2016-12-31,sh.600563,法拉电子
2016-12-26,2016-12-31,sh.600565,迪马股份
2016-12-26,2016-12-31,sh.600572,康恩贝
2016-12-26,2016-12-31,sh.600575,皖江物流
2016-12-26,2016-12-31,sh.600580,卧龙电气
2016-12-26,2016-12-31,sh.600584,长电科技
2016-12-26,2016-12-31,sh.600586,金晶科技
2016-12-26,2016-12-31,sh.600587,新华医疗
2016-12-26,2016-12-31,sh.600594,益佰制药
2016-12-26,2016-12-31,sh.600596,新安股份
2016-12-26,2016-12-31,sh.600597,光明乳业
2016-12-26,2016-12-31,sh.600600,青岛啤酒
2016-12-26,2016-12-31,sh.600601,方正科技
2016-12-26,2016-12-31,sh.600611,大众交通
2016-12-26,2016-12-31,sh.600614,鹏起科技
2016-12-26,2016-12-31,sh.600618,氯碱化工
2016-12-26,2016-12-31,sh.600628,新世界
2016-12-26,2016-12-31,sh.600633,浙数文化
2016-12-26,2016-12-31,sh.600635,大众公用
2016-12-26,2016-12-31,sh.600639,浦东金桥
2016-12-26,2016-12-31,sh.600640,号百控股
2016-12-26,2016-12-31,sh.600643,爱建集团
2016-12-26,2016-12-31,sh.600645,中源协和
2016-12-26,2016-12-31,sh.600651,飞乐音响
2016-12-26,2016-12-31,sh.600655,豫园股份
2016-12-26,2016-12-31,sh.600657,信达地产
2016-12-26,2016-12-31,sh.600664,哈药股份
2016-12-26,2016-12-31,sh.600673,东阳光科
2016-12-26,2016-12-31,sh.600682,南京新百
2016-12-26,2016-12-31,sh.600687,刚泰控股
2016-12-26,2016-12-31,sh.600694,大商股份
2016-12-26,2016-12-31,sh.600699,均胜电子
2016-12-26,2016-12-31,sh.600717,天津港
2016-12-26,2016-12-31,sh.600720,祁连山
2016-12-26,2016-12-31,sh.600729,重庆百货
2016-12-26,2016-12-31,sh.600736,苏州高新
2016-12-26,2016-12-31,sh.600743,华远地产
2016-12-26,2016-12-31,sh.600748,上实发展
2016-12-26,2016-12-31,sh.600750,江中药业
2016-12-26,2016-12-31,sh.600751,海航科技
2016-12-26,2016-12-31,sh.600755,厦门国贸
2016-12-26,2016-12-31,sh.600757,长江传媒
2016-12-26,2016-12-31,sh.600759,洲际油气
2016-12-26,2016-12-31,sh.600765,中航重机
2016-12-26,2016-12-31,sh.600770,综艺股份
2016-12-26,2016-12-31,sh.600773,西藏城投
2016-12-26,2016-12-31,sh.600776,东方通信
2016-12-26,2016-12-31,sh.600787,中储股份
2016-12-26,2016-12-31,sh.600790,轻纺城
2016-12-26,2016-12-31,sh.600801,华新水泥
2016-12-26,2016-12-31,sh.600805,悦达投资
2016-12-26,2016-12-31,sh.600808,马钢股份
2016-12-26,2016-12-31,sh.600809,山西汾酒
2016-12-26,2016-12-31,sh.600811,东方集团
2016-12-26,2016-12-31,sh.600823,世茂股份
2016-12-26,2016-12-31,sh.600825,新华传媒
2016-12-26,2016-12-31,sh.600826,兰生股份
2016-12-26,2016-12-31,sh.600831,广电网络
2016-12-26,2016-12-31,sh.600835,上海机电
2016-12-26,2016-12-31,sh.600850,华东电脑
2016-12-26,2016-12-31,sh.600851,海欣股份
2016-12-26,2016-12-31,sh.600859,王府井
2016-12-26,2016-12-31,sh.600862,中航高科
2016-12-26,2016-12-31,sh.600863,内蒙华电
2016-12-26,2016-12-31,sh.600864,哈投股份
2016-12-26,2016-12-31,sh.600869,智慧能源
2016-12-26,2016-12-31,sh.600872,中炬高新
2016-12-26,2016-12-31,sh.600874,创业环保
2016-12-26,2016-12-31,sh.600879,航天电子
2016-12-26,2016-12-31,sh.600880,博瑞传播
2016-12-26,2016-12-31,sh.600881,亚泰集团
2016-12-26,2016-12-31,sh.600884,杉杉股份
2016-12-26,2016-12-31,sh.600894,广日股份
2016-12-26,2016-12-31,sh.600917,重庆燃气
2016-12-26,2016-12-31,sh.600967,内蒙一机
2016-12-26,2016-12-31,sh.600970,中材国际
2016-12-26,2016-12-31,sh.600971,恒源煤电
2016-12-26,2016-12-31,sh.600978,宜华生活
2016-12-26,2016-12-31,sh.600981,汇鸿集团
2016-12-26,2016-12-31,sh.600993,马应龙
2016-12-26,2016-12-31,sh.601000,唐山港
2016-12-26,2016-12-31,sh.601001,大同煤业
2016-12-26,2016-12-31,sh.601002,晋亿实业
2016-12-26,2016-12-31,sh.601010,文峰股份
2016-12-26,2016-12-31,sh.601012,隆基股份
2016-12-26,2016-12-31,sh.601016,节能风电
2016-12-26,2016-12-31,sh.601168,西部矿业
2016-12-26,2016-12-31,sh.601231,环旭电子
2016-12-26,2016-12-31,sh.601233,桐昆股份
2016-12-26,2016-12-31,sh.601311,骆驼股份
2016-12-26,2016-12-31,sh.601678,滨化股份
2016-12-26,2016-12-31,sh.601689,拓普集团
2016-12-26,2016-12-31,sh.601699,潞安环能
2016-12-26,2016-12-31,sh.601717,郑煤机
2016-12-26,2016-12-31,sh.601777,力帆股份
2016-12-26,2016-12-31,sh.601801,皖新传媒
2016-12-26,2016-12-31,sh.601880,大连港
2016-12-26,2016-12-31,sh.601886,江河集团
2016-12-26,2016-12-31,sh.601908,京运通
2016-12-26,2016-12-31,sh.601929,吉视传媒
2016-12-26,2016-12-31,sh.603001,奥康国际
2016-12-26,2016-12-31,sh.603005,晶方科技
2016-12-26,2016-12-31,sh.603019,中科曙光
2016-12-26,2016-12-31,sh.603025,大豪科技
2016-12-26,2016-12-31,sh.603077,和邦生物
2016-12-26,2016-12-31,sh.603169,兰石重装
2016-12-26,2016-12-31,sh.603188,ST亚邦
2016-12-26,2016-12-31,sh.603198,迎驾贡酒
2016-12-26,2016-12-31,sh.603328,依顿电子
2016-12-26,2016-12-31,sh.603355,莱克电气
2016-12-26,2016-12-31,sh.603369,今世缘
2016-12-26,2016-12-31,sh.603377,东方时尚
2016-12-26,2016-12-31,sh.603528,多伦科技
2016-12-26,2016-12-31,sh.603555,贵人鸟
2016-12-26,2016-12-31,sh.603567,珍宝岛
2016-12-26,2016-12-31,sh.603568,伟明环保
2016-12-26,2016-12-31,sh.603589,口子窖
2016-12-26,2016-12-31,sh.603698,航天工程
2016-12-26,2016-12-31,sh.603766,隆鑫通用
2016-12-26,2016-12-31,sh.603806,福斯特
2016-12-26,2016-12-31,sh.603866,桃李面包
2016-12-26,2016-12-31,sh.603868,飞科电器
2016-12-26,2016-12-31,sh.603883,老百姓
2016-12-26,2016-12-31,sz.000006,深振业A
2016-12-26,2016-12-31,sz.000012,南玻A
2016-12-26,2016-12-31,sz.000021,深科技
2016-12-26,2016-12-31,sz.000025,特力A
2016-12-26,2016-12-31,sz.000028,国药一致
2016-12-26,2016-12-31,sz.000031,中粮地产
2016-12-26,2016-12-31,sz.000049,德赛电池
2016-12-26,2016-12-31,sz.000050,深天马A
2016-12-26,2016-12-31,sz.000062,深圳华强
2016-12-26,2016-12-31,sz.000066,中国长城
2016-12-26,2016-12-31,sz.000078,海王生物
2016-12-26,2016-12-31,sz.000089,深圳机场
2016-12-26,2016-12-31,sz.000090,天健集团
2016-12-26,2016-12-31,sz.000099,中信海直
2016-12-26,2016-12-31,sz.000158,常山北明
2016-12-26,2016-12-31,sz.000400,许继电气
2016-12-26,2016-12-31,sz.000401,冀东水泥
2016-12-26,2016-12-31,sz.000417,合肥百货
2016-12-26,2016-12-31,sz.000418,小天鹅A
2016-12-26,2016-12-31,sz.000426,兴业矿业
2016-12-26,2016-12-31,sz.000488,晨鸣纸业
2016-12-26,2016-12-31,sz.000501,鄂武商A
2016-12-26,2016-12-31,sz.000513,丽珠集团
2016-12-26,2016-12-31,sz.000517,荣安地产
2016-12-26,2016-12-31,sz.000519,中兵红箭
2016-12-26,2016-12-31,sz.000528,柳工
2016-12-26,2016-12-31,sz.000541,佛山照明
2016-12-26,2016-12-31,sz.000543,皖能电力
2016-12-26,2016-12-31,sz.000547,航天发展
2016-12-26,2016-12-31,sz.000552,靖远煤电
2016-12-26,2016-12-31,sz.000563,陕国投A
2016-12-26,2016-12-31,sz.000566,海南海药
2016-12-26,2016-12-31,sz.000572,海马汽车
2016-12-26,2016-12-31,sz.000581,威孚高科
2016-12-26,2016-12-31,sz.000587,金洲慈航
2016-12-26,2016-12-31,sz.000592,平潭发展
2016-12-26,2016-12-31,sz.000596,古井贡酒
2016-12-26,2016-12-31,sz.000598,兴蓉环境
2016-12-26,2016-12-31,sz.000600,建投能源
2016-12-26,2016-12-31,sz.000612,焦作万方
2016-12-26,2016-12-31,sz.000616,海航投资
2016-12-26,2016-12-31,sz.000620,新华联
2016-12-26,2016-12-31,sz.000631,顺发恒业
2016-12-26,2016-12-31,sz.000636,风华高科
2016-12-26,2016-12-31,sz.000652,泰达股份
2016-12-26,2016-12-31,sz.000656,金科股份
2016-12-26,2016-12-31,sz.000661,长春高新
2016-12-26,2016-12-31,sz.000667,美好置业
2016-12-26,2016-12-31,sz.000669,金鸿控股
2016-12-26,2016-12-31,sz.000680,山推股份
2016-12-26,2016-12-31,sz.000681,视觉中国
2016-12-26,2016-12-31,sz.000685,中山公用
2016-12-26,2016-12-31,sz.000690,宝新能源
2016-12-26,2016-12-31,sz.000697,炼石有色
2016-12-26,2016-12-31,sz.000703,恒逸石化
2016-12-26,2016-12-31,sz.000723,美锦能源
2016-12-26,2016-12-31,sz.000726,鲁泰A
2016-12-26,2016-12-31,sz.000727,华东科技
2016-12-26,2016-12-31,sz.000748,长城信息
2016-12-26,2016-12-31,sz.000758,中色股份
2016-12-26,2016-12-31,sz.000761,本钢板材
2016-12-26,2016-12-31,sz.000762,西藏矿业
2016-12-26,2016-12-31,sz.000777,中核科技
2016-12-26,2016-12-31,sz.000786,北新建材
2016-12-26,2016-12-31,sz.000806,银河生物
2016-12-26,2016-12-31,sz.000810,创维数字
2016-12-26,2016-12-31,sz.000816,*ST慧业
2016-12-26,2016-12-31,sz.000825,太钢不锈
2016-12-26,2016-12-31,sz.000829,天音控股
2016-12-26,2016-12-31,sz.000830,鲁西化工
2016-12-26,2016-12-31,sz.000848,承德露露
2016-12-26,2016-12-31,sz.000860,顺鑫农业
2016-12-26,2016-12-31,sz.000861,海印股份
2016-12-26,2016-12-31,sz.000869,张裕A
2016-12-26,2016-12-31,sz.000877,天山股份
2016-12-26,2016-12-31,sz.000878,云南铜业
2016-12-26,2016-12-31,sz.000897,津滨发展
2016-12-26,2016-12-31,sz.000919,金陵药业
2016-12-26,2016-12-31,sz.000926,福星股份
2016-12-26,2016-12-31,sz.000930,中粮生化
2016-12-26,2016-12-31,sz.000931,中关村
2016-12-26,2016-12-31,sz.000937,冀中能源
2016-12-26,2016-12-31,sz.000939,*ST凯迪
2016-12-26,2016-12-31,sz.000959,首钢股份
2016-12-26,2016-12-31,sz.000960,锡业股份
2016-12-26,2016-12-31,sz.000961,中南建设
2016-12-26,2016-12-31,sz.000969,安泰科技
2016-12-26,2016-12-31,sz.000970,中科三环
2016-12-26,2016-12-31,sz.000973,佛塑科技
2016-12-26,2016-12-31,sz.000975,银泰资源
2016-12-26,2016-12-31,sz.000979,中弘股份
2016-12-26,2016-12-31,sz.000988,华工科技
2016-12-26,2016-12-31,sz.000997,新大陆
2016-12-26,2016-12-31,sz.000998,隆平高科
2016-12-26,2016-12-31,sz.000999,华润三九
2016-12-26,2016-12-31,sz.001696,宗申动力
2016-12-26,2016-12-31,sz.002001,新和成
2016-12-26,2016-12-31,sz.002002,鸿达兴业
2016-12-26,2016-12-31,sz.002004,华邦健康
2016-12-26,2016-12-31,sz.002005,德豪润达
2016-12-26,2016-12-31,sz.002011,盾安环境
2016-12-26,2016-12-31,sz.002013,中航机电
2016-12-26,2016-12-31,sz.002018,*ST华信
2016-12-26,2016-12-31,sz.002019,亿帆医药
2016-12-26,2016-12-31,sz.002022,科华生物
2016-12-26,2016-12-31,sz.002025,航天电器
2016-12-26,2016-12-31,sz.002028,思源电气
2016-12-26,2016-12-31,sz.002029,七匹狼
2016-12-26,2016-12-31,sz.002030,达安基因
2016-12-26,2016-12-31,sz.002038,双鹭药业
2016-12-26,2016-12-31,sz.002041,登海种业
2016-12-26,2016-12-31,sz.002048,宁波华翔
2016-12-26,2016-12-31,sz.002050,三花智控
2016-12-26,2016-12-31,sz.002051,中工国际
2016-12-26,2016-12-31,sz.002056,横店东磁
2016-12-26,2016-12-31,sz.002063,远光软件
2016-12-26,2016-12-31,sz.002064,华峰氨纶
2016-12-26,2016-12-31,sz.002073,软控股份
2016-12-26,2016-12-31,sz.002078,太阳纸业
2016-12-26,2016-12-31,sz.002092,中泰化学
2016-12-26,2016-12-31,sz.002093,国脉科技
2016-12-26,2016-12-31,sz.002106,莱宝高科
2016-12-26,2016-12-31,sz.002118,紫鑫药业
2016-12-26,2016-12-31,sz.002122,*ST天马
2016-12-26,2016-12-31,sz.002123,梦网集团
2016-12-26,2016-12-31,sz.002128,露天煤业
2016-12-26,2016-12-31,sz.002155,湖南黄金
2016-12-26,2016-12-31,sz.002161,远望谷
2016-12-26,2016-12-31,sz.002168,深圳惠程
2016-12-26,2016-12-31,sz.002176,江特电机
2016-12-26,2016-12-31,sz.002179,中航光电
2016-12-26,2016-12-31,sz.002190,成飞集成
2016-12-26,2016-12-31,sz.002191,劲嘉股份
2016-12-26,2016-12-31,sz.002194,*ST凡谷
2016-12-26,2016-12-31,sz.002217,合力泰
2016-12-26,2016-12-31,sz.002221,东华能源
2016-12-26,2016-12-31,sz.002223,鱼跃医疗
2016-12-26,2016-12-31,sz.002233,塔牌集团
2016-12-26,2016-12-31,sz.002238,天威视讯
2016-12-26,2016-12-31,sz.002242,九阳股份
2016-12-26,2016-12-31,sz.002244,滨江集团
2016-12-26,2016-12-31,sz.002249,大洋电机
2016-12-26,2016-12-31,sz.002250,联化科技
2016-12-26,2016-12-31,sz.002251,步步高
2016-12-26,2016-12-31,sz.002254,泰和新材
2016-12-26,2016-12-31,sz.002261,拓维信息
2016-12-26,2016-12-31,sz.002266,浙富控股
2016-12-26,2016-12-31,sz.002268,卫士通
2016-12-26,2016-12-31,sz.002269,美邦服饰
2016-12-26,2016-12-31,sz.002271,东方雨虹
2016-12-26,2016-12-31,sz.002273,水晶光电
2016-12-26,2016-12-31,sz.002276,万马股份
2016-12-26,2016-12-31,sz.002277,友阿股份
2016-12-26,2016-12-31,sz.002281,光迅科技
2016-12-26,2016-12-31,sz.002285,世联行
2016-12-26,2016-12-31,sz.002308,威创股份
2016-12-26,2016-12-31,sz.002309,中利集团
2016-12-26,2016-12-31,sz.002311,海大集团
2016-12-26,2016-12-31,sz.002315,焦点科技
2016-12-26,2016-12-31,sz.002317,众生药业
2016-12-26,2016-12-31,sz.002325,洪涛股份
2016-12-26,2016-12-31,sz.002327,富安娜
2016-12-26,2016-12-31,sz.002332,仙琚制药
2016-12-26,2016-12-31,sz.002340,格林美
2016-12-26,2016-12-31,sz.002342,巨力索具
2016-12-26,2016-12-31,sz.002344,海宁皮城
2016-12-26,2016-12-31,sz.002345,潮宏基
2016-12-26,2016-12-31,sz.002353,杰瑞股份
2016-12-26,2016-12-31,sz.002354,天神娱乐
2016-12-26,2016-12-31,sz.002358,森源电气
2016-12-26,2016-12-31,sz.002366,台海核电
2016-12-26,2016-12-31,sz.002368,太极股份
2016-12-26,2016-12-31,sz.002371,北方华创
2016-12-26,2016-12-31,sz.002373,千方科技
2016-12-26,2016-12-31,sz.002375,亚厦股份
2016-12-26,2016-12-31,sz.002384,东山精密
2016-12-26,2016-12-31,sz.002390,信邦制药
2016-12-26,2016-12-31,sz.002392,北京利尔
2016-12-26,2016-12-31,sz.002396,星网锐捷
2016-12-26,2016-12-31,sz.002399,海普瑞
2016-12-26,2016-12-31,sz.002400,省广集团
2016-12-26,2016-12-31,sz.002405,四维图新
2016-12-26,2016-12-31,sz.002407,多氟多
2016-12-26,2016-12-31,sz.002408,齐翔腾达
2016-12-26,2016-12-31,sz.002410,广联达
2016-12-26,2016-12-31,sz.002414,高德红外
2016-12-26,2016-12-31,sz.002416,爱施德
2016-12-26,2016-12-31,sz.002422,科伦药业
2016-12-26,2016-12-31,sz.002428,云南锗业
2016-12-26,2016-12-31,sz.002431,棕榈股份
2016-12-26,2016-12-31,sz.002437,誉衡药业
2016-12-26,2016-12-31,sz.002439,启明星辰
2016-12-26,2016-12-31,sz.002440,闰土股份
2016-12-26,2016-12-31,sz.002444,巨星科技
2016-12-26,2016-12-31,sz.002460,赣锋锂业
2016-12-26,2016-12-31,sz.002463,沪电股份
2016-12-26,2016-12-31,sz.002477,雏鹰农牧
2016-12-26,2016-12-31,sz.002479,富春环保
2016-12-26,2016-12-31,sz.002482,广田集团
2016-12-26,2016-12-31,sz.002489,浙江永强
2016-12-26,2016-12-31,sz.002491,通鼎互联
2016-12-26,2016-12-31,sz.002498,汉缆股份
2016-12-26,2016-12-31,sz.002503,搜于特
2016-12-26,2016-12-31,sz.002505,大康农业
2016-12-26,2016-12-31,sz.002508,老板电器
2016-12-26,2016-12-31,sz.002512,达华智能
2016-12-26,2016-12-31,sz.002544,杰赛科技
2016-12-26,2016-12-31,sz.002551,尚荣医疗
2016-12-26,2016-12-31,sz.002572,索菲亚
2016-12-26,2016-12-31,sz.002573,清新环境
2016-12-26,2016-12-31,sz.002581,未名医药
2016-12-26,2016-12-31,sz.002588,史丹利
2016-12-26,2016-12-31,sz.002589,瑞康医药
2016-12-26,2016-12-31,sz.002595,豪迈科技
2016-12-26,2016-12-31,sz.002602,世纪华通
2016-12-26,2016-12-31,sz.002603,以岭药业
2016-12-26,2016-12-31,sz.002635,安洁科技
2016-12-26,2016-12-31,sz.002640,跨境通
2016-12-26,2016-12-31,sz.002642,荣之联
2016-12-26,2016-12-31,sz.002646,青青稞酒
2016-12-26,2016-12-31,sz.002657,中科金财
2016-12-26,2016-12-31,sz.002663,普邦股份
2016-12-26,2016-12-31,sz.002665,首航节能
2016-12-26,2016-12-31,sz.002672,东江环保
2016-12-26,2016-12-31,sz.002681,奋达科技
2016-12-26,2016-12-31,sz.002690,美亚光电
2016-12-26,2016-12-31,sz.002698,博实股份
2016-12-26,2016-12-31,sz.002699,美盛文化
2016-12-26,2016-12-31,sz.002701,奥瑞金
2016-12-26,2016-12-31,sz.002707,众信旅游
2016-12-26,2016-12-31,sz.002727,一心堂
2016-12-26,2016-12-31,sz.002745,木林森
2016-12-26,2016-12-31,sz.300001,特锐德
2016-12-26,2016-12-31,sz.300010,立思辰
2016-12-26,2016-12-31,sz.300026,红日药业
2016-12-26,2016-12-31,sz.300032,金龙机电
2016-12-26,2016-12-31,sz.300039,上海凯宝
2016-12-26,2016-12-31,sz.300043,星辉娱乐
2016-12-26,2016-12-31,sz.300055,万邦达
2016-12-26,2016-12-31,sz.300088,长信科技
2016-12-26,2016-12-31,sz.300113,顺网科技
2016-12-26,2016-12-31,sz.300115,长盈精密
2016-12-26,2016-12-31,sz.300122,智飞生物
2016-12-26,2016-12-31,sz.300134,大富科技
2016-12-26,2016-12-31,sz.300136,信维通信
2016-12-26,2016-12-31,sz.300147,香雪制药
2016-12-26,2016-12-31,sz.300156,神雾环保
2016-12-26,2016-12-31,sz.300159,新研股份
2016-12-26,2016-12-31,sz.300166,东方国信
2016-12-26,2016-12-31,sz.300199,翰宇药业
2016-12-26,2016-12-31,sz.300202,聚龙股份
2016-12-26,2016-12-31,sz.300244,迪安诊断
2016-12-26,2016-12-31,sz.300253,卫宁健康
2016-12-26,2016-12-31,sz.300257,开山股份
2016-12-26,2016-12-31,sz.300266,兴源环境
2016-12-26,2016-12-31,sz.300273,和佳股份
2016-12-26,2016-12-31,sz.300274,阳光电源
2016-12-26,2016-12-31,sz.300287,飞利信
2016-12-26,2016-12-31,sz.300291,华录百纳
2016-12-26,2016-12-31,sz.300296,利亚德
2016-12-26,2016-12-31,sz.300297,蓝盾股份
2016-12-26,2016-12-31,sz.300324,旋极信息
2017-06-26,2017-06-30,sh.600006,东风汽车
2017-06-26,2017-06-30,sh.600017,日照港
2017-06-26,2017-06-30,sh.600022,山东钢铁
2017-06-26,2017-06-30,sh.600026,中远海能
2017-06-26,2017-06-30,sh.600039,四川路桥
2017-06-26,2017-06-30,sh.600053,九鼎投资
2017-06-26,2017-06-30,sh.600056,中国医药
2017-06-26,2017-06-30,sh.600058,五矿发展
2017-06-26,2017-06-30,sh.600059,古越龙山
2017-06-26,2017-06-30,sh.600062,华润双鹤
2017-06-26,2017-06-30,sh.600064,南京高科
2017-06-26,2017-06-30,sh.600073,上海梅林
2017-06-26,2017-06-30,sh.600079,人福医药
2017-06-26,2017-06-30,sh.600086,东方金钰
2017-06-26,2017-06-30,sh.600094,大名城
2017-06-26,2017-06-30,sh.600098,广州发展
2017-06-26,2017-06-30,sh.600108,亚盛集团
2017-06-26,2017-06-30,sh.600120,浙江东方
2017-06-26,2017-06-30,sh.600122,宏图高科
2017-06-26,2017-06-30,sh.600125,铁龙物流
2017-06-26,2017-06-30,sh.600126,杭钢股份
2017-06-26,2017-06-30,sh.600138,中青旅
2017-06-26,2017-06-30,sh.600141,兴发集团
2017-06-26,2017-06-30,sh.600143,金发科技
2017-06-26,2017-06-30,sh.600151,航天机电
2017-06-26,2017-06-30,sh.600158,中体产业
2017-06-26,2017-06-30,sh.600160,巨化股份
2017-06-26,2017-06-30,sh.600161,天坛生物
2017-06-26,2017-06-30,sh.600166,福田汽车
2017-06-26,2017-06-30,sh.600169,太原重工
2017-06-26,2017-06-30,sh.600171,上海贝岭
2017-06-26,2017-06-30,sh.600176,中国巨石
2017-06-26,2017-06-30,sh.600183,生益科技
2017-06-26,2017-06-30,sh.600184,光电股份
2017-06-26,2017-06-30,sh.600187,国中水务
2017-06-26,2017-06-30,sh.600195,中牧股份
2017-06-26,2017-06-30,sh.600198,*ST大唐
2017-06-26,2017-06-30,sh.600200,江苏吴中
2017-06-26,2017-06-30,sh.600201,生物股份
2017-06-26,2017-06-30,sh.600216,浙江医药
2017-06-26,2017-06-30,sh.600219,南山铝业
2017-06-26,2017-06-30,sh.600220,江苏阳光
2017-06-26,2017-06-30,sh.600240,华业资本
2017-06-26,2017-06-30,sh.600251,冠农股份
2017-06-26,2017-06-30,sh.600259,广晟有色
2017-06-26,2017-06-30,sh.600260,凯乐科技
2017-06-26,2017-06-30,sh.600266,北京城建
2017-06-26,2017-06-30,sh.600267,海正药业
2017-06-26,2017-06-30,sh.600270,外运发展
2017-06-26,2017-06-30,sh.600277,亿利洁能
2017-06-26,2017-06-30,sh.600280,中央商场
2017-06-26,2017-06-30,sh.600282,南钢股份
2017-06-26,2017-06-30,sh.600284,浦东建设
2017-06-26,2017-06-30,sh.600289,*ST信通
2017-06-26,2017-06-30,sh.600291,西水股份
2017-06-26,2017-06-30,sh.600292,远达环保
2017-06-26,2017-06-30,sh.600298,安琪酵母
2017-06-26,2017-06-30,sh.600300,维维股份
2017-06-26,2017-06-30,sh.600307,酒钢宏兴
2017-06-26,2017-06-30,sh.600312,平高电气
2017-06-26,2017-06-30,sh.600315,上海家化
2017-06-26,2017-06-30,sh.600316,洪都航空
2017-06-26,2017-06-30,sh.600325,华发股份
2017-06-26,2017-06-30,sh.600329,中新药业
2017-06-26,2017-06-30,sh.600335,国机汽车
2017-06-26,2017-06-30,sh.600338,西藏珠峰
2017-06-26,2017-06-30,sh.600348,阳泉煤业
2017-06-26,2017-06-30,sh.600366,宁波韵升
2017-06-26,2017-06-30,sh.600380,健康元
2017-06-26,2017-06-30,sh.600388,龙净环保
2017-06-26,2017-06-30,sh.600392,盛和资源
2017-06-26,2017-06-30,sh.600395,盘江股份
2017-06-26,2017-06-30,sh.600409,三友化工
2017-06-26,2017-06-30,sh.600410,华胜天成
2017-06-26,2017-06-30,sh.600416,湘电股份
2017-06-26,2017-06-30,sh.600418,江淮汽车
2017-06-26,2017-06-30,sh.600422,昆药集团
2017-06-26,2017-06-30,sh.600426,华鲁恒升
2017-06-26,2017-06-30,sh.600428,中远海特
2017-06-26,2017-06-30,sh.600435,北方导航
2017-06-26,2017-06-30,sh.600458,时代新材
2017-06-26,2017-06-30,sh.600460,士兰微
2017-06-26,2017-06-30,sh.600466,蓝光发展
2017-06-26,2017-06-30,sh.600478,科力远
2017-06-26,2017-06-30,sh.600481,双良节能
2017-06-26,2017-06-30,sh.600487,亨通光电
2017-06-26,2017-06-30,sh.600496,精工钢构
2017-06-26,2017-06-30,sh.600499,科达洁能
2017-06-26,2017-06-30,sh.600500,中化国际
2017-06-26,2017-06-30,sh.600503,华丽家族
2017-06-26,2017-06-30,sh.600511,国药股份
2017-06-26,2017-06-30,sh.600516,方大炭素
2017-06-26,2017-06-30,sh.600517,置信电气
2017-06-26,2017-06-30,sh.600521,华海药业
2017-06-26,2017-06-30,sh.600525,长园集团
2017-06-26,2017-06-30,sh.600528,中铁工业
2017-06-26,2017-06-30,sh.600536,中国软件
2017-06-26,2017-06-30,sh.600537,亿晶光电
2017-06-26,2017-06-30,sh.600545,卓郎智能
2017-06-26,2017-06-30,sh.600551,时代出版
2017-06-26,2017-06-30,sh.600557,康缘药业
2017-06-26,2017-06-30,sh.600563,法拉电子
2017-06-26,2017-06-30,sh.600565,迪马股份
2017-06-26,2017-06-30,sh.600566,济川药业
2017-06-26,2017-06-30,sh.600572,康恩贝
2017-06-26,2017-06-30,sh.600580,卧龙电气
2017-06-26,2017-06-30,sh.600582,天地科技
2017-06-26,2017-06-30,sh.600584,长电科技
2017-06-26,2017-06-30,sh.600586,金晶科技
2017-06-26,2017-06-30,sh.600587,新华医疗
2017-06-26,2017-06-30,sh.600594,益佰制药
2017-06-26,2017-06-30,sh.600596,新安股份
2017-06-26,2017-06-30,sh.600597,光明乳业
2017-06-26,2017-06-30,sh.600600,青岛啤酒
2017-06-26,2017-06-30,sh.600611,大众交通
2017-06-26,2017-06-30,sh.600614,鹏起科技
2017-06-26,2017-06-30,sh.600618,氯碱化工
2017-06-26,2017-06-30,sh.600628,新世界
2017-06-26,2017-06-30,sh.600633,浙数文化
2017-06-26,2017-06-30,sh.600635,大众公用
2017-06-26,2017-06-30,sh.600639,浦东金桥
2017-06-26,2017-06-30,sh.600640,号百控股
2017-06-26,2017-06-30,sh.600642,申能股份
2017-06-26,2017-06-30,sh.600643,爱建集团
2017-06-26,2017-06-30,sh.600645,中源协和
2017-06-26,2017-06-30,sh.600648,外高桥
2017-06-26,2017-06-30,sh.600651,飞乐音响
2017-06-26,2017-06-30,sh.600655,豫园股份
2017-06-26,2017-06-30,sh.600657,信达地产
2017-06-26,2017-06-30,sh.600664,哈药股份
2017-06-26,2017-06-30,sh.600673,东阳光科
2017-06-26,2017-06-30,sh.600687,刚泰控股
2017-06-26,2017-06-30,sh.600694,大商股份
2017-06-26,2017-06-30,sh.600699,均胜电子
2017-06-26,2017-06-30,sh.600717,天津港
2017-06-26,2017-06-30,sh.600720,祁连山
2017-06-26,2017-06-30,sh.600729,重庆百货
2017-06-26,2017-06-30,sh.600736,苏州高新
2017-06-26,2017-06-30,sh.600743,华远地产
2017-06-26,2017-06-30,sh.600748,上实发展
2017-06-26,2017-06-30,sh.600750,江中药业
2017-06-26,2017-06-30,sh.600751,海航科技
2017-06-26,2017-06-30,sh.600754,锦江股份
2017-06-26,2017-06-30,sh.600755,厦门国贸
2017-06-26,2017-06-30,sh.600757,长江传媒
2017-06-26,2017-06-30,sh.600759,洲际油气
2017-06-26,2017-06-30,sh.600765,中航重机
2017-06-26,2017-06-30,sh.600770,综艺股份
2017-06-26,2017-06-30,sh.600773,西藏城投
2017-06-26,2017-06-30,sh.600776,东方通信
2017-06-26,2017-06-30,sh.600787,中储股份
2017-06-26,2017-06-30,sh.600790,轻纺城
2017-06-26,2017-06-30,sh.600801,华新水泥
2017-06-26,2017-06-30,sh.600805,悦达投资
2017-06-26,2017-06-30,sh.600808,马钢股份
2017-06-26,2017-06-30,sh.600809,山西汾酒
2017-06-26,2017-06-30,sh.600811,东方集团
2017-06-26,2017-06-30,sh.600826,兰生股份
2017-06-26,2017-06-30,sh.600831,广电网络
2017-06-26,2017-06-30,sh.600835,上海机电
2017-06-26,2017-06-30,sh.600839,四川长虹
2017-06-26,2017-06-30,sh.600848,上海临港
2017-06-26,2017-06-30,sh.600859,王府井
2017-06-26,2017-06-30,sh.600862,中航高科
2017-06-26,2017-06-30,sh.600863,内蒙华电
2017-06-26,2017-06-30,sh.600869,智慧能源
2017-06-26,2017-06-30,sh.600872,中炬高新
2017-06-26,2017-06-30,sh.600874,创业环保
2017-06-26,2017-06-30,sh.600879,航天电子
2017-06-26,2017-06-30,sh.600880,博瑞传播
2017-06-26,2017-06-30,sh.600881,亚泰集团
2017-06-26,2017-06-30,sh.600884,杉杉股份
2017-06-26,2017-06-30,sh.600894,广日股份
2017-06-26,2017-06-30,sh.600917,重庆燃气
2017-06-26,2017-06-30,sh.600936,广西广电
2017-06-26,2017-06-30,sh.600967,内蒙一机
2017-06-26,2017-06-30,sh.600970,中材国际
2017-06-26,2017-06-30,sh.600971,恒源煤电
2017-06-26,2017-06-30,sh.600978,宜华生活
2017-06-26,2017-06-30,sh.600993,马应龙
2017-06-26,2017-06-30,sh.600996,贵广网络
2017-06-26,2017-06-30,sh.601000,唐山港
2017-06-26,2017-06-30,sh.601001,大同煤业
2017-06-26,2017-06-30,sh.601002,晋亿实业
2017-06-26,2017-06-30,sh.601012,隆基股份
2017-06-26,2017-06-30,sh.601016,节能风电
2017-06-26,2017-06-30,sh.601020,华钰矿业
2017-06-26,2017-06-30,sh.601168,西部矿业
2017-06-26,2017-06-30,sh.601231,环旭电子
2017-06-26,2017-06-30,sh.601233,桐昆股份
2017-06-26,2017-06-30,sh.601311,骆驼股份
2017-06-26,2017-06-30,sh.601678,滨化股份
2017-06-26,2017-06-30,sh.601689,拓普集团
2017-06-26,2017-06-30,sh.601699,潞安环能
2017-06-26,2017-06-30,sh.601717,郑煤机
2017-06-26,2017-06-30,sh.601777,力帆股份
2017-06-26,2017-06-30,sh.601811,新华文轩
2017-06-26,2017-06-30,sh.601880,大连港
2017-06-26,2017-06-30,sh.601886,江河集团
2017-06-26,2017-06-30,sh.601928,凤凰传媒
2017-06-26,2017-06-30,sh.601929,吉视传媒
2017-06-26,2017-06-30,sh.603000,人民网
2017-06-26,2017-06-30,sh.603001,奥康国际
2017-06-26,2017-06-30,sh.603005,晶方科技
2017-06-26,2017-06-30,sh.603019,中科曙光
2017-06-26,2017-06-30,sh.603025,大豪科技
2017-06-26,2017-06-30,sh.603077,和邦生物
2017-06-26,2017-06-30,sh.603169,兰石重装
2017-06-26,2017-06-30,sh.603188,ST亚邦
2017-06-26,2017-06-30,sh.603198,迎驾贡酒
2017-06-26,2017-06-30,sh.603228,景旺电子
2017-06-26,2017-06-30,sh.603328,依顿电子
2017-06-26,2017-06-30,sh.603355,莱克电气
2017-06-26,2017-06-30,sh.603369,今世缘
2017-06-26,2017-06-30,sh.603377,东方时尚
2017-06-26,2017-06-30,sh.603444,吉比特
2017-06-26,2017-06-30,sh.603515,欧普照明
2017-06-26,2017-06-30,sh.603528,多伦科技
2017-06-26,2017-06-30,sh.603556,海兴电力
2017-06-26,2017-06-30,sh.603567,珍宝岛
2017-06-26,2017-06-30,sh.603568,伟明环保
2017-06-26,2017-06-30,sh.603569,长久物流
2017-06-26,2017-06-30,sh.603589,口子窖
2017-06-26,2017-06-30,sh.603658,安图生物
2017-06-26,2017-06-30,sh.603698,航天工程
2017-06-26,2017-06-30,sh.603766,隆鑫通用
2017-06-26,2017-06-30,sh.603799,华友钴业
2017-06-26,2017-06-30,sh.603806,福斯特
2017-06-26,2017-06-30,sh.603816,顾家家居
2017-06-26,2017-06-30,sh.603866,桃李面包
2017-06-26,2017-06-30,sh.603868,飞科电器
2017-06-26,2017-06-30,sh.603877,太平鸟
2017-06-26,2017-06-30,sh.603883,老百姓
2017-06-26,2017-06-30,sh.603888,新华网
2017-06-26,2017-06-30,sz.000006,深振业A
2017-06-26,2017-06-30,sz.000012,南玻A
2017-06-26,2017-06-30,sz.000021,深科技
2017-06-26,2017-06-30,sz.000025,特力A
2017-06-26,2017-06-30,sz.000027,深圳能源
2017-06-26,2017-06-30,sz.000028,国药一致
2017-06-26,2017-06-30,sz.000031,中粮地产
2017-06-26,2017-06-30,sz.000039,中集集团
2017-06-26,2017-06-30,sz.000049,德赛电池
2017-06-26,2017-06-30,sz.000050,深天马A
2017-06-26,2017-06-30,sz.000061,农产品
2017-06-26,2017-06-30,sz.000062,深圳华强
2017-06-26,2017-06-30,sz.000066,中国长城
2017-06-26,2017-06-30,sz.000078,海王生物
2017-06-26,2017-06-30,sz.000089,深圳机场
2017-06-26,2017-06-30,sz.000090,天健集团
2017-06-26,2017-06-30,sz.000099,中信海直
2017-06-26,2017-06-30,sz.000158,常山北明
2017-06-26,2017-06-30,sz.000400,许继电气
2017-06-26,2017-06-30,sz.000401,冀东水泥
2017-06-26,2017-06-30,sz.000417,合肥百货
2017-06-26,2017-06-30,sz.000418,小天鹅A
2017-06-26,2017-06-30,sz.000426,兴业矿业
2017-06-26,2017-06-30,sz.000488,晨鸣纸业
2017-06-26,2017-06-30,sz.000501,鄂武商A
2017-06-26,2017-06-30,sz.000513,丽珠集团
2017-06-26,2017-06-30,sz.000517,荣安地产
2017-06-26,2017-06-30,sz.000519,中兵红箭
2017-06-26,2017-06-30,sz.000528,柳工
2017-06-26,2017-06-30,sz.000536,华映科技
2017-06-26,2017-06-30,sz.000541,佛山照明
2017-06-26,2017-06-30,sz.000543,皖能电力
2017-06-26,2017-06-30,sz.000547,航天发展
2017-06-26,2017-06-30,sz.000552,靖远煤电
2017-06-26,2017-06-30,sz.000563,陕国投A
2017-06-26,2017-06-30,sz.000566,海南海药
2017-06-26,2017-06-30,sz.000572,海马汽车
2017-06-26,2017-06-30,sz.000581,威孚高科
2017-06-26,2017-06-30,sz.000587,金洲慈航
2017-06-26,2017-06-30,sz.000592,平潭发展
2017-06-26,2017-06-30,sz.000596,古井贡酒
2017-06-26,2017-06-30,sz.000598,兴蓉环境
2017-06-26,2017-06-30,sz.000600,建投能源
2017-06-26,2017-06-30,sz.000612,焦作万方
2017-06-26,2017-06-30,sz.000616,海航投资
2017-06-26,2017-06-30,sz.000620,新华联
2017-06-26,2017-06-30,sz.000636,风华高科
2017-06-26,2017-06-30,sz.000652,泰达股份
2017-06-26,2017-06-30,sz.000656,金科股份
2017-06-26,2017-06-30,sz.000661,长春高新
2017-06-26,2017-06-30,sz.000662,天夏智慧
2017-06-26,2017-06-30,sz.000667,美好置业
2017-06-26,2017-06-30,sz.000669,金鸿控股
2017-06-26,2017-06-30,sz.000680,山推股份
2017-06-26,2017-06-30,sz.000681,视觉中国
2017-06-26,2017-06-30,sz.000685,中山公用
2017-06-26,2017-06-30,sz.000690,宝新能源
2017-06-26,2017-06-30,sz.000697,炼石有色
2017-06-26,2017-06-30,sz.000703,恒逸石化
2017-06-26,2017-06-30,sz.000712,锦龙股份
2017-06-26,2017-06-30,sz.000726,鲁泰A
2017-06-26,2017-06-30,sz.000727,华东科技
2017-06-26,2017-06-30,sz.000729,燕京啤酒
2017-06-26,2017-06-30,sz.000732,泰禾集团
2017-06-26,2017-06-30,sz.000758,中色股份
2017-06-26,2017-06-30,sz.000761,本钢板材
2017-06-26,2017-06-30,sz.000762,西藏矿业
2017-06-26,2017-06-30,sz.000766,通化金马
2017-06-26,2017-06-30,sz.000777,中核科技
2017-06-26,2017-06-30,sz.000778,新兴铸管
2017-06-26,2017-06-30,sz.000786,北新建材
2017-06-26,2017-06-30,sz.000806,银河生物
2017-06-26,2017-06-30,sz.000810,创维数字
2017-06-26,2017-06-30,sz.000816,*ST慧业
2017-06-26,2017-06-30,sz.000825,太钢不锈
2017-06-26,2017-06-30,sz.000829,天音控股
2017-06-26,2017-06-30,sz.000830,鲁西化工
2017-06-26,2017-06-30,sz.000848,承德露露
2017-06-26,2017-06-30,sz.000860,顺鑫农业
2017-06-26,2017-06-30,sz.000877,天山股份
2017-06-26,2017-06-30,sz.000878,云南铜业
2017-06-26,2017-06-30,sz.000897,津滨发展
2017-06-26,2017-06-30,sz.000926,福星股份
2017-06-26,2017-06-30,sz.000930,中粮生化
2017-06-26,2017-06-30,sz.000937,冀中能源
2017-06-26,2017-06-30,sz.000939,*ST凯迪
2017-06-26,2017-06-30,sz.000960,锡业股份
2017-06-26,2017-06-30,sz.000969,安泰科技
2017-06-26,2017-06-30,sz.000970,中科三环
2017-06-26,2017-06-30,sz.000975,银泰资源
2017-06-26,2017-06-30,sz.000979,中弘股份
2017-06-26,2017-06-30,sz.000988,华工科技
2017-06-26,2017-06-30,sz.000997,新大陆
2017-06-26,2017-06-30,sz.000998,隆平高科
2017-06-26,2017-06-30,sz.000999,华润三九
2017-06-26,2017-06-30,sz.001696,宗申动力
2017-06-26,2017-06-30,sz.002001,新和成
2017-06-26,2017-06-30,sz.002002,鸿达兴业
2017-06-26,2017-06-30,sz.002004,华邦健康
2017-06-26,2017-06-30,sz.002005,德豪润达
2017-06-26,2017-06-30,sz.002011,盾安环境
2017-06-26,2017-06-30,sz.002013,中航机电
2017-06-26,2017-06-30,sz.002018,*ST华信
2017-06-26,2017-06-30,sz.002019,亿帆医药
2017-06-26,2017-06-30,sz.002022,科华生物
2017-06-26,2017-06-30,sz.002028,思源电气
2017-06-26,2017-06-30,sz.002030,达安基因
2017-06-26,2017-06-30,sz.002038,双鹭药业
2017-06-26,2017-06-30,sz.002041,登海种业
2017-06-26,2017-06-30,sz.002048,宁波华翔
2017-06-26,2017-06-30,sz.002050,三花智控
2017-06-26,2017-06-30,sz.002051,中工国际
2017-06-26,2017-06-30,sz.002056,横店东磁
2017-06-26,2017-06-30,sz.002063,远光软件
2017-06-26,2017-06-30,sz.002064,华峰氨纶
2017-06-26,2017-06-30,sz.002073,软控股份
2017-06-26,2017-06-30,sz.002078,太阳纸业
2017-06-26,2017-06-30,sz.002092,中泰化学
2017-06-26,2017-06-30,sz.002093,国脉科技
2017-06-26,2017-06-30,sz.002106,莱宝高科
2017-06-26,2017-06-30,sz.002118,紫鑫药业
2017-06-26,2017-06-30,sz.002120,韵达股份
2017-06-26,2017-06-30,sz.002122,*ST天马
2017-06-26,2017-06-30,sz.002123,梦网集团
2017-06-26,2017-06-30,sz.002127,南极电商
2017-06-26,2017-06-30,sz.002128,露天煤业
2017-06-26,2017-06-30,sz.002147,新光圆成
2017-06-26,2017-06-30,sz.002155,湖南黄金
2017-06-26,2017-06-30,sz.002176,江特电机
2017-06-26,2017-06-30,sz.002179,中航光电
2017-06-26,2017-06-30,sz.002190,成飞集成
2017-06-26,2017-06-30,sz.002191,劲嘉股份
2017-06-26,2017-06-30,sz.002194,*ST凡谷
2017-06-26,2017-06-30,sz.002217,合力泰
2017-06-26,2017-06-30,sz.002221,东华能源
2017-06-26,2017-06-30,sz.002223,鱼跃医疗
2017-06-26,2017-06-30,sz.002233,塔牌集团
2017-06-26,2017-06-30,sz.002242,九阳股份
2017-06-26,2017-06-30,sz.002244,滨江集团
2017-06-26,2017-06-30,sz.002249,大洋电机
2017-06-26,2017-06-30,sz.002250,联化科技
2017-06-26,2017-06-30,sz.002251,步步高
2017-06-26,2017-06-30,sz.002254,泰和新材
2017-06-26,2017-06-30,sz.002261,拓维信息
2017-06-26,2017-06-30,sz.002266,浙富控股
2017-06-26,2017-06-30,sz.002268,卫士通
2017-06-26,2017-06-30,sz.002269,美邦服饰
2017-06-26,2017-06-30,sz.002271,东方雨虹
2017-06-26,2017-06-30,sz.002273,水晶光电
2017-06-26,2017-06-30,sz.002276,万马股份
2017-06-26,2017-06-30,sz.002277,友阿股份
2017-06-26,2017-06-30,sz.002281,光迅科技
2017-06-26,2017-06-30,sz.002285,世联行
2017-06-26,2017-06-30,sz.002308,威创股份
2017-06-26,2017-06-30,sz.002309,中利集团
2017-06-26,2017-06-30,sz.002311,海大集团
2017-06-26,2017-06-30,sz.002315,焦点科技
2017-06-26,2017-06-30,sz.002317,众生药业
2017-06-26,2017-06-30,sz.002325,洪涛股份
2017-06-26,2017-06-30,sz.002332,仙琚制药
2017-06-26,2017-06-30,sz.002340,格林美
2017-06-26,2017-06-30,sz.002342,巨力索具
2017-06-26,2017-06-30,sz.002344,海宁皮城
2017-06-26,2017-06-30,sz.002345,潮宏基
2017-06-26,2017-06-30,sz.002353,杰瑞股份
2017-06-26,2017-06-30,sz.002354,天神娱乐
2017-06-26,2017-06-30,sz.002358,森源电气
2017-06-26,2017-06-30,sz.002366,台海核电
2017-06-26,2017-06-30,sz.002368,太极股份
2017-06-26,2017-06-30,sz.002371,北方华创
2017-06-26,2017-06-30,sz.002373,千方科技
2017-06-26,2017-06-30,sz.002375,亚厦股份
2017-06-26,2017-06-30,sz.002384,东山精密
2017-06-26,2017-06-30,sz.002390,信邦制药
2017-06-26,2017-06-30,sz.002392,北京利尔
2017-06-26,2017-06-30,sz.002396,星网锐捷
2017-06-26,2017-06-30,sz.002400,省广集团
2017-06-26,2017-06-30,sz.002405,四维图新
2017-06-26,2017-06-30,sz.002407,多氟多
2017-06-26,2017-06-30,sz.002408,齐翔腾达
2017-06-26,2017-06-30,sz.002410,广联达
2017-06-26,2017-06-30,sz.002414,高德红外
2017-06-26,2017-06-30,sz.002416,爱施德
2017-06-26,2017-06-30,sz.002422,科伦药业
2017-06-26,2017-06-30,sz.002428,云南锗业
2017-06-26,2017-06-30,sz.002431,棕榈股份
2017-06-26,2017-06-30,sz.002437,誉衡药业
2017-06-26,2017-06-30,sz.002439,启明星辰
2017-06-26,2017-06-30,sz.002440,闰土股份
2017-06-26,2017-06-30,sz.002444,巨星科技
2017-06-26,2017-06-30,sz.002460,赣锋锂业
2017-06-26,2017-06-30,sz.002463,沪电股份
2017-06-26,2017-06-30,sz.002468,申通快递
2017-06-26,2017-06-30,sz.002477,雏鹰农牧
2017-06-26,2017-06-30,sz.002479,富春环保
2017-06-26,2017-06-30,sz.002482,广田集团
2017-06-26,2017-06-30,sz.002489,浙江永强
2017-06-26,2017-06-30,sz.002491,通鼎互联
2017-06-26,2017-06-30,sz.002503,搜于特
2017-06-26,2017-06-30,sz.002505,大康农业
2017-06-26,2017-06-30,sz.002512,达华智能
2017-06-26,2017-06-30,sz.002517,恺英网络
2017-06-26,2017-06-30,sz.002544,杰赛科技
2017-06-26,2017-06-30,sz.002551,尚荣医疗
2017-06-26,2017-06-30,sz.002572,索菲亚
2017-06-26,2017-06-30,sz.002573,清新环境
2017-06-26,2017-06-30,sz.002583,海能达
2017-06-26,2017-06-30,sz.002588,史丹利
2017-06-26,2017-06-30,sz.002589,瑞康医药
2017-06-26,2017-06-30,sz.002601,龙蟒佰利
2017-06-26,2017-06-30,sz.002603,以岭药业
2017-06-26,2017-06-30,sz.002635,安洁科技
2017-06-26,2017-06-30,sz.002640,跨境通
2017-06-26,2017-06-30,sz.002642,荣之联
2017-06-26,2017-06-30,sz.002646,青青稞酒
2017-06-26,2017-06-30,sz.002657,中科金财
2017-06-26,2017-06-30,sz.002663,普邦股份
2017-06-26,2017-06-30,sz.002665,首航节能
2017-06-26,2017-06-30,sz.002670,国盛金控
2017-06-26,2017-06-30,sz.002672,东江环保
2017-06-26,2017-06-30,sz.002681,奋达科技
2017-06-26,2017-06-30,sz.002690,美亚光电
2017-06-26,2017-06-30,sz.002699,美盛文化
2017-06-26,2017-06-30,sz.002701,奥瑞金
2017-06-26,2017-06-30,sz.002707,众信旅游
2017-06-26,2017-06-30,sz.002709,天赐材料
2017-06-26,2017-06-30,sz.002727,一心堂
2017-06-26,2017-06-30,sz.002807,江阴银行
2017-06-26,2017-06-30,sz.002815,崇达技术
2017-06-26,2017-06-30,sz.002818,富森美
2017-06-26,2017-06-30,sz.300001,特锐德
2017-06-26,2017-06-30,sz.300002,神州泰岳
2017-06-26,2017-06-30,sz.300010,立思辰
2017-06-26,2017-06-30,sz.300026,红日药业
2017-06-26,2017-06-30,sz.300032,金龙机电
2017-06-26,2017-06-30,sz.300039,上海凯宝
2017-06-26,2017-06-30,sz.300043,星辉娱乐
2017-06-26,2017-06-30,sz.300055,万邦达
2017-06-26,2017-06-30,sz.300058,蓝色光标
2017-06-26,2017-06-30,sz.300088,长信科技
2017-06-26,2017-06-30,sz.300113,顺网科技
2017-06-26,2017-06-30,sz.300115,长盈精密
2017-06-26,2017-06-30,sz.300116,坚瑞沃能
2017-06-26,2017-06-30,sz.300122,智飞生物
2017-06-26,2017-06-30,sz.300134,大富科技
2017-06-26,2017-06-30,sz.300136,信维通信
2017-06-26,2017-06-30,sz.300146,汤臣倍健
2017-06-26,2017-06-30,sz.300147,香雪制药
2017-06-26,2017-06-30,sz.300156,神雾环保
2017-06-26,2017-06-30,sz.300159,新研股份
2017-06-26,2017-06-30,sz.300166,东方国信
2017-06-26,2017-06-30,sz.300199,翰宇药业
2017-06-26,2017-06-30,sz.300202,聚龙股份
2017-06-26,2017-06-30,sz.300244,迪安诊断
2017-06-26,2017-06-30,sz.300253,卫宁健康
2017-06-26,2017-06-30,sz.300257,开山股份
2017-06-26,2017-06-30,sz.300266,兴源环境
2017-06-26,2017-06-30,sz.300273,和佳股份
2017-06-26,2017-06-30,sz.300274,阳光电源
2017-06-26,2017-06-30,sz.300287,飞利信
2017-06-26,2017-06-30,sz.300291,华录百纳
2017-06-26,2017-06-30,sz.300296,利亚德
2017-06-26,2017-06-30,sz.300297,蓝盾股份
2017-06-26,2017-06-30,sz.300324,旋极信息
2017-06-26,2017-06-30,sz.300376,易事特
2017-06-26,2017-06-30,sz.300383,光环新网
2017-12-25,2017-12-31,sh.600004,白云机场
2017-12-25,2017-12-31,sh.600006,东风汽车
2017-12-25,2017-12-31,sh.600017,日照港
2017-12-25,2017-12-31,sh.600022,山东钢铁
2017-12-25,2017-12-31,sh.600026,中远海能
2017-12-25,2017-12-31,sh.600037,歌华有线
2017-12-25,2017-12-31,sh.600039,四川路桥
2017-12-25,2017-12-31,sh.600053,九鼎投资
2017-12-25,2017-12-31,sh.600056,中国医药
2017-12-25,2017-12-31,sh.600058,五矿发展
2017-12-25,2017-12-31,sh.600059,古越龙山
2017-12-25,2017-12-31,sh.600060,海信电器
2017-12-25,2017-12-31,sh.600062,华润双鹤
2017-12-25,2017-12-31,sh.600064,南京高科
2017-12-25,2017-12-31,sh.600073,上海梅林
2017-12-25,2017-12-31,sh.600079,人福医药
2017-12-25,2017-12-31,sh.600086,东方金钰
2017-12-25,2017-12-31,sh.600094,大名城
2017-12-25,2017-12-31,sh.600098,广州发展
2017-12-25,2017-12-31,sh.600108,亚盛集团
2017-12-25,2017-12-31,sh.600120,浙江东方
2017-12-25,2017-12-31,sh.600122,宏图高科
2017-12-25,2017-12-31,sh.600125,铁龙物流
2017-12-25,2017-12-31,sh.600126,杭钢股份
2017-12-25,2017-12-31,sh.600138,中青旅
2017-12-25,2017-12-31,sh.600141,兴发集团
2017-12-25,2017-12-31,sh.600143,金发科技
2017-12-25,2017-12-31,sh.600151,航天机电
2017-12-25,2017-12-31,sh.600155,华创阳安
2017-12-25,2017-12-31,sh.600158,中体产业
2017-12-25,2017-12-31,sh.600160,巨化股份
2017-12-25,2017-12-31,sh.600161,天坛生物
2017-12-25,2017-12-31,sh.600166,福田汽车
2017-12-25,2017-12-31,sh.600169,太原重工
2017-12-25,2017-12-31,sh.600171,上海贝岭
2017-12-25,2017-12-31,sh.600176,中国巨石
2017-12-25,2017-12-31,sh.600179,安通控股
2017-12-25,2017-12-31,sh.600183,生益科技
2017-12-25,2017-12-31,sh.600184,光电股份
2017-12-25,2017-12-31,sh.600187,国中水务
2017-12-25,2017-12-31,sh.600195,中牧股份
2017-12-25,2017-12-31,sh.600201,生物股份
2017-12-25,2017-12-31,sh.600216,浙江医药
2017-12-25,2017-12-31,sh.600240,华业资本
2017-12-25,2017-12-31,sh.600256,广汇能源
2017-12-25,2017-12-31,sh.600259,广晟有色
2017-12-25,2017-12-31,sh.600260,凯乐科技
2017-12-25,2017-12-31,sh.600266,北京城建
2017-12-25,2017-12-31,sh.600267,海正药业
2017-12-25,2017-12-31,sh.600270,外运发展
2017-12-25,2017-12-31,sh.600277,亿利洁能
2017-12-25,2017-12-31,sh.600280,中央商场
2017-12-25,2017-12-31,sh.600282,南钢股份
2017-12-25,2017-12-31,sh.600284,浦东建设
2017-12-25,2017-12-31,sh.600289,*ST信通
2017-12-25,2017-12-31,sh.600291,西水股份
2017-12-25,2017-12-31,sh.600292,远达环保
2017-12-25,2017-12-31,sh.600298,安琪酵母
2017-12-25,2017-12-31,sh.600300,维维股份
2017-12-25,2017-12-31,sh.600307,酒钢宏兴
2017-12-25,2017-12-31,sh.600312,平高电气
2017-12-25,2017-12-31,sh.600315,上海家化
2017-12-25,2017-12-31,sh.600316,洪都航空
2017-12-25,2017-12-31,sh.600317,营口港
2017-12-25,2017-12-31,sh.600325,华发股份
2017-12-25,2017-12-31,sh.600329,中新药业
2017-12-25,2017-12-31,sh.600335,国机汽车
2017-12-25,2017-12-31,sh.600338,西藏珠峰
2017-12-25,2017-12-31,sh.600346,恒力股份
2017-12-25,2017-12-31,sh.600348,阳泉煤业
2017-12-25,2017-12-31,sh.600366,宁波韵升
2017-12-25,2017-12-31,sh.600380,健康元
2017-12-25,2017-12-31,sh.600388,龙净环保
2017-12-25,2017-12-31,sh.600392,盛和资源
2017-12-25,2017-12-31,sh.600393,粤泰股份
2017-12-25,2017-12-31,sh.600395,盘江股份
2017-12-25,2017-12-31,sh.600409,三友化工
2017-12-25,2017-12-31,sh.600410,华胜天成
2017-12-25,2017-12-31,sh.600416,湘电股份
2017-12-25,2017-12-31,sh.600418,江淮汽车
2017-12-25,2017-12-31,sh.600422,昆药集团
2017-12-25,2017-12-31,sh.600426,华鲁恒升
2017-12-25,2017-12-31,sh.600428,中远海特
2017-12-25,2017-12-31,sh.600435,北方导航
2017-12-25,2017-12-31,sh.600438,通威股份
2017-12-25,2017-12-31,sh.600458,时代新材
2017-12-25,2017-12-31,sh.600460,士兰微
2017-12-25,2017-12-31,sh.600466,蓝光发展
2017-12-25,2017-12-31,sh.600478,科力远
2017-12-25,2017-12-31,sh.600481,双良节能
2017-12-25,2017-12-31,sh.600499,科达洁能
2017-12-25,2017-12-31,sh.600500,中化国际
2017-12-25,2017-12-31,sh.600503,华丽家族
2017-12-25,2017-12-31,sh.600511,国药股份
2017-12-25,2017-12-31,sh.600516,方大炭素
2017-12-25,2017-12-31,sh.600517,置信电气
2017-12-25,2017-12-31,sh.600521,华海药业
2017-12-25,2017-12-31,sh.600525,长园集团
2017-12-25,2017-12-31,sh.600536,中国软件
2017-12-25,2017-12-31,sh.600545,卓郎智能
2017-12-25,2017-12-31,sh.600557,康缘药业
2017-12-25,2017-12-31,sh.600563,法拉电子
2017-12-25,2017-12-31,sh.600565,迪马股份
2017-12-25,2017-12-31,sh.600566,济川药业
2017-12-25,2017-12-31,sh.600572,康恩贝
2017-12-25,2017-12-31,sh.600575,皖江物流
2017-12-25,2017-12-31,sh.600578,京能电力
2017-12-25,2017-12-31,sh.600580,卧龙电气
2017-12-25,2017-12-31,sh.600582,天地科技
2017-12-25,2017-12-31,sh.600584,长电科技
2017-12-25,2017-12-31,sh.600587,新华医疗
2017-12-25,2017-12-31,sh.600594,益佰制药
2017-12-25,2017-12-31,sh.600597,光明乳业
2017-12-25,2017-12-31,sh.600598,北大荒
2017-12-25,2017-12-31,sh.600600,青岛啤酒
2017-12-25,2017-12-31,sh.600611,大众交通
2017-12-25,2017-12-31,sh.600614,鹏起科技
2017-12-25,2017-12-31,sh.600618,氯碱化工
2017-12-25,2017-12-31,sh.600623,华谊集团
2017-12-25,2017-12-31,sh.600628,新世界
2017-12-25,2017-12-31,sh.600633,浙数文化
2017-12-25,2017-12-31,sh.600635,大众公用
2017-12-25,2017-12-31,sh.600639,浦东金桥
2017-12-25,2017-12-31,sh.600640,号百控股
2017-12-25,2017-12-31,sh.600642,申能股份
2017-12-25,2017-12-31,sh.600643,爱建集团
2017-12-25,2017-12-31,sh.600645,中源协和
2017-12-25,2017-12-31,sh.600648,外高桥
2017-12-25,2017-12-31,sh.600651,飞乐音响
2017-12-25,2017-12-31,sh.600655,豫园股份
2017-12-25,2017-12-31,sh.600657,信达地产
2017-12-25,2017-12-31,sh.600664,哈药股份
2017-12-25,2017-12-31,sh.600673,东阳光科
2017-12-25,2017-12-31,sh.600687,刚泰控股
2017-12-25,2017-12-31,sh.600694,大商股份
2017-12-25,2017-12-31,sh.600717,天津港
2017-12-25,2017-12-31,sh.600718,东软集团
2017-12-25,2017-12-31,sh.600729,重庆百货
2017-12-25,2017-12-31,sh.600737,中粮糖业
2017-12-25,2017-12-31,sh.600743,华远地产
2017-12-25,2017-12-31,sh.600748,上实发展
2017-12-25,2017-12-31,sh.600750,江中药业
2017-12-25,2017-12-31,sh.600751,海航科技
2017-12-25,2017-12-31,sh.600754,锦江股份
2017-12-25,2017-12-31,sh.600755,厦门国贸
2017-12-25,2017-12-31,sh.600757,长江传媒
2017-12-25,2017-12-31,sh.600759,洲际油气
2017-12-25,2017-12-31,sh.600765,中航重机
2017-12-25,2017-12-31,sh.600770,综艺股份
2017-12-25,2017-12-31,sh.600773,西藏城投
2017-12-25,2017-12-31,sh.600776,东方通信
2017-12-25,2017-12-31,sh.600787,中储股份
2017-12-25,2017-12-31,sh.600801,华新水泥
2017-12-25,2017-12-31,sh.600808,马钢股份
2017-12-25,2017-12-31,sh.600811,东方集团
2017-12-25,2017-12-31,sh.600823,世茂股份
2017-12-25,2017-12-31,sh.600826,兰生股份
2017-12-25,2017-12-31,sh.600835,上海机电
2017-12-25,2017-12-31,sh.600839,四川长虹
2017-12-25,2017-12-31,sh.600848,上海临港
2017-12-25,2017-12-31,sh.600859,王府井
2017-12-25,2017-12-31,sh.600862,中航高科
2017-12-25,2017-12-31,sh.600863,内蒙华电
2017-12-25,2017-12-31,sh.600869,智慧能源
2017-12-25,2017-12-31,sh.600872,中炬高新
2017-12-25,2017-12-31,sh.600874,创业环保
2017-12-25,2017-12-31,sh.600875,东方电气
2017-12-25,2017-12-31,sh.600879,航天电子
2017-12-25,2017-12-31,sh.600880,博瑞传播
2017-12-25,2017-12-31,sh.600881,亚泰集团
2017-12-25,2017-12-31,sh.600884,杉杉股份
2017-12-25,2017-12-31,sh.600885,宏发股份
2017-12-25,2017-12-31,sh.600894,广日股份
2017-12-25,2017-12-31,sh.600908,无锡银行
2017-12-25,2017-12-31,sh.600917,重庆燃气
2017-12-25,2017-12-31,sh.600936,广西广电
2017-12-25,2017-12-31,sh.600939,重庆建工
2017-12-25,2017-12-31,sh.600967,内蒙一机
2017-12-25,2017-12-31,sh.600970,中材国际
2017-12-25,2017-12-31,sh.600971,恒源煤电
2017-12-25,2017-12-31,sh.600978,宜华生活
2017-12-25,2017-12-31,sh.600993,马应龙
2017-12-25,2017-12-31,sh.600996,贵广网络
2017-12-25,2017-12-31,sh.601000,唐山港
2017-12-25,2017-12-31,sh.601001,大同煤业
2017-12-25,2017-12-31,sh.601002,晋亿实业
2017-12-25,2017-12-31,sh.601016,节能风电
2017-12-25,2017-12-31,sh.601020,华钰矿业
2017-12-25,2017-12-31,sh.601127,小康股份
2017-12-25,2017-12-31,sh.601128,常熟银行
2017-12-25,2017-12-31,sh.601168,西部矿业
2017-12-25,2017-12-31,sh.601200,上海环境
2017-12-25,2017-12-31,sh.601231,环旭电子
2017-12-25,2017-12-31,sh.601233,桐昆股份
2017-12-25,2017-12-31,sh.601311,骆驼股份
2017-12-25,2017-12-31,sh.601678,滨化股份
2017-12-25,2017-12-31,sh.601689,拓普集团
2017-12-25,2017-12-31,sh.601699,潞安环能
2017-12-25,2017-12-31,sh.601717,郑煤机
2017-12-25,2017-12-31,sh.601777,力帆股份
2017-12-25,2017-12-31,sh.601811,新华文轩
2017-12-25,2017-12-31,sh.601880,大连港
2017-12-25,2017-12-31,sh.601928,凤凰传媒
2017-12-25,2017-12-31,sh.601969,海南矿业
2017-12-25,2017-12-31,sh.603000,人民网
2017-12-25,2017-12-31,sh.603001,奥康国际
2017-12-25,2017-12-31,sh.603019,中科曙光
2017-12-25,2017-12-31,sh.603025,大豪科技
2017-12-25,2017-12-31,sh.603077,和邦生物
2017-12-25,2017-12-31,sh.603169,兰石重装
2017-12-25,2017-12-31,sh.603188,ST亚邦
2017-12-25,2017-12-31,sh.603198,迎驾贡酒
2017-12-25,2017-12-31,sh.603225,新凤鸣
2017-12-25,2017-12-31,sh.603228,景旺电子
2017-12-25,2017-12-31,sh.603328,依顿电子
2017-12-25,2017-12-31,sh.603355,莱克电气
2017-12-25,2017-12-31,sh.603369,今世缘
2017-12-25,2017-12-31,sh.603377,东方时尚
2017-12-25,2017-12-31,sh.603444,吉比特
2017-12-25,2017-12-31,sh.603515,欧普照明
2017-12-25,2017-12-31,sh.603528,多伦科技
2017-12-25,2017-12-31,sh.603556,海兴电力
2017-12-25,2017-12-31,sh.603568,伟明环保
2017-12-25,2017-12-31,sh.603569,长久物流
2017-12-25,2017-12-31,sh.603589,口子窖
2017-12-25,2017-12-31,sh.603658,安图生物
2017-12-25,2017-12-31,sh.603766,隆鑫通用
2017-12-25,2017-12-31,sh.603806,福斯特
2017-12-25,2017-12-31,sh.603816,顾家家居
2017-12-25,2017-12-31,sh.603868,飞科电器
2017-12-25,2017-12-31,sh.603877,太平鸟
2017-12-25,2017-12-31,sh.603883,老百姓
2017-12-25,2017-12-31,sh.603888,新华网
2017-12-25,2017-12-31,sz.000006,深振业A
2017-12-25,2017-12-31,sz.000009,中国宝安
2017-12-25,2017-12-31,sz.000012,南玻A
2017-12-25,2017-12-31,sz.000021,深科技
2017-12-25,2017-12-31,sz.000025,特力A
2017-12-25,2017-12-31,sz.000027,深圳能源
2017-12-25,2017-12-31,sz.000028,国药一致
2017-12-25,2017-12-31,sz.000031,中粮地产
2017-12-25,2017-12-31,sz.000039,中集集团
2017-12-25,2017-12-31,sz.000049,德赛电池
2017-12-25,2017-12-31,sz.000050,深天马A
2017-12-25,2017-12-31,sz.000061,农产品
2017-12-25,2017-12-31,sz.000062,深圳华强
2017-12-25,2017-12-31,sz.000066,中国长城
2017-12-25,2017-12-31,sz.000078,海王生物
2017-12-25,2017-12-31,sz.000089,深圳机场
2017-12-25,2017-12-31,sz.000090,天健集团
2017-12-25,2017-12-31,sz.000099,中信海直
2017-12-25,2017-12-31,sz.000156,华数传媒
2017-12-25,2017-12-31,sz.000158,常山北明
2017-12-25,2017-12-31,sz.000400,许继电气
2017-12-25,2017-12-31,sz.000401,冀东水泥
2017-12-25,2017-12-31,sz.000418,小天鹅A
2017-12-25,2017-12-31,sz.000426,兴业矿业
2017-12-25,2017-12-31,sz.000488,晨鸣纸业
2017-12-25,2017-12-31,sz.000501,鄂武商A
2017-12-25,2017-12-31,sz.000513,丽珠集团
2017-12-25,2017-12-31,sz.000519,中兵红箭
2017-12-25,2017-12-31,sz.000528,柳工
2017-12-25,2017-12-31,sz.000536,华映科技
2017-12-25,2017-12-31,sz.000541,佛山照明
2017-12-25,2017-12-31,sz.000543,皖能电力
2017-12-25,2017-12-31,sz.000547,航天发展
2017-12-25,2017-12-31,sz.000552,靖远煤电
2017-12-25,2017-12-31,sz.000563,陕国投A
2017-12-25,2017-12-31,sz.000566,海南海药
2017-12-25,2017-12-31,sz.000572,海马汽车
2017-12-25,2017-12-31,sz.000581,威孚高科
2017-12-25,2017-12-31,sz.000587,金洲慈航
2017-12-25,2017-12-31,sz.000592,平潭发展
2017-12-25,2017-12-31,sz.000596,古井贡酒
2017-12-25,2017-12-31,sz.000598,兴蓉环境
2017-12-25,2017-12-31,sz.000600,建投能源
2017-12-25,2017-12-31,sz.000612,焦作万方
2017-12-25,2017-12-31,sz.000636,风华高科
2017-12-25,2017-12-31,sz.000652,泰达股份
2017-12-25,2017-12-31,sz.000656,金科股份
2017-12-25,2017-12-31,sz.000661,长春高新
2017-12-25,2017-12-31,sz.000662,天夏智慧
2017-12-25,2017-12-31,sz.000667,美好置业
2017-12-25,2017-12-31,sz.000669,金鸿控股
2017-12-25,2017-12-31,sz.000680,山推股份
2017-12-25,2017-12-31,sz.000681,视觉中国
2017-12-25,2017-12-31,sz.000685,中山公用
2017-12-25,2017-12-31,sz.000690,宝新能源
2017-12-25,2017-12-31,sz.000703,恒逸石化
2017-12-25,2017-12-31,sz.000712,锦龙股份
2017-12-25,2017-12-31,sz.000718,苏宁环球
2017-12-25,2017-12-31,sz.000727,华东科技
2017-12-25,2017-12-31,sz.000729,燕京啤酒
2017-12-25,2017-12-31,sz.000732,泰禾集团
2017-12-25,2017-12-31,sz.000758,中色股份
2017-12-25,2017-12-31,sz.000761,本钢板材
2017-12-25,2017-12-31,sz.000762,西藏矿业
2017-12-25,2017-12-31,sz.000766,通化金马
2017-12-25,2017-12-31,sz.000777,中核科技
2017-12-25,2017-12-31,sz.000778,新兴铸管
2017-12-25,2017-12-31,sz.000786,北新建材
2017-12-25,2017-12-31,sz.000806,银河生物
2017-12-25,2017-12-31,sz.000807,云铝股份
2017-12-25,2017-12-31,sz.000816,*ST慧业
2017-12-25,2017-12-31,sz.000825,太钢不锈
2017-12-25,2017-12-31,sz.000829,天音控股
2017-12-25,2017-12-31,sz.000830,鲁西化工
2017-12-25,2017-12-31,sz.000848,承德露露
2017-12-25,2017-12-31,sz.000860,顺鑫农业
2017-12-25,2017-12-31,sz.000877,天山股份
2017-12-25,2017-12-31,sz.000878,云南铜业
2017-12-25,2017-12-31,sz.000887,中鼎股份
2017-12-25,2017-12-31,sz.000897,津滨发展
2017-12-25,2017-12-31,sz.000926,福星股份
2017-12-25,2017-12-31,sz.000930,中粮生化
2017-12-25,2017-12-31,sz.000937,冀中能源
2017-12-25,2017-12-31,sz.000939,*ST凯迪
2017-12-25,2017-12-31,sz.000960,锡业股份
2017-12-25,2017-12-31,sz.000969,安泰科技
2017-12-25,2017-12-31,sz.000970,中科三环
2017-12-25,2017-12-31,sz.000975,银泰资源
2017-12-25,2017-12-31,sz.000977,浪潮信息
2017-12-25,2017-12-31,sz.000979,中弘股份
2017-12-25,2017-12-31,sz.000981,银亿股份
2017-12-25,2017-12-31,sz.000987,越秀金控
2017-12-25,2017-12-31,sz.000988,华工科技
2017-12-25,2017-12-31,sz.000990,诚志股份
2017-12-25,2017-12-31,sz.000997,新大陆
2017-12-25,2017-12-31,sz.000998,隆平高科
2017-12-25,2017-12-31,sz.000999,华润三九
2017-12-25,2017-12-31,sz.001696,宗申动力
2017-12-25,2017-12-31,sz.002001,新和成
2017-12-25,2017-12-31,sz.002002,鸿达兴业
2017-12-25,2017-12-31,sz.002004,华邦健康
2017-12-25,2017-12-31,sz.002005,德豪润达
2017-12-25,2017-12-31,sz.002011,盾安环境
2017-12-25,2017-12-31,sz.002013,中航机电
2017-12-25,2017-12-31,sz.002018,*ST华信
2017-12-25,2017-12-31,sz.002019,亿帆医药
2017-12-25,2017-12-31,sz.002022,科华生物
2017-12-25,2017-12-31,sz.002028,思源电气
2017-12-25,2017-12-31,sz.002030,达安基因
2017-12-25,2017-12-31,sz.002032,苏泊尔
2017-12-25,2017-12-31,sz.002038,双鹭药业
2017-12-25,2017-12-31,sz.002041,登海种业
2017-12-25,2017-12-31,sz.002048,宁波华翔
2017-12-25,2017-12-31,sz.002049,紫光国微
2017-12-25,2017-12-31,sz.002050,三花智控
2017-12-25,2017-12-31,sz.002051,中工国际
2017-12-25,2017-12-31,sz.002056,横店东磁
2017-12-25,2017-12-31,sz.002063,远光软件
2017-12-25,2017-12-31,sz.002064,华峰氨纶
2017-12-25,2017-12-31,sz.002073,软控股份
2017-12-25,2017-12-31,sz.002078,太阳纸业
2017-12-25,2017-12-31,sz.002092,中泰化学
2017-12-25,2017-12-31,sz.002093,国脉科技
2017-12-25,2017-12-31,sz.002106,莱宝高科
2017-12-25,2017-12-31,sz.002118,紫鑫药业
2017-12-25,2017-12-31,sz.002122,*ST天马
2017-12-25,2017-12-31,sz.002123,梦网集团
2017-12-25,2017-12-31,sz.002127,南极电商
2017-12-25,2017-12-31,sz.002128,露天煤业
2017-12-25,2017-12-31,sz.002131,利欧股份
2017-12-25,2017-12-31,sz.002147,新光圆成
2017-12-25,2017-12-31,sz.002152,广电运通
2017-12-25,2017-12-31,sz.002155,湖南黄金
2017-12-25,2017-12-31,sz.002176,江特电机
2017-12-25,2017-12-31,sz.002179,中航光电
2017-12-25,2017-12-31,sz.002183,怡亚通
2017-12-25,2017-12-31,sz.002190,成飞集成
2017-12-25,2017-12-31,sz.002191,劲嘉股份
2017-12-25,2017-12-31,sz.002195,二三四五
2017-12-25,2017-12-31,sz.002221,东华能源
2017-12-25,2017-12-31,sz.002223,鱼跃医疗
2017-12-25,2017-12-31,sz.002233,塔牌集团
2017-12-25,2017-12-31,sz.002242,九阳股份
2017-12-25,2017-12-31,sz.002244,滨江集团
2017-12-25,2017-12-31,sz.002249,大洋电机
2017-12-25,2017-12-31,sz.002250,联化科技
2017-12-25,2017-12-31,sz.002251,步步高
2017-12-25,2017-12-31,sz.002254,泰和新材
2017-12-25,2017-12-31,sz.002261,拓维信息
2017-12-25,2017-12-31,sz.002266,浙富控股
2017-12-25,2017-12-31,sz.002268,卫士通
2017-12-25,2017-12-31,sz.002269,美邦服饰
2017-12-25,2017-12-31,sz.002271,东方雨虹
2017-12-25,2017-12-31,sz.002273,水晶光电
2017-12-25,2017-12-31,sz.002276,万马股份
2017-12-25,2017-12-31,sz.002277,友阿股份
2017-12-25,2017-12-31,sz.002280,联络互动
2017-12-25,2017-12-31,sz.002281,光迅科技
2017-12-25,2017-12-31,sz.002285,世联行
2017-12-25,2017-12-31,sz.002299,圣农发展
2017-12-25,2017-12-31,sz.002308,威创股份
2017-12-25,2017-12-31,sz.002311,海大集团
2017-12-25,2017-12-31,sz.002317,众生药业
2017-12-25,2017-12-31,sz.002325,洪涛股份
2017-12-25,2017-12-31,sz.002332,仙琚制药
2017-12-25,2017-12-31,sz.002340,格林美
2017-12-25,2017-12-31,sz.002342,巨力索具
2017-12-25,2017-12-31,sz.002344,海宁皮城
2017-12-25,2017-12-31,sz.002345,潮宏基
2017-12-25,2017-12-31,sz.002353,杰瑞股份
2017-12-25,2017-12-31,sz.002354,天神娱乐
2017-12-25,2017-12-31,sz.002358,森源电气
2017-12-25,2017-12-31,sz.002359,北讯集团
2017-12-25,2017-12-31,sz.002366,台海核电
2017-12-25,2017-12-31,sz.002368,太极股份
2017-12-25,2017-12-31,sz.002371,北方华创
2017-12-25,2017-12-31,sz.002373,千方科技
2017-12-25,2017-12-31,sz.002375,亚厦股份
2017-12-25,2017-12-31,sz.002384,东山精密
2017-12-25,2017-12-31,sz.002390,信邦制药
2017-12-25,2017-12-31,sz.002392,北京利尔
2017-12-25,2017-12-31,sz.002400,省广集团
2017-12-25,2017-12-31,sz.002405,四维图新
2017-12-25,2017-12-31,sz.002407,多氟多
2017-12-25,2017-12-31,sz.002408,齐翔腾达
2017-12-25,2017-12-31,sz.002410,广联达
2017-12-25,2017-12-31,sz.002414,高德红外
2017-12-25,2017-12-31,sz.002416,爱施德
2017-12-25,2017-12-31,sz.002422,科伦药业
2017-12-25,2017-12-31,sz.002428,云南锗业
2017-12-25,2017-12-31,sz.002431,棕榈股份
2017-12-25,2017-12-31,sz.002434,万里扬
2017-12-25,2017-12-31,sz.002437,誉衡药业
2017-12-25,2017-12-31,sz.002439,启明星辰
2017-12-25,2017-12-31,sz.002440,闰土股份
2017-12-25,2017-12-31,sz.002444,巨星科技
2017-12-25,2017-12-31,sz.002463,沪电股份
2017-12-25,2017-12-31,sz.002477,雏鹰农牧
2017-12-25,2017-12-31,sz.002479,富春环保
2017-12-25,2017-12-31,sz.002482,广田集团
2017-12-25,2017-12-31,sz.002489,浙江永强
2017-12-25,2017-12-31,sz.002491,通鼎互联
2017-12-25,2017-12-31,sz.002503,搜于特
2017-12-25,2017-12-31,sz.002505,大康农业
2017-12-25,2017-12-31,sz.002506,协鑫集成
2017-12-25,2017-12-31,sz.002512,达华智能
2017-12-25,2017-12-31,sz.002517,恺英网络
2017-12-25,2017-12-31,sz.002544,杰赛科技
2017-12-25,2017-12-31,sz.002551,尚荣医疗
2017-12-25,2017-12-31,sz.002573,清新环境
2017-12-25,2017-12-31,sz.002583,海能达
2017-12-25,2017-12-31,sz.002588,史丹利
2017-12-25,2017-12-31,sz.002589,瑞康医药
2017-12-25,2017-12-31,sz.002603,以岭药业
2017-12-25,2017-12-31,sz.002635,安洁科技
2017-12-25,2017-12-31,sz.002640,跨境通
2017-12-25,2017-12-31,sz.002642,荣之联
2017-12-25,2017-12-31,sz.002657,中科金财
2017-12-25,2017-12-31,sz.002663,普邦股份
2017-12-25,2017-12-31,sz.002665,首航节能
2017-12-25,2017-12-31,sz.002670,国盛金控
2017-12-25,2017-12-31,sz.002672,东江环保
2017-12-25,2017-12-31,sz.002681,奋达科技
2017-12-25,2017-12-31,sz.002690,美亚光电
2017-12-25,2017-12-31,sz.002699,美盛文化
2017-12-25,2017-12-31,sz.002701,奥瑞金
2017-12-25,2017-12-31,sz.002707,众信旅游
2017-12-25,2017-12-31,sz.002709,天赐材料
2017-12-25,2017-12-31,sz.002745,木林森
2017-12-25,2017-12-31,sz.002807,江阴银行
2017-12-25,2017-12-31,sz.002815,崇达技术
2017-12-25,2017-12-31,sz.002818,富森美
2017-12-25,2017-12-31,sz.300001,特锐德
2017-12-25,2017-12-31,sz.300002,神州泰岳
2017-12-25,2017-12-31,sz.300010,立思辰
2017-12-25,2017-12-31,sz.300026,红日药业
2017-12-25,2017-12-31,sz.300032,金龙机电
2017-12-25,2017-12-31,sz.300039,上海凯宝
2017-12-25,2017-12-31,sz.300043,星辉娱乐
2017-12-25,2017-12-31,sz.300055,万邦达
2017-12-25,2017-12-31,sz.300058,蓝色光标
2017-12-25,2017-12-31,sz.300088,长信科技
2017-12-25,2017-12-31,sz.300113,顺网科技
2017-12-25,2017-12-31,sz.300115,长盈精密
2017-12-25,2017-12-31,sz.300116,坚瑞沃能
2017-12-25,2017-12-31,sz.300133,华策影视
2017-12-25,2017-12-31,sz.300134,大富科技
2017-12-25,2017-12-31,sz.300146,汤臣倍健
2017-12-25,2017-12-31,sz.300147,香雪制药
2017-12-25,2017-12-31,sz.300159,新研股份
2017-12-25,2017-12-31,sz.300166,东方国信
2017-12-25,2017-12-31,sz.300182,捷成股份
2017-12-25,2017-12-31,sz.300197,铁汉生态
2017-12-25,2017-12-31,sz.300199,翰宇药业
2017-12-25,2017-12-31,sz.300202,聚龙股份
2017-12-25,2017-12-31,sz.300244,迪安诊断
2017-12-25,2017-12-31,sz.300253,卫宁健康
2017-12-25,2017-12-31,sz.300257,开山股份
2017-12-25,2017-12-31,sz.300266,兴源环境
2017-12-25,2017-12-31,sz.300273,和佳股份
2017-12-25,2017-12-31,sz.300274,阳光电源
2017-12-25,2017-12-31,sz.300287,飞利信
2017-12-25,2017-12-31,sz.300291,华录百纳
2017-12-25,2017-12-31,sz.300297,蓝盾股份
2017-12-25,2017-12-31,sz.300324,旋极信息
2017-12-25,2017-12-31,sz.300376,易事特
2017-12-25,2017-12-31,sz.300383,光环新网
2018-06-25,2018-06-30,sh.600004,白云机场
2018-06-25,2018-06-30,sh.600006,东风汽车
2018-06-25,2018-06-30,sh.600017,日照港
2018-06-25,2018-06-30,sh.600021,上海电力
2018-06-25,2018-06-30,sh.600022,山东钢铁
2018-06-25,2018-06-30,sh.600026,中远海能
2018-06-25,2018-06-30,sh.600037,歌华有线
2018-06-25,2018-06-30,sh.600039,四川路桥
2018-06-25,2018-06-30,sh.600053,九鼎投资
2018-06-25,2018-06-30,sh.600056,中国医药
2018-06-25,2018-06-30,sh.600058,五矿发展
2018-06-25,2018-06-30,sh.600060,海信电器
2018-06-25,2018-06-30,sh.600062,华润双鹤
2018-06-25,2018-06-30,sh.600064,南京高科
2018-06-25,2018-06-30,sh.600073,上海梅林
2018-06-25,2018-06-30,sh.600079,人福医药
2018-06-25,2018-06-30,sh.600086,东方金钰
2018-06-25,2018-06-30,sh.600094,大名城
2018-06-25,2018-06-30,sh.600098,广州发展
2018-06-25,2018-06-30,sh.600108,亚盛集团
2018-06-25,2018-06-30,sh.600120,浙江东方
2018-06-25,2018-06-30,sh.600122,宏图高科
2018-06-25,2018-06-30,sh.600125,铁龙物流
2018-06-25,2018-06-30,sh.600126,杭钢股份
2018-06-25,2018-06-30,sh.600138,中青旅
2018-06-25,2018-06-30,sh.600141,兴发集团
2018-06-25,2018-06-30,sh.600143,金发科技
2018-06-25,2018-06-30,sh.600151,航天机电
2018-06-25,2018-06-30,sh.600155,华创阳安
2018-06-25,2018-06-30,sh.600158,中体产业
2018-06-25,2018-06-30,sh.600160,巨化股份
2018-06-25,2018-06-30,sh.600161,天坛生物
2018-06-25,2018-06-30,sh.600166,福田汽车
2018-06-25,2018-06-30,sh.600167,联美控股
2018-06-25,2018-06-30,sh.600169,太原重工
2018-06-25,2018-06-30,sh.600171,上海贝岭
2018-06-25,2018-06-30,sh.600179,安通控股
2018-06-25,2018-06-30,sh.600183,生益科技
2018-06-25,2018-06-30,sh.600184,光电股份
2018-06-25,2018-06-30,sh.600187,国中水务
2018-06-25,2018-06-30,sh.600195,中牧股份
2018-06-25,2018-06-30,sh.600201,生物股份
2018-06-25,2018-06-30,sh.600216,浙江医药
2018-06-25,2018-06-30,sh.600240,华业资本
2018-06-25,2018-06-30,sh.600256,广汇能源
2018-06-25,2018-06-30,sh.600258,首旅酒店
2018-06-25,2018-06-30,sh.600259,广晟有色
2018-06-25,2018-06-30,sh.600260,凯乐科技
2018-06-25,2018-06-30,sh.600266,北京城建
2018-06-25,2018-06-30,sh.600267,海正药业
2018-06-25,2018-06-30,sh.600270,外运发展
2018-06-25,2018-06-30,sh.600277,亿利洁能
2018-06-25,2018-06-30,sh.600280,中央商场
2018-06-25,2018-06-30,sh.600282,南钢股份
2018-06-25,2018-06-30,sh.600291,西水股份
2018-06-25,2018-06-30,sh.600292,远达环保
2018-06-25,2018-06-30,sh.600298,安琪酵母
2018-06-25,2018-06-30,sh.600300,维维股份
2018-06-25,2018-06-30,sh.600307,酒钢宏兴
2018-06-25,2018-06-30,sh.600312,平高电气
2018-06-25,2018-06-30,sh.600315,上海家化
2018-06-25,2018-06-30,sh.600316,洪都航空
2018-06-25,2018-06-30,sh.600317,营口港
2018-06-25,2018-06-30,sh.600325,华发股份
2018-06-25,2018-06-30,sh.600329,中新药业
2018-06-25,2018-06-30,sh.600335,国机汽车
2018-06-25,2018-06-30,sh.600338,西藏珠峰
2018-06-25,2018-06-30,sh.600348,阳泉煤业
2018-06-25,2018-06-30,sh.600350,山东高速
2018-06-25,2018-06-30,sh.600366,宁波韵升
2018-06-25,2018-06-30,sh.600380,健康元
2018-06-25,2018-06-30,sh.600388,龙净环保
2018-06-25,2018-06-30,sh.600392,盛和资源
2018-06-25,2018-06-30,sh.600393,粤泰股份
2018-06-25,2018-06-30,sh.600395,盘江股份
2018-06-25,2018-06-30,sh.600409,三友化工
2018-06-25,2018-06-30,sh.600410,华胜天成
2018-06-25,2018-06-30,sh.600416,湘电股份
2018-06-25,2018-06-30,sh.600418,江淮汽车
2018-06-25,2018-06-30,sh.600422,昆药集团
2018-06-25,2018-06-30,sh.600426,华鲁恒升
2018-06-25,2018-06-30,sh.600428,中远海特
2018-06-25,2018-06-30,sh.600435,北方导航
2018-06-25,2018-06-30,sh.600458,时代新材
2018-06-25,2018-06-30,sh.600460,士兰微
2018-06-25,2018-06-30,sh.600466,蓝光发展
2018-06-25,2018-06-30,sh.600478,科力远
2018-06-25,2018-06-30,sh.600481,双良节能
2018-06-25,2018-06-30,sh.600499,科达洁能
2018-06-25,2018-06-30,sh.600500,中化国际
2018-06-25,2018-06-30,sh.600503,华丽家族
2018-06-25,2018-06-30,sh.600511,国药股份
2018-06-25,2018-06-30,sh.600517,置信电气
2018-06-25,2018-06-30,sh.600521,华海药业
2018-06-25,2018-06-30,sh.600525,长园集团
2018-06-25,2018-06-30,sh.600528,中铁工业
2018-06-25,2018-06-30,sh.600536,中国软件
2018-06-25,2018-06-30,sh.600545,卓郎智能
2018-06-25,2018-06-30,sh.600557,康缘药业
2018-06-25,2018-06-30,sh.600563,法拉电子
2018-06-25,2018-06-30,sh.600565,迪马股份
2018-06-25,2018-06-30,sh.600572,康恩贝
2018-06-25,2018-06-30,sh.600575,皖江物流
2018-06-25,2018-06-30,sh.600578,京能电力
2018-06-25,2018-06-30,sh.600580,卧龙电气
2018-06-25,2018-06-30,sh.600582,天地科技
2018-06-25,2018-06-30,sh.600584,长电科技
2018-06-25,2018-06-30,sh.600594,益佰制药
2018-06-25,2018-06-30,sh.600597,光明乳业
2018-06-25,2018-06-30,sh.600598,北大荒
2018-06-25,2018-06-30,sh.600600,青岛啤酒
2018-06-25,2018-06-30,sh.600611,大众交通
2018-06-25,2018-06-30,sh.600614,鹏起科技
2018-06-25,2018-06-30,sh.600618,氯碱化工
2018-06-25,2018-06-30,sh.600623,华谊集团
2018-06-25,2018-06-30,sh.600633,浙数文化
2018-06-25,2018-06-30,sh.600635,大众公用
2018-06-25,2018-06-30,sh.600639,浦东金桥
2018-06-25,2018-06-30,sh.600640,号百控股
2018-06-25,2018-06-30,sh.600642,申能股份
2018-06-25,2018-06-30,sh.600643,爱建集团
2018-06-25,2018-06-30,sh.600645,中源协和
2018-06-25,2018-06-30,sh.600648,外高桥
2018-06-25,2018-06-30,sh.600649,城投控股
2018-06-25,2018-06-30,sh.600651,飞乐音响
2018-06-25,2018-06-30,sh.600655,豫园股份
2018-06-25,2018-06-30,sh.600657,信达地产
2018-06-25,2018-06-30,sh.600664,哈药股份
2018-06-25,2018-06-30,sh.600673,东阳光科
2018-06-25,2018-06-30,sh.600687,刚泰控股
2018-06-25,2018-06-30,sh.600694,大商股份
2018-06-25,2018-06-30,sh.600717,天津港
2018-06-25,2018-06-30,sh.600718,东软集团
2018-06-25,2018-06-30,sh.600729,重庆百货
2018-06-25,2018-06-30,sh.600737,中粮糖业
2018-06-25,2018-06-30,sh.600743,华远地产
2018-06-25,2018-06-30,sh.600748,上实发展
2018-06-25,2018-06-30,sh.600750,江中药业
2018-06-25,2018-06-30,sh.600751,海航科技
2018-06-25,2018-06-30,sh.600754,锦江股份
2018-06-25,2018-06-30,sh.600755,厦门国贸
2018-06-25,2018-06-30,sh.600757,长江传媒
2018-06-25,2018-06-30,sh.600759,洲际油气
2018-06-25,2018-06-30,sh.600760,中航沈飞
2018-06-25,2018-06-30,sh.600765,中航重机
2018-06-25,2018-06-30,sh.600770,综艺股份
2018-06-25,2018-06-30,sh.600773,西藏城投
2018-06-25,2018-06-30,sh.600777,新潮能源
2018-06-25,2018-06-30,sh.600787,中储股份
2018-06-25,2018-06-30,sh.600801,华新水泥
2018-06-25,2018-06-30,sh.600808,马钢股份
2018-06-25,2018-06-30,sh.600811,东方集团
2018-06-25,2018-06-30,sh.600823,世茂股份
2018-06-25,2018-06-30,sh.600827,百联股份
2018-06-25,2018-06-30,sh.600835,上海机电
2018-06-25,2018-06-30,sh.600839,四川长虹
2018-06-25,2018-06-30,sh.600848,上海临港
2018-06-25,2018-06-30,sh.600859,王府井
2018-06-25,2018-06-30,sh.600862,中航高科
2018-06-25,2018-06-30,sh.600863,内蒙华电
2018-06-25,2018-06-30,sh.600869,智慧能源
2018-06-25,2018-06-30,sh.600872,中炬高新
2018-06-25,2018-06-30,sh.600874,创业环保
2018-06-25,2018-06-30,sh.600875,东方电气
2018-06-25,2018-06-30,sh.600879,航天电子
2018-06-25,2018-06-30,sh.600881,亚泰集团
2018-06-25,2018-06-30,sh.600884,杉杉股份
2018-06-25,2018-06-30,sh.600885,宏发股份
2018-06-25,2018-06-30,sh.600895,张江高科
2018-06-25,2018-06-30,sh.600908,无锡银行
2018-06-25,2018-06-30,sh.600917,重庆燃气
2018-06-25,2018-06-30,sh.600936,广西广电
2018-06-25,2018-06-30,sh.600939,重庆建工
2018-06-25,2018-06-30,sh.600967,内蒙一机
2018-06-25,2018-06-30,sh.600970,中材国际
2018-06-25,2018-06-30,sh.600971,恒源煤电
2018-06-25,2018-06-30,sh.600978,宜华生活
2018-06-25,2018-06-30,sh.600993,马应龙
2018-06-25,2018-06-30,sh.600996,贵广网络
2018-06-25,2018-06-30,sh.601000,唐山港
2018-06-25,2018-06-30,sh.601001,大同煤业
2018-06-25,2018-06-30,sh.601016,节能风电
2018-06-25,2018-06-30,sh.601019,山东出版
2018-06-25,2018-06-30,sh.601020,华钰矿业
2018-06-25,2018-06-30,sh.601098,中南传媒
2018-06-25,2018-06-30,sh.601127,小康股份
2018-06-25,2018-06-30,sh.601128,常熟银行
2018-06-25,2018-06-30,sh.601168,西部矿业
2018-06-25,2018-06-30,sh.601179,中国西电
2018-06-25,2018-06-30,sh.601200,上海环境
2018-06-25,2018-06-30,sh.601233,桐昆股份
2018-06-25,2018-06-30,sh.601311,骆驼股份
2018-06-25,2018-06-30,sh.601608,中信重工
2018-06-25,2018-06-30,sh.601678,滨化股份
2018-06-25,2018-06-30,sh.601689,拓普集团
2018-06-25,2018-06-30,sh.601717,郑煤机
2018-06-25,2018-06-30,sh.601777,力帆股份
2018-06-25,2018-06-30,sh.601801,皖新传媒
2018-06-25,2018-06-30,sh.601811,新华文轩
2018-06-25,2018-06-30,sh.601872,招商轮船
2018-06-25,2018-06-30,sh.601880,大连港
2018-06-25,2018-06-30,sh.601928,凤凰传媒
2018-06-25,2018-06-30,sh.601966,玲珑轮胎
2018-06-25,2018-06-30,sh.601969,海南矿业
2018-06-25,2018-06-30,sh.603000,人民网
2018-06-25,2018-06-30,sh.603019,中科曙光
2018-06-25,2018-06-30,sh.603025,大豪科技
2018-06-25,2018-06-30,sh.603056,德邦股份
2018-06-25,2018-06-30,sh.603077,和邦生物
2018-06-25,2018-06-30,sh.603169,兰石重装
2018-06-25,2018-06-30,sh.603188,ST亚邦
2018-06-25,2018-06-30,sh.603198,迎驾贡酒
2018-06-25,2018-06-30,sh.603225,新凤鸣
2018-06-25,2018-06-30,sh.603228,景旺电子
2018-06-25,2018-06-30,sh.603328,依顿电子
2018-06-25,2018-06-30,sh.603355,莱克电气
2018-06-25,2018-06-30,sh.603369,今世缘
2018-06-25,2018-06-30,sh.603377,东方时尚
2018-06-25,2018-06-30,sh.603444,吉比特
2018-06-25,2018-06-30,sh.603515,欧普照明
2018-06-25,2018-06-30,sh.603556,海兴电力
2018-06-25,2018-06-30,sh.603568,伟明环保
2018-06-25,2018-06-30,sh.603569,长久物流
2018-06-25,2018-06-30,sh.603589,口子窖
2018-06-25,2018-06-30,sh.603658,安图生物
2018-06-25,2018-06-30,sh.603659,璞泰来
2018-06-25,2018-06-30,sh.603766,隆鑫通用
2018-06-25,2018-06-30,sh.603806,福斯特
2018-06-25,2018-06-30,sh.603816,顾家家居
2018-06-25,2018-06-30,sh.603868,飞科电器
2018-06-25,2018-06-30,sh.603877,太平鸟
2018-06-25,2018-06-30,sh.603883,老百姓
2018-06-25,2018-06-30,sh.603885,吉祥航空
2018-06-25,2018-06-30,sh.603888,新华网
2018-06-25,2018-06-30,sh.603899,晨光文具
2018-06-25,2018-06-30,sz.000006,深振业A
2018-06-25,2018-06-30,sz.000008,神州高铁
2018-06-25,2018-06-30,sz.000009,中国宝安
2018-06-25,2018-06-30,sz.000012,南玻A
2018-06-25,2018-06-30,sz.000021,深科技
2018-06-25,2018-06-30,sz.000025,特力A
2018-06-25,2018-06-30,sz.000027,深圳能源
2018-06-25,2018-06-30,sz.000028,国药一致
2018-06-25,2018-06-30,sz.000031,中粮地产
2018-06-25,2018-06-30,sz.000039,中集集团
2018-06-25,2018-06-30,sz.000049,德赛电池
2018-06-25,2018-06-30,sz.000061,农产品
2018-06-25,2018-06-30,sz.000062,深圳华强
2018-06-25,2018-06-30,sz.000066,中国长城
2018-06-25,2018-06-30,sz.000078,海王生物
2018-06-25,2018-06-30,sz.000089,深圳机场
2018-06-25,2018-06-30,sz.000090,天健集团
2018-06-25,2018-06-30,sz.000156,华数传媒
2018-06-25,2018-06-30,sz.000158,常山北明
2018-06-25,2018-06-30,sz.000400,许继电气
2018-06-25,2018-06-30,sz.000401,冀东水泥
2018-06-25,2018-06-30,sz.000418,小天鹅A
2018-06-25,2018-06-30,sz.000426,兴业矿业
2018-06-25,2018-06-30,sz.000488,晨鸣纸业
2018-06-25,2018-06-30,sz.000501,鄂武商A
2018-06-25,2018-06-30,sz.000513,丽珠集团
2018-06-25,2018-06-30,sz.000519,中兵红箭
2018-06-25,2018-06-30,sz.000528,柳工
2018-06-25,2018-06-30,sz.000536,华映科技
2018-06-25,2018-06-30,sz.000541,佛山照明
2018-06-25,2018-06-30,sz.000543,皖能电力
2018-06-25,2018-06-30,sz.000547,航天发展
2018-06-25,2018-06-30,sz.000552,靖远煤电
2018-06-25,2018-06-30,sz.000553,沙隆达A
2018-06-25,2018-06-30,sz.000563,陕国投A
2018-06-25,2018-06-30,sz.000566,海南海药
2018-06-25,2018-06-30,sz.000572,海马汽车
2018-06-25,2018-06-30,sz.000581,威孚高科
2018-06-25,2018-06-30,sz.000587,金洲慈航
2018-06-25,2018-06-30,sz.000592,平潭发展
2018-06-25,2018-06-30,sz.000596,古井贡酒
2018-06-25,2018-06-30,sz.000598,兴蓉环境
2018-06-25,2018-06-30,sz.000600,建投能源
2018-06-25,2018-06-30,sz.000612,焦作万方
2018-06-25,2018-06-30,sz.000636,风华高科
2018-06-25,2018-06-30,sz.000656,金科股份
2018-06-25,2018-06-30,sz.000661,长春高新
2018-06-25,2018-06-30,sz.000667,美好置业
2018-06-25,2018-06-30,sz.000681,视觉中国
2018-06-25,2018-06-30,sz.000685,中山公用
2018-06-25,2018-06-30,sz.000686,东北证券
2018-06-25,2018-06-30,sz.000690,宝新能源
2018-06-25,2018-06-30,sz.000703,恒逸石化
2018-06-25,2018-06-30,sz.000712,锦龙股份
2018-06-25,2018-06-30,sz.000718,苏宁环球
2018-06-25,2018-06-30,sz.000727,华东科技
2018-06-25,2018-06-30,sz.000729,燕京啤酒
2018-06-25,2018-06-30,sz.000732,泰禾集团
2018-06-25,2018-06-30,sz.000738,航发控制
2018-06-25,2018-06-30,sz.000750,国海证券
2018-06-25,2018-06-30,sz.000758,中色股份
2018-06-25,2018-06-30,sz.000761,本钢板材
2018-06-25,2018-06-30,sz.000762,西藏矿业
2018-06-25,2018-06-30,sz.000766,通化金马
2018-06-25,2018-06-30,sz.000778,新兴铸管
2018-06-25,2018-06-30,sz.000806,银河生物
2018-06-25,2018-06-30,sz.000807,云铝股份
2018-06-25,2018-06-30,sz.000813,德展健康
2018-06-25,2018-06-30,sz.000825,太钢不锈
2018-06-25,2018-06-30,sz.000829,天音控股
2018-06-25,2018-06-30,sz.000830,鲁西化工
2018-06-25,2018-06-30,sz.000848,承德露露
2018-06-25,2018-06-30,sz.000860,顺鑫农业
2018-06-25,2018-06-30,sz.000877,天山股份
2018-06-25,2018-06-30,sz.000878,云南铜业
2018-06-25,2018-06-30,sz.000887,中鼎股份
2018-06-25,2018-06-30,sz.000926,福星股份
2018-06-25,2018-06-30,sz.000930,中粮生化
2018-06-25,2018-06-30,sz.000937,冀中能源
2018-06-25,2018-06-30,sz.000960,锡业股份
2018-06-25,2018-06-30,sz.000969,安泰科技
2018-06-25,2018-06-30,sz.000970,中科三环
2018-06-25,2018-06-30,sz.000975,银泰资源
2018-06-25,2018-06-30,sz.000977,浪潮信息
2018-06-25,2018-06-30,sz.000979,中弘股份
2018-06-25,2018-06-30,sz.000980,众泰汽车
2018-06-25,2018-06-30,sz.000987,越秀金控
2018-06-25,2018-06-30,sz.000988,华工科技
2018-06-25,2018-06-30,sz.000990,诚志股份
2018-06-25,2018-06-30,sz.000997,新大陆
2018-06-25,2018-06-30,sz.000999,华润三九
2018-06-25,2018-06-30,sz.001696,宗申动力
2018-06-25,2018-06-30,sz.002002,鸿达兴业
2018-06-25,2018-06-30,sz.002004,华邦健康
2018-06-25,2018-06-30,sz.002011,盾安环境
2018-06-25,2018-06-30,sz.002013,中航机电
2018-06-25,2018-06-30,sz.002019,亿帆医药
2018-06-25,2018-06-30,sz.002022,科华生物
2018-06-25,2018-06-30,sz.002028,思源电气
2018-06-25,2018-06-30,sz.002030,达安基因
2018-06-25,2018-06-30,sz.002038,双鹭药业
2018-06-25,2018-06-30,sz.002041,登海种业
2018-06-25,2018-06-30,sz.002048,宁波华翔
2018-06-25,2018-06-30,sz.002049,紫光国微
2018-06-25,2018-06-30,sz.002051,中工国际
2018-06-25,2018-06-30,sz.002056,横店东磁
2018-06-25,2018-06-30,sz.002064,华峰氨纶
2018-06-25,2018-06-30,sz.002073,软控股份
2018-06-25,2018-06-30,sz.002078,太阳纸业
2018-06-25,2018-06-30,sz.002092,中泰化学
2018-06-25,2018-06-30,sz.002093,国脉科技
2018-06-25,2018-06-30,sz.002110,三钢闽光
2018-06-25,2018-06-30,sz.002118,紫鑫药业
2018-06-25,2018-06-30,sz.002127,南极电商
2018-06-25,2018-06-30,sz.002128,露天煤业
2018-06-25,2018-06-30,sz.002129,中环股份
2018-06-25,2018-06-30,sz.002131,利欧股份
2018-06-25,2018-06-30,sz.002147,新光圆成
2018-06-25,2018-06-30,sz.002152,广电运通
2018-06-25,2018-06-30,sz.002155,湖南黄金
2018-06-25,2018-06-30,sz.002174,游族网络
2018-06-25,2018-06-30,sz.002176,江特电机
2018-06-25,2018-06-30,sz.002179,中航光电
2018-06-25,2018-06-30,sz.002180,纳思达
2018-06-25,2018-06-30,sz.002183,怡亚通
2018-06-25,2018-06-30,sz.002190,成飞集成
2018-06-25,2018-06-30,sz.002191,劲嘉股份
2018-06-25,2018-06-30,sz.002195,二三四五
2018-06-25,2018-06-30,sz.002212,南洋股份
2018-06-25,2018-06-30,sz.002221,东华能源
2018-06-25,2018-06-30,sz.002223,鱼跃医疗
2018-06-25,2018-06-30,sz.002233,塔牌集团
2018-06-25,2018-06-30,sz.002242,九阳股份
2018-06-25,2018-06-30,sz.002244,滨江集团
2018-06-25,2018-06-30,sz.002249,大洋电机
2018-06-25,2018-06-30,sz.002250,联化科技
2018-06-25,2018-06-30,sz.002251,步步高
2018-06-25,2018-06-30,sz.002254,泰和新材
2018-06-25,2018-06-30,sz.002261,拓维信息
2018-06-25,2018-06-30,sz.002266,浙富控股
2018-06-25,2018-06-30,sz.002268,卫士通
2018-06-25,2018-06-30,sz.002273,水晶光电
2018-06-25,2018-06-30,sz.002276,万马股份
2018-06-25,2018-06-30,sz.002277,友阿股份
2018-06-25,2018-06-30,sz.002280,联络互动
2018-06-25,2018-06-30,sz.002281,光迅科技
2018-06-25,2018-06-30,sz.002285,世联行
2018-06-25,2018-06-30,sz.002299,圣农发展
2018-06-25,2018-06-30,sz.002302,西部建设
2018-06-25,2018-06-30,sz.002308,威创股份
2018-06-25,2018-06-30,sz.002317,众生药业
2018-06-25,2018-06-30,sz.002332,仙琚制药
2018-06-25,2018-06-30,sz.002340,格林美
2018-06-25,2018-06-30,sz.002342,巨力索具
2018-06-25,2018-06-30,sz.002344,海宁皮城
2018-06-25,2018-06-30,sz.002345,潮宏基
2018-06-25,2018-06-30,sz.002353,杰瑞股份
2018-06-25,2018-06-30,sz.002354,天神娱乐
2018-06-25,2018-06-30,sz.002358,森源电气
2018-06-25,2018-06-30,sz.002359,北讯集团
2018-06-25,2018-06-30,sz.002366,台海核电
2018-06-25,2018-06-30,sz.002368,太极股份
2018-06-25,2018-06-30,sz.002371,北方华创
2018-06-25,2018-06-30,sz.002373,千方科技
2018-06-25,2018-06-30,sz.002375,亚厦股份
2018-06-25,2018-06-30,sz.002384,东山精密
2018-06-25,2018-06-30,sz.002390,信邦制药
2018-06-25,2018-06-30,sz.002399,海普瑞
2018-06-25,2018-06-30,sz.002400,省广集团
2018-06-25,2018-06-30,sz.002407,多氟多
2018-06-25,2018-06-30,sz.002408,齐翔腾达
2018-06-25,2018-06-30,sz.002410,广联达
2018-06-25,2018-06-30,sz.002414,高德红外
2018-06-25,2018-06-30,sz.002416,爱施德
2018-06-25,2018-06-30,sz.002424,贵州百灵
2018-06-25,2018-06-30,sz.002426,胜利精密
2018-06-25,2018-06-30,sz.002428,云南锗业
2018-06-25,2018-06-30,sz.002431,棕榈股份
2018-06-25,2018-06-30,sz.002434,万里扬
2018-06-25,2018-06-30,sz.002437,誉衡药业
2018-06-25,2018-06-30,sz.002439,启明星辰
2018-06-25,2018-06-30,sz.002440,闰土股份
2018-06-25,2018-06-30,sz.002444,巨星科技
2018-06-25,2018-06-30,sz.002463,沪电股份
2018-06-25,2018-06-30,sz.002465,海格通信
2018-06-25,2018-06-30,sz.002477,雏鹰农牧
2018-06-25,2018-06-30,sz.002479,富春环保
2018-06-25,2018-06-30,sz.002482,广田集团
2018-06-25,2018-06-30,sz.002489,浙江永强
2018-06-25,2018-06-30,sz.002491,通鼎互联
2018-06-25,2018-06-30,sz.002503,搜于特
2018-06-25,2018-06-30,sz.002505,大康农业
2018-06-25,2018-06-30,sz.002506,协鑫集成
2018-06-25,2018-06-30,sz.002509,天广中茂
2018-06-25,2018-06-30,sz.002512,达华智能
2018-06-25,2018-06-30,sz.002517,恺英网络
2018-06-25,2018-06-30,sz.002544,杰赛科技
2018-06-25,2018-06-30,sz.002563,森马服饰
2018-06-25,2018-06-30,sz.002573,清新环境
2018-06-25,2018-06-30,sz.002583,海能达
2018-06-25,2018-06-30,sz.002588,史丹利
2018-06-25,2018-06-30,sz.002589,瑞康医药
2018-06-25,2018-06-30,sz.002600,领益智造
2018-06-25,2018-06-30,sz.002603,以岭药业
2018-06-25,2018-06-30,sz.002635,安洁科技
2018-06-25,2018-06-30,sz.002640,跨境通
2018-06-25,2018-06-30,sz.002642,荣之联
2018-06-25,2018-06-30,sz.002657,中科金财
2018-06-25,2018-06-30,sz.002663,普邦股份
2018-06-25,2018-06-30,sz.002665,首航节能
2018-06-25,2018-06-30,sz.002670,国盛金控
2018-06-25,2018-06-30,sz.002672,东江环保
2018-06-25,2018-06-30,sz.002681,奋达科技
2018-06-25,2018-06-30,sz.002690,美亚光电
2018-06-25,2018-06-30,sz.002699,美盛文化
2018-06-25,2018-06-30,sz.002701,奥瑞金
2018-06-25,2018-06-30,sz.002707,众信旅游
2018-06-25,2018-06-30,sz.002709,天赐材料
2018-06-25,2018-06-30,sz.002745,木林森
2018-06-25,2018-06-30,sz.002807,江阴银行
2018-06-25,2018-06-30,sz.002815,崇达技术
2018-06-25,2018-06-30,sz.002818,富森美
2018-06-25,2018-06-30,sz.002831,裕同科技
2018-06-25,2018-06-30,sz.002839,张家港行
2018-06-25,2018-06-30,sz.002841,视源股份
2018-06-25,2018-06-30,sz.002916,深南电路
2018-06-25,2018-06-30,sz.002920,德赛西威
2018-06-25,2018-06-30,sz.300001,特锐德
2018-06-25,2018-06-30,sz.300002,神州泰岳
2018-06-25,2018-06-30,sz.300010,立思辰
2018-06-25,2018-06-30,sz.300026,红日药业
2018-06-25,2018-06-30,sz.300032,金龙机电
2018-06-25,2018-06-30,sz.300039,上海凯宝
2018-06-25,2018-06-30,sz.300043,星辉娱乐
2018-06-25,2018-06-30,sz.300055,万邦达
2018-06-25,2018-06-30,sz.300058,蓝色光标
2018-06-25,2018-06-30,sz.300088,长信科技
2018-06-25,2018-06-30,sz.300113,顺网科技
2018-06-25,2018-06-30,sz.300115,长盈精密
2018-06-25,2018-06-30,sz.300116,坚瑞沃能
2018-06-25,2018-06-30,sz.300133,华策影视
2018-06-25,2018-06-30,sz.300134,大富科技
2018-06-25,2018-06-30,sz.300146,汤臣倍健
2018-06-25,2018-06-30,sz.300156,神雾环保
2018-06-25,2018-06-30,sz.300159,新研股份
2018-06-25,2018-06-30,sz.300166,东方国信
2018-06-25,2018-06-30,sz.300182,捷成股份
2018-06-25,2018-06-30,sz.300197,铁汉生态
2018-06-25,2018-06-30,sz.300199,翰宇药业
2018-06-25,2018-06-30,sz.300202,聚龙股份
2018-06-25,2018-06-30,sz.300244,迪安诊断
2018-06-25,2018-06-30,sz.300253,卫宁健康
2018-06-25,2018-06-30,sz.300257,开山股份
2018-06-25,2018-06-30,sz.300266,兴源环境
2018-06-25,2018-06-30,sz.300273,和佳股份
2018-06-25,2018-06-30,sz.300274,阳光电源
2018-06-25,2018-06-30,sz.300287,飞利信
2018-06-25,2018-06-30,sz.300291,华录百纳
2018-06-25,2018-06-30,sz.300297,蓝盾股份
2018-06-25,2018-06-30,sz.300308,中际旭创
2018-06-25,2018-06-30,sz.300315,掌趣科技
2018-06-25,2018-06-30,sz.300324,旋极信息
2018-06-25,2018-06-30,sz.300376,易事特
2018-06-25,2018-06-30,sz.300383,光环新网
2018-06-25,2018-06-30,sz.300418,昆仑万维
2018-12-24,2018-12-31,sh.600006,东风汽车
2018-12-24,2018-12-31,sh.600008,首创股份
2018-12-24,2018-12-31,sh.600017,日照港
2018-12-24,2018-12-31,sh.600021,上海电力
2018-12-24,2018-12-31,sh.600022,山东钢铁
2018-12-24,2018-12-31,sh.600026,中远海能
2018-12-24,2018-12-31,sh.600037,歌华有线
2018-12-24,2018-12-31,sh.600039,四川路桥
2018-12-24,2018-12-31,sh.600053,九鼎投资
2018-12-24,2018-12-31,sh.600056,中国医药
2018-12-24,2018-12-31,sh.600058,五矿发展
2018-12-24,2018-12-31,sh.600060,海信电器
2018-12-24,2018-12-31,sh.600062,华润双鹤
2018-12-24,2018-12-31,sh.600064,南京高科
2018-12-24,2018-12-31,sh.600073,上海梅林
2018-12-24,2018-12-31,sh.600079,人福医药
2018-12-24,2018-12-31,sh.600086,东方金钰
2018-12-24,2018-12-31,sh.600094,大名城
2018-12-24,2018-12-31,sh.600098,广州发展
2018-12-24,2018-12-31,sh.600120,浙江东方
2018-12-24,2018-12-31,sh.600122,宏图高科
2018-12-24,2018-12-31,sh.600125,铁龙物流
2018-12-24,2018-12-31,sh.600126,杭钢股份
2018-12-24,2018-12-31,sh.600138,中青旅
2018-12-24,2018-12-31,sh.600141,兴发集团
2018-12-24,2018-12-31,sh.600143,金发科技
2018-12-24,2018-12-31,sh.600151,航天机电
2018-12-24,2018-12-31,sh.600155,华创阳安
2018-12-24,2018-12-31,sh.600158,中体产业
2018-12-24,2018-12-31,sh.600160,巨化股份
2018-12-24,2018-12-31,sh.600161,天坛生物
2018-12-24,2018-12-31,sh.600166,福田汽车
2018-12-24,2018-12-31,sh.600167,联美控股
2018-12-24,2018-12-31,sh.600169,太原重工
2018-12-24,2018-12-31,sh.600171,上海贝岭
2018-12-24,2018-12-31,sh.600179,安通控股
2018-12-24,2018-12-31,sh.600183,生益科技
2018-12-24,2018-12-31,sh.600184,光电股份
2018-12-24,2018-12-31,sh.600195,中牧股份
2018-12-24,2018-12-31,sh.600201,生物股份
2018-12-24,2018-12-31,sh.600216,浙江医药
2018-12-24,2018-12-31,sh.600240,华业资本
2018-12-24,2018-12-31,sh.600256,广汇能源
2018-12-24,2018-12-31,sh.600258,首旅酒店
2018-12-24,2018-12-31,sh.600259,广晟有色
2018-12-24,2018-12-31,sh.600260,凯乐科技
2018-12-24,2018-12-31,sh.600266,北京城建
2018-12-24,2018-12-31,sh.600267,海正药业
2018-12-24,2018-12-31,sh.600270,外运发展
2018-12-24,2018-12-31,sh.600277,亿利洁能
2018-12-24,2018-12-31,sh.600280,中央商场
2018-12-24,2018-12-31,sh.600282,南钢股份
2018-12-24,2018-12-31,sh.600291,西水股份
2018-12-24,2018-12-31,sh.600298,安琪酵母
2018-12-24,2018-12-31,sh.600307,酒钢宏兴
2018-12-24,2018-12-31,sh.600312,平高电气
2018-12-24,2018-12-31,sh.600315,上海家化
2018-12-24,2018-12-31,sh.600316,洪都航空
2018-12-24,2018-12-31,sh.600325,华发股份
2018-12-24,2018-12-31,sh.600329,中新药业
2018-12-24,2018-12-31,sh.600335,国机汽车
2018-12-24,2018-12-31,sh.600338,西藏珠峰
2018-12-24,2018-12-31,sh.600348,阳泉煤业
2018-12-24,2018-12-31,sh.600350,山东高速
2018-12-24,2018-12-31,sh.600366,宁波韵升
2018-12-24,2018-12-31,sh.600373,中文传媒
2018-12-24,2018-12-31,sh.600376,首开股份
2018-12-24,2018-12-31,sh.600380,健康元
2018-12-24,2018-12-31,sh.600388,龙净环保
2018-12-24,2018-12-31,sh.600392,盛和资源
2018-12-24,2018-12-31,sh.600393,粤泰股份
2018-12-24,2018-12-31,sh.600409,三友化工
2018-12-24,2018-12-31,sh.600410,华胜天成
2018-12-24,2018-12-31,sh.600416,湘电股份
2018-12-24,2018-12-31,sh.600418,江淮汽车
2018-12-24,2018-12-31,sh.600426,华鲁恒升
2018-12-24,2018-12-31,sh.600428,中远海特
2018-12-24,2018-12-31,sh.600435,北方导航
2018-12-24,2018-12-31,sh.600458,时代新材
2018-12-24,2018-12-31,sh.600460,士兰微
2018-12-24,2018-12-31,sh.600466,蓝光发展
2018-12-24,2018-12-31,sh.600478,科力远
2018-12-24,2018-12-31,sh.600499,科达洁能
2018-12-24,2018-12-31,sh.600500,中化国际
2018-12-24,2018-12-31,sh.600503,华丽家族
2018-12-24,2018-12-31,sh.600507,方大特钢
2018-12-24,2018-12-31,sh.600511,国药股份
2018-12-24,2018-12-31,sh.600525,长园集团
2018-12-24,2018-12-31,sh.600528,中铁工业
2018-12-24,2018-12-31,sh.600536,中国软件
2018-12-24,2018-12-31,sh.600545,卓郎智能
2018-12-24,2018-12-31,sh.600557,康缘药业
2018-12-24,2018-12-31,sh.600563,法拉电子
2018-12-24,2018-12-31,sh.600565,迪马股份
2018-12-24,2018-12-31,sh.600567,山鹰纸业
2018-12-24,2018-12-31,sh.600572,康恩贝
2018-12-24,2018-12-31,sh.600575,皖江物流
2018-12-24,2018-12-31,sh.600580,卧龙电气
2018-12-24,2018-12-31,sh.600582,天地科技
2018-12-24,2018-12-31,sh.600584,长电科技
2018-12-24,2018-12-31,sh.600594,益佰制药
2018-12-24,2018-12-31,sh.600597,光明乳业
2018-12-24,2018-12-31,sh.600598,北大荒
2018-12-24,2018-12-31,sh.600600,青岛啤酒
2018-12-24,2018-12-31,sh.600611,大众交通
2018-12-24,2018-12-31,sh.600614,鹏起科技
2018-12-24,2018-12-31,sh.600618,氯碱化工
2018-12-24,2018-12-31,sh.600623,华谊集团
2018-12-24,2018-12-31,sh.600633,浙数文化
2018-12-24,2018-12-31,sh.600639,浦东金桥
2018-12-24,2018-12-31,sh.600640,号百控股
2018-12-24,2018-12-31,sh.600642,申能股份
2018-12-24,2018-12-31,sh.600643,爱建集团
2018-12-24,2018-12-31,sh.600645,中源协和
2018-12-24,2018-12-31,sh.600648,外高桥
2018-12-24,2018-12-31,sh.600649,城投控股
2018-12-24,2018-12-31,sh.600655,豫园股份
2018-12-24,2018-12-31,sh.600657,信达地产
2018-12-24,2018-12-31,sh.600664,哈药股份
2018-12-24,2018-12-31,sh.600673,东阳光科
2018-12-24,2018-12-31,sh.600687,刚泰控股
2018-12-24,2018-12-31,sh.600694,大商股份
2018-12-24,2018-12-31,sh.600699,均胜电子
2018-12-24,2018-12-31,sh.600717,天津港
2018-12-24,2018-12-31,sh.600718,东软集团
2018-12-24,2018-12-31,sh.600729,重庆百货
2018-12-24,2018-12-31,sh.600737,中粮糖业
2018-12-24,2018-12-31,sh.600743,华远地产
2018-12-24,2018-12-31,sh.600748,上实发展
2018-12-24,2018-12-31,sh.600750,江中药业
2018-12-24,2018-12-31,sh.600751,海航科技
2018-12-24,2018-12-31,sh.600754,锦江股份
2018-12-24,2018-12-31,sh.600755,厦门国贸
2018-12-24,2018-12-31,sh.600757,长江传媒
2018-12-24,2018-12-31,sh.600759,洲际油气
2018-12-24,2018-12-31,sh.600765,中航重机
2018-12-24,2018-12-31,sh.600770,综艺股份
2018-12-24,2018-12-31,sh.600773,西藏城投
2018-12-24,2018-12-31,sh.600777,新潮能源
2018-12-24,2018-12-31,sh.600779,水井坊
2018-12-24,2018-12-31,sh.600782,新钢股份
2018-12-24,2018-12-31,sh.600787,中储股份
2018-12-24,2018-12-31,sh.600801,华新水泥
2018-12-24,2018-12-31,sh.600804,鹏博士
2018-12-24,2018-12-31,sh.600808,马钢股份
2018-12-24,2018-12-31,sh.600811,东方集团
2018-12-24,2018-12-31,sh.600820,隧道股份
2018-12-24,2018-12-31,sh.600823,世茂股份
2018-12-24,2018-12-31,sh.600827,百联股份
2018-12-24,2018-12-31,sh.600835,上海机电
2018-12-24,2018-12-31,sh.600839,四川长虹
2018-12-24,2018-12-31,sh.600848,上海临港
2018-12-24,2018-12-31,sh.600859,王府井
2018-12-24,2018-12-31,sh.600862,中航高科
2018-12-24,2018-12-31,sh.600863,内蒙华电
2018-12-24,2018-12-31,sh.600869,智慧能源
2018-12-24,2018-12-31,sh.600872,中炬高新
2018-12-24,2018-12-31,sh.600874,创业环保
2018-12-24,2018-12-31,sh.600875,东方电气
2018-12-24,2018-12-31,sh.600879,航天电子
2018-12-24,2018-12-31,sh.600881,亚泰集团
2018-12-24,2018-12-31,sh.600884,杉杉股份
2018-12-24,2018-12-31,sh.600885,宏发股份
2018-12-24,2018-12-31,sh.600895,张江高科
2018-12-24,2018-12-31,sh.600901,江苏租赁
2018-12-24,2018-12-31,sh.600908,无锡银行
2018-12-24,2018-12-31,sh.600917,重庆燃气
2018-12-24,2018-12-31,sh.600939,重庆建工
2018-12-24,2018-12-31,sh.600959,江苏有线
2018-12-24,2018-12-31,sh.600967,内蒙一机
2018-12-24,2018-12-31,sh.600970,中材国际
2018-12-24,2018-12-31,sh.600971,恒源煤电
2018-12-24,2018-12-31,sh.600978,宜华生活
2018-12-24,2018-12-31,sh.600993,马应龙
2018-12-24,2018-12-31,sh.600996,贵广网络
2018-12-24,2018-12-31,sh.601000,唐山港
2018-12-24,2018-12-31,sh.601001,大同煤业
2018-12-24,2018-12-31,sh.601003,柳钢股份
2018-12-24,2018-12-31,sh.601005,重庆钢铁
2018-12-24,2018-12-31,sh.601016,节能风电
2018-12-24,2018-12-31,sh.601019,山东出版
2018-12-24,2018-12-31,sh.601020,华钰矿业
2018-12-24,2018-12-31,sh.601098,中南传媒
2018-12-24,2018-12-31,sh.601100,恒立液压
2018-12-24,2018-12-31,sh.601106,中国一重
2018-12-24,2018-12-31,sh.601127,小康股份
2018-12-24,2018-12-31,sh.601128,常熟银行
2018-12-24,2018-12-31,sh.601168,西部矿业
2018-12-24,2018-12-31,sh.601179,中国西电
2018-12-24,2018-12-31,sh.601200,上海环境
2018-12-24,2018-12-31,sh.601231,环旭电子
2018-12-24,2018-12-31,sh.601311,骆驼股份
2018-12-24,2018-12-31,sh.601326,秦港股份
2018-12-24,2018-12-31,sh.601608,中信重工
2018-12-24,2018-12-31,sh.601678,滨化股份
2018-12-24,2018-12-31,sh.601689,拓普集团
2018-12-24,2018-12-31,sh.601717,郑煤机
2018-12-24,2018-12-31,sh.601718,际华集团
2018-12-24,2018-12-31,sh.601777,力帆股份
2018-12-24,2018-12-31,sh.601801,皖新传媒
2018-12-24,2018-12-31,sh.601811,新华文轩
2018-12-24,2018-12-31,sh.601866,中远海发
2018-12-24,2018-12-31,sh.601869,长飞光纤
2018-12-24,2018-12-31,sh.601872,招商轮船
2018-12-24,2018-12-31,sh.601880,大连港
2018-12-24,2018-12-31,sh.601928,凤凰传媒
2018-12-24,2018-12-31,sh.601958,金钼股份
2018-12-24,2018-12-31,sh.601966,玲珑轮胎
2018-12-24,2018-12-31,sh.601969,海南矿业
2018-12-24,2018-12-31,sh.601990,南京证券
2018-12-24,2018-12-31,sh.603000,人民网
2018-12-24,2018-12-31,sh.603025,大豪科技
2018-12-24,2018-12-31,sh.603056,德邦股份
2018-12-24,2018-12-31,sh.603077,和邦生物
2018-12-24,2018-12-31,sh.603169,兰石重装
2018-12-24,2018-12-31,sh.603198,迎驾贡酒
2018-12-24,2018-12-31,sh.603225,新凤鸣
2018-12-24,2018-12-31,sh.603228,景旺电子
2018-12-24,2018-12-31,sh.603233,大参林
2018-12-24,2018-12-31,sh.603328,依顿电子
2018-12-24,2018-12-31,sh.603355,莱克电气
2018-12-24,2018-12-31,sh.603369,今世缘
2018-12-24,2018-12-31,sh.603377,东方时尚
2018-12-24,2018-12-31,sh.603444,吉比特
2018-12-24,2018-12-31,sh.603486,科沃斯
2018-12-24,2018-12-31,sh.603515,欧普照明
2018-12-24,2018-12-31,sh.603556,海兴电力
2018-12-24,2018-12-31,sh.603568,伟明环保
2018-12-24,2018-12-31,sh.603569,长久物流
2018-12-24,2018-12-31,sh.603650,彤程新材
2018-12-24,2018-12-31,sh.603658,安图生物
2018-12-24,2018-12-31,sh.603659,璞泰来
2018-12-24,2018-12-31,sh.603712,七一二
2018-12-24,2018-12-31,sh.603766,隆鑫通用
2018-12-24,2018-12-31,sh.603806,福斯特
2018-12-24,2018-12-31,sh.603816,顾家家居
2018-12-24,2018-12-31,sh.603866,桃李面包
2018-12-24,2018-12-31,sh.603868,飞科电器
2018-12-24,2018-12-31,sh.603877,太平鸟
2018-12-24,2018-12-31,sh.603883,老百姓
2018-12-24,2018-12-31,sh.603885,吉祥航空
2018-12-24,2018-12-31,sh.603888,新华网
2018-12-24,2018-12-31,sh.603899,晨光文具
2018-12-24,2018-12-31,sz.000006,深振业A
2018-12-24,2018-12-31,sz.000008,神州高铁
2018-12-24,2018-12-31,sz.000009,中国宝安
2018-12-24,2018-12-31,sz.000012,南玻A
2018-12-24,2018-12-31,sz.000021,深科技
2018-12-24,2018-12-31,sz.000025,特力A
2018-12-24,2018-12-31,sz.000027,深圳能源
2018-12-24,2018-12-31,sz.000028,国药一致
2018-12-24,2018-12-31,sz.000031,中粮地产
2018-12-24,2018-12-31,sz.000039,中集集团
2018-12-24,2018-12-31,sz.000049,德赛电池
2018-12-24,2018-12-31,sz.000060,中金岭南
2018-12-24,2018-12-31,sz.000061,农产品
2018-12-24,2018-12-31,sz.000062,深圳华强
2018-12-24,2018-12-31,sz.000066,中国长城
2018-12-24,2018-12-31,sz.000078,海王生物
2018-12-24,2018-12-31,sz.000089,深圳机场
2018-12-24,2018-12-31,sz.000090,天健集团
2018-12-24,2018-12-31,sz.000156,华数传媒
2018-12-24,2018-12-31,sz.000158,常山北明
2018-12-24,2018-12-31,sz.000400,许继电气
2018-12-24,2018-12-31,sz.000401,冀东水泥
2018-12-24,2018-12-31,sz.000418,小天鹅A
2018-12-24,2018-12-31,sz.000426,兴业矿业
2018-12-24,2018-12-31,sz.000488,晨鸣纸业
2018-12-24,2018-12-31,sz.000501,鄂武商A
2018-12-24,2018-12-31,sz.000513,丽珠集团
2018-12-24,2018-12-31,sz.000519,中兵红箭
2018-12-24,2018-12-31,sz.000528,柳工
2018-12-24,2018-12-31,sz.000536,华映科技
2018-12-24,2018-12-31,sz.000537,广宇发展
2018-12-24,2018-12-31,sz.000541,佛山照明
2018-12-24,2018-12-31,sz.000543,皖能电力
2018-12-24,2018-12-31,sz.000547,航天发展
2018-12-24,2018-12-31,sz.000552,靖远煤电
2018-12-24,2018-12-31,sz.000559,万向钱潮
2018-12-24,2018-12-31,sz.000563,陕国投A
2018-12-24,2018-12-31,sz.000564,供销大集
2018-12-24,2018-12-31,sz.000581,威孚高科
2018-12-24,2018-12-31,sz.000587,金洲慈航
2018-12-24,2018-12-31,sz.000596,古井贡酒
2018-12-24,2018-12-31,sz.000598,兴蓉环境
2018-12-24,2018-12-31,sz.000600,建投能源
2018-12-24,2018-12-31,sz.000612,焦作万方
2018-12-24,2018-12-31,sz.000623,吉林敖东
2018-12-24,2018-12-31,sz.000636,风华高科
2018-12-24,2018-12-31,sz.000656,金科股份
2018-12-24,2018-12-31,sz.000667,美好置业
2018-12-24,2018-12-31,sz.000681,视觉中国
2018-12-24,2018-12-31,sz.000685,中山公用
2018-12-24,2018-12-31,sz.000686,东北证券
2018-12-24,2018-12-31,sz.000690,宝新能源
2018-12-24,2018-12-31,sz.000712,锦龙股份
2018-12-24,2018-12-31,sz.000717,韶钢松山
2018-12-24,2018-12-31,sz.000718,苏宁环球
2018-12-24,2018-12-31,sz.000723,美锦能源
2018-12-24,2018-12-31,sz.000727,华东科技
2018-12-24,2018-12-31,sz.000729,燕京啤酒
2018-12-24,2018-12-31,sz.000732,泰禾集团
2018-12-24,2018-12-31,sz.000738,航发控制
2018-12-24,2018-12-31,sz.000750,国海证券
2018-12-24,2018-12-31,sz.000758,中色股份
2018-12-24,2018-12-31,sz.000761,本钢板材
2018-12-24,2018-12-31,sz.000766,通化金马
2018-12-24,2018-12-31,sz.000778,新兴铸管
2018-12-24,2018-12-31,sz.000807,云铝股份
2018-12-24,2018-12-31,sz.000813,德展健康
2018-12-24,2018-12-31,sz.000829,天音控股
2018-12-24,2018-12-31,sz.000830,鲁西化工
2018-12-24,2018-12-31,sz.000848,承德露露
2018-12-24,2018-12-31,sz.000860,顺鑫农业
2018-12-24,2018-12-31,sz.000877,天山股份
2018-12-24,2018-12-31,sz.000878,云南铜业
2018-12-24,2018-12-31,sz.000887,中鼎股份
2018-12-24,2018-12-31,sz.000926,福星股份
2018-12-24,2018-12-31,sz.000930,中粮生化
2018-12-24,2018-12-31,sz.000932,华菱钢铁
2018-12-24,2018-12-31,sz.000937,冀中能源
2018-12-24,2018-12-31,sz.000960,锡业股份
2018-12-24,2018-12-31,sz.000969,安泰科技
2018-12-24,2018-12-31,sz.000970,中科三环
2018-12-24,2018-12-31,sz.000975,银泰资源
2018-12-24,2018-12-31,sz.000980,众泰汽车
2018-12-24,2018-12-31,sz.000987,越秀金控
2018-12-24,2018-12-31,sz.000988,华工科技
2018-12-24,2018-12-31,sz.000990,诚志股份
2018-12-24,2018-12-31,sz.000997,新大陆
2018-12-24,2018-12-31,sz.000998,隆平高科
2018-12-24,2018-12-31,sz.000999,华润三九
2018-12-24,2018-12-31,sz.002002,鸿达兴业
2018-12-24,2018-12-31,sz.002004,华邦健康
2018-12-24,2018-12-31,sz.002013,中航机电
2018-12-24,2018-12-31,sz.002019,亿帆医药
2018-12-24,2018-12-31,sz.002028,思源电气
2018-12-24,2018-12-31,sz.002030,达安基因
2018-12-24,2018-12-31,sz.002038,双鹭药业
2018-12-24,2018-12-31,sz.002041,登海种业
2018-12-24,2018-12-31,sz.002048,宁波华翔
2018-12-24,2018-12-31,sz.002049,紫光国微
2018-12-24,2018-12-31,sz.002051,中工国际
2018-12-24,2018-12-31,sz.002056,横店东磁
2018-12-24,2018-12-31,sz.002064,华峰氨纶
2018-12-24,2018-12-31,sz.002074,国轩高科
2018-12-24,2018-12-31,sz.002078,太阳纸业
2018-12-24,2018-12-31,sz.002092,中泰化学
2018-12-24,2018-12-31,sz.002093,国脉科技
2018-12-24,2018-12-31,sz.002110,三钢闽光
2018-12-24,2018-12-31,sz.002118,紫鑫药业
2018-12-24,2018-12-31,sz.002127,南极电商
2018-12-24,2018-12-31,sz.002128,露天煤业
2018-12-24,2018-12-31,sz.002129,中环股份
2018-12-24,2018-12-31,sz.002131,利欧股份
2018-12-24,2018-12-31,sz.002147,ST新光
2018-12-24,2018-12-31,sz.002152,广电运通
2018-12-24,2018-12-31,sz.002155,湖南黄金
2018-12-24,2018-12-31,sz.002174,游族网络
2018-12-24,2018-12-31,sz.002176,江特电机
2018-12-24,2018-12-31,sz.002183,怡亚通
2018-12-24,2018-12-31,sz.002191,劲嘉股份
2018-12-24,2018-12-31,sz.002195,二三四五
2018-12-24,2018-12-31,sz.002212,南洋股份
2018-12-24,2018-12-31,sz.002221,东华能源
2018-12-24,2018-12-31,sz.002223,鱼跃医疗
2018-12-24,2018-12-31,sz.002233,塔牌集团
2018-12-24,2018-12-31,sz.002242,九阳股份
2018-12-24,2018-12-31,sz.002244,滨江集团
2018-12-24,2018-12-31,sz.002249,大洋电机
2018-12-24,2018-12-31,sz.002250,联化科技
2018-12-24,2018-12-31,sz.002251,步步高
2018-12-24,2018-12-31,sz.002254,泰和新材
2018-12-24,2018-12-31,sz.002266,浙富控股
2018-12-24,2018-12-31,sz.002268,卫士通
2018-12-24,2018-12-31,sz.002273,水晶光电
2018-12-24,2018-12-31,sz.002276,万马股份
2018-12-24,2018-12-31,sz.002277,友阿股份
2018-12-24,2018-12-31,sz.002280,联络互动
2018-12-24,2018-12-31,sz.002281,光迅科技
2018-12-24,2018-12-31,sz.002285,世联行
2018-12-24,2018-12-31,sz.002299,圣农发展
2018-12-24,2018-12-31,sz.002302,西部建设
2018-12-24,2018-12-31,sz.002308,威创股份
2018-12-24,2018-12-31,sz.002317,众生药业
2018-12-24,2018-12-31,sz.002332,仙琚制药
2018-12-24,2018-12-31,sz.002340,格林美
2018-12-24,2018-12-31,sz.002344,海宁皮城
2018-12-24,2018-12-31,sz.002345,潮宏基
2018-12-24,2018-12-31,sz.002353,杰瑞股份
2018-12-24,2018-12-31,sz.002354,天神娱乐
2018-12-24,2018-12-31,sz.002358,森源电气
2018-12-24,2018-12-31,sz.002359,北讯集团
2018-12-24,2018-12-31,sz.002366,台海核电
2018-12-24,2018-12-31,sz.002368,太极股份
2018-12-24,2018-12-31,sz.002371,北方华创
2018-12-24,2018-12-31,sz.002372,伟星新材
2018-12-24,2018-12-31,sz.002373,千方科技
2018-12-24,2018-12-31,sz.002375,亚厦股份
2018-12-24,2018-12-31,sz.002384,东山精密
2018-12-24,2018-12-31,sz.002385,大北农
2018-12-24,2018-12-31,sz.002390,信邦制药
2018-12-24,2018-12-31,sz.002399,海普瑞
2018-12-24,2018-12-31,sz.002400,省广集团
2018-12-24,2018-12-31,sz.002407,多氟多
2018-12-24,2018-12-31,sz.002408,齐翔腾达
2018-12-24,2018-12-31,sz.002410,广联达
2018-12-24,2018-12-31,sz.002414,高德红外
2018-12-24,2018-12-31,sz.002416,爱施德
2018-12-24,2018-12-31,sz.002424,贵州百灵
2018-12-24,2018-12-31,sz.002426,胜利精密
2018-12-24,2018-12-31,sz.002431,棕榈股份
2018-12-24,2018-12-31,sz.002434,万里扬
2018-12-24,2018-12-31,sz.002437,誉衡药业
2018-12-24,2018-12-31,sz.002439,启明星辰
2018-12-24,2018-12-31,sz.002440,闰土股份
2018-12-24,2018-12-31,sz.002444,巨星科技
2018-12-24,2018-12-31,sz.002463,沪电股份
2018-12-24,2018-12-31,sz.002465,海格通信
2018-12-24,2018-12-31,sz.002470,金正大
2018-12-24,2018-12-31,sz.002477,雏鹰农牧
2018-12-24,2018-12-31,sz.002482,广田集团
2018-12-24,2018-12-31,sz.002489,浙江永强
2018-12-24,2018-12-31,sz.002491,通鼎互联
2018-12-24,2018-12-31,sz.002500,山西证券
2018-12-24,2018-12-31,sz.002503,搜于特
2018-12-24,2018-12-31,sz.002505,大康农业
2018-12-24,2018-12-31,sz.002506,协鑫集成
2018-12-24,2018-12-31,sz.002507,涪陵榨菜
2018-12-24,2018-12-31,sz.002509,天广中茂
2018-12-24,2018-12-31,sz.002512,达华智能
2018-12-24,2018-12-31,sz.002517,恺英网络
2018-12-24,2018-12-31,sz.002544,杰赛科技
2018-12-24,2018-12-31,sz.002563,森马服饰
2018-12-24,2018-12-31,sz.002573,清新环境
2018-12-24,2018-12-31,sz.002583,海能达
2018-12-24,2018-12-31,sz.002588,史丹利
2018-12-24,2018-12-31,sz.002589,瑞康医药
2018-12-24,2018-12-31,sz.002603,以岭药业
2018-12-24,2018-12-31,sz.002635,安洁科技
2018-12-24,2018-12-31,sz.002640,跨境通
2018-12-24,2018-12-31,sz.002642,荣之联
2018-12-24,2018-12-31,sz.002663,普邦股份
2018-12-24,2018-12-31,sz.002665,首航节能
2018-12-24,2018-12-31,sz.002670,国盛金控
2018-12-24,2018-12-31,sz.002672,东江环保
2018-12-24,2018-12-31,sz.002681,奋达科技
2018-12-24,2018-12-31,sz.002690,美亚光电
2018-12-24,2018-12-31,sz.002699,美盛文化
2018-12-24,2018-12-31,sz.002701,奥瑞金
2018-12-24,2018-12-31,sz.002707,众信旅游
2018-12-24,2018-12-31,sz.002709,天赐材料
2018-12-24,2018-12-31,sz.002745,木林森
2018-12-24,2018-12-31,sz.002807,江阴银行
2018-12-24,2018-12-31,sz.002815,崇达技术
2018-12-24,2018-12-31,sz.002818,富森美
2018-12-24,2018-12-31,sz.002831,裕同科技
2018-12-24,2018-12-31,sz.002839,张家港行
2018-12-24,2018-12-31,sz.002916,深南电路
2018-12-24,2018-12-31,sz.002920,德赛西威
2018-12-24,2018-12-31,sz.300001,特锐德
2018-12-24,2018-12-31,sz.300002,神州泰岳
2018-12-24,2018-12-31,sz.300010,立思辰
2018-12-24,2018-12-31,sz.300026,红日药业
2018-12-24,2018-12-31,sz.300027,华谊兄弟
2018-12-24,2018-12-31,sz.300055,万邦达
2018-12-24,2018-12-31,sz.300058,蓝色光标
2018-12-24,2018-12-31,sz.300088,长信科技
2018-12-24,2018-12-31,sz.300113,顺网科技
2018-12-24,2018-12-31,sz.300115,长盈精密
2018-12-24,2018-12-31,sz.300133,华策影视
2018-12-24,2018-12-31,sz.300134,大富科技
2018-12-24,2018-12-31,sz.300146,汤臣倍健
2018-12-24,2018-12-31,sz.300156,神雾环保
2018-12-24,2018-12-31,sz.300159,新研股份
2018-12-24,2018-12-31,sz.300166,东方国信
2018-12-24,2018-12-31,sz.300168,万达信息
2018-12-24,2018-12-31,sz.300182,捷成股份
2018-12-24,2018-12-31,sz.300197,铁汉生态
2018-12-24,2018-12-31,sz.300199,翰宇药业
2018-12-24,2018-12-31,sz.300202,聚龙股份
2018-12-24,2018-12-31,sz.300244,迪安诊断
2018-12-24,2018-12-31,sz.300253,卫宁健康
2018-12-24,2018-12-31,sz.300257,开山股份
2018-12-24,2018-12-31,sz.300266,兴源环境
2018-12-24,2018-12-31,sz.300274,阳光电源
2018-12-24,2018-12-31,sz.300287,飞利信
2018-12-24,2018-12-31,sz.300291,华录百纳
2018-12-24,2018-12-31,sz.300297,蓝盾股份
2018-12-24,2018-12-31,sz.300308,中际旭创
2018-12-24,2018-12-31,sz.300315,掌趣科技
2018-12-24,2018-12-31,sz.300316,晶盛机电
2018-12-24,2018-12-31,sz.300324,旋极信息
2018-12-24,2018-12-31,sz.300347,泰格医药
2018-12-24,2018-12-31,sz.300376,易事特
2018-12-24,2018-12-31,sz.300383,光环新网
2018-12-24,2018-12-31,sz.300413,芒果超媒
2018-12-24,2018-12-31,sz.300418,昆仑万维
2018-12-24,2018-12-31,sz.300450,先导智能
2018-12-24,2018-12-31,sz.300459,金科文化
2019-06-24,2019-06-30,sh.600006,东风汽车
2019-06-24,2019-06-30,sh.600008,首创股份
2019-06-24,2019-06-30,sh.600017,日照港
2019-06-24,2019-06-30,sh.600021,上海电力
2019-06-24,2019-06-30,sh.600022,山东钢铁
2019-06-24,2019-06-30,sh.600026,中远海能
2019-06-24,2019-06-30,sh.600037,歌华有线
2019-06-24,2019-06-30,sh.600039,四川路桥
2019-06-24,2019-06-30,sh.600053,九鼎投资
2019-06-24,2019-06-30,sh.600056,中国医药
2019-06-24,2019-06-30,sh.600058,五矿发展
2019-06-24,2019-06-30,sh.600060,海信电器
2019-06-24,2019-06-30,sh.600062,华润双鹤
2019-06-24,2019-06-30,sh.600064,南京高科
2019-06-24,2019-06-30,sh.600073,上海梅林
2019-06-24,2019-06-30,sh.600079,人福医药
2019-06-24,2019-06-30,sh.600094,大名城
2019-06-24,2019-06-30,sh.600098,广州发展
2019-06-24,2019-06-30,sh.600120,浙江东方
2019-06-24,2019-06-30,sh.600125,铁龙物流
2019-06-24,2019-06-30,sh.600126,杭钢股份
2019-06-24,2019-06-30,sh.600138,中青旅
2019-06-24,2019-06-30,sh.600141,兴发集团
2019-06-24,2019-06-30,sh.600143,金发科技
2019-06-24,2019-06-30,sh.600151,航天机电
2019-06-24,2019-06-30,sh.600155,华创阳安
2019-06-24,2019-06-30,sh.600158,中体产业
2019-06-24,2019-06-30,sh.600160,巨化股份
2019-06-24,2019-06-30,sh.600161,天坛生物
2019-06-24,2019-06-30,sh.600166,福田汽车
2019-06-24,2019-06-30,sh.600167,联美控股
2019-06-24,2019-06-30,sh.600169,太原重工
2019-06-24,2019-06-30,sh.600171,上海贝岭
2019-06-24,2019-06-30,sh.600179,ST安通
2019-06-24,2019-06-30,sh.600183,生益科技
2019-06-24,2019-06-30,sh.600195,中牧股份
2019-06-24,2019-06-30,sh.600201,生物股份
2019-06-24,2019-06-30,sh.600216,浙江医药
2019-06-24,2019-06-30,sh.600258,首旅酒店
2019-06-24,2019-06-30,sh.600259,广晟有色
2019-06-24,2019-06-30,sh.600260,凯乐科技
2019-06-24,2019-06-30,sh.600266,北京城建
2019-06-24,2019-06-30,sh.600267,海正药业
2019-06-24,2019-06-30,sh.600277,亿利洁能
2019-06-24,2019-06-30,sh.600280,中央商场
2019-06-24,2019-06-30,sh.600282,南钢股份
2019-06-24,2019-06-30,sh.600291,西水股份
2019-06-24,2019-06-30,sh.600298,安琪酵母
2019-06-24,2019-06-30,sh.600307,酒钢宏兴
2019-06-24,2019-06-30,sh.600312,平高电气
2019-06-24,2019-06-30,sh.600315,上海家化
2019-06-24,2019-06-30,sh.600316,洪都航空
2019-06-24,2019-06-30,sh.600317,营口港
2019-06-24,2019-06-30,sh.600325,华发股份
2019-06-24,2019-06-30,sh.600329,中新药业
2019-06-24,2019-06-30,sh.600335,国机汽车
2019-06-24,2019-06-30,sh.600338,西藏珠峰
2019-06-24,2019-06-30,sh.600348,阳泉煤业
2019-06-24,2019-06-30,sh.600350,山东高速
2019-06-24,2019-06-30,sh.600373,中文传媒
2019-06-24,2019-06-30,sh.600376,首开股份
2019-06-24,2019-06-30,sh.600380,健康元
2019-06-24,2019-06-30,sh.600388,龙净环保
2019-06-24,2019-06-30,sh.600392,盛和资源
2019-06-24,2019-06-30,sh.600393,粤泰股份
2019-06-24,2019-06-30,sh.600409,三友化工
2019-06-24,2019-06-30,sh.600410,华胜天成
2019-06-24,2019-06-30,sh.600416,湘电股份
2019-06-24,2019-06-30,sh.600418,江淮汽车
2019-06-24,2019-06-30,sh.600426,华鲁恒升
2019-06-24,2019-06-30,sh.600428,中远海特
2019-06-24,2019-06-30,sh.600435,北方导航
2019-06-24,2019-06-30,sh.600458,时代新材
2019-06-24,2019-06-30,sh.600460,士兰微
2019-06-24,2019-06-30,sh.600466,蓝光发展
2019-06-24,2019-06-30,sh.600478,科力远
2019-06-24,2019-06-30,sh.600486,扬农化工
2019-06-24,2019-06-30,sh.600497,驰宏锌锗
2019-06-24,2019-06-30,sh.600499,科达洁能
2019-06-24,2019-06-30,sh.600500,中化国际
2019-06-24,2019-06-30,sh.600507,方大特钢
2019-06-24,2019-06-30,sh.600511,国药股份
2019-06-24,2019-06-30,sh.600515,海航基础
2019-06-24,2019-06-30,sh.600521,华海药业
2019-06-24,2019-06-30,sh.600525,长园集团
2019-06-24,2019-06-30,sh.600528,中铁工业
2019-06-24,2019-06-30,sh.600536,中国软件
2019-06-24,2019-06-30,sh.600545,卓郎智能
2019-06-24,2019-06-30,sh.600549,厦门钨业
2019-06-24,2019-06-30,sh.600557,康缘药业
2019-06-24,2019-06-30,sh.600563,法拉电子
2019-06-24,2019-06-30,sh.600565,迪马股份
2019-06-24,2019-06-30,sh.600567,山鹰纸业
2019-06-24,2019-06-30,sh.600572,康恩贝
2019-06-24,2019-06-30,sh.600575,皖江物流
2019-06-24,2019-06-30,sh.600580,卧龙电驱
2019-06-24,2019-06-30,sh.600582,天地科技
2019-06-24,2019-06-30,sh.600584,长电科技
2019-06-24,2019-06-30,sh.600597,光明乳业
2019-06-24,2019-06-30,sh.600598,北大荒
2019-06-24,2019-06-30,sh.600611,大众交通
2019-06-24,2019-06-30,sh.600623,华谊集团
2019-06-24,2019-06-30,sh.600633,浙数文化
2019-06-24,2019-06-30,sh.600639,浦东金桥
2019-06-24,2019-06-30,sh.600640,号百控股
2019-06-24,2019-06-30,sh.600642,申能股份
2019-06-24,2019-06-30,sh.600643,爱建集团
2019-06-24,2019-06-30,sh.600645,中源协和
2019-06-24,2019-06-30,sh.600648,外高桥
2019-06-24,2019-06-30,sh.600649,城投控股
2019-06-24,2019-06-30,sh.600657,信达地产
2019-06-24,2019-06-30,sh.600664,哈药股份
2019-06-24,2019-06-30,sh.600673,东阳光
2019-06-24,2019-06-30,sh.600694,大商股份
2019-06-24,2019-06-30,sh.600699,均胜电子
2019-06-24,2019-06-30,sh.600707,彩虹股份
2019-06-24,2019-06-30,sh.600717,天津港
2019-06-24,2019-06-30,sh.600718,东软集团
2019-06-24,2019-06-30,sh.600729,重庆百货
2019-06-24,2019-06-30,sh.600737,中粮糖业
2019-06-24,2019-06-30,sh.600739,辽宁成大
2019-06-24,2019-06-30,sh.600745,闻泰科技
2019-06-24,2019-06-30,sh.600748,上实发展
2019-06-24,2019-06-30,sh.600750,江中药业
2019-06-24,2019-06-30,sh.600751,海航科技
2019-06-24,2019-06-30,sh.600754,锦江股份
2019-06-24,2019-06-30,sh.600755,厦门国贸
2019-06-24,2019-06-30,sh.600757,长江传媒
2019-06-24,2019-06-30,sh.600759,洲际油气
2019-06-24,2019-06-30,sh.600763,通策医疗
2019-06-24,2019-06-30,sh.600765,中航重机
2019-06-24,2019-06-30,sh.600770,综艺股份
2019-06-24,2019-06-30,sh.600777,新潮能源
2019-06-24,2019-06-30,sh.600779,水井坊
2019-06-24,2019-06-30,sh.600782,新钢股份
2019-06-24,2019-06-30,sh.600787,中储股份
2019-06-24,2019-06-30,sh.600801,华新水泥
2019-06-24,2019-06-30,sh.600804,鹏博士
2019-06-24,2019-06-30,sh.600808,马钢股份
2019-06-24,2019-06-30,sh.600811,东方集团
2019-06-24,2019-06-30,sh.600820,隧道股份
2019-06-24,2019-06-30,sh.600823,世茂股份
2019-06-24,2019-06-30,sh.600827,百联股份
2019-06-24,2019-06-30,sh.600835,上海机电
2019-06-24,2019-06-30,sh.600839,四川长虹
2019-06-24,2019-06-30,sh.600845,宝信软件
2019-06-24,2019-06-30,sh.600848,上海临港
2019-06-24,2019-06-30,sh.600859,王府井
2019-06-24,2019-06-30,sh.600862,中航高科
2019-06-24,2019-06-30,sh.600863,内蒙华电
2019-06-24,2019-06-30,sh.600869,智慧能源
2019-06-24,2019-06-30,sh.600872,中炬高新
2019-06-24,2019-06-30,sh.600874,创业环保
2019-06-24,2019-06-30,sh.600875,东方电气
2019-06-24,2019-06-30,sh.600879,航天电子
2019-06-24,2019-06-30,sh.600881,亚泰集团
2019-06-24,2019-06-30,sh.600884,杉杉股份
2019-06-24,2019-06-30,sh.600885,宏发股份
2019-06-24,2019-06-30,sh.600895,张江高科
2019-06-24,2019-06-30,sh.600901,江苏租赁
2019-06-24,2019-06-30,sh.600903,贵州燃气
2019-06-24,2019-06-30,sh.600908,无锡银行
2019-06-24,2019-06-30,sh.600909,华安证券
2019-06-24,2019-06-30,sh.600917,重庆燃气
2019-06-24,2019-06-30,sh.600939,重庆建工
2019-06-24,2019-06-30,sh.600959,江苏有线
2019-06-24,2019-06-30,sh.600967,内蒙一机
2019-06-24,2019-06-30,sh.600970,中材国际
2019-06-24,2019-06-30,sh.600971,恒源煤电
2019-06-24,2019-06-30,sh.600978,宜华生活
2019-06-24,2019-06-30,sh.600985,淮北矿业
2019-06-24,2019-06-30,sh.600993,马应龙
2019-06-24,2019-06-30,sh.600996,贵广网络
2019-06-24,2019-06-30,sh.601000,唐山港
2019-06-24,2019-06-30,sh.601001,大同煤业
2019-06-24,2019-06-30,sh.601003,柳钢股份
2019-06-24,2019-06-30,sh.601005,重庆钢铁
2019-06-24,2019-06-30,sh.601016,节能风电
2019-06-24,2019-06-30,sh.601019,山东出版
2019-06-24,2019-06-30,sh.601068,中铝国际
2019-06-24,2019-06-30,sh.601098,中南传媒
2019-06-24,2019-06-30,sh.601100,恒立液压
2019-06-24,2019-06-30,sh.601106,中国一重
2019-06-24,2019-06-30,sh.601118,海南橡胶
2019-06-24,2019-06-30,sh.601127,小康股份
2019-06-24,2019-06-30,sh.601128,常熟银行
2019-06-24,2019-06-30,sh.601139,深圳燃气
2019-06-24,2019-06-30,sh.601168,西部矿业
2019-06-24,2019-06-30,sh.601179,中国西电
2019-06-24,2019-06-30,sh.601200,上海环境
2019-06-24,2019-06-30,sh.601231,环旭电子
2019-06-24,2019-06-30,sh.601311,骆驼股份
2019-06-24,2019-06-30,sh.601326,秦港股份
2019-06-24,2019-06-30,sh.601333,广深铁路
2019-06-24,2019-06-30,sh.601608,中信重工
2019-06-24,2019-06-30,sh.601611,中国核建
2019-06-24,2019-06-30,sh.601615,明阳智能
2019-06-24,2019-06-30,sh.601678,滨化股份
2019-06-24,2019-06-30,sh.601689,拓普集团
2019-06-24,2019-06-30,sh.601699,潞安环能
2019-06-24,2019-06-30,sh.601717,郑煤机
2019-06-24,2019-06-30,sh.601718,际华集团
2019-06-24,2019-06-30,sh.601777,力帆股份
2019-06-24,2019-06-30,sh.601801,皖新传媒
2019-06-24,2019-06-30,sh.601811,新华文轩
2019-06-24,2019-06-30,sh.601866,中远海发
2019-06-24,2019-06-30,sh.601869,长飞光纤
2019-06-24,2019-06-30,sh.601872,招商轮船
2019-06-24,2019-06-30,sh.601880,大连港
2019-06-24,2019-06-30,sh.601928,凤凰传媒
2019-06-24,2019-06-30,sh.601958,金钼股份
2019-06-24,2019-06-30,sh.601966,玲珑轮胎
2019-06-24,2019-06-30,sh.601969,海南矿业
2019-06-24,2019-06-30,sh.603000,人民网
2019-06-24,2019-06-30,sh.603025,大豪科技
2019-06-24,2019-06-30,sh.603056,德邦股份
2019-06-24,2019-06-30,sh.603077,和邦生物
2019-06-24,2019-06-30,sh.603198,迎驾贡酒
2019-06-24,2019-06-30,sh.603225,新凤鸣
2019-06-24,2019-06-30,sh.603228,景旺电子
2019-06-24,2019-06-30,sh.603233,大参林
2019-06-24,2019-06-30,sh.603328,依顿电子
2019-06-24,2019-06-30,sh.603355,莱克电气
2019-06-24,2019-06-30,sh.603369,今世缘
2019-06-24,2019-06-30,sh.603377,东方时尚
2019-06-24,2019-06-30,sh.603444,吉比特
2019-06-24,2019-06-30,sh.603486,科沃斯
2019-06-24,2019-06-30,sh.603501,韦尔股份
2019-06-24,2019-06-30,sh.603515,欧普照明
2019-06-24,2019-06-30,sh.603517,绝味食品
2019-06-24,2019-06-30,sh.603556,海兴电力
2019-06-24,2019-06-30,sh.603568,伟明环保
2019-06-24,2019-06-30,sh.603569,长久物流
2019-06-24,2019-06-30,sh.603650,彤程新材
2019-06-24,2019-06-30,sh.603659,璞泰来
2019-06-24,2019-06-30,sh.603712,七一二
2019-06-24,2019-06-30,sh.603766,隆鑫通用
2019-06-24,2019-06-30,sh.603806,福斯特
2019-06-24,2019-06-30,sh.603816,顾家家居
2019-06-24,2019-06-30,sh.603866,桃李面包
2019-06-24,2019-06-30,sh.603868,飞科电器
2019-06-24,2019-06-30,sh.603877,太平鸟
2019-06-24,2019-06-30,sh.603883,老百姓
2019-06-24,2019-06-30,sh.603885,吉祥航空
2019-06-24,2019-06-30,sh.603888,新华网
2019-06-24,2019-06-30,sh.603939,益丰药房
2019-06-24,2019-06-30,sz.000006,深振业A
2019-06-24,2019-06-30,sz.000008,神州高铁
2019-06-24,2019-06-30,sz.000009,中国宝安
2019-06-24,2019-06-30,sz.000012,南玻A
2019-06-24,2019-06-30,sz.000021,深科技
2019-06-24,2019-06-30,sz.000025,特力A
2019-06-24,2019-06-30,sz.000027,深圳能源
2019-06-24,2019-06-30,sz.000028,国药一致
2019-06-24,2019-06-30,sz.000031,大悦城
2019-06-24,2019-06-30,sz.000039,中集集团
2019-06-24,2019-06-30,sz.000060,中金岭南
2019-06-24,2019-06-30,sz.000061,农产品
2019-06-24,2019-06-30,sz.000062,深圳华强
2019-06-24,2019-06-30,sz.000066,中国长城
2019-06-24,2019-06-30,sz.000078,海王生物
2019-06-24,2019-06-30,sz.000089,深圳机场
2019-06-24,2019-06-30,sz.000090,天健集团
2019-06-24,2019-06-30,sz.000156,华数传媒
2019-06-24,2019-06-30,sz.000158,常山北明
2019-06-24,2019-06-30,sz.000301,东方盛虹
2019-06-24,2019-06-30,sz.000400,许继电气
2019-06-24,2019-06-30,sz.000401,冀东水泥
2019-06-24,2019-06-30,sz.000426,兴业矿业
2019-06-24,2019-06-30,sz.000488,晨鸣纸业
2019-06-24,2019-06-30,sz.000501,鄂武商A
2019-06-24,2019-06-30,sz.000513,丽珠集团
2019-06-24,2019-06-30,sz.000519,中兵红箭
2019-06-24,2019-06-30,sz.000528,柳工
2019-06-24,2019-06-30,sz.000536,华映科技
2019-06-24,2019-06-30,sz.000537,广宇发展
2019-06-24,2019-06-30,sz.000541,佛山照明
2019-06-24,2019-06-30,sz.000543,皖能电力
2019-06-24,2019-06-30,sz.000547,航天发展
2019-06-24,2019-06-30,sz.000552,靖远煤电
2019-06-24,2019-06-30,sz.000559,万向钱潮
2019-06-24,2019-06-30,sz.000563,陕国投A
2019-06-24,2019-06-30,sz.000564,供销大集
2019-06-24,2019-06-30,sz.000581,威孚高科
2019-06-24,2019-06-30,sz.000587,金洲慈航
2019-06-24,2019-06-30,sz.000598,兴蓉环境
2019-06-24,2019-06-30,sz.000600,建投能源
2019-06-24,2019-06-30,sz.000623,吉林敖东
2019-06-24,2019-06-30,sz.000636,风华高科
2019-06-24,2019-06-30,sz.000681,视觉中国
2019-06-24,2019-06-30,sz.000685,中山公用
2019-06-24,2019-06-30,sz.000686,东北证券
2019-06-24,2019-06-30,sz.000690,宝新能源
2019-06-24,2019-06-30,sz.000712,锦龙股份
2019-06-24,2019-06-30,sz.000717,韶钢松山
2019-06-24,2019-06-30,sz.000718,苏宁环球
2019-06-24,2019-06-30,sz.000723,美锦能源
2019-06-24,2019-06-30,sz.000727,华东科技
2019-06-24,2019-06-30,sz.000729,燕京啤酒
2019-06-24,2019-06-30,sz.000732,泰禾集团
2019-06-24,2019-06-30,sz.000738,航发控制
2019-06-24,2019-06-30,sz.000750,国海证券
2019-06-24,2019-06-30,sz.000758,中色股份
2019-06-24,2019-06-30,sz.000761,本钢板材
2019-06-24,2019-06-30,sz.000766,通化金马
2019-06-24,2019-06-30,sz.000778,新兴铸管
2019-06-24,2019-06-30,sz.000807,云铝股份
2019-06-24,2019-06-30,sz.000813,德展健康
2019-06-24,2019-06-30,sz.000826,启迪桑德
2019-06-24,2019-06-30,sz.000829,天音控股
2019-06-24,2019-06-30,sz.000830,鲁西化工
2019-06-24,2019-06-30,sz.000848,承德露露
2019-06-24,2019-06-30,sz.000860,顺鑫农业
2019-06-24,2019-06-30,sz.000869,张裕A
2019-06-24,2019-06-30,sz.000877,天山股份
2019-06-24,2019-06-30,sz.000878,云南铜业
2019-06-24,2019-06-30,sz.000883,湖北能源
2019-06-24,2019-06-30,sz.000887,中鼎股份
2019-06-24,2019-06-30,sz.000926,福星股份
2019-06-24,2019-06-30,sz.000930,中粮生化
2019-06-24,2019-06-30,sz.000932,华菱钢铁
2019-06-24,2019-06-30,sz.000937,冀中能源
2019-06-24,2019-06-30,sz.000959,首钢股份
2019-06-24,2019-06-30,sz.000960,锡业股份
2019-06-24,2019-06-30,sz.000970,中科三环
2019-06-24,2019-06-30,sz.000975,银泰资源
2019-06-24,2019-06-30,sz.000980,众泰汽车
2019-06-24,2019-06-30,sz.000983,西山煤电
2019-06-24,2019-06-30,sz.000987,越秀金控
2019-06-24,2019-06-30,sz.000988,华工科技
2019-06-24,2019-06-30,sz.000990,诚志股份
2019-06-24,2019-06-30,sz.000997,新大陆
2019-06-24,2019-06-30,sz.000998,隆平高科
2019-06-24,2019-06-30,sz.000999,华润三九
2019-06-24,2019-06-30,sz.002002,鸿达兴业
2019-06-24,2019-06-30,sz.002004,华邦健康
2019-06-24,2019-06-30,sz.002019,亿帆医药
2019-06-24,2019-06-30,sz.002028,思源电气
2019-06-24,2019-06-30,sz.002030,达安基因
2019-06-24,2019-06-30,sz.002038,双鹭药业
2019-06-24,2019-06-30,sz.002048,宁波华翔
2019-06-24,2019-06-30,sz.002049,紫光国微
2019-06-24,2019-06-30,sz.002051,中工国际
2019-06-24,2019-06-30,sz.002056,横店东磁
2019-06-24,2019-06-30,sz.002064,华峰氨纶
2019-06-24,2019-06-30,sz.002074,国轩高科
2019-06-24,2019-06-30,sz.002075,沙钢股份
2019-06-24,2019-06-30,sz.002078,太阳纸业
2019-06-24,2019-06-30,sz.002085,万丰奥威
2019-06-24,2019-06-30,sz.002092,中泰化学
2019-06-24,2019-06-30,sz.002093,国脉科技
2019-06-24,2019-06-30,sz.002110,三钢闽光
2019-06-24,2019-06-30,sz.002118,紫鑫药业
2019-06-24,2019-06-30,sz.002127,南极电商
2019-06-24,2019-06-30,sz.002128,露天煤业
2019-06-24,2019-06-30,sz.002129,中环股份
2019-06-24,2019-06-30,sz.002131,利欧股份
2019-06-24,2019-06-30,sz.002152,广电运通
2019-06-24,2019-06-30,sz.002155,湖南黄金
2019-06-24,2019-06-30,sz.002157,正邦科技
2019-06-24,2019-06-30,sz.002174,游族网络
2019-06-24,2019-06-30,sz.002176,江特电机
2019-06-24,2019-06-30,sz.002183,怡亚通
2019-06-24,2019-06-30,sz.002191,劲嘉股份
2019-06-24,2019-06-30,sz.002195,二三四五
2019-06-24,2019-06-30,sz.002212,南洋股份
2019-06-24,2019-06-30,sz.002217,合力泰
2019-06-24,2019-06-30,sz.002221,东华能源
2019-06-24,2019-06-30,sz.002223,鱼跃医疗
2019-06-24,2019-06-30,sz.002233,塔牌集团
2019-06-24,2019-06-30,sz.002242,九阳股份
2019-06-24,2019-06-30,sz.002244,滨江集团
2019-06-24,2019-06-30,sz.002249,大洋电机
2019-06-24,2019-06-30,sz.002250,联化科技
2019-06-24,2019-06-30,sz.002251,步步高
2019-06-24,2019-06-30,sz.002254,泰和新材
2019-06-24,2019-06-30,sz.002266,浙富控股
2019-06-24,2019-06-30,sz.002268,卫士通
2019-06-24,2019-06-30,sz.002273,水晶光电
2019-06-24,2019-06-30,sz.002280,联络互动
2019-06-24,2019-06-30,sz.002281,光迅科技
2019-06-24,2019-06-30,sz.002285,世联行
2019-06-24,2019-06-30,sz.002299,圣农发展
2019-06-24,2019-06-30,sz.002302,西部建设
2019-06-24,2019-06-30,sz.002317,众生药业
2019-06-24,2019-06-30,sz.002332,仙琚制药
2019-06-24,2019-06-30,sz.002340,格林美
2019-06-24,2019-06-30,sz.002344,海宁皮城
2019-06-24,2019-06-30,sz.002353,杰瑞股份
2019-06-24,2019-06-30,sz.002358,森源电气
2019-06-24,2019-06-30,sz.002366,台海核电
2019-06-24,2019-06-30,sz.002368,太极股份
2019-06-24,2019-06-30,sz.002371,北方华创
2019-06-24,2019-06-30,sz.002372,伟星新材
2019-06-24,2019-06-30,sz.002373,千方科技
2019-06-24,2019-06-30,sz.002375,亚厦股份
2019-06-24,2019-06-30,sz.002382,蓝帆医疗
2019-06-24,2019-06-30,sz.002384,东山精密
2019-06-24,2019-06-30,sz.002385,大北农
2019-06-24,2019-06-30,sz.002387,维信诺
2019-06-24,2019-06-30,sz.002390,信邦制药
2019-06-24,2019-06-30,sz.002399,海普瑞
2019-06-24,2019-06-30,sz.002405,四维图新
2019-06-24,2019-06-30,sz.002407,多氟多
2019-06-24,2019-06-30,sz.002408,齐翔腾达
2019-06-24,2019-06-30,sz.002414,高德红外
2019-06-24,2019-06-30,sz.002416,爱施德
2019-06-24,2019-06-30,sz.002419,天虹股份
2019-06-24,2019-06-30,sz.002424,贵州百灵
2019-06-24,2019-06-30,sz.002426,胜利精密
2019-06-24,2019-06-30,sz.002431,棕榈股份
2019-06-24,2019-06-30,sz.002434,万里扬
2019-06-24,2019-06-30,sz.002437,誉衡药业
2019-06-24,2019-06-30,sz.002439,启明星辰
2019-06-24,2019-06-30,sz.002440,闰土股份
2019-06-24,2019-06-30,sz.002444,巨星科技
2019-06-24,2019-06-30,sz.002463,沪电股份
2019-06-24,2019-06-30,sz.002465,海格通信
2019-06-24,2019-06-30,sz.002470,金正大
2019-06-24,2019-06-30,sz.002482,广田集团
2019-06-24,2019-06-30,sz.002489,浙江永强
2019-06-24,2019-06-30,sz.002491,通鼎互联
2019-06-24,2019-06-30,sz.002500,山西证券
2019-06-24,2019-06-30,sz.002503,搜于特
2019-06-24,2019-06-30,sz.002505,大康农业
2019-06-24,2019-06-30,sz.002506,协鑫集成
2019-06-24,2019-06-30,sz.002507,涪陵榨菜
2019-06-24,2019-06-30,sz.002509,天广中茂
2019-06-24,2019-06-30,sz.002512,达华智能
2019-06-24,2019-06-30,sz.002517,恺英网络
2019-06-24,2019-06-30,sz.002544,杰赛科技
2019-06-24,2019-06-30,sz.002572,索菲亚
2019-06-24,2019-06-30,sz.002573,清新环境
2019-06-24,2019-06-30,sz.002583,海能达
2019-06-24,2019-06-30,sz.002589,瑞康医药
2019-06-24,2019-06-30,sz.002603,以岭药业
2019-06-24,2019-06-30,sz.002607,中公教育
2019-06-24,2019-06-30,sz.002635,安洁科技
2019-06-24,2019-06-30,sz.002640,跨境通
2019-06-24,2019-06-30,sz.002665,首航节能
2019-06-24,2019-06-30,sz.002670,国盛金控
2019-06-24,2019-06-30,sz.002672,东江环保
2019-06-24,2019-06-30,sz.002681,奋达科技
2019-06-24,2019-06-30,sz.002690,美亚光电
2019-06-24,2019-06-30,sz.002699,美盛文化
2019-06-24,2019-06-30,sz.002701,奥瑞金
2019-06-24,2019-06-30,sz.002707,众信旅游
2019-06-24,2019-06-30,sz.002709,天赐材料
2019-06-24,2019-06-30,sz.002745,木林森
2019-06-24,2019-06-30,sz.002797,第一创业
2019-06-24,2019-06-30,sz.002807,江阴银行
2019-06-24,2019-06-30,sz.002812,恩捷股份
2019-06-24,2019-06-30,sz.002815,崇达技术
2019-06-24,2019-06-30,sz.002818,富森美
2019-06-24,2019-06-30,sz.002821,凯莱英
2019-06-24,2019-06-30,sz.002831,裕同科技
2019-06-24,2019-06-30,sz.002839,张家港行
2019-06-24,2019-06-30,sz.002916,深南电路
2019-06-24,2019-06-30,sz.002920,德赛西威
2019-06-24,2019-06-30,sz.002926,华西证券
2019-06-24,2019-06-30,sz.002936,郑州银行
2019-06-24,2019-06-30,sz.002941,新疆交建
2019-06-24,2019-06-30,sz.002946,新乳业
2019-06-24,2019-06-30,sz.002948,青岛银行
2019-06-24,2019-06-30,sz.300001,特锐德
2019-06-24,2019-06-30,sz.300002,神州泰岳
2019-06-24,2019-06-30,sz.300009,安科生物
2019-06-24,2019-06-30,sz.300010,立思辰
2019-06-24,2019-06-30,sz.300026,红日药业
2019-06-24,2019-06-30,sz.300027,华谊兄弟
2019-06-24,2019-06-30,sz.300055,万邦达
2019-06-24,2019-06-30,sz.300058,蓝色光标
2019-06-24,2019-06-30,sz.300088,长信科技
2019-06-24,2019-06-30,sz.300113,顺网科技
2019-06-24,2019-06-30,sz.300115,长盈精密
2019-06-24,2019-06-30,sz.300133,华策影视
2019-06-24,2019-06-30,sz.300134,大富科技
2019-06-24,2019-06-30,sz.300159,新研股份
2019-06-24,2019-06-30,sz.300166,东方国信
2019-06-24,2019-06-30,sz.300168,万达信息
2019-06-24,2019-06-30,sz.300182,捷成股份
2019-06-24,2019-06-30,sz.300197,铁汉生态
2019-06-24,2019-06-30,sz.300199,翰宇药业
2019-06-24,2019-06-30,sz.300207,欣旺达
2019-06-24,2019-06-30,sz.300244,迪安诊断
2019-06-24,2019-06-30,sz.300253,卫宁健康
2019-06-24,2019-06-30,sz.300257,开山股份
2019-06-24,2019-06-30,sz.300266,兴源环境
2019-06-24,2019-06-30,sz.300274,阳光电源
2019-06-24,2019-06-30,sz.300287,飞利信
2019-06-24,2019-06-30,sz.300297,蓝盾股份
2019-06-24,2019-06-30,sz.300308,中际旭创
2019-06-24,2019-06-30,sz.300315,掌趣科技
2019-06-24,2019-06-30,sz.300316,晶盛机电
2019-06-24,2019-06-30,sz.300324,旋极信息
2019-06-24,2019-06-30,sz.300376,易事特
2019-06-24,2019-06-30,sz.300383,光环新网
2019-06-24,2019-06-30,sz.300418,昆仑万维
2019-06-24,2019-06-30,sz.300450,先导智能
2019-06-24,2019-06-30,sz.300459,金科文化
2019-12-30,2019-12-31,sh.600006,东风汽车
2019-12-30,2019-12-31,sh.600008,首创股份
2019-12-30,2019-12-31,sh.600017,日照港
2019-12-30,2019-12-31,sh.600021,上海电力
2019-12-30,2019-12-31,sh.600022,山东钢铁
2019-12-30,2019-12-31,sh.600026,中远海能
2019-12-30,2019-12-31,sh.600037,歌华有线
2019-12-30,2019-12-31,sh.600039,四川路桥
2019-12-30,2019-12-31,sh.600053,九鼎投资
2019-12-30,2019-12-31,sh.600056,中国医药
2019-12-30,2019-12-31,sh.600058,五矿发展
2019-12-30,2019-12-31,sh.600060,海信视像
2019-12-30,2019-12-31,sh.600062,华润双鹤
2019-12-30,2019-12-31,sh.600064,南京高科
2019-12-30,2019-12-31,sh.600073,上海梅林
2019-12-30,2019-12-31,sh.600079,人福医药
2019-12-30,2019-12-31,sh.600094,大名城
2019-12-30,2019-12-31,sh.600098,广州发展
2019-12-30,2019-12-31,sh.600120,浙江东方
2019-12-30,2019-12-31,sh.600125,铁龙物流
2019-12-30,2019-12-31,sh.600126,杭钢股份
2019-12-30,2019-12-31,sh.600132,重庆啤酒
2019-12-30,2019-12-31,sh.600138,中青旅
2019-12-30,2019-12-31,sh.600141,兴发集团
2019-12-30,2019-12-31,sh.600143,金发科技
2019-12-30,2019-12-31,sh.600150,中国船舶
2019-12-30,2019-12-31,sh.600155,华创阳安
2019-12-30,2019-12-31,sh.600158,中体产业
2019-12-30,2019-12-31,sh.600160,巨化股份
2019-12-30,2019-12-31,sh.600161,天坛生物
2019-12-30,2019-12-31,sh.600166,福田汽车
2019-12-30,2019-12-31,sh.600167,联美控股
2019-12-30,2019-12-31,sh.600171,上海贝岭
2019-12-30,2019-12-31,sh.600195,中牧股份
2019-12-30,2019-12-31,sh.600201,生物股份
2019-12-30,2019-12-31,sh.600216,浙江医药
2019-12-30,2019-12-31,sh.600256,广汇能源
2019-12-30,2019-12-31,sh.600258,首旅酒店
2019-12-30,2019-12-31,sh.600259,广晟有色
2019-12-30,2019-12-31,sh.600260,凯乐科技
2019-12-30,2019-12-31,sh.600266,城建发展
2019-12-30,2019-12-31,sh.600273,嘉化能源
2019-12-30,2019-12-31,sh.600277,亿利洁能
2019-12-30,2019-12-31,sh.600282,南钢股份
2019-12-30,2019-12-31,sh.600291,西水股份
2019-12-30,2019-12-31,sh.600298,安琪酵母
2019-12-30,2019-12-31,sh.600307,酒钢宏兴
2019-12-30,2019-12-31,sh.600312,平高电气
2019-12-30,2019-12-31,sh.600315,上海家化
2019-12-30,2019-12-31,sh.600316,洪都航空
2019-12-30,2019-12-31,sh.600317,营口港
2019-12-30,2019-12-31,sh.600325,华发股份
2019-12-30,2019-12-31,sh.600329,中新药业
2019-12-30,2019-12-31,sh.600335,国机汽车
2019-12-30,2019-12-31,sh.600338,西藏珠峰
2019-12-30,2019-12-31,sh.600339,中油工程
2019-12-30,2019-12-31,sh.600348,阳泉煤业
2019-12-30,2019-12-31,sh.600350,山东高速
2019-12-30,2019-12-31,sh.600373,中文传媒
2019-12-30,2019-12-31,sh.600376,首开股份
2019-12-30,2019-12-31,sh.600380,健康元
2019-12-30,2019-12-31,sh.600388,龙净环保
2019-12-30,2019-12-31,sh.600392,盛和资源
2019-12-30,2019-12-31,sh.600409,三友化工
2019-12-30,2019-12-31,sh.600410,华胜天成
2019-12-30,2019-12-31,sh.600415,小商品城
2019-12-30,2019-12-31,sh.600418,江淮汽车
2019-12-30,2019-12-31,sh.600426,华鲁恒升
2019-12-30,2019-12-31,sh.600428,中远海特
2019-12-30,2019-12-31,sh.600435,北方导航
2019-12-30,2019-12-31,sh.600446,金证股份
2019-12-30,2019-12-31,sh.600460,士兰微
2019-12-30,2019-12-31,sh.600466,蓝光发展
2019-12-30,2019-12-31,sh.600478,科力远
2019-12-30,2019-12-31,sh.600486,扬农化工
2019-12-30,2019-12-31,sh.600497,驰宏锌锗
2019-12-30,2019-12-31,sh.600499,科达洁能
2019-12-30,2019-12-31,sh.600500,中化国际
2019-12-30,2019-12-31,sh.600507,方大特钢
2019-12-30,2019-12-31,sh.600511,国药股份
2019-12-30,2019-12-31,sh.600515,海航基础
2019-12-30,2019-12-31,sh.600521,华海药业
2019-12-30,2019-12-31,sh.600528,中铁工业
2019-12-30,2019-12-31,sh.600536,中国软件
2019-12-30,2019-12-31,sh.600545,卓郎智能
2019-12-30,2019-12-31,sh.600549,厦门钨业
2019-12-30,2019-12-31,sh.600557,康缘药业
2019-12-30,2019-12-31,sh.600563,法拉电子
2019-12-30,2019-12-31,sh.600565,迪马股份
2019-12-30,2019-12-31,sh.600567,山鹰纸业
2019-12-30,2019-12-31,sh.600572,康恩贝
2019-12-30,2019-12-31,sh.600575,淮河能源
2019-12-30,2019-12-31,sh.600580,卧龙电驱
2019-12-30,2019-12-31,sh.600582,天地科技
2019-12-30,2019-12-31,sh.600584,长电科技
2019-12-30,2019-12-31,sh.600597,光明乳业
2019-12-30,2019-12-31,sh.600598,北大荒
2019-12-30,2019-12-31,sh.600623,华谊集团
2019-12-30,2019-12-31,sh.600633,浙数文化
2019-12-30,2019-12-31,sh.600639,浦东金桥
2019-12-30,2019-12-31,sh.600640,号百控股
2019-12-30,2019-12-31,sh.600642,申能股份
2019-12-30,2019-12-31,sh.600643,爱建集团
2019-12-30,2019-12-31,sh.600645,中源协和
2019-12-30,2019-12-31,sh.600648,外高桥
2019-12-30,2019-12-31,sh.600649,城投控股
2019-12-30,2019-12-31,sh.600657,信达地产
2019-12-30,2019-12-31,sh.600664,哈药股份
2019-12-30,2019-12-31,sh.600673,东阳光
2019-12-30,2019-12-31,sh.600694,大商股份
2019-12-30,2019-12-31,sh.600699,均胜电子
2019-12-30,2019-12-31,sh.600704,物产中大
2019-12-30,2019-12-31,sh.600707,彩虹股份
2019-12-30,2019-12-31,sh.600717,天津港
2019-12-30,2019-12-31,sh.600718,东软集团
2019-12-30,2019-12-31,sh.600728,佳都科技
2019-12-30,2019-12-31,sh.600729,重庆百货
2019-12-30,2019-12-31,sh.600737,中粮糖业
2019-12-30,2019-12-31,sh.600739,辽宁成大
2019-12-30,2019-12-31,sh.600745,闻泰科技
2019-12-30,2019-12-31,sh.600748,上实发展
2019-12-30,2019-12-31,sh.600751,海航科技
2019-12-30,2019-12-31,sh.600754,锦江酒店
2019-12-30,2019-12-31,sh.600755,厦门国贸
2019-12-30,2019-12-31,sh.600757,长江传媒
2019-12-30,2019-12-31,sh.600759,洲际油气
2019-12-30,2019-12-31,sh.600763,通策医疗
2019-12-30,2019-12-31,sh.600765,中航重机
2019-12-30,2019-12-31,sh.600770,综艺股份
2019-12-30,2019-12-31,sh.600776,东方通信
2019-12-30,2019-12-31,sh.600777,新潮能源
2019-12-30,2019-12-31,sh.600779,水井坊
2019-12-30,2019-12-31,sh.600782,新钢股份
2019-12-30,2019-12-31,sh.600787,中储股份
2019-12-30,2019-12-31,sh.600801,华新水泥
2019-12-30,2019-12-31,sh.600804,鹏博士
2019-12-30,2019-12-31,sh.600808,马钢股份
2019-12-30,2019-12-31,sh.600811,东方集团
2019-12-30,2019-12-31,sh.600820,隧道股份
2019-12-30,2019-12-31,sh.600823,世茂股份
2019-12-30,2019-12-31,sh.600827,百联股份
2019-12-30,2019-12-31,sh.600835,上海机电
2019-12-30,2019-12-31,sh.600839,四川长虹
2019-12-30,2019-12-31,sh.600845,宝信软件
2019-12-30,2019-12-31,sh.600859,王府井
2019-12-30,2019-12-31,sh.600862,中航高科
2019-12-30,2019-12-31,sh.600863,内蒙华电
2019-12-30,2019-12-31,sh.600869,智慧能源
2019-12-30,2019-12-31,sh.600874,创业环保
2019-12-30,2019-12-31,sh.600875,东方电气
2019-12-30,2019-12-31,sh.600879,航天电子
2019-12-30,2019-12-31,sh.600881,亚泰集团
2019-12-30,2019-12-31,sh.600884,杉杉股份
2019-12-30,2019-12-31,sh.600885,宏发股份
2019-12-30,2019-12-31,sh.600895,张江高科
2019-12-30,2019-12-31,sh.600901,江苏租赁
2019-12-30,2019-12-31,sh.600903,贵州燃气
2019-12-30,2019-12-31,sh.600908,无锡银行
2019-12-30,2019-12-31,sh.600909,华安证券
2019-12-30,2019-12-31,sh.600917,重庆燃气
2019-12-30,2019-12-31,sh.600939,重庆建工
2019-12-30,2019-12-31,sh.600959,江苏有线
2019-12-30,2019-12-31,sh.600967,内蒙一机
2019-12-30,2019-12-31,sh.600970,中材国际
2019-12-30,2019-12-31,sh.600985,淮北矿业
2019-12-30,2019-12-31,sh.600996,贵广网络
2019-12-30,2019-12-31,sh.601000,唐山港
2019-12-30,2019-12-31,sh.601001,大同煤业
2019-12-30,2019-12-31,sh.601003,柳钢股份
2019-12-30,2019-12-31,sh.601005,重庆钢铁
2019-12-30,2019-12-31,sh.601016,节能风电
2019-12-30,2019-12-31,sh.601019,山东出版
2019-12-30,2019-12-31,sh.601068,中铝国际
2019-12-30,2019-12-31,sh.601098,中南传媒
2019-12-30,2019-12-31,sh.601099,太平洋
2019-12-30,2019-12-31,sh.601100,恒立液压
2019-12-30,2019-12-31,sh.601106,中国一重
2019-12-30,2019-12-31,sh.601118,海南橡胶
2019-12-30,2019-12-31,sh.601127,小康股份
2019-12-30,2019-12-31,sh.601128,常熟银行
2019-12-30,2019-12-31,sh.601139,深圳燃气
2019-12-30,2019-12-31,sh.601168,西部矿业
2019-12-30,2019-12-31,sh.601179,中国西电
2019-12-30,2019-12-31,sh.601200,上海环境
2019-12-30,2019-12-31,sh.601228,广州港
2019-12-30,2019-12-31,sh.601231,环旭电子
2019-12-30,2019-12-31,sh.601233,桐昆股份
2019-12-30,2019-12-31,sh.601326,秦港股份
2019-12-30,2019-12-31,sh.601333,广深铁路
2019-12-30,2019-12-31,sh.601598,中国外运
2019-12-30,2019-12-31,sh.601608,中信重工
2019-12-30,2019-12-31,sh.601611,中国核建
2019-12-30,2019-12-31,sh.601615,明阳智能
2019-12-30,2019-12-31,sh.601678,滨化股份
2019-12-30,2019-12-31,sh.601689,拓普集团
2019-12-30,2019-12-31,sh.601699,潞安环能
2019-12-30,2019-12-31,sh.601717,郑煤机
2019-12-30,2019-12-31,sh.601718,际华集团
2019-12-30,2019-12-31,sh.601799,星宇股份
2019-12-30,2019-12-31,sh.601801,皖新传媒
2019-12-30,2019-12-31,sh.601811,新华文轩
2019-12-30,2019-12-31,sh.601860,紫金银行
2019-12-30,2019-12-31,sh.601865,福莱特
2019-12-30,2019-12-31,sh.601866,中远海发
2019-12-30,2019-12-31,sh.601869,长飞光纤
2019-12-30,2019-12-31,sh.601872,招商轮船
2019-12-30,2019-12-31,sh.601880,大连港
2019-12-30,2019-12-31,sh.601928,凤凰传媒
2019-12-30,2019-12-31,sh.601958,金钼股份
2019-12-30,2019-12-31,sh.601966,玲珑轮胎
2019-12-30,2019-12-31,sh.601969,海南矿业
2019-12-30,2019-12-31,sh.601975,招商南油
2019-12-30,2019-12-31,sh.603000,人民网
2019-12-30,2019-12-31,sh.603025,大豪科技
2019-12-30,2019-12-31,sh.603056,德邦股份
2019-12-30,2019-12-31,sh.603077,和邦生物
2019-12-30,2019-12-31,sh.603198,迎驾贡酒
2019-12-30,2019-12-31,sh.603225,新凤鸣
2019-12-30,2019-12-31,sh.603228,景旺电子
2019-12-30,2019-12-31,sh.603233,大参林
2019-12-30,2019-12-31,sh.603256,宏和科技
2019-12-30,2019-12-31,sh.603317,天味食品
2019-12-30,2019-12-31,sh.603328,依顿电子
2019-12-30,2019-12-31,sh.603338,浙江鼎力
2019-12-30,2019-12-31,sh.603355,莱克电气
2019-12-30,2019-12-31,sh.603377,东方时尚
2019-12-30,2019-12-31,sh.603379,三美股份
2019-12-30,2019-12-31,sh.603444,吉比特
2019-12-30,2019-12-31,sh.603486,科沃斯
2019-12-30,2019-12-31,sh.603515,欧普照明
2019-12-30,2019-12-31,sh.603517,绝味食品
2019-12-30,2019-12-31,sh.603556,海兴电力
2019-12-30,2019-12-31,sh.603568,伟明环保
2019-12-30,2019-12-31,sh.603650,彤程新材
2019-12-30,2019-12-31,sh.603659,璞泰来
2019-12-30,2019-12-31,sh.603707,健友股份
2019-12-30,2019-12-31,sh.603712,七一二
2019-12-30,2019-12-31,sh.603766,隆鑫通用
2019-12-30,2019-12-31,sh.603806,福斯特
2019-12-30,2019-12-31,sh.603816,顾家家居
2019-12-30,2019-12-31,sh.603858,步长制药
2019-12-30,2019-12-31,sh.603866,桃李面包
2019-12-30,2019-12-31,sh.603868,飞科电器
2019-12-30,2019-12-31,sh.603877,太平鸟
2019-12-30,2019-12-31,sh.603882,金域医学
2019-12-30,2019-12-31,sh.603883,老百姓
2019-12-30,2019-12-31,sh.603885,吉祥航空
2019-12-30,2019-12-31,sh.603888,新华网
2019-12-30,2019-12-31,sh.603939,益丰药房
2019-12-30,2019-12-31,sh.603983,丸美股份
2019-12-30,2019-12-31,sz.000006,深振业A
2019-12-30,2019-12-31,sz.000008,神州高铁
2019-12-30,2019-12-31,sz.000009,中国宝安
2019-12-30,2019-12-31,sz.000012,南玻A
2019-12-30,2019-12-31,sz.000021,深科技
2019-12-30,2019-12-31,sz.000025,特力A
2019-12-30,2019-12-31,sz.000027,深圳能源
2019-12-30,2019-12-31,sz.000028,国药一致
2019-12-30,2019-12-31,sz.000031,大悦城
2019-12-30,2019-12-31,sz.000039,中集集团
2019-12-30,2019-12-31,sz.000050,深天马A
2019-12-30,2019-12-31,sz.000060,中金岭南
2019-12-30,2019-12-31,sz.000061,农产品
2019-12-30,2019-12-31,sz.000062,深圳华强
2019-12-30,2019-12-31,sz.000066,中国长城
2019-12-30,2019-12-31,sz.000078,海王生物
2019-12-30,2019-12-31,sz.000089,深圳机场
2019-12-30,2019-12-31,sz.000090,天健集团
2019-12-30,2019-12-31,sz.000156,华数传媒
2019-12-30,2019-12-31,sz.000158,常山北明
2019-12-30,2019-12-31,sz.000301,东方盛虹
2019-12-30,2019-12-31,sz.000400,许继电气
2019-12-30,2019-12-31,sz.000401,冀东水泥
2019-12-30,2019-12-31,sz.000402,金融街
2019-12-30,2019-12-31,sz.000426,兴业矿业
2019-12-30,2019-12-31,sz.000488,晨鸣纸业
2019-12-30,2019-12-31,sz.000501,鄂武商A
2019-12-30,2019-12-31,sz.000513,丽珠集团
2019-12-30,2019-12-31,sz.000519,中兵红箭
2019-12-30,2019-12-31,sz.000528,柳工
2019-12-30,2019-12-31,sz.000536,华映科技
2019-12-30,2019-12-31,sz.000537,广宇发展
2019-12-30,2019-12-31,sz.000543,皖能电力
2019-12-30,2019-12-31,sz.000547,航天发展
2019-12-30,2019-12-31,sz.000553,安道麦A
2019-12-30,2019-12-31,sz.000559,万向钱潮
2019-12-30,2019-12-31,sz.000563,陕国投A
2019-12-30,2019-12-31,sz.000564,供销大集
2019-12-30,2019-12-31,sz.000581,威孚高科
2019-12-30,2019-12-31,sz.000598,兴蓉环境
2019-12-30,2019-12-31,sz.000600,建投能源
2019-12-30,2019-12-31,sz.000623,吉林敖东
2019-12-30,2019-12-31,sz.000636,风华高科
2019-12-30,2019-12-31,sz.000681,视觉中国
2019-12-30,2019-12-31,sz.000685,中山公用
2019-12-30,2019-12-31,sz.000686,东北证券
2019-12-30,2019-12-31,sz.000690,宝新能源
2019-12-30,2019-12-31,sz.000712,锦龙股份
2019-12-30,2019-12-31,sz.000717,韶钢松山
2019-12-30,2019-12-31,sz.000718,苏宁环球
2019-12-30,2019-12-31,sz.000727,华东科技
2019-12-30,2019-12-31,sz.000729,燕京啤酒
2019-12-30,2019-12-31,sz.000732,泰禾集团
2019-12-30,2019-12-31,sz.000738,航发控制
2019-12-30,2019-12-31,sz.000750,国海证券
2019-12-30,2019-12-31,sz.000758,中色股份
2019-12-30,2019-12-31,sz.000761,本钢板材
2019-12-30,2019-12-31,sz.000766,通化金马
2019-12-30,2019-12-31,sz.000778,新兴铸管
2019-12-30,2019-12-31,sz.000807,云铝股份
2019-12-30,2019-12-31,sz.000813,德展健康
2019-12-30,2019-12-31,sz.000825,太钢不锈
2019-12-30,2019-12-31,sz.000826,启迪环境
2019-12-30,2019-12-31,sz.000830,鲁西化工
2019-12-30,2019-12-31,sz.000848,承德露露
2019-12-30,2019-12-31,sz.000869,张裕A
2019-12-30,2019-12-31,sz.000877,天山股份
2019-12-30,2019-12-31,sz.000878,云南铜业
2019-12-30,2019-12-31,sz.000883,湖北能源
2019-12-30,2019-12-31,sz.000887,中鼎股份
2019-12-30,2019-12-31,sz.000930,中粮科技
2019-12-30,2019-12-31,sz.000932,华菱钢铁
2019-12-30,2019-12-31,sz.000937,冀中能源
2019-12-30,2019-12-31,sz.000959,首钢股份
2019-12-30,2019-12-31,sz.000960,锡业股份
2019-12-30,2019-12-31,sz.000967,盈峰环境
2019-12-30,2019-12-31,sz.000970,中科三环
2019-12-30,2019-12-31,sz.000975,银泰黄金
2019-12-30,2019-12-31,sz.000980,众泰汽车
2019-12-30,2019-12-31,sz.000983,西山煤电
2019-12-30,2019-12-31,sz.000987,越秀金控
2019-12-30,2019-12-31,sz.000988,华工科技
2019-12-30,2019-12-31,sz.000990,诚志股份
2019-12-30,2019-12-31,sz.000997,新大陆
2019-12-30,2019-12-31,sz.000998,隆平高科
2019-12-30,2019-12-31,sz.000999,华润三九
2019-12-30,2019-12-31,sz.001872,招商港口
2019-12-30,2019-12-31,sz.002002,鸿达兴业
2019-12-30,2019-12-31,sz.002004,华邦健康
2019-12-30,2019-12-31,sz.002013,中航机电
2019-12-30,2019-12-31,sz.002019,亿帆医药
2019-12-30,2019-12-31,sz.002028,思源电气
2019-12-30,2019-12-31,sz.002030,达安基因
2019-12-30,2019-12-31,sz.002038,双鹭药业
2019-12-30,2019-12-31,sz.002048,宁波华翔
2019-12-30,2019-12-31,sz.002049,紫光国微
2019-12-30,2019-12-31,sz.002051,中工国际
2019-12-30,2019-12-31,sz.002056,横店东磁
2019-12-30,2019-12-31,sz.002064,华峰氨纶
2019-12-30,2019-12-31,sz.002065,东华软件
2019-12-30,2019-12-31,sz.002074,国轩高科
2019-12-30,2019-12-31,sz.002075,沙钢股份
2019-12-30,2019-12-31,sz.002078,太阳纸业
2019-12-30,2019-12-31,sz.002085,万丰奥威
2019-12-30,2019-12-31,sz.002092,中泰化学
2019-12-30,2019-12-31,sz.002093,国脉科技
2019-12-30,2019-12-31,sz.002110,三钢闽光
2019-12-30,2019-12-31,sz.002118,紫鑫药业
2019-12-30,2019-12-31,sz.002127,南极电商
2019-12-30,2019-12-31,sz.002128,露天煤业
2019-12-30,2019-12-31,sz.002129,中环股份
2019-12-30,2019-12-31,sz.002131,利欧股份
2019-12-30,2019-12-31,sz.002152,广电运通
2019-12-30,2019-12-31,sz.002155,湖南黄金
2019-12-30,2019-12-31,sz.002174,游族网络
2019-12-30,2019-12-31,sz.002176,江特电机
2019-12-30,2019-12-31,sz.002180,纳思达
2019-12-30,2019-12-31,sz.002183,怡亚通
2019-12-30,2019-12-31,sz.002191,劲嘉股份
2019-12-30,2019-12-31,sz.002195,二三四五
2019-12-30,2019-12-31,sz.002203,海亮股份
2019-12-30,2019-12-31,sz.002212,南洋股份
2019-12-30,2019-12-31,sz.002217,合力泰
2019-12-30,2019-12-31,sz.002221,东华能源
2019-12-30,2019-12-31,sz.002223,鱼跃医疗
2019-12-30,2019-12-31,sz.002233,塔牌集团
2019-12-30,2019-12-31,sz.002242,九阳股份
2019-12-30,2019-12-31,sz.002244,滨江集团
2019-12-30,2019-12-31,sz.002249,大洋电机
2019-12-30,2019-12-31,sz.002250,联化科技
2019-12-30,2019-12-31,sz.002266,浙富控股
2019-12-30,2019-12-31,sz.002268,卫士通
2019-12-30,2019-12-31,sz.002273,水晶光电
2019-12-30,2019-12-31,sz.002280,联络互动
2019-12-30,2019-12-31,sz.002281,光迅科技
2019-12-30,2019-12-31,sz.002285,世联行
2019-12-30,2019-12-31,sz.002302,西部建设
2019-12-30,2019-12-31,sz.002317,众生药业
2019-12-30,2019-12-31,sz.002340,格林美
2019-12-30,2019-12-31,sz.002353,杰瑞股份
2019-12-30,2019-12-31,sz.002358,森源电气
2019-12-30,2019-12-31,sz.002366,台海核电
2019-12-30,2019-12-31,sz.002368,太极股份
2019-12-30,2019-12-31,sz.002371,北方华创
2019-12-30,2019-12-31,sz.002372,伟星新材
2019-12-30,2019-12-31,sz.002373,千方科技
2019-12-30,2019-12-31,sz.002375,亚厦股份
2019-12-30,2019-12-31,sz.002382,蓝帆医疗
2019-12-30,2019-12-31,sz.002384,东山精密
2019-12-30,2019-12-31,sz.002385,大北农
2019-12-30,2019-12-31,sz.002387,维信诺
2019-12-30,2019-12-31,sz.002390,信邦制药
2019-12-30,2019-12-31,sz.002399,海普瑞
2019-12-30,2019-12-31,sz.002407,多氟多
2019-12-30,2019-12-31,sz.002408,齐翔腾达
2019-12-30,2019-12-31,sz.002414,高德红外
2019-12-30,2019-12-31,sz.002416,爱施德
2019-12-30,2019-12-31,sz.002419,天虹股份
2019-12-30,2019-12-31,sz.002423,中粮资本
2019-12-30,2019-12-31,sz.002424,贵州百灵
2019-12-30,2019-12-31,sz.002426,胜利精密
2019-12-30,2019-12-31,sz.002434,万里扬
2019-12-30,2019-12-31,sz.002437,誉衡药业
2019-12-30,2019-12-31,sz.002439,启明星辰
2019-12-30,2019-12-31,sz.002440,闰土股份
2019-12-30,2019-12-31,sz.002444,巨星科技
2019-12-30,2019-12-31,sz.002463,沪电股份
2019-12-30,2019-12-31,sz.002465,海格通信
2019-12-30,2019-12-31,sz.002470,金正大
2019-12-30,2019-12-31,sz.002482,广田集团
2019-12-30,2019-12-31,sz.002491,通鼎互联
2019-12-30,2019-12-31,sz.002500,山西证券
2019-12-30,2019-12-31,sz.002503,搜于特
2019-12-30,2019-12-31,sz.002505,大康农业
2019-12-30,2019-12-31,sz.002507,涪陵榨菜
2019-12-30,2019-12-31,sz.002544,杰赛科技
2019-12-30,2019-12-31,sz.002572,索菲亚
2019-12-30,2019-12-31,sz.002573,清新环境
2019-12-30,2019-12-31,sz.002583,海能达
2019-12-30,2019-12-31,sz.002589,瑞康医药
2019-12-30,2019-12-31,sz.002603,以岭药业
2019-12-30,2019-12-31,sz.002625,光启技术
2019-12-30,2019-12-31,sz.002635,安洁科技
2019-12-30,2019-12-31,sz.002640,跨境通
2019-12-30,2019-12-31,sz.002653,海思科
2019-12-30,2019-12-31,sz.002665,首航节能
2019-12-30,2019-12-31,sz.002670,国盛金控
2019-12-30,2019-12-31,sz.002672,东江环保
2019-12-30,2019-12-31,sz.002681,奋达科技
2019-12-30,2019-12-31,sz.002690,美亚光电
2019-12-30,2019-12-31,sz.002701,奥瑞金
2019-12-30,2019-12-31,sz.002709,天赐材料
2019-12-30,2019-12-31,sz.002745,木林森
2019-12-30,2019-12-31,sz.002797,第一创业
2019-12-30,2019-12-31,sz.002807,江阴银行
2019-12-30,2019-12-31,sz.002812,恩捷股份
2019-12-30,2019-12-31,sz.002815,崇达技术
2019-12-30,2019-12-31,sz.002818,富森美
2019-12-30,2019-12-31,sz.002821,凯莱英
2019-12-30,2019-12-31,sz.002831,裕同科技
2019-12-30,2019-12-31,sz.002839,张家港行
2019-12-30,2019-12-31,sz.002867,周大生
2019-12-30,2019-12-31,sz.002920,德赛西威
2019-12-30,2019-12-31,sz.002925,盈趣科技
2019-12-30,2019-12-31,sz.002926,华西证券
2019-12-30,2019-12-31,sz.002936,郑州银行
2019-12-30,2019-12-31,sz.002941,新疆交建
2019-12-30,2019-12-31,sz.002946,新乳业
2019-12-30,2019-12-31,sz.002948,青岛银行
2019-12-30,2019-12-31,sz.002957,科瑞技术
2019-12-30,2019-12-31,sz.300001,特锐德
2019-12-30,2019-12-31,sz.300002,神州泰岳
2019-12-30,2019-12-31,sz.300009,安科生物
2019-12-30,2019-12-31,sz.300010,立思辰
2019-12-30,2019-12-31,sz.300012,华测检测
2019-12-30,2019-12-31,sz.300014,亿纬锂能
2019-12-30,2019-12-31,sz.300026,红日药业
2019-12-30,2019-12-31,sz.300027,华谊兄弟
2019-12-30,2019-12-31,sz.300058,蓝色光标
2019-12-30,2019-12-31,sz.300072,三聚环保
2019-12-30,2019-12-31,sz.300088,长信科技
2019-12-30,2019-12-31,sz.300113,顺网科技
2019-12-30,2019-12-31,sz.300115,长盈精密
2019-12-30,2019-12-31,sz.300133,华策影视
2019-12-30,2019-12-31,sz.300134,大富科技
2019-12-30,2019-12-31,sz.300159,新研股份
2019-12-30,2019-12-31,sz.300166,东方国信
2019-12-30,2019-12-31,sz.300168,万达信息
2019-12-30,2019-12-31,sz.300180,华峰超纤
2019-12-30,2019-12-31,sz.300182,捷成股份
2019-12-30,2019-12-31,sz.300197,铁汉生态
2019-12-30,2019-12-31,sz.300199,翰宇药业
2019-12-30,2019-12-31,sz.300207,欣旺达
2019-12-30,2019-12-31,sz.300244,迪安诊断
2019-12-30,2019-12-31,sz.300251,光线传媒
2019-12-30,2019-12-31,sz.300253,卫宁健康
2019-12-30,2019-12-31,sz.300257,开山股份
2019-12-30,2019-12-31,sz.300274,阳光电源
2019-12-30,2019-12-31,sz.300285,国瓷材料
2019-12-30,2019-12-31,sz.300296,利亚德
2019-12-30,2019-12-31,sz.300297,蓝盾股份
2019-12-30,2019-12-31,sz.300308,中际旭创
2019-12-30,2019-12-31,sz.300315,掌趣科技
2019-12-30,2019-12-31,sz.300316,晶盛机电
2019-12-30,2019-12-31,sz.300324,旋极信息
2019-12-30,2019-12-31,sz.300376,易事特
2019-12-30,2019-12-31,sz.300383,光环新网
2019-12-30,2019-12-31,sz.300418,昆仑万维
2019-12-30,2019-12-31,sz.300459,金科文化
2019-12-30,2019-12-31,sz.300529,健帆生物
2020-06-29,2020-06-30,sh.600006,东风汽车
2020-06-29,2020-06-30,sh.600008,首创股份
2020-06-29,2020-06-30,sh.600017,日照港
2020-06-29,2020-06-30,sh.600021,上海电力
2020-06-29,2020-06-30,sh.600022,山东钢铁
2020-06-29,2020-06-30,sh.600026,中远海能
2020-06-29,2020-06-30,sh.600037,歌华有线
2020-06-29,2020-06-30,sh.600039,四川路桥
2020-06-29,2020-06-30,sh.600053,九鼎投资
2020-06-29,2020-06-30,sh.600056,中国医药
2020-06-29,2020-06-30,sh.600058,五矿发展
2020-06-29,2020-06-30,sh.600060,海信视像
2020-06-29,2020-06-30,sh.600062,华润双鹤
2020-06-29,2020-06-30,sh.600064,南京高科
2020-06-29,2020-06-30,sh.600073,上海梅林
2020-06-29,2020-06-30,sh.600079,人福医药
2020-06-29,2020-06-30,sh.600094,大名城
2020-06-29,2020-06-30,sh.600120,浙江东方
2020-06-29,2020-06-30,sh.600125,铁龙物流
2020-06-29,2020-06-30,sh.600126,杭钢股份
2020-06-29,2020-06-30,sh.600132,重庆啤酒
2020-06-29,2020-06-30,sh.600138,中青旅
2020-06-29,2020-06-30,sh.600141,兴发集团
2020-06-29,2020-06-30,sh.600143,金发科技
2020-06-29,2020-06-30,sh.600153,建发股份
2020-06-29,2020-06-30,sh.600155,华创阳安
2020-06-29,2020-06-30,sh.600158,中体产业
2020-06-29,2020-06-30,sh.600160,巨化股份
2020-06-29,2020-06-30,sh.600161,天坛生物
2020-06-29,2020-06-30,sh.600166,福田汽车
2020-06-29,2020-06-30,sh.600167,联美控股
2020-06-29,2020-06-30,sh.600171,上海贝岭
2020-06-29,2020-06-30,sh.600195,中牧股份
2020-06-29,2020-06-30,sh.600201,生物股份
2020-06-29,2020-06-30,sh.600216,浙江医药
2020-06-29,2020-06-30,sh.600256,广汇能源
2020-06-29,2020-06-30,sh.600258,首旅酒店
2020-06-29,2020-06-30,sh.600259,广晟有色
2020-06-29,2020-06-30,sh.600260,凯乐科技
2020-06-29,2020-06-30,sh.600266,城建发展
2020-06-29,2020-06-30,sh.600273,嘉化能源
2020-06-29,2020-06-30,sh.600277,亿利洁能
2020-06-29,2020-06-30,sh.600282,南钢股份
2020-06-29,2020-06-30,sh.600291,西水股份
2020-06-29,2020-06-30,sh.600298,安琪酵母
2020-06-29,2020-06-30,sh.600307,酒钢宏兴
2020-06-29,2020-06-30,sh.600312,平高电气
2020-06-29,2020-06-30,sh.600315,上海家化
2020-06-29,2020-06-30,sh.600316,洪都航空
2020-06-29,2020-06-30,sh.600325,华发股份
2020-06-29,2020-06-30,sh.600329,中新药业
2020-06-29,2020-06-30,sh.600335,国机汽车
2020-06-29,2020-06-30,sh.600338,西藏珠峰
2020-06-29,2020-06-30,sh.600339,中油工程
2020-06-29,2020-06-30,sh.600348,阳泉煤业
2020-06-29,2020-06-30,sh.600350,山东高速
2020-06-29,2020-06-30,sh.600373,中文传媒
2020-06-29,2020-06-30,sh.600376,首开股份
2020-06-29,2020-06-30,sh.600380,健康元
2020-06-29,2020-06-30,sh.600388,龙净环保
2020-06-29,2020-06-30,sh.600392,盛和资源
2020-06-29,2020-06-30,sh.600409,三友化工
2020-06-29,2020-06-30,sh.600410,华胜天成
2020-06-29,2020-06-30,sh.600415,小商品城
2020-06-29,2020-06-30,sh.600418,江淮汽车
2020-06-29,2020-06-30,sh.600426,华鲁恒升
2020-06-29,2020-06-30,sh.600428,中远海特
2020-06-29,2020-06-30,sh.600435,北方导航
2020-06-29,2020-06-30,sh.600446,金证股份
2020-06-29,2020-06-30,sh.600460,士兰微
2020-06-29,2020-06-30,sh.600466,蓝光发展
2020-06-29,2020-06-30,sh.600478,科力远
2020-06-29,2020-06-30,sh.600486,扬农化工
2020-06-29,2020-06-30,sh.600497,驰宏锌锗
2020-06-29,2020-06-30,sh.600500,中化国际
2020-06-29,2020-06-30,sh.600507,方大特钢
2020-06-29,2020-06-30,sh.600511,国药股份
2020-06-29,2020-06-30,sh.600515,海航基础
2020-06-29,2020-06-30,sh.600521,华海药业
2020-06-29,2020-06-30,sh.600528,中铁工业
2020-06-29,2020-06-30,sh.600529,山东药玻
2020-06-29,2020-06-30,sh.600535,天士力
2020-06-29,2020-06-30,sh.600545,卓郎智能
2020-06-29,2020-06-30,sh.600549,厦门钨业
2020-06-29,2020-06-30,sh.600557,康缘药业
2020-06-29,2020-06-30,sh.600563,法拉电子
2020-06-29,2020-06-30,sh.600565,迪马股份
2020-06-29,2020-06-30,sh.600566,济川药业
2020-06-29,2020-06-30,sh.600567,山鹰纸业
2020-06-29,2020-06-30,sh.600572,康恩贝
2020-06-29,2020-06-30,sh.600575,淮河能源
2020-06-29,2020-06-30,sh.600580,卧龙电驱
2020-06-29,2020-06-30,sh.600582,天地科技
2020-06-29,2020-06-30,sh.600597,光明乳业
2020-06-29,2020-06-30,sh.600598,北大荒
2020-06-29,2020-06-30,sh.600623,华谊集团
2020-06-29,2020-06-30,sh.600633,浙数文化
2020-06-29,2020-06-30,sh.600639,浦东金桥
2020-06-29,2020-06-30,sh.600640,号百控股
2020-06-29,2020-06-30,sh.600642,申能股份
2020-06-29,2020-06-30,sh.600643,爱建集团
2020-06-29,2020-06-30,sh.600645,中源协和
2020-06-29,2020-06-30,sh.600648,外高桥
2020-06-29,2020-06-30,sh.600649,城投控股
2020-06-29,2020-06-30,sh.600657,信达地产
2020-06-29,2020-06-30,sh.600664,哈药股份
2020-06-29,2020-06-30,sh.600667,太极实业
2020-06-29,2020-06-30,sh.600673,东阳光
2020-06-29,2020-06-30,sh.600675,中华企业
2020-06-29,2020-06-30,sh.600694,大商股份
2020-06-29,2020-06-30,sh.600699,均胜电子
2020-06-29,2020-06-30,sh.600704,物产中大
2020-06-29,2020-06-30,sh.600707,彩虹股份
2020-06-29,2020-06-30,sh.600717,天津港
2020-06-29,2020-06-30,sh.600718,东软集团
2020-06-29,2020-06-30,sh.600728,佳都科技
2020-06-29,2020-06-30,sh.600729,重庆百货
2020-06-29,2020-06-30,sh.600733,北汽蓝谷
2020-06-29,2020-06-30,sh.600737,中粮糖业
2020-06-29,2020-06-30,sh.600739,辽宁成大
2020-06-29,2020-06-30,sh.600748,上实发展
2020-06-29,2020-06-30,sh.600751,海航科技
2020-06-29,2020-06-30,sh.600754,锦江酒店
2020-06-29,2020-06-30,sh.600755,厦门国贸
2020-06-29,2020-06-30,sh.600757,长江传媒
2020-06-29,2020-06-30,sh.600765,中航重机
2020-06-29,2020-06-30,sh.600770,综艺股份
2020-06-29,2020-06-30,sh.600776,东方通信
2020-06-29,2020-06-30,sh.600777,新潮能源
2020-06-29,2020-06-30,sh.600779,水井坊
2020-06-29,2020-06-30,sh.600782,新钢股份
2020-06-29,2020-06-30,sh.600787,中储股份
2020-06-29,2020-06-30,sh.600801,华新水泥
2020-06-29,2020-06-30,sh.600804,鹏博士
2020-06-29,2020-06-30,sh.600808,马钢股份
2020-06-29,2020-06-30,sh.600811,东方集团
2020-06-29,2020-06-30,sh.600820,隧道股份
2020-06-29,2020-06-30,sh.600823,世茂股份
2020-06-29,2020-06-30,sh.600827,百联股份
2020-06-29,2020-06-30,sh.600835,上海机电
2020-06-29,2020-06-30,sh.600839,四川长虹
2020-06-29,2020-06-30,sh.600845,宝信软件
2020-06-29,2020-06-30,sh.600859,王府井
2020-06-29,2020-06-30,sh.600862,中航高科
2020-06-29,2020-06-30,sh.600863,内蒙华电
2020-06-29,2020-06-30,sh.600869,智慧能源
2020-06-29,2020-06-30,sh.600874,创业环保
2020-06-29,2020-06-30,sh.600875,东方电气
2020-06-29,2020-06-30,sh.600879,航天电子
2020-06-29,2020-06-30,sh.600881,亚泰集团
2020-06-29,2020-06-30,sh.600884,杉杉股份
2020-06-29,2020-06-30,sh.600885,宏发股份
2020-06-29,2020-06-30,sh.600895,张江高科
2020-06-29,2020-06-30,sh.600901,江苏租赁
2020-06-29,2020-06-30,sh.600903,贵州燃气
2020-06-29,2020-06-30,sh.600908,无锡银行
2020-06-29,2020-06-30,sh.600909,华安证券
2020-06-29,2020-06-30,sh.600917,重庆燃气
2020-06-29,2020-06-30,sh.600959,江苏有线
2020-06-29,2020-06-30,sh.600967,内蒙一机
2020-06-29,2020-06-30,sh.600970,中材国际
2020-06-29,2020-06-30,sh.600985,淮北矿业
2020-06-29,2020-06-30,sh.600996,贵广网络
2020-06-29,2020-06-30,sh.601000,唐山港
2020-06-29,2020-06-30,sh.601003,柳钢股份
2020-06-29,2020-06-30,sh.601005,重庆钢铁
2020-06-29,2020-06-30,sh.601016,节能风电
2020-06-29,2020-06-30,sh.601019,山东出版
2020-06-29,2020-06-30,sh.601068,中铝国际
2020-06-29,2020-06-30,sh.601098,中南传媒
2020-06-29,2020-06-30,sh.601099,太平洋
2020-06-29,2020-06-30,sh.601106,中国一重
2020-06-29,2020-06-30,sh.601118,海南橡胶
2020-06-29,2020-06-30,sh.601127,小康股份
2020-06-29,2020-06-30,sh.601128,常熟银行
2020-06-29,2020-06-30,sh.601139,深圳燃气
2020-06-29,2020-06-30,sh.601168,西部矿业
2020-06-29,2020-06-30,sh.601179,中国西电
2020-06-29,2020-06-30,sh.601200,上海环境
2020-06-29,2020-06-30,sh.601228,广州港
2020-06-29,2020-06-30,sh.601233,桐昆股份
2020-06-29,2020-06-30,sh.601333,广深铁路
2020-06-29,2020-06-30,sh.601512,中新集团
2020-06-29,2020-06-30,sh.601598,中国外运
2020-06-29,2020-06-30,sh.601608,中信重工
2020-06-29,2020-06-30,sh.601611,中国核建
2020-06-29,2020-06-30,sh.601615,明阳智能
2020-06-29,2020-06-30,sh.601678,滨化股份
2020-06-29,2020-06-30,sh.601689,拓普集团
2020-06-29,2020-06-30,sh.601699,潞安环能
2020-06-29,2020-06-30,sh.601717,郑煤机
2020-06-29,2020-06-30,sh.601718,际华集团
2020-06-29,2020-06-30,sh.601799,星宇股份
2020-06-29,2020-06-30,sh.601801,皖新传媒
2020-06-29,2020-06-30,sh.601811,新华文轩
2020-06-29,2020-06-30,sh.601860,紫金银行
2020-06-29,2020-06-30,sh.601865,福莱特
2020-06-29,2020-06-30,sh.601866,中远海发
2020-06-29,2020-06-30,sh.601869,长飞光纤
2020-06-29,2020-06-30,sh.601880,大连港
2020-06-29,2020-06-30,sh.601928,凤凰传媒
2020-06-29,2020-06-30,sh.601958,金钼股份
2020-06-29,2020-06-30,sh.601966,玲珑轮胎
2020-06-29,2020-06-30,sh.601969,海南矿业
2020-06-29,2020-06-30,sh.601975,招商南油
2020-06-29,2020-06-30,sh.603000,人民网
2020-06-29,2020-06-30,sh.603025,大豪科技
2020-06-29,2020-06-30,sh.603056,德邦股份
2020-06-29,2020-06-30,sh.603077,和邦生物
2020-06-29,2020-06-30,sh.603198,迎驾贡酒
2020-06-29,2020-06-30,sh.603225,新凤鸣
2020-06-29,2020-06-30,sh.603228,景旺电子
2020-06-29,2020-06-30,sh.603233,大参林
2020-06-29,2020-06-30,sh.603256,宏和科技
2020-06-29,2020-06-30,sh.603317,天味食品
2020-06-29,2020-06-30,sh.603328,依顿电子
2020-06-29,2020-06-30,sh.603338,浙江鼎力
2020-06-29,2020-06-30,sh.603355,莱克电气
2020-06-29,2020-06-30,sh.603377,东方时尚
2020-06-29,2020-06-30,sh.603379,三美股份
2020-06-29,2020-06-30,sh.603444,吉比特
2020-06-29,2020-06-30,sh.603486,科沃斯
2020-06-29,2020-06-30,sh.603515,欧普照明
2020-06-29,2020-06-30,sh.603517,绝味食品
2020-06-29,2020-06-30,sh.603556,海兴电力
2020-06-29,2020-06-30,sh.603568,伟明环保
2020-06-29,2020-06-30,sh.603605,珀莱雅
2020-06-29,2020-06-30,sh.603650,彤程新材
2020-06-29,2020-06-30,sh.603659,璞泰来
2020-06-29,2020-06-30,sh.603707,健友股份
2020-06-29,2020-06-30,sh.603712,七一二
2020-06-29,2020-06-30,sh.603766,隆鑫通用
2020-06-29,2020-06-30,sh.603786,科博达
2020-06-29,2020-06-30,sh.603806,福斯特
2020-06-29,2020-06-30,sh.603816,顾家家居
2020-06-29,2020-06-30,sh.603858,步长制药
2020-06-29,2020-06-30,sh.603866,桃李面包
2020-06-29,2020-06-30,sh.603868,飞科电器
2020-06-29,2020-06-30,sh.603882,金域医学
2020-06-29,2020-06-30,sh.603883,老百姓
2020-06-29,2020-06-30,sh.603885,吉祥航空
2020-06-29,2020-06-30,sh.603888,新华网
2020-06-29,2020-06-30,sh.603939,益丰药房
2020-06-29,2020-06-30,sh.603983,丸美股份
2020-06-29,2020-06-30,sz.000008,神州高铁
2020-06-29,2020-06-30,sz.000009,中国宝安
2020-06-29,2020-06-30,sz.000012,南玻A
2020-06-29,2020-06-30,sz.000021,深科技
2020-06-29,2020-06-30,sz.000025,特力A
2020-06-29,2020-06-30,sz.000027,深圳能源
2020-06-29,2020-06-30,sz.000028,国药一致
2020-06-29,2020-06-30,sz.000031,大悦城
2020-06-29,2020-06-30,sz.000039,中集集团
2020-06-29,2020-06-30,sz.000046,泛海控股
2020-06-29,2020-06-30,sz.000050,深天马A
2020-06-29,2020-06-30,sz.000060,中金岭南
2020-06-29,2020-06-30,sz.000061,农产品
2020-06-29,2020-06-30,sz.000062,深圳华强
2020-06-29,2020-06-30,sz.000078,海王生物
2020-06-29,2020-06-30,sz.000089,深圳机场
2020-06-29,2020-06-30,sz.000090,天健集团
2020-06-29,2020-06-30,sz.000156,华数传媒
2020-06-29,2020-06-30,sz.000158,常山北明
2020-06-29,2020-06-30,sz.000301,东方盛虹
2020-06-29,2020-06-30,sz.000400,许继电气
2020-06-29,2020-06-30,sz.000401,冀东水泥
2020-06-29,2020-06-30,sz.000402,金融街
2020-06-29,2020-06-30,sz.000415,渤海租赁
2020-06-29,2020-06-30,sz.000488,晨鸣纸业
2020-06-29,2020-06-30,sz.000501,鄂武商A
2020-06-29,2020-06-30,sz.000513,丽珠集团
2020-06-29,2020-06-30,sz.000519,中兵红箭
2020-06-29,2020-06-30,sz.000528,柳工
2020-06-29,2020-06-30,sz.000537,广宇发展
2020-06-29,2020-06-30,sz.000543,皖能电力
2020-06-29,2020-06-30,sz.000547,航天发展
2020-06-29,2020-06-30,sz.000553,安道麦A
2020-06-29,2020-06-30,sz.000559,万向钱潮
2020-06-29,2020-06-30,sz.000563,陕国投A
2020-06-29,2020-06-30,sz.000564,供销大集
2020-06-29,2020-06-30,sz.000581,威孚高科
2020-06-29,2020-06-30,sz.000598,兴蓉环境
2020-06-29,2020-06-30,sz.000600,建投能源
2020-06-29,2020-06-30,sz.000623,吉林敖东
2020-06-29,2020-06-30,sz.000629,攀钢钒钛
2020-06-29,2020-06-30,sz.000630,铜陵有色
2020-06-29,2020-06-30,sz.000636,风华高科
2020-06-29,2020-06-30,sz.000681,视觉中国
2020-06-29,2020-06-30,sz.000685,中山公用
2020-06-29,2020-06-30,sz.000686,东北证券
2020-06-29,2020-06-30,sz.000690,宝新能源
2020-06-29,2020-06-30,sz.000712,锦龙股份
2020-06-29,2020-06-30,sz.000717,韶钢松山
2020-06-29,2020-06-30,sz.000718,苏宁环球
2020-06-29,2020-06-30,sz.000729,燕京啤酒
2020-06-29,2020-06-30,sz.000732,泰禾集团
2020-06-29,2020-06-30,sz.000738,航发控制
2020-06-29,2020-06-30,sz.000739,普洛药业
2020-06-29,2020-06-30,sz.000750,国海证券
2020-06-29,2020-06-30,sz.000758,中色股份
2020-06-29,2020-06-30,sz.000778,新兴铸管
2020-06-29,2020-06-30,sz.000785,居然之家
2020-06-29,2020-06-30,sz.000800,一汽解放
2020-06-29,2020-06-30,sz.000807,云铝股份
2020-06-29,2020-06-30,sz.000813,德展健康
2020-06-29,2020-06-30,sz.000825,太钢不锈
2020-06-29,2020-06-30,sz.000826,启迪环境
2020-06-29,2020-06-30,sz.000830,鲁西化工
2020-06-29,2020-06-30,sz.000848,承德露露
2020-06-29,2020-06-30,sz.000869,张裕A
2020-06-29,2020-06-30,sz.000877,天山股份
2020-06-29,2020-06-30,sz.000878,云南铜业
2020-06-29,2020-06-30,sz.000883,湖北能源
2020-06-29,2020-06-30,sz.000887,中鼎股份
2020-06-29,2020-06-30,sz.000898,鞍钢股份
2020-06-29,2020-06-30,sz.000930,中粮科技
2020-06-29,2020-06-30,sz.000932,华菱钢铁
2020-06-29,2020-06-30,sz.000937,冀中能源
2020-06-29,2020-06-30,sz.000959,首钢股份
2020-06-29,2020-06-30,sz.000960,锡业股份
2020-06-29,2020-06-30,sz.000967,盈峰环境
2020-06-29,2020-06-30,sz.000970,中科三环
2020-06-29,2020-06-30,sz.000975,银泰黄金
2020-06-29,2020-06-30,sz.000983,西山煤电
2020-06-29,2020-06-30,sz.000987,越秀金控
2020-06-29,2020-06-30,sz.000988,华工科技
2020-06-29,2020-06-30,sz.000990,诚志股份
2020-06-29,2020-06-30,sz.000997,新大陆
2020-06-29,2020-06-30,sz.000998,隆平高科
2020-06-29,2020-06-30,sz.000999,华润三九
2020-06-29,2020-06-30,sz.001872,招商港口
2020-06-29,2020-06-30,sz.001914,招商积余
2020-06-29,2020-06-30,sz.002002,鸿达兴业
2020-06-29,2020-06-30,sz.002004,华邦健康
2020-06-29,2020-06-30,sz.002010,传化智联
2020-06-29,2020-06-30,sz.002013,中航机电
2020-06-29,2020-06-30,sz.002019,亿帆医药
2020-06-29,2020-06-30,sz.002028,思源电气
2020-06-29,2020-06-30,sz.002030,达安基因
2020-06-29,2020-06-30,sz.002038,双鹭药业
2020-06-29,2020-06-30,sz.002048,宁波华翔
2020-06-29,2020-06-30,sz.002051,中工国际
2020-06-29,2020-06-30,sz.002056,横店东磁
2020-06-29,2020-06-30,sz.002064,华峰氨纶
2020-06-29,2020-06-30,sz.002074,国轩高科
2020-06-29,2020-06-30,sz.002075,沙钢股份
2020-06-29,2020-06-30,sz.002078,太阳纸业
2020-06-29,2020-06-30,sz.002080,中材科技
2020-06-29,2020-06-30,sz.002081,金螳螂
2020-06-29,2020-06-30,sz.002085,万丰奥威
2020-06-29,2020-06-30,sz.002092,中泰化学
2020-06-29,2020-06-30,sz.002093,国脉科技
2020-06-29,2020-06-30,sz.002110,三钢闽光
2020-06-29,2020-06-30,sz.002118,紫鑫药业
2020-06-29,2020-06-30,sz.002124,天邦股份
2020-06-29,2020-06-30,sz.002127,南极电商
2020-06-29,2020-06-30,sz.002128,露天煤业
2020-06-29,2020-06-30,sz.002131,利欧股份
2020-06-29,2020-06-30,sz.002138,顺络电子
2020-06-29,2020-06-30,sz.002152,广电运通
2020-06-29,2020-06-30,sz.002155,湖南黄金
2020-06-29,2020-06-30,sz.002156,通富微电
2020-06-29,2020-06-30,sz.002174,游族网络
2020-06-29,2020-06-30,sz.002183,怡亚通
2020-06-29,2020-06-30,sz.002185,华天科技
2020-06-29,2020-06-30,sz.002191,劲嘉股份
2020-06-29,2020-06-30,sz.002195,二三四五
2020-06-29,2020-06-30,sz.002203,海亮股份
2020-06-29,2020-06-30,sz.002212,南洋股份
2020-06-29,2020-06-30,sz.002217,合力泰
2020-06-29,2020-06-30,sz.002221,东华能源
2020-06-29,2020-06-30,sz.002223,鱼跃医疗
2020-06-29,2020-06-30,sz.002233,塔牌集团
2020-06-29,2020-06-30,sz.002242,九阳股份
2020-06-29,2020-06-30,sz.002244,滨江集团
2020-06-29,2020-06-30,sz.002249,大洋电机
2020-06-29,2020-06-30,sz.002250,联化科技
2020-06-29,2020-06-30,sz.002266,浙富控股
2020-06-29,2020-06-30,sz.002268,卫士通
2020-06-29,2020-06-30,sz.002273,水晶光电
2020-06-29,2020-06-30,sz.002281,光迅科技
2020-06-29,2020-06-30,sz.002285,世联行
2020-06-29,2020-06-30,sz.002294,信立泰
2020-06-29,2020-06-30,sz.002302,西部建设
2020-06-29,2020-06-30,sz.002317,众生药业
2020-06-29,2020-06-30,sz.002340,格林美
2020-06-29,2020-06-30,sz.002353,杰瑞股份
2020-06-29,2020-06-30,sz.002368,太极股份
2020-06-29,2020-06-30,sz.002372,伟星新材
2020-06-29,2020-06-30,sz.002373,千方科技
2020-06-29,2020-06-30,sz.002375,亚厦股份
2020-06-29,2020-06-30,sz.002382,蓝帆医疗
2020-06-29,2020-06-30,sz.002385,大北农
2020-06-29,2020-06-30,sz.002387,维信诺
2020-06-29,2020-06-30,sz.002390,信邦制药
2020-06-29,2020-06-30,sz.002396,星网锐捷
2020-06-29,2020-06-30,sz.002399,海普瑞
2020-06-29,2020-06-30,sz.002407,多氟多
2020-06-29,2020-06-30,sz.002408,齐翔腾达
2020-06-29,2020-06-30,sz.002414,高德红外
2020-06-29,2020-06-30,sz.002416,爱施德
2020-06-29,2020-06-30,sz.002419,天虹股份
2020-06-29,2020-06-30,sz.002423,中粮资本
2020-06-29,2020-06-30,sz.002424,贵州百灵
2020-06-29,2020-06-30,sz.002429,兆驰股份
2020-06-29,2020-06-30,sz.002434,万里扬
2020-06-29,2020-06-30,sz.002439,启明星辰
2020-06-29,2020-06-30,sz.002440,闰土股份
2020-06-29,2020-06-30,sz.002444,巨星科技
2020-06-29,2020-06-30,sz.002458,益生股份
2020-06-29,2020-06-30,sz.002465,海格通信
2020-06-29,2020-06-30,sz.002470,金正大
2020-06-29,2020-06-30,sz.002491,通鼎互联
2020-06-29,2020-06-30,sz.002500,山西证券
2020-06-29,2020-06-30,sz.002503,搜于特
2020-06-29,2020-06-30,sz.002505,大康农业
2020-06-29,2020-06-30,sz.002506,协鑫集成
2020-06-29,2020-06-30,sz.002507,涪陵榨菜
2020-06-29,2020-06-30,sz.002511,中顺洁柔
2020-06-29,2020-06-30,sz.002544,杰赛科技
2020-06-29,2020-06-30,sz.002557,洽洽食品
2020-06-29,2020-06-30,sz.002563,森马服饰
2020-06-29,2020-06-30,sz.002572,索菲亚
2020-06-29,2020-06-30,sz.002583,海能达
2020-06-29,2020-06-30,sz.002589,瑞康医药
2020-06-29,2020-06-30,sz.002595,豪迈科技
2020-06-29,2020-06-30,sz.002603,以岭药业
2020-06-29,2020-06-30,sz.002625,光启技术
2020-06-29,2020-06-30,sz.002635,安洁科技
2020-06-29,2020-06-30,sz.002640,跨境通
2020-06-29,2020-06-30,sz.002648,卫星石化
2020-06-29,2020-06-30,sz.002653,海思科
2020-06-29,2020-06-30,sz.002665,首航高科
2020-06-29,2020-06-30,sz.002670,国盛金控
2020-06-29,2020-06-30,sz.002690,美亚光电
2020-06-29,2020-06-30,sz.002701,奥瑞金
2020-06-29,2020-06-30,sz.002709,天赐材料
2020-06-29,2020-06-30,sz.002745,木林森
2020-06-29,2020-06-30,sz.002797,第一创业
2020-06-29,2020-06-30,sz.002807,江阴银行
2020-06-29,2020-06-30,sz.002815,崇达技术
2020-06-29,2020-06-30,sz.002818,富森美
2020-06-29,2020-06-30,sz.002821,凯莱英
2020-06-29,2020-06-30,sz.002831,裕同科技
2020-06-29,2020-06-30,sz.002839,张家港行
2020-06-29,2020-06-30,sz.002867,周大生
2020-06-29,2020-06-30,sz.002901,大博医疗
2020-06-29,2020-06-30,sz.002920,德赛西威
2020-06-29,2020-06-30,sz.002925,盈趣科技
2020-06-29,2020-06-30,sz.002926,华西证券
2020-06-29,2020-06-30,sz.002936,郑州银行
2020-06-29,2020-06-30,sz.002941,新疆交建
2020-06-29,2020-06-30,sz.002946,新乳业
2020-06-29,2020-06-30,sz.002948,青岛银行
2020-06-29,2020-06-30,sz.002957,科瑞技术
2020-06-29,2020-06-30,sz.300001,特锐德
2020-06-29,2020-06-30,sz.300002,神州泰岳
2020-06-29,2020-06-30,sz.300009,安科生物
2020-06-29,2020-06-30,sz.300010,立思辰
2020-06-29,2020-06-30,sz.300012,华测检测
2020-06-29,2020-06-30,sz.300017,网宿科技
2020-06-29,2020-06-30,sz.300024,机器人
2020-06-29,2020-06-30,sz.300026,红日药业
2020-06-29,2020-06-30,sz.300058,蓝色光标
2020-06-29,2020-06-30,sz.300070,碧水源
2020-06-29,2020-06-30,sz.300072,三聚环保
2020-06-29,2020-06-30,sz.300088,长信科技
2020-06-29,2020-06-30,sz.300113,顺网科技
2020-06-29,2020-06-30,sz.300115,长盈精密
2020-06-29,2020-06-30,sz.300133,华策影视
2020-06-29,2020-06-30,sz.300134,大富科技
2020-06-29,2020-06-30,sz.300166,东方国信
2020-06-29,2020-06-30,sz.300168,万达信息
2020-06-29,2020-06-30,sz.300180,华峰超纤
2020-06-29,2020-06-30,sz.300182,捷成股份
2020-06-29,2020-06-30,sz.300197,铁汉生态
2020-06-29,2020-06-30,sz.300207,欣旺达
2020-06-29,2020-06-30,sz.300212,易华录
2020-06-29,2020-06-30,sz.300244,迪安诊断
2020-06-29,2020-06-30,sz.300251,光线传媒
2020-06-29,2020-06-30,sz.300253,卫宁健康
2020-06-29,2020-06-30,sz.300257,开山股份
2020-06-29,2020-06-30,sz.300271,华宇软件
2020-06-29,2020-06-30,sz.300274,阳光电源
2020-06-29,2020-06-30,sz.300285,国瓷材料
2020-06-29,2020-06-30,sz.300296,利亚德
2020-06-29,2020-06-30,sz.300315,掌趣科技
2020-06-29,2020-06-30,sz.300316,晶盛机电
2020-06-29,2020-06-30,sz.300324,旋极信息
2020-06-29,2020-06-30,sz.300357,我武生物
2020-06-29,2020-06-30,sz.300376,易事特
2020-06-29,2020-06-30,sz.300418,昆仑万维
2020-06-29,2020-06-30,sz.300459,金科文化
2020-06-29,2020-06-30,sz.300474,景嘉微
2020-06-29,2020-06-30,sz.300482,万孚生物
2020-06-29,2020-06-30,sz.300496,中科创达
2020-06-29,2020-06-30,sz.300558,贝达药业
2020-06-29,2020-06-30,sz.300595,欧普康视
2020-06-29,2020-06-30,sz.300618,寒锐钴业
2020-06-29,2020-06-30,sz.300630,普利制药
2020-12-28,2020-12-31,sh.600006,东风汽车
2020-12-28,2020-12-31,sh.600008,首创股份
2020-12-28,2020-12-31,sh.600021,上海电力
2020-12-28,2020-12-31,sh.600022,山东钢铁
2020-12-28,2020-12-31,sh.600026,中远海能
2020-12-28,2020-12-31,sh.600037,歌华有线
2020-12-28,2020-12-31,sh.600038,中直股份
2020-12-28,2020-12-31,sh.600039,四川路桥
2020-12-28,2020-12-31,sh.600053,九鼎投资
2020-12-28,2020-12-31,sh.600056,中国医药
2020-12-28,2020-12-31,sh.600060,海信视像
2020-12-28,2020-12-31,sh.600062,华润双鹤
2020-12-28,2020-12-31,sh.600064,南京高科
2020-12-28,2020-12-31,sh.600073,上海梅林
2020-12-28,2020-12-31,sh.600079,人福医药
2020-12-28,2020-12-31,sh.600089,特变电工
2020-12-28,2020-12-31,sh.600094,大名城
2020-12-28,2020-12-31,sh.600120,浙江东方
2020-12-28,2020-12-31,sh.600126,杭钢股份
2020-12-28,2020-12-31,sh.600131,国网信通
2020-12-28,2020-12-31,sh.600132,重庆啤酒
2020-12-28,2020-12-31,sh.600141,兴发集团
2020-12-28,2020-12-31,sh.600143,金发科技
2020-12-28,2020-12-31,sh.600153,建发股份
2020-12-28,2020-12-31,sh.600155,华创阳安
2020-12-28,2020-12-31,sh.600158,中体产业
2020-12-28,2020-12-31,sh.600160,巨化股份
2020-12-28,2020-12-31,sh.600166,福田汽车
2020-12-28,2020-12-31,sh.600167,联美控股
2020-12-28,2020-12-31,sh.600170,上海建工
2020-12-28,2020-12-31,sh.600171,上海贝岭
2020-12-28,2020-12-31,sh.600188,兖州煤业
2020-12-28,2020-12-31,sh.600195,中牧股份
2020-12-28,2020-12-31,sh.600201,生物股份
2020-12-28,2020-12-31,sh.600216,浙江医药
2020-12-28,2020-12-31,sh.600219,南山铝业
2020-12-28,2020-12-31,sh.600256,广汇能源
2020-12-28,2020-12-31,sh.600258,首旅酒店
2020-12-28,2020-12-31,sh.600259,广晟有色
2020-12-28,2020-12-31,sh.600260,凯乐科技
2020-12-28,2020-12-31,sh.600266,城建发展
2020-12-28,2020-12-31,sh.600273,嘉化能源
2020-12-28,2020-12-31,sh.600277,亿利洁能
2020-12-28,2020-12-31,sh.600282,南钢股份
2020-12-28,2020-12-31,sh.600291,西水股份
2020-12-28,2020-12-31,sh.600307,酒钢宏兴
2020-12-28,2020-12-31,sh.600312,平高电气
2020-12-28,2020-12-31,sh.600315,上海家化
2020-12-28,2020-12-31,sh.600316,洪都航空
2020-12-28,2020-12-31,sh.600325,华发股份
2020-12-28,2020-12-31,sh.600329,中新药业
2020-12-28,2020-12-31,sh.600338,西藏珠峰
2020-12-28,2020-12-31,sh.600339,中油工程
2020-12-28,2020-12-31,sh.600348,阳泉煤业
2020-12-28,2020-12-31,sh.600350,山东高速
2020-12-28,2020-12-31,sh.600372,中航电子
2020-12-28,2020-12-31,sh.600373,中文传媒
2020-12-28,2020-12-31,sh.600376,首开股份
2020-12-28,2020-12-31,sh.600380,健康元
2020-12-28,2020-12-31,sh.600388,龙净环保
2020-12-28,2020-12-31,sh.600392,盛和资源
2020-12-28,2020-12-31,sh.600398,海澜之家
2020-12-28,2020-12-31,sh.600409,三友化工
2020-12-28,2020-12-31,sh.600410,华胜天成
2020-12-28,2020-12-31,sh.600415,小商品城
2020-12-28,2020-12-31,sh.600418,江淮汽车
2020-12-28,2020-12-31,sh.600426,华鲁恒升
2020-12-28,2020-12-31,sh.600435,北方导航
2020-12-28,2020-12-31,sh.600446,金证股份
2020-12-28,2020-12-31,sh.600460,士兰微
2020-12-28,2020-12-31,sh.600466,蓝光发展
2020-12-28,2020-12-31,sh.600486,扬农化工
2020-12-28,2020-12-31,sh.600497,驰宏锌锗
2020-12-28,2020-12-31,sh.600500,中化国际
2020-12-28,2020-12-31,sh.600507,方大特钢
2020-12-28,2020-12-31,sh.600511,国药股份
2020-12-28,2020-12-31,sh.600515,海航基础
2020-12-28,2020-12-31,sh.600516,方大炭素
2020-12-28,2020-12-31,sh.600517,国网英大
2020-12-28,2020-12-31,sh.600528,中铁工业
2020-12-28,2020-12-31,sh.600529,山东药玻
2020-12-28,2020-12-31,sh.600535,天士力
2020-12-28,2020-12-31,sh.600545,卓郎智能
2020-12-28,2020-12-31,sh.600546,山煤国际
2020-12-28,2020-12-31,sh.600549,厦门钨业
2020-12-28,2020-12-31,sh.600556,天下秀
2020-12-28,2020-12-31,sh.600563,法拉电子
2020-12-28,2020-12-31,sh.600566,济川药业
2020-12-28,2020-12-31,sh.600567,山鹰国际
2020-12-28,2020-12-31,sh.600572,康恩贝
2020-12-28,2020-12-31,sh.600575,淮河能源
2020-12-28,2020-12-31,sh.600580,卧龙电驱
2020-12-28,2020-12-31,sh.600582,天地科技
2020-12-28,2020-12-31,sh.600597,光明乳业
2020-12-28,2020-12-31,sh.600598,北大荒
2020-12-28,2020-12-31,sh.600623,华谊集团
2020-12-28,2020-12-31,sh.600633,浙数文化
2020-12-28,2020-12-31,sh.600639,浦东金桥
2020-12-28,2020-12-31,sh.600640,号百控股
2020-12-28,2020-12-31,sh.600642,申能股份
2020-12-28,2020-12-31,sh.600643,爱建集团
2020-12-28,2020-12-31,sh.600645,中源协和
2020-12-28,2020-12-31,sh.600648,外高桥
2020-12-28,2020-12-31,sh.600649,城投控股
2020-12-28,2020-12-31,sh.600657,信达地产
2020-12-28,2020-12-31,sh.600664,哈药股份
2020-12-28,2020-12-31,sh.600667,太极实业
2020-12-28,2020-12-31,sh.600673,东阳光
2020-12-28,2020-12-31,sh.600675,中华企业
2020-12-28,2020-12-31,sh.600699,均胜电子
2020-12-28,2020-12-31,sh.600704,物产中大
2020-12-28,2020-12-31,sh.600707,彩虹股份
2020-12-28,2020-12-31,sh.600717,天津港
2020-12-28,2020-12-31,sh.600718,东软集团
2020-12-28,2020-12-31,sh.600728,佳都科技
2020-12-28,2020-12-31,sh.600729,重庆百货
2020-12-28,2020-12-31,sh.600733,北汽蓝谷
2020-12-28,2020-12-31,sh.600737,中粮糖业
2020-12-28,2020-12-31,sh.600739,辽宁成大
2020-12-28,2020-12-31,sh.600748,上实发展
2020-12-28,2020-12-31,sh.600754,锦江酒店
2020-12-28,2020-12-31,sh.600755,厦门国贸
2020-12-28,2020-12-31,sh.600765,中航重机
2020-12-28,2020-12-31,sh.600776,东方通信
2020-12-28,2020-12-31,sh.600779,水井坊
2020-12-28,2020-12-31,sh.600782,新钢股份
2020-12-28,2020-12-31,sh.600787,中储股份
2020-12-28,2020-12-31,sh.600801,华新水泥
2020-12-28,2020-12-31,sh.600804,鹏博士
2020-12-28,2020-12-31,sh.600808,马钢股份
2020-12-28,2020-12-31,sh.600811,东方集团
2020-12-28,2020-12-31,sh.600820,隧道股份
2020-12-28,2020-12-31,sh.600823,世茂股份
2020-12-28,2020-12-31,sh.600827,百联股份
2020-12-28,2020-12-31,sh.600835,上海机电
2020-12-28,2020-12-31,sh.600839,四川长虹
2020-12-28,2020-12-31,sh.600859,王府井
2020-12-28,2020-12-31,sh.600862,中航高科
2020-12-28,2020-12-31,sh.600863,内蒙华电
2020-12-28,2020-12-31,sh.600867,通化东宝
2020-12-28,2020-12-31,sh.600869,智慧能源
2020-12-28,2020-12-31,sh.600871,石化油服
2020-12-28,2020-12-31,sh.600875,东方电气
2020-12-28,2020-12-31,sh.600879,航天电子
2020-12-28,2020-12-31,sh.600881,亚泰集团
2020-12-28,2020-12-31,sh.600884,杉杉股份
2020-12-28,2020-12-31,sh.600885,宏发股份
2020-12-28,2020-12-31,sh.600895,张江高科
2020-12-28,2020-12-31,sh.600901,江苏租赁
2020-12-28,2020-12-31,sh.600903,贵州燃气
2020-12-28,2020-12-31,sh.600908,无锡银行
2020-12-28,2020-12-31,sh.600909,华安证券
2020-12-28,2020-12-31,sh.600917,重庆燃气
2020-12-28,2020-12-31,sh.600928,西安银行
2020-12-28,2020-12-31,sh.600959,江苏有线
2020-12-28,2020-12-31,sh.600967,内蒙一机
2020-12-28,2020-12-31,sh.600968,海油发展
2020-12-28,2020-12-31,sh.600970,中材国际
2020-12-28,2020-12-31,sh.600985,淮北矿业
2020-12-28,2020-12-31,sh.601000,唐山港
2020-12-28,2020-12-31,sh.601003,柳钢股份
2020-12-28,2020-12-31,sh.601005,重庆钢铁
2020-12-28,2020-12-31,sh.601016,节能风电
2020-12-28,2020-12-31,sh.601068,中铝国际
2020-12-28,2020-12-31,sh.601098,中南传媒
2020-12-28,2020-12-31,sh.601099,太平洋
2020-12-28,2020-12-31,sh.601106,中国一重
2020-12-28,2020-12-31,sh.601118,海南橡胶
2020-12-28,2020-12-31,sh.601127,小康股份
2020-12-28,2020-12-31,sh.601128,常熟银行
2020-12-28,2020-12-31,sh.601139,深圳燃气
2020-12-28,2020-12-31,sh.601168,西部矿业
2020-12-28,2020-12-31,sh.601179,中国西电
2020-12-28,2020-12-31,sh.601200,上海环境
2020-12-28,2020-12-31,sh.601228,广州港
2020-12-28,2020-12-31,sh.601233,桐昆股份
2020-12-28,2020-12-31,sh.601298,青岛港
2020-12-28,2020-12-31,sh.601333,广深铁路
2020-12-28,2020-12-31,sh.601456,国联证券
2020-12-28,2020-12-31,sh.601512,中新集团
2020-12-28,2020-12-31,sh.601598,中国外运
2020-12-28,2020-12-31,sh.601608,中信重工
2020-12-28,2020-12-31,sh.601611,中国核建
2020-12-28,2020-12-31,sh.601615,明阳智能
2020-12-28,2020-12-31,sh.601689,拓普集团
2020-12-28,2020-12-31,sh.601699,潞安环能
2020-12-28,2020-12-31,sh.601717,郑煤机
2020-12-28,2020-12-31,sh.601718,际华集团
2020-12-28,2020-12-31,sh.601778,晶科科技
2020-12-28,2020-12-31,sh.601799,星宇股份
2020-12-28,2020-12-31,sh.601801,皖新传媒
2020-12-28,2020-12-31,sh.601828,美凯龙
2020-12-28,2020-12-31,sh.601860,紫金银行
2020-12-28,2020-12-31,sh.601865,福莱特
2020-12-28,2020-12-31,sh.601866,中远海发
2020-12-28,2020-12-31,sh.601869,长飞光纤
2020-12-28,2020-12-31,sh.601880,大连港
2020-12-28,2020-12-31,sh.601928,凤凰传媒
2020-12-28,2020-12-31,sh.601958,金钼股份
2020-12-28,2020-12-31,sh.601966,玲珑轮胎
2020-12-28,2020-12-31,sh.601969,海南矿业
2020-12-28,2020-12-31,sh.601975,招商南油
2020-12-28,2020-12-31,sh.601992,金隅集团
2020-12-28,2020-12-31,sh.601997,贵阳银行
2020-12-28,2020-12-31,sh.603000,人民网
2020-12-28,2020-12-31,sh.603056,德邦股份
2020-12-28,2020-12-31,sh.603077,和邦生物
2020-12-28,2020-12-31,sh.603198,迎驾贡酒
2020-12-28,2020-12-31,sh.603225,新凤鸣
2020-12-28,2020-12-31,sh.603228,景旺电子
2020-12-28,2020-12-31,sh.603256,宏和科技
2020-12-28,2020-12-31,sh.603260,合盛硅业
2020-12-28,2020-12-31,sh.603290,斯达半导
2020-12-28,2020-12-31,sh.603317,天味食品
2020-12-28,2020-12-31,sh.603328,依顿电子
2020-12-28,2020-12-31,sh.603338,浙江鼎力
2020-12-28,2020-12-31,sh.603345,安井食品
2020-12-28,2020-12-31,sh.603355,莱克电气
2020-12-28,2020-12-31,sh.603377,东方时尚
2020-12-28,2020-12-31,sh.603379,三美股份
2020-12-28,2020-12-31,sh.603444,吉比特
2020-12-28,2020-12-31,sh.603486,科沃斯
2020-12-28,2020-12-31,sh.603515,欧普照明
2020-12-28,2020-12-31,sh.603568,伟明环保
2020-12-28,2020-12-31,sh.603589,口子窖
2020-12-28,2020-12-31,sh.603605,珀莱雅
2020-12-28,2020-12-31,sh.603638,艾迪精密
2020-12-28,2020-12-31,sh.603650,彤程新材
2020-12-28,2020-12-31,sh.603708,家家悦
2020-12-28,2020-12-31,sh.603712,七一二
2020-12-28,2020-12-31,sh.603719,良品铺子
2020-12-28,2020-12-31,sh.603737,三棵树
2020-12-28,2020-12-31,sh.603786,科博达
2020-12-28,2020-12-31,sh.603806,福斯特
2020-12-28,2020-12-31,sh.603816,顾家家居
2020-12-28,2020-12-31,sh.603858,步长制药
2020-12-28,2020-12-31,sh.603866,桃李面包
2020-12-28,2020-12-31,sh.603868,飞科电器
2020-12-28,2020-12-31,sh.603882,金域医学
2020-12-28,2020-12-31,sh.603883,老百姓
2020-12-28,2020-12-31,sh.603885,吉祥航空
2020-12-28,2020-12-31,sh.603888,新华网
2020-12-28,2020-12-31,sh.603893,瑞芯微
2020-12-28,2020-12-31,sh.603927,中科软
2020-12-28,2020-12-31,sh.603983,丸美股份
2020-12-28,2020-12-31,sh.688002,睿创微纳
2020-12-28,2020-12-31,sh.688029,南微医学
2020-12-28,2020-12-31,sh.688088,虹软科技
2020-12-28,2020-12-31,sh.688099,晶晨股份
2020-12-28,2020-12-31,sh.688321,微芯生物
2020-12-28,2020-12-31,sz.000008,神州高铁
2020-12-28,2020-12-31,sz.000009,中国宝安
2020-12-28,2020-12-31,sz.000012,南玻A
2020-12-28,2020-12-31,sz.000021,深科技
2020-12-28,2020-12-31,sz.000027,深圳能源
2020-12-28,2020-12-31,sz.000028,国药一致
2020-12-28,2020-12-31,sz.000031,大悦城
2020-12-28,2020-12-31,sz.000039,中集集团
2020-12-28,2020-12-31,sz.000046,泛海控股
2020-12-28,2020-12-31,sz.000050,深天马A
2020-12-28,2020-12-31,sz.000060,中金岭南
2020-12-28,2020-12-31,sz.000061,农产品
2020-12-28,2020-12-31,sz.000062,深圳华强
2020-12-28,2020-12-31,sz.000078,海王生物
2020-12-28,2020-12-31,sz.000089,深圳机场
2020-12-28,2020-12-31,sz.000090,天健集团
2020-12-28,2020-12-31,sz.000156,华数传媒
2020-12-28,2020-12-31,sz.000158,常山北明
2020-12-28,2020-12-31,sz.000301,东方盛虹
2020-12-28,2020-12-31,sz.000400,许继电气
2020-12-28,2020-12-31,sz.000401,冀东水泥
2020-12-28,2020-12-31,sz.000402,金融街
2020-12-28,2020-12-31,sz.000415,渤海租赁
2020-12-28,2020-12-31,sz.000488,晨鸣纸业
2020-12-28,2020-12-31,sz.000501,鄂武商A
2020-12-28,2020-12-31,sz.000513,丽珠集团
2020-12-28,2020-12-31,sz.000519,中兵红箭
2020-12-28,2020-12-31,sz.000528,柳工
2020-12-28,2020-12-31,sz.000537,广宇发展
2020-12-28,2020-12-31,sz.000540,中天金融
2020-12-28,2020-12-31,sz.000543,皖能电力
2020-12-28,2020-12-31,sz.000547,航天发展
2020-12-28,2020-12-31,sz.000553,安道麦A
2020-12-28,2020-12-31,sz.000559,万向钱潮
2020-12-28,2020-12-31,sz.000563,陕国投A
2020-12-28,2020-12-31,sz.000564,供销大集
2020-12-28,2020-12-31,sz.000581,威孚高科
2020-12-28,2020-12-31,sz.000598,兴蓉环境
2020-12-28,2020-12-31,sz.000600,建投能源
2020-12-28,2020-12-31,sz.000623,吉林敖东
2020-12-28,2020-12-31,sz.000629,攀钢钒钛
2020-12-28,2020-12-31,sz.000630,铜陵有色
2020-12-28,2020-12-31,sz.000636,风华高科
2020-12-28,2020-12-31,sz.000681,视觉中国
2020-12-28,2020-12-31,sz.000685,中山公用
2020-12-28,2020-12-31,sz.000686,东北证券
2020-12-28,2020-12-31,sz.000690,宝新能源
2020-12-28,2020-12-31,sz.000709,河钢股份
2020-12-28,2020-12-31,sz.000717,韶钢松山
2020-12-28,2020-12-31,sz.000718,苏宁环球
2020-12-28,2020-12-31,sz.000729,燕京啤酒
2020-12-28,2020-12-31,sz.000732,泰禾集团
2020-12-28,2020-12-31,sz.000738,航发控制
2020-12-28,2020-12-31,sz.000739,普洛药业
2020-12-28,2020-12-31,sz.000750,国海证券
2020-12-28,2020-12-31,sz.000758,中色股份
2020-12-28,2020-12-31,sz.000778,新兴铸管
2020-12-28,2020-12-31,sz.000807,云铝股份
2020-12-28,2020-12-31,sz.000813,德展健康
2020-12-28,2020-12-31,sz.000825,太钢不锈
2020-12-28,2020-12-31,sz.000826,启迪环境
2020-12-28,2020-12-31,sz.000830,鲁西化工
2020-12-28,2020-12-31,sz.000869,张裕A
2020-12-28,2020-12-31,sz.000877,天山股份
2020-12-28,2020-12-31,sz.000878,云南铜业
2020-12-28,2020-12-31,sz.000883,湖北能源
2020-12-28,2020-12-31,sz.000887,中鼎股份
2020-12-28,2020-12-31,sz.000898,鞍钢股份
2020-12-28,2020-12-31,sz.000930,中粮科技
2020-12-28,2020-12-31,sz.000932,华菱钢铁
2020-12-28,2020-12-31,sz.000937,冀中能源
2020-12-28,2020-12-31,sz.000959,首钢股份
2020-12-28,2020-12-31,sz.000960,锡业股份
2020-12-28,2020-12-31,sz.000967,盈峰环境
2020-12-28,2020-12-31,sz.000970,中科三环
2020-12-28,2020-12-31,sz.000975,银泰黄金
2020-12-28,2020-12-31,sz.000983,山西焦煤
2020-12-28,2020-12-31,sz.000988,华工科技
2020-12-28,2020-12-31,sz.000990,诚志股份
2020-12-28,2020-12-31,sz.000997,新大陆
2020-12-28,2020-12-31,sz.000998,隆平高科
2020-12-28,2020-12-31,sz.000999,华润三九
2020-12-28,2020-12-31,sz.001872,招商港口
2020-12-28,2020-12-31,sz.001914,招商积余
2020-12-28,2020-12-31,sz.002002,鸿达兴业
2020-12-28,2020-12-31,sz.002004,华邦健康
2020-12-28,2020-12-31,sz.002010,传化智联
2020-12-28,2020-12-31,sz.002013,中航机电
2020-12-28,2020-12-31,sz.002019,亿帆医药
2020-12-28,2020-12-31,sz.002028,思源电气
2020-12-28,2020-12-31,sz.002030,达安基因
2020-12-28,2020-12-31,sz.002038,双鹭药业
2020-12-28,2020-12-31,sz.002048,宁波华翔
2020-12-28,2020-12-31,sz.002051,中工国际
2020-12-28,2020-12-31,sz.002056,横店东磁
2020-12-28,2020-12-31,sz.002064,华峰氨纶
2020-12-28,2020-12-31,sz.002074,国轩高科
2020-12-28,2020-12-31,sz.002075,沙钢股份
2020-12-28,2020-12-31,sz.002078,太阳纸业
2020-12-28,2020-12-31,sz.002080,中材科技
2020-12-28,2020-12-31,sz.002081,金螳螂
2020-12-28,2020-12-31,sz.002085,万丰奥威
2020-12-28,2020-12-31,sz.002092,中泰化学
2020-12-28,2020-12-31,sz.002093,国脉科技
2020-12-28,2020-12-31,sz.002110,三钢闽光
2020-12-28,2020-12-31,sz.002124,天邦股份
2020-12-28,2020-12-31,sz.002128,露天煤业
2020-12-28,2020-12-31,sz.002131,利欧股份
2020-12-28,2020-12-31,sz.002138,顺络电子
2020-12-28,2020-12-31,sz.002152,广电运通
2020-12-28,2020-12-31,sz.002155,湖南黄金
2020-12-28,2020-12-31,sz.002156,通富微电
2020-12-28,2020-12-31,sz.002174,游族网络
2020-12-28,2020-12-31,sz.002183,怡亚通
2020-12-28,2020-12-31,sz.002185,华天科技
2020-12-28,2020-12-31,sz.002191,劲嘉股份
2020-12-28,2020-12-31,sz.002195,二三四五
2020-12-28,2020-12-31,sz.002203,海亮股份
2020-12-28,2020-12-31,sz.002212,天融信
2020-12-28,2020-12-31,sz.002217,合力泰
2020-12-28,2020-12-31,sz.002221,东华能源
2020-12-28,2020-12-31,sz.002223,鱼跃医疗
2020-12-28,2020-12-31,sz.002233,塔牌集团
2020-12-28,2020-12-31,sz.002242,九阳股份
2020-12-28,2020-12-31,sz.002244,滨江集团
2020-12-28,2020-12-31,sz.002249,大洋电机
2020-12-28,2020-12-31,sz.002250,联化科技
2020-12-28,2020-12-31,sz.002266,浙富控股
2020-12-28,2020-12-31,sz.002268,卫士通
2020-12-28,2020-12-31,sz.002273,水晶光电
2020-12-28,2020-12-31,sz.002281,光迅科技
2020-12-28,2020-12-31,sz.002294,信立泰
2020-12-28,2020-12-31,sz.002299,圣农发展
2020-12-28,2020-12-31,sz.002302,西部建设
2020-12-28,2020-12-31,sz.002317,众生药业
2020-12-28,2020-12-31,sz.002340,格林美
2020-12-28,2020-12-31,sz.002353,杰瑞股份
2020-12-28,2020-12-31,sz.002368,太极股份
2020-12-28,2020-12-31,sz.002372,伟星新材
2020-12-28,2020-12-31,sz.002373,千方科技
2020-12-28,2020-12-31,sz.002375,亚厦股份
2020-12-28,2020-12-31,sz.002382,蓝帆医疗
2020-12-28,2020-12-31,sz.002385,大北农
2020-12-28,2020-12-31,sz.002387,维信诺
2020-12-28,2020-12-31,sz.002390,信邦制药
2020-12-28,2020-12-31,sz.002396,星网锐捷
2020-12-28,2020-12-31,sz.002399,海普瑞
2020-12-28,2020-12-31,sz.002408,齐翔腾达
2020-12-28,2020-12-31,sz.002416,爱施德
2020-12-28,2020-12-31,sz.002419,天虹股份
2020-12-28,2020-12-31,sz.002423,中粮资本
2020-12-28,2020-12-31,sz.002424,贵州百灵
2020-12-28,2020-12-31,sz.002429,兆驰股份
2020-12-28,2020-12-31,sz.002434,万里扬
2020-12-28,2020-12-31,sz.002440,闰土股份
2020-12-28,2020-12-31,sz.002444,巨星科技
2020-12-28,2020-12-31,sz.002458,益生股份
2020-12-28,2020-12-31,sz.002465,海格通信
2020-12-28,2020-12-31,sz.002468,申通快递
2020-12-28,2020-12-31,sz.002500,山西证券
2020-12-28,2020-12-31,sz.002503,搜于特
2020-12-28,2020-12-31,sz.002505,大康农业
2020-12-28,2020-12-31,sz.002506,协鑫集成
2020-12-28,2020-12-31,sz.002507,涪陵榨菜
2020-12-28,2020-12-31,sz.002511,中顺洁柔
2020-12-28,2020-12-31,sz.002544,杰赛科技
2020-12-28,2020-12-31,sz.002557,洽洽食品
2020-12-28,2020-12-31,sz.002563,森马服饰
2020-12-28,2020-12-31,sz.002568,百润股份
2020-12-28,2020-12-31,sz.002572,索菲亚
2020-12-28,2020-12-31,sz.002583,海能达
2020-12-28,2020-12-31,sz.002589,瑞康医药
2020-12-28,2020-12-31,sz.002595,豪迈科技
2020-12-28,2020-12-31,sz.002603,以岭药业
2020-12-28,2020-12-31,sz.002625,光启技术
2020-12-28,2020-12-31,sz.002635,安洁科技
2020-12-28,2020-12-31,sz.002640,跨境通
2020-12-28,2020-12-31,sz.002648,卫星石化
2020-12-28,2020-12-31,sz.002653,海思科
2020-12-28,2020-12-31,sz.002670,国盛金控
2020-12-28,2020-12-31,sz.002683,宏大爆破
2020-12-28,2020-12-31,sz.002690,美亚光电
2020-12-28,2020-12-31,sz.002701,奥瑞金
2020-12-28,2020-12-31,sz.002705,新宝股份
2020-12-28,2020-12-31,sz.002709,天赐材料
2020-12-28,2020-12-31,sz.002745,木林森
2020-12-28,2020-12-31,sz.002791,坚朗五金
2020-12-28,2020-12-31,sz.002797,第一创业
2020-12-28,2020-12-31,sz.002807,江阴银行
2020-12-28,2020-12-31,sz.002815,崇达技术
2020-12-28,2020-12-31,sz.002818,富森美
2020-12-28,2020-12-31,sz.002831,裕同科技
2020-12-28,2020-12-31,sz.002839,张家港行
2020-12-28,2020-12-31,sz.002867,周大生
2020-12-28,2020-12-31,sz.002901,大博医疗
2020-12-28,2020-12-31,sz.002920,德赛西威
2020-12-28,2020-12-31,sz.002925,盈趣科技
2020-12-28,2020-12-31,sz.002926,华西证券
2020-12-28,2020-12-31,sz.002936,郑州银行
2020-12-28,2020-12-31,sz.002941,新疆交建
2020-12-28,2020-12-31,sz.002946,新乳业
2020-12-28,2020-12-31,sz.002948,青岛银行
2020-12-28,2020-12-31,sz.002957,科瑞技术
2020-12-28,2020-12-31,sz.002966,苏州银行
2020-12-28,2020-12-31,sz.002985,北摩高科
2020-12-28,2020-12-31,sz.300001,特锐德
2020-12-28,2020-12-31,sz.300002,神州泰岳
2020-12-28,2020-12-31,sz.300009,安科生物
2020-12-28,2020-12-31,sz.300010,豆神教育
2020-12-28,2020-12-31,sz.300012,华测检测
2020-12-28,2020-12-31,sz.300017,网宿科技
2020-12-28,2020-12-31,sz.300024,机器人
2020-12-28,2020-12-31,sz.300026,红日药业
2020-12-28,2020-12-31,sz.300058,蓝色光标
2020-12-28,2020-12-31,sz.300070,碧水源
2020-12-28,2020-12-31,sz.300072,三聚环保
2020-12-28,2020-12-31,sz.300088,长信科技
2020-12-28,2020-12-31,sz.300113,顺网科技
2020-12-28,2020-12-31,sz.300115,长盈精密
2020-12-28,2020-12-31,sz.300133,华策影视
2020-12-28,2020-12-31,sz.300134,大富科技
2020-12-28,2020-12-31,sz.300146,汤臣倍健
2020-12-28,2020-12-31,sz.300166,东方国信
2020-12-28,2020-12-31,sz.300168,万达信息
2020-12-28,2020-12-31,sz.300180,华峰超纤
2020-12-28,2020-12-31,sz.300182,捷成股份
2020-12-28,2020-12-31,sz.300207,欣旺达
2020-12-28,2020-12-31,sz.300212,易华录
2020-12-28,2020-12-31,sz.300223,北京君正
2020-12-28,2020-12-31,sz.300244,迪安诊断
2020-12-28,2020-12-31,sz.300257,开山股份
2020-12-28,2020-12-31,sz.300271,华宇软件
2020-12-28,2020-12-31,sz.300274,阳光电源
2020-12-28,2020-12-31,sz.300285,国瓷材料
2020-12-28,2020-12-31,sz.300296,利亚德
2020-12-28,2020-12-31,sz.300315,掌趣科技
2020-12-28,2020-12-31,sz.300316,晶盛机电
2020-12-28,2020-12-31,sz.300324,旋极信息
2020-12-28,2020-12-31,sz.300357,我武生物
2020-12-28,2020-12-31,sz.300376,易事特
2020-12-28,2020-12-31,sz.300418,昆仑万维
2020-12-28,2020-12-31,sz.300459,金科文化
2020-12-28,2020-12-31,sz.300463,迈克生物
2020-12-28,2020-12-31,sz.300474,景嘉微
2020-12-28,2020-12-31,sz.300482,万孚生物
2020-12-28,2020-12-31,sz.300496,中科创达
2020-12-28,2020-12-31,sz.300595,欧普康视
2020-12-28,2020-12-31,sz.300618,寒锐钴业
2020-12-28,2020-12-31,sz.300630,普利制药
2020-12-28,2020-12-31,sz.300699,光威复材
2021-06-14,2021-06-30,sh.600006,东风汽车
2021-06-14,2021-06-30,sh.600008,首创股份
2021-06-14,2021-06-30,sh.600021,上海电力
2021-06-14,2021-06-30,sh.600022,山东钢铁
2021-06-14,2021-06-30,sh.600026,中远海能
2021-06-14,2021-06-30,sh.600037,歌华有线
2021-06-14,2021-06-30,sh.600038,中直股份
2021-06-14,2021-06-30,sh.600039,四川路桥
2021-06-14,2021-06-30,sh.600053,九鼎投资
2021-06-14,2021-06-30,sh.600056,中国医药
2021-06-14,2021-06-30,sh.600060,海信视像
2021-06-14,2021-06-30,sh.600062,华润双鹤
2021-06-14,2021-06-30,sh.600064,南京高科
2021-06-14,2021-06-30,sh.600073,上海梅林
2021-06-14,2021-06-30,sh.600079,人福医药
2021-06-14,2021-06-30,sh.600089,特变电工
2021-06-14,2021-06-30,sh.600094,大名城
2021-06-14,2021-06-30,sh.600120,浙江东方
2021-06-14,2021-06-30,sh.600126,杭钢股份
2021-06-14,2021-06-30,sh.600131,国网信通
2021-06-14,2021-06-30,sh.600132,重庆啤酒
2021-06-14,2021-06-30,sh.600141,兴发集团
2021-06-14,2021-06-30,sh.600143,金发科技
2021-06-14,2021-06-30,sh.600153,建发股份
2021-06-14,2021-06-30,sh.600155,华创阳安
2021-06-14,2021-06-30,sh.600158,中体产业
2021-06-14,2021-06-30,sh.600160,巨化股份
2021-06-14,2021-06-30,sh.600166,福田汽车
2021-06-14,2021-06-30,sh.600167,联美控股
2021-06-14,2021-06-30,sh.600170,上海建工
2021-06-14,2021-06-30,sh.600171,上海贝岭
2021-06-14,2021-06-30,sh.600188,兖州煤业
2021-06-14,2021-06-30,sh.600195,中牧股份
2021-06-14,2021-06-30,sh.600201,生物股份
2021-06-14,2021-06-30,sh.600216,浙江医药
2021-06-14,2021-06-30,sh.600219,南山铝业
2021-06-14,2021-06-30,sh.600256,广汇能源
2021-06-14,2021-06-30,sh.600258,首旅酒店
2021-06-14,2021-06-30,sh.600259,广晟有色
2021-06-14,2021-06-30,sh.600260,凯乐科技
2021-06-14,2021-06-30,sh.600266,城建发展
2021-06-14,2021-06-30,sh.600273,嘉化能源
2021-06-14,2021-06-30,sh.600277,亿利洁能
2021-06-14,2021-06-30,sh.600282,南钢股份
2021-06-14,2021-06-30,sh.600291,*ST西水
2021-06-14,2021-06-30,sh.600307,酒钢宏兴
2021-06-14,2021-06-30,sh.600312,平高电气
2021-06-14,2021-06-30,sh.600315,上海家化
2021-06-14,2021-06-30,sh.600316,洪都航空
2021-06-14,2021-06-30,sh.600325,华发股份
2021-06-14,2021-06-30,sh.600329,中新药业
2021-06-14,2021-06-30,sh.600338,西藏珠峰
2021-06-14,2021-06-30,sh.600339,中油工程
2021-06-14,2021-06-30,sh.600348,华阳股份
2021-06-14,2021-06-30,sh.600350,山东高速
2021-06-14,2021-06-30,sh.600372,中航电子
2021-06-14,2021-06-30,sh.600373,中文传媒
2021-06-14,2021-06-30,sh.600376,首开股份
2021-06-14,2021-06-30,sh.600380,健康元
2021-06-14,2021-06-30,sh.600388,龙净环保
2021-06-14,2021-06-30,sh.600392,盛和资源
2021-06-14,2021-06-30,sh.600398,海澜之家
2021-06-14,2021-06-30,sh.600409,三友化工
2021-06-14,2021-06-30,sh.600410,华胜天成
2021-06-14,2021-06-30,sh.600415,小商品城
2021-06-14,2021-06-30,sh.600418,江淮汽车
2021-06-14,2021-06-30,sh.600426,华鲁恒升
2021-06-14,2021-06-30,sh.600435,北方导航
2021-06-14,2021-06-30,sh.600446,金证股份
2021-06-14,2021-06-30,sh.600460,士兰微
2021-06-14,2021-06-30,sh.600466,蓝光发展
2021-06-14,2021-06-30,sh.600486,扬农化工
2021-06-14,2021-06-30,sh.600497,驰宏锌锗
2021-06-14,2021-06-30,sh.600500,中化国际
2021-06-14,2021-06-30,sh.600507,方大特钢
2021-06-14,2021-06-30,sh.600511,国药股份
2021-06-14,2021-06-30,sh.600516,方大炭素
2021-06-14,2021-06-30,sh.600517,国网英大
2021-06-14,2021-06-30,sh.600528,中铁工业
2021-06-14,2021-06-30,sh.600529,山东药玻
2021-06-14,2021-06-30,sh.600535,天士力
2021-06-14,2021-06-30,sh.600545,卓郎智能
2021-06-14,2021-06-30,sh.600546,山煤国际
2021-06-14,2021-06-30,sh.600549,厦门钨业
2021-06-14,2021-06-30,sh.600556,天下秀
2021-06-14,2021-06-30,sh.600563,法拉电子
2021-06-14,2021-06-30,sh.600566,济川药业
2021-06-14,2021-06-30,sh.600567,山鹰国际
2021-06-14,2021-06-30,sh.600572,康恩贝
2021-06-14,2021-06-30,sh.600575,淮河能源
2021-06-14,2021-06-30,sh.600580,卧龙电驱
2021-06-14,2021-06-30,sh.600582,天地科技
2021-06-14,2021-06-30,sh.600597,光明乳业
2021-06-14,2021-06-30,sh.600598,北大荒
2021-06-14,2021-06-30,sh.600623,华谊集团
2021-06-14,2021-06-30,sh.600633,浙数文化
2021-06-14,2021-06-30,sh.600639,浦东金桥
2021-06-14,2021-06-30,sh.600640,号百控股
2021-06-14,2021-06-30,sh.600642,申能股份
2021-06-14,2021-06-30,sh.600643,爱建集团
2021-06-14,2021-06-30,sh.600645,中源协和
2021-06-14,2021-06-30,sh.600648,外高桥
2021-06-14,2021-06-30,sh.600649,城投控股
2021-06-14,2021-06-30,sh.600657,信达地产
2021-06-14,2021-06-30,sh.600664,哈药股份
2021-06-14,2021-06-30,sh.600667,太极实业
2021-06-14,2021-06-30,sh.600673,东阳光
2021-06-14,2021-06-30,sh.600675,中华企业
2021-06-14,2021-06-30,sh.600699,均胜电子
2021-06-14,2021-06-30,sh.600704,物产中大
2021-06-14,2021-06-30,sh.600707,彩虹股份
2021-06-14,2021-06-30,sh.600717,天津港
2021-06-14,2021-06-30,sh.600718,东软集团
2021-06-14,2021-06-30,sh.600728,佳都科技
2021-06-14,2021-06-30,sh.600729,重庆百货
2021-06-14,2021-06-30,sh.600733,北汽蓝谷
2021-06-14,2021-06-30,sh.600737,中粮糖业
2021-06-14,2021-06-30,sh.600739,辽宁成大
2021-06-14,2021-06-30,sh.600748,上实发展
2021-06-14,2021-06-30,sh.600754,锦江酒店
2021-06-14,2021-06-30,sh.600755,厦门国贸
2021-06-14,2021-06-30,sh.600764,中国海防
2021-06-14,2021-06-30,sh.600765,中航重机
2021-06-14,2021-06-30,sh.600776,东方通信
2021-06-14,2021-06-30,sh.600779,水井坊
2021-06-14,2021-06-30,sh.600782,新钢股份
2021-06-14,2021-06-30,sh.600787,中储股份
2021-06-14,2021-06-30,sh.600801,华新水泥
2021-06-14,2021-06-30,sh.600804,鹏博士
2021-06-14,2021-06-30,sh.600808,马钢股份
2021-06-14,2021-06-30,sh.600811,东方集团
2021-06-14,2021-06-30,sh.600820,隧道股份
2021-06-14,2021-06-30,sh.600823,世茂股份
2021-06-14,2021-06-30,sh.600827,百联股份
2021-06-14,2021-06-30,sh.600835,上海机电
2021-06-14,2021-06-30,sh.600839,四川长虹
2021-06-14,2021-06-30,sh.600859,王府井
2021-06-14,2021-06-30,sh.600862,中航高科
2021-06-14,2021-06-30,sh.600863,内蒙华电
2021-06-14,2021-06-30,sh.600867,通化东宝
2021-06-14,2021-06-30,sh.600869,远东股份
2021-06-14,2021-06-30,sh.600871,石化油服
2021-06-14,2021-06-30,sh.600875,东方电气
2021-06-14,2021-06-30,sh.600879,航天电子
2021-06-14,2021-06-30,sh.600881,亚泰集团
2021-06-14,2021-06-30,sh.600884,杉杉股份
2021-06-14,2021-06-30,sh.600885,宏发股份
2021-06-14,2021-06-30,sh.600895,张江高科
2021-06-14,2021-06-30,sh.600901,江苏租赁
2021-06-14,2021-06-30,sh.600903,贵州燃气
2021-06-14,2021-06-30,sh.600908,无锡银行
2021-06-14,2021-06-30,sh.600909,华安证券
2021-06-14,2021-06-30,sh.600917,重庆燃气
2021-06-14,2021-06-30,sh.600928,西安银行
2021-06-14,2021-06-30,sh.600956,新天绿能
2021-06-14,2021-06-30,sh.600959,江苏有线
2021-06-14,2021-06-30,sh.600967,内蒙一机
2021-06-14,2021-06-30,sh.600968,海油发展
2021-06-14,2021-06-30,sh.600970,中材国际
2021-06-14,2021-06-30,sh.600985,淮北矿业
2021-06-14,2021-06-30,sh.601000,唐山港
2021-06-14,2021-06-30,sh.601003,柳钢股份
2021-06-14,2021-06-30,sh.601005,重庆钢铁
2021-06-14,2021-06-30,sh.601016,节能风电
2021-06-14,2021-06-30,sh.601068,中铝国际
2021-06-14,2021-06-30,sh.601098,中南传媒
2021-06-14,2021-06-30,sh.601099,太平洋
2021-06-14,2021-06-30,sh.601106,中国一重
2021-06-14,2021-06-30,sh.601118,海南橡胶
2021-06-14,2021-06-30,sh.601127,小康股份
2021-06-14,2021-06-30,sh.601128,常熟银行
2021-06-14,2021-06-30,sh.601139,深圳燃气
2021-06-14,2021-06-30,sh.601168,西部矿业
2021-06-14,2021-06-30,sh.601179,中国西电
2021-06-14,2021-06-30,sh.601200,上海环境
2021-06-14,2021-06-30,sh.601228,广州港
2021-06-14,2021-06-30,sh.601233,桐昆股份
2021-06-14,2021-06-30,sh.601298,青岛港
2021-06-14,2021-06-30,sh.601333,广深铁路
2021-06-14,2021-06-30,sh.601456,国联证券
2021-06-14,2021-06-30,sh.601512,中新集团
2021-06-14,2021-06-30,sh.601598,中国外运
2021-06-14,2021-06-30,sh.601608,中信重工
2021-06-14,2021-06-30,sh.601611,中国核建
2021-06-14,2021-06-30,sh.601615,明阳智能
2021-06-14,2021-06-30,sh.601689,拓普集团
2021-06-14,2021-06-30,sh.601699,潞安环能
2021-06-14,2021-06-30,sh.601717,郑煤机
2021-06-14,2021-06-30,sh.601718,际华集团
2021-06-14,2021-06-30,sh.601778,晶科科技
2021-06-14,2021-06-30,sh.601799,星宇股份
2021-06-14,2021-06-30,sh.601801,皖新传媒
2021-06-14,2021-06-30,sh.601828,美凯龙
2021-06-14,2021-06-30,sh.601860,紫金银行
2021-06-14,2021-06-30,sh.601865,福莱特
2021-06-14,2021-06-30,sh.601866,中远海发
2021-06-14,2021-06-30,sh.601869,长飞光纤
2021-06-14,2021-06-30,sh.601880,辽港股份
2021-06-14,2021-06-30,sh.601928,凤凰传媒
2021-06-14,2021-06-30,sh.601958,金钼股份
2021-06-14,2021-06-30,sh.601966,玲珑轮胎
2021-06-14,2021-06-30,sh.601969,海南矿业
2021-06-14,2021-06-30,sh.601975,招商南油
2021-06-14,2021-06-30,sh.601992,金隅集团
2021-06-14,2021-06-30,sh.601997,贵阳银行
2021-06-14,2021-06-30,sh.603000,人民网
2021-06-14,2021-06-30,sh.603056,德邦股份
2021-06-14,2021-06-30,sh.603077,和邦生物
2021-06-14,2021-06-30,sh.603198,迎驾贡酒
2021-06-14,2021-06-30,sh.603225,新凤鸣
2021-06-14,2021-06-30,sh.603228,景旺电子
2021-06-14,2021-06-30,sh.603256,宏和科技
2021-06-14,2021-06-30,sh.603260,合盛硅业
2021-06-14,2021-06-30,sh.603290,斯达半导
2021-06-14,2021-06-30,sh.603317,天味食品
2021-06-14,2021-06-30,sh.603328,依顿电子
2021-06-14,2021-06-30,sh.603338,浙江鼎力
2021-06-14,2021-06-30,sh.603345,安井食品
2021-06-14,2021-06-30,sh.603355,莱克电气
2021-06-14,2021-06-30,sh.603377,东方时尚
2021-06-14,2021-06-30,sh.603379,三美股份
2021-06-14,2021-06-30,sh.603444,吉比特
2021-06-14,2021-06-30,sh.603486,科沃斯
2021-06-14,2021-06-30,sh.603515,欧普照明
2021-06-14,2021-06-30,sh.603568,伟明环保
2021-06-14,2021-06-30,sh.603589,口子窖
2021-06-14,2021-06-30,sh.603605,珀莱雅
2021-06-14,2021-06-30,sh.603638,艾迪精密
2021-06-14,2021-06-30,sh.603650,彤程新材
2021-06-14,2021-06-30,sh.603708,家家悦
2021-06-14,2021-06-30,sh.603712,七一二
2021-06-14,2021-06-30,sh.603719,良品铺子
2021-06-14,2021-06-30,sh.603737,三棵树
2021-06-14,2021-06-30,sh.603786,科博达
2021-06-14,2021-06-30,sh.603806,福斯特
2021-06-14,2021-06-30,sh.603816,顾家家居
2021-06-14,2021-06-30,sh.603858,步长制药
2021-06-14,2021-06-30,sh.603866,桃李面包
2021-06-14,2021-06-30,sh.603868,飞科电器
2021-06-14,2021-06-30,sh.603882,金域医学
2021-06-14,2021-06-30,sh.603883,老百姓
2021-06-14,2021-06-30,sh.603885,吉祥航空
2021-06-14,2021-06-30,sh.603888,新华网
2021-06-14,2021-06-30,sh.603893,瑞芯微
2021-06-14,2021-06-30,sh.603927,中科软
2021-06-14,2021-06-30,sh.603983,丸美股份
2021-06-14,2021-06-30,sh.688002,睿创微纳
2021-06-14,2021-06-30,sh.688029,南微医学
2021-06-14,2021-06-30,sh.688088,虹软科技
2021-06-14,2021-06-30,sh.688099,晶晨股份
2021-06-14,2021-06-30,sh.688321,微芯生物
2021-06-14,2021-06-30,sz.000008,神州高铁
2021-06-14,2021-06-30,sz.000009,中国宝安
2021-06-14,2021-06-30,sz.000012,南玻A
2021-06-14,2021-06-30,sz.000021,深科技
2021-06-14,2021-06-30,sz.000027,深圳能源
2021-06-14,2021-06-30,sz.000028,国药一致
2021-06-14,2021-06-30,sz.000031,大悦城
2021-06-14,2021-06-30,sz.000039,中集集团
2021-06-14,2021-06-30,sz.000046,泛海控股
2021-06-14,2021-06-30,sz.000050,深天马A
2021-06-14,2021-06-30,sz.000060,中金岭南
2021-06-14,2021-06-30,sz.000061,农产品
2021-06-14,2021-06-30,sz.000062,深圳华强
2021-06-14,2021-06-30,sz.000078,海王生物
2021-06-14,2021-06-30,sz.000089,深圳机场
2021-06-14,2021-06-30,sz.000090,天健集团
2021-06-14,2021-06-30,sz.000156,华数传媒
2021-06-14,2021-06-30,sz.000158,常山北明
2021-06-14,2021-06-30,sz.000301,东方盛虹
2021-06-14,2021-06-30,sz.000400,许继电气
2021-06-14,2021-06-30,sz.000401,冀东水泥
2021-06-14,2021-06-30,sz.000402,金融街
2021-06-14,2021-06-30,sz.000415,渤海租赁
2021-06-14,2021-06-30,sz.000488,晨鸣纸业
2021-06-14,2021-06-30,sz.000501,鄂武商A
2021-06-14,2021-06-30,sz.000513,丽珠集团
2021-06-14,2021-06-30,sz.000519,中兵红箭
2021-06-14,2021-06-30,sz.000528,柳工
2021-06-14,2021-06-30,sz.000537,广宇发展
2021-06-14,2021-06-30,sz.000540,中天金融
2021-06-14,2021-06-30,sz.000543,皖能电力
2021-06-14,2021-06-30,sz.000547,航天发展
2021-06-14,2021-06-30,sz.000553,安道麦A
2021-06-14,2021-06-30,sz.000559,万向钱潮
2021-06-14,2021-06-30,sz.000563,陕国投A
2021-06-14,2021-06-30,sz.000581,威孚高科
2021-06-14,2021-06-30,sz.000598,兴蓉环境
2021-06-14,2021-06-30,sz.000600,建投能源
2021-06-14,2021-06-30,sz.000623,吉林敖东
2021-06-14,2021-06-30,sz.000629,攀钢钒钛
2021-06-14,2021-06-30,sz.000630,铜陵有色
2021-06-14,2021-06-30,sz.000636,风华高科
2021-06-14,2021-06-30,sz.000681,视觉中国
2021-06-14,2021-06-30,sz.000685,中山公用
2021-06-14,2021-06-30,sz.000686,东北证券
2021-06-14,2021-06-30,sz.000690,宝新能源
2021-06-14,2021-06-30,sz.000709,河钢股份
2021-06-14,2021-06-30,sz.000717,韶钢松山
2021-06-14,2021-06-30,sz.000718,苏宁环球
2021-06-14,2021-06-30,sz.000729,燕京啤酒
2021-06-14,2021-06-30,sz.000732,泰禾集团
2021-06-14,2021-06-30,sz.000738,航发控制
2021-06-14,2021-06-30,sz.000739,普洛药业
2021-06-14,2021-06-30,sz.000750,国海证券
2021-06-14,2021-06-30,sz.000758,中色股份
2021-06-14,2021-06-30,sz.000778,新兴铸管
2021-06-14,2021-06-30,sz.000807,云铝股份
2021-06-14,2021-06-30,sz.000813,德展健康
2021-06-14,2021-06-30,sz.000825,太钢不锈
2021-06-14,2021-06-30,sz.000826,启迪环境
2021-06-14,2021-06-30,sz.000830,鲁西化工
2021-06-14,2021-06-30,sz.000869,张裕A
2021-06-14,2021-06-30,sz.000877,天山股份
2021-06-14,2021-06-30,sz.000878,云南铜业
2021-06-14,2021-06-30,sz.000883,湖北能源
2021-06-14,2021-06-30,sz.000887,中鼎股份
2021-06-14,2021-06-30,sz.000898,鞍钢股份
2021-06-14,2021-06-30,sz.000930,中粮科技
2021-06-14,2021-06-30,sz.000932,华菱钢铁
2021-06-14,2021-06-30,sz.000937,冀中能源
2021-06-14,2021-06-30,sz.000959,首钢股份
2021-06-14,2021-06-30,sz.000960,锡业股份
2021-06-14,2021-06-30,sz.000967,盈峰环境
2021-06-14,2021-06-30,sz.000970,中科三环
2021-06-14,2021-06-30,sz.000975,银泰黄金
2021-06-14,2021-06-30,sz.000983,山西焦煤
2021-06-14,2021-06-30,sz.000988,华工科技
2021-06-14,2021-06-30,sz.000990,诚志股份
2021-06-14,2021-06-30,sz.000997,新大陆
2021-06-14,2021-06-30,sz.000998,隆平高科
2021-06-14,2021-06-30,sz.000999,华润三九
2021-06-14,2021-06-30,sz.001872,招商港口
2021-06-14,2021-06-30,sz.001914,招商积余
2021-06-14,2021-06-30,sz.002002,鸿达兴业
2021-06-14,2021-06-30,sz.002004,华邦健康
2021-06-14,2021-06-30,sz.002010,传化智联
2021-06-14,2021-06-30,sz.002013,中航机电
2021-06-14,2021-06-30,sz.002019,亿帆医药
2021-06-14,2021-06-30,sz.002028,思源电气
2021-06-14,2021-06-30,sz.002030,达安基因
2021-06-14,2021-06-30,sz.002038,双鹭药业
2021-06-14,2021-06-30,sz.002048,宁波华翔
2021-06-14,2021-06-30,sz.002051,中工国际
2021-06-14,2021-06-30,sz.002056,横店东磁
2021-06-14,2021-06-30,sz.002064,华峰化学
2021-06-14,2021-06-30,sz.002074,国轩高科
2021-06-14,2021-06-30,sz.002075,沙钢股份
2021-06-14,2021-06-30,sz.002078,太阳纸业
2021-06-14,2021-06-30,sz.002080,中材科技
2021-06-14,2021-06-30,sz.002081,金螳螂
2021-06-14,2021-06-30,sz.002085,万丰奥威
2021-06-14,2021-06-30,sz.002092,中泰化学
2021-06-14,2021-06-30,sz.002093,国脉科技
2021-06-14,2021-06-30,sz.002110,三钢闽光
2021-06-14,2021-06-30,sz.002124,天邦股份
2021-06-14,2021-06-30,sz.002128,露天煤业
2021-06-14,2021-06-30,sz.002131,利欧股份
2021-06-14,2021-06-30,sz.002138,顺络电子
2021-06-14,2021-06-30,sz.002152,广电运通
2021-06-14,2021-06-30,sz.002155,湖南黄金
2021-06-14,2021-06-30,sz.002156,通富微电
2021-06-14,2021-06-30,sz.002174,游族网络
2021-06-14,2021-06-30,sz.002183,怡亚通
2021-06-14,2021-06-30,sz.002185,华天科技
2021-06-14,2021-06-30,sz.002191,劲嘉股份
2021-06-14,2021-06-30,sz.002195,二三四五
2021-06-14,2021-06-30,sz.002203,海亮股份
2021-06-14,2021-06-30,sz.002212,天融信
2021-06-14,2021-06-30,sz.002217,合力泰
2021-06-14,2021-06-30,sz.002221,东华能源
2021-06-14,2021-06-30,sz.002223,鱼跃医疗
2021-06-14,2021-06-30,sz.002233,塔牌集团
2021-06-14,2021-06-30,sz.002242,九阳股份
2021-06-14,2021-06-30,sz.002244,滨江集团
2021-06-14,2021-06-30,sz.002249,大洋电机
2021-06-14,2021-06-30,sz.002250,联化科技
2021-06-14,2021-06-30,sz.002266,浙富控股
2021-06-14,2021-06-30,sz.002268,卫士通
2021-06-14,2021-06-30,sz.002273,水晶光电
2021-06-14,2021-06-30,sz.002281,光迅科技
2021-06-14,2021-06-30,sz.002294,信立泰
2021-06-14,2021-06-30,sz.002299,圣农发展
2021-06-14,2021-06-30,sz.002302,西部建设
2021-06-14,2021-06-30,sz.002317,众生药业
2021-06-14,2021-06-30,sz.002340,格林美
2021-06-14,2021-06-30,sz.002353,杰瑞股份
2021-06-14,2021-06-30,sz.002368,太极股份
2021-06-14,2021-06-30,sz.002372,伟星新材
2021-06-14,2021-06-30,sz.002373,千方科技
2021-06-14,2021-06-30,sz.002375,亚厦股份
2021-06-14,2021-06-30,sz.002382,蓝帆医疗
2021-06-14,2021-06-30,sz.002385,大北农
2021-06-14,2021-06-30,sz.002387,维信诺
2021-06-14,2021-06-30,sz.002390,信邦制药
2021-06-14,2021-06-30,sz.002396,星网锐捷
2021-06-14,2021-06-30,sz.002399,海普瑞
2021-06-14,2021-06-30,sz.002408,齐翔腾达
2021-06-14,2021-06-30,sz.002416,爱施德
2021-06-14,2021-06-30,sz.002419,天虹股份
2021-06-14,2021-06-30,sz.002423,中粮资本
2021-06-14,2021-06-30,sz.002424,贵州百灵
2021-06-14,2021-06-30,sz.002429,兆驰股份
2021-06-14,2021-06-30,sz.002434,万里扬
2021-06-14,2021-06-30,sz.002440,闰土股份
2021-06-14,2021-06-30,sz.002444,巨星科技
2021-06-14,2021-06-30,sz.002458,益生股份
2021-06-14,2021-06-30,sz.002465,海格通信
2021-06-14,2021-06-30,sz.002468,申通快递
2021-06-14,2021-06-30,sz.002500,山西证券
2021-06-14,2021-06-30,sz.002503,搜于特
2021-06-14,2021-06-30,sz.002505,鹏都农牧
2021-06-14,2021-06-30,sz.002506,协鑫集成
2021-06-14,2021-06-30,sz.002507,涪陵榨菜
2021-06-14,2021-06-30,sz.002511,中顺洁柔
2021-06-14,2021-06-30,sz.002544,杰赛科技
2021-06-14,2021-06-30,sz.002557,洽洽食品
2021-06-14,2021-06-30,sz.002563,森马服饰
2021-06-14,2021-06-30,sz.002568,百润股份
2021-06-14,2021-06-30,sz.002572,索菲亚
2021-06-14,2021-06-30,sz.002583,海能达
2021-06-14,2021-06-30,sz.002589,瑞康医药
2021-06-14,2021-06-30,sz.002595,豪迈科技
2021-06-14,2021-06-30,sz.002603,以岭药业
2021-06-14,2021-06-30,sz.002625,光启技术
2021-06-14,2021-06-30,sz.002635,安洁科技
2021-06-14,2021-06-30,sz.002640,*ST跨境
2021-06-14,2021-06-30,sz.002648,卫星石化
2021-06-14,2021-06-30,sz.002653,海思科
2021-06-14,2021-06-30,sz.002670,国盛金控
2021-06-14,2021-06-30,sz.002683,宏大爆破
2021-06-14,2021-06-30,sz.002690,美亚光电
2021-06-14,2021-06-30,sz.002701,奥瑞金
2021-06-14,2021-06-30,sz.002705,新宝股份
2021-06-14,2021-06-30,sz.002709,天赐材料
2021-06-14,2021-06-30,sz.002745,木林森
2021-06-14,2021-06-30,sz.002791,坚朗五金
2021-06-14,2021-06-30,sz.002797,第一创业
2021-06-14,2021-06-30,sz.002807,江阴银行
2021-06-14,2021-06-30,sz.002815,崇达技术
2021-06-14,2021-06-30,sz.002818,富森美
2021-06-14,2021-06-30,sz.002831,裕同科技
2021-06-14,2021-06-30,sz.002839,张家港行
2021-06-14,2021-06-30,sz.002867,周大生
2021-06-14,2021-06-30,sz.002901,大博医疗
2021-06-14,2021-06-30,sz.002920,德赛西威
2021-06-14,2021-06-30,sz.002925,盈趣科技
2021-06-14,2021-06-30,sz.002926,华西证券
2021-06-14,2021-06-30,sz.002936,郑州银行
2021-06-14,2021-06-30,sz.002941,新疆交建
2021-06-14,2021-06-30,sz.002946,新乳业
2021-06-14,2021-06-30,sz.002948,青岛银行
2021-06-14,2021-06-30,sz.002957,科瑞技术
2021-06-14,2021-06-30,sz.002966,苏州银行
2021-06-14,2021-06-30,sz.002985,北摩高科
2021-06-14,2021-06-30,sz.300001,特锐德
2021-06-14,2021-06-30,sz.300002,神州泰岳
2021-06-14,2021-06-30,sz.300009,安科生物
2021-06-14,2021-06-30,sz.300010,豆神教育
2021-06-14,2021-06-30,sz.300012,华测检测
2021-06-14,2021-06-30,sz.300017,网宿科技
2021-06-14,2021-06-30,sz.300024,机器人
2021-06-14,2021-06-30,sz.300026,红日药业
2021-06-14,2021-06-30,sz.300058,蓝色光标
2021-06-14,2021-06-30,sz.300070,碧水源
2021-06-14,2021-06-30,sz.300072,三聚环保
2021-06-14,2021-06-30,sz.300088,长信科技
2021-06-14,2021-06-30,sz.300113,顺网科技
2021-06-14,2021-06-30,sz.300115,长盈精密
2021-06-14,2021-06-30,sz.300133,华策影视
2021-06-14,2021-06-30,sz.300134,大富科技
2021-06-14,2021-06-30,sz.300146,汤臣倍健
2021-06-14,2021-06-30,sz.300166,东方国信
2021-06-14,2021-06-30,sz.300168,万达信息
2021-06-14,2021-06-30,sz.300180,华峰超纤
2021-06-14,2021-06-30,sz.300182,捷成股份
2021-06-14,2021-06-30,sz.300207,欣旺达
2021-06-14,2021-06-30,sz.300212,易华录
2021-06-14,2021-06-30,sz.300223,北京君正
2021-06-14,2021-06-30,sz.300244,迪安诊断
2021-06-14,2021-06-30,sz.300257,开山股份
2021-06-14,2021-06-30,sz.300271,华宇软件
2021-06-14,2021-06-30,sz.300274,阳光电源
2021-06-14,2021-06-30,sz.300285,国瓷材料
2021-06-14,2021-06-30,sz.300296,利亚德
2021-06-14,2021-06-30,sz.300315,掌趣科技
2021-06-14,2021-06-30,sz.300316,晶盛机电
2021-06-14,2021-06-30,sz.300324,旋极信息
2021-06-14,2021-06-30,sz.300357,我武生物
2021-06-14,2021-06-30,sz.300376,易事特
2021-06-14,2021-06-30,sz.300418,昆仑万维
2021-06-14,2021-06-30,sz.300459,金科文化
2021-06-14,2021-06-30,sz.300463,迈克生物
2021-06-14,2021-06-30,sz.300474,景嘉微
2021-06-14,2021-06-30,sz.300482,万孚生物
2021-06-14,2021-06-30,sz.300496,中科创达
2021-06-14,2021-06-30,sz.300595,欧普康视
2021-06-14,2021-06-30,sz.300618,寒锐钴业
2021-06-14,2021-06-30,sz.300630,普利制药
2021-06-14,2021-06-30,sz.300699,光威复材
2021-11-15,2021-12-31,sh.600006,东风汽车
2021-11-15,2021-12-31,sh.600008,首创环保
2021-11-15,2021-12-31,sh.600021,上海电力
2021-11-15,2021-12-31,sh.600022,山东钢铁
2021-11-15,2021-12-31,sh.600026,中远海能
2021-11-15,2021-12-31,sh.600027,华电国际
2021-11-15,2021-12-31,sh.600037,歌华有线
2021-11-15,2021-12-31,sh.600038,中直股份
2021-11-15,2021-12-31,sh.600039,四川路桥
2021-11-15,2021-12-31,sh.600056,中国医药
2021-11-15,2021-12-31,sh.600060,海信视像
2021-11-15,2021-12-31,sh.600062,华润双鹤
2021-11-15,2021-12-31,sh.600064,南京高科
2021-11-15,2021-12-31,sh.600066,宇通客车
2021-11-15,2021-12-31,sh.600089,特变电工
2021-11-15,2021-12-31,sh.600094,大名城
2021-11-15,2021-12-31,sh.600095,湘财股份
2021-11-15,2021-12-31,sh.600120,浙江东方
2021-11-15,2021-12-31,sh.600126,杭钢股份
2021-11-15,2021-12-31,sh.600131,国网信通
2021-11-15,2021-12-31,sh.600141,兴发集团
2021-11-15,2021-12-31,sh.600153,建发股份
2021-11-15,2021-12-31,sh.600155,华创阳安
2021-11-15,2021-12-31,sh.600158,中体产业
2021-11-15,2021-12-31,sh.600160,巨化股份
2021-11-15,2021-12-31,sh.600166,福田汽车
2021-11-15,2021-12-31,sh.600167,联美控股
2021-11-15,2021-12-31,sh.600170,上海建工
2021-11-15,2021-12-31,sh.600171,上海贝岭
2021-11-15,2021-12-31,sh.600177,雅戈尔
2021-11-15,2021-12-31,sh.600188,兖州煤业
2021-11-15,2021-12-31,sh.600195,中牧股份
2021-11-15,2021-12-31,sh.600201,生物股份
2021-11-15,2021-12-31,sh.600208,新湖中宝
2021-11-15,2021-12-31,sh.600216,浙江医药
2021-11-15,2021-12-31,sh.600219,南山铝业
2021-11-15,2021-12-31,sh.600256,广汇能源
2021-11-15,2021-12-31,sh.600258,首旅酒店
2021-11-15,2021-12-31,sh.600259,广晟有色
2021-11-15,2021-12-31,sh.600266,城建发展
2021-11-15,2021-12-31,sh.600271,航天信息
2021-11-15,2021-12-31,sh.600282,南钢股份
2021-11-15,2021-12-31,sh.600297,广汇汽车
2021-11-15,2021-12-31,sh.600307,酒钢宏兴
2021-11-15,2021-12-31,sh.600312,平高电气
2021-11-15,2021-12-31,sh.600315,上海家化
2021-11-15,2021-12-31,sh.600316,洪都航空
2021-11-15,2021-12-31,sh.600325,华发股份
2021-11-15,2021-12-31,sh.600329,中新药业
2021-11-15,2021-12-31,sh.600339,中油工程
2021-11-15,2021-12-31,sh.600348,华阳股份
2021-11-15,2021-12-31,sh.600350,山东高速
2021-11-15,2021-12-31,sh.600369,西南证券
2021-11-15,2021-12-31,sh.600372,中航电子
2021-11-15,2021-12-31,sh.600373,中文传媒
2021-11-15,2021-12-31,sh.600376,首开股份
2021-11-15,2021-12-31,sh.600377,宁沪高速
2021-11-15,2021-12-31,sh.600380,健康元
2021-11-15,2021-12-31,sh.600388,龙净环保
2021-11-15,2021-12-31,sh.600390,五矿资本
2021-11-15,2021-12-31,sh.600392,盛和资源
2021-11-15,2021-12-31,sh.600398,海澜之家
2021-11-15,2021-12-31,sh.600409,三友化工
2021-11-15,2021-12-31,sh.600410,华胜天成
2021-11-15,2021-12-31,sh.600415,小商品城
2021-11-15,2021-12-31,sh.600418,江淮汽车
2021-11-15,2021-12-31,sh.600435,北方导航
2021-11-15,2021-12-31,sh.600446,金证股份
2021-11-15,2021-12-31,sh.600460,士兰微
2021-11-15,2021-12-31,sh.600466,蓝光发展
2021-11-15,2021-12-31,sh.600486,扬农化工
2021-11-15,2021-12-31,sh.600487,亨通光电
2021-11-15,2021-12-31,sh.600497,驰宏锌锗
2021-11-15,2021-12-31,sh.600498,烽火通信
2021-11-15,2021-12-31,sh.600500,中化国际
2021-11-15,2021-12-31,sh.600507,方大特钢
2021-11-15,2021-12-31,sh.600511,国药股份
2021-11-15,2021-12-31,sh.600516,方大炭素
2021-11-15,2021-12-31,sh.600517,国网英大
2021-11-15,2021-12-31,sh.600528,中铁工业
2021-11-15,2021-12-31,sh.600529,山东药玻
2021-11-15,2021-12-31,sh.600535,天士力
2021-11-15,2021-12-31,sh.600536,中国软件
2021-11-15,2021-12-31,sh.600546,山煤国际
2021-11-15,2021-12-31,sh.600549,厦门钨业
2021-11-15,2021-12-31,sh.600556,天下秀
2021-11-15,2021-12-31,sh.600563,法拉电子
2021-11-15,2021-12-31,sh.600566,济川药业
2021-11-15,2021-12-31,sh.600567,山鹰国际
2021-11-15,2021-12-31,sh.600572,康恩贝
2021-11-15,2021-12-31,sh.600580,卧龙电驱
2021-11-15,2021-12-31,sh.600582,天地科技
2021-11-15,2021-12-31,sh.600597,光明乳业
2021-11-15,2021-12-31,sh.600598,北大荒
2021-11-15,2021-12-31,sh.600623,华谊集团
2021-11-15,2021-12-31,sh.600633,浙数文化
2021-11-15,2021-12-31,sh.600637,东方明珠
2021-11-15,2021-12-31,sh.600639,浦东金桥
2021-11-15,2021-12-31,sh.600640,新国脉
2021-11-15,2021-12-31,sh.600642,申能股份
2021-11-15,2021-12-31,sh.600643,爱建集团
2021-11-15,2021-12-31,sh.600645,中源协和
2021-11-15,2021-12-31,sh.600648,外高桥
2021-11-15,2021-12-31,sh.600649,城投控股
2021-11-15,2021-12-31,sh.600657,信达地产
2021-11-15,2021-12-31,sh.600663,陆家嘴
2021-11-15,2021-12-31,sh.600667,太极实业
2021-11-15,2021-12-31,sh.600673,东阳光
2021-11-15,2021-12-31,sh.600699,均胜电子
2021-11-15,2021-12-31,sh.600704,物产中大
2021-11-15,2021-12-31,sh.600707,彩虹股份
2021-11-15,2021-12-31,sh.600717,天津港
2021-11-15,2021-12-31,sh.600718,东软集团
2021-11-15,2021-12-31,sh.600728,佳都科技
2021-11-15,2021-12-31,sh.600729,重庆百货
2021-11-15,2021-12-31,sh.600732,爱旭股份
2021-11-15,2021-12-31,sh.600733,北汽蓝谷
2021-11-15,2021-12-31,sh.600737,中粮糖业
2021-11-15,2021-12-31,sh.600739,辽宁成大
2021-11-15,2021-12-31,sh.600754,锦江酒店
2021-11-15,2021-12-31,sh.600755,厦门国贸
2021-11-15,2021-12-31,sh.600764,中国海防
2021-11-15,2021-12-31,sh.600765,中航重机
2021-11-15,2021-12-31,sh.600776,东方通信
2021-11-15,2021-12-31,sh.600779,水井坊
2021-11-15,2021-12-31,sh.600782,新钢股份
2021-11-15,2021-12-31,sh.600787,中储股份
2021-11-15,2021-12-31,sh.600801,华新水泥
2021-11-15,2021-12-31,sh.600803,新奥股份
2021-11-15,2021-12-31,sh.600804,鹏博士
2021-11-15,2021-12-31,sh.600808,马钢股份
2021-11-15,2021-12-31,sh.600811,东方集团
2021-11-15,2021-12-31,sh.600820,隧道股份
2021-11-15,2021-12-31,sh.600823,世茂股份
2021-11-15,2021-12-31,sh.600827,百联股份
2021-11-15,2021-12-31,sh.600835,上海机电
2021-11-15,2021-12-31,sh.600839,四川长虹
2021-11-15,2021-12-31,sh.600859,王府井
2021-11-15,2021-12-31,sh.600862,中航高科
2021-11-15,2021-12-31,sh.600863,内蒙华电
2021-11-15,2021-12-31,sh.600867,通化东宝
2021-11-15,2021-12-31,sh.600871,石化油服
2021-11-15,2021-12-31,sh.600875,东方电气
2021-11-15,2021-12-31,sh.600879,航天电子
2021-11-15,2021-12-31,sh.600881,亚泰集团
2021-11-15,2021-12-31,sh.600884,杉杉股份
2021-11-15,2021-12-31,sh.600885,宏发股份
2021-11-15,2021-12-31,sh.600895,张江高科
2021-11-15,2021-12-31,sh.600901,江苏租赁
2021-11-15,2021-12-31,sh.600903,贵州燃气
2021-11-15,2021-12-31,sh.600908,无锡银行
2021-11-15,2021-12-31,sh.600909,华安证券
2021-11-15,2021-12-31,sh.600917,重庆燃气
2021-11-15,2021-12-31,sh.600928,西安银行
2021-11-15,2021-12-31,sh.600956,新天绿能
2021-11-15,2021-12-31,sh.600959,江苏有线
2021-11-15,2021-12-31,sh.600967,内蒙一机
2021-11-15,2021-12-31,sh.600968,海油发展
2021-11-15,2021-12-31,sh.600970,中材国际
2021-11-15,2021-12-31,sh.600985,淮北矿业
2021-11-15,2021-12-31,sh.600988,赤峰黄金
2021-11-15,2021-12-31,sh.600998,九州通
2021-11-15,2021-12-31,sh.601000,唐山港
2021-11-15,2021-12-31,sh.601003,柳钢股份
2021-11-15,2021-12-31,sh.601005,重庆钢铁
2021-11-15,2021-12-31,sh.601016,节能风电
2021-11-15,2021-12-31,sh.601068,中铝国际
2021-11-15,2021-12-31,sh.601098,中南传媒
2021-11-15,2021-12-31,sh.601099,太平洋
2021-11-15,2021-12-31,sh.601106,中国一重
2021-11-15,2021-12-31,sh.601117,中国化学
2021-11-15,2021-12-31,sh.601118,海南橡胶
2021-11-15,2021-12-31,sh.601127,小康股份
2021-11-15,2021-12-31,sh.601128,常熟银行
2021-11-15,2021-12-31,sh.601139,深圳燃气
2021-11-15,2021-12-31,sh.601168,西部矿业
2021-11-15,2021-12-31,sh.601179,中国西电
2021-11-15,2021-12-31,sh.601187,厦门银行
2021-11-15,2021-12-31,sh.601198,东兴证券
2021-11-15,2021-12-31,sh.601200,上海环境
2021-11-15,2021-12-31,sh.601228,广州港
2021-11-15,2021-12-31,sh.601233,桐昆股份
2021-11-15,2021-12-31,sh.601298,青岛港
2021-11-15,2021-12-31,sh.601333,广深铁路
2021-11-15,2021-12-31,sh.601456,国联证券
2021-11-15,2021-12-31,sh.601512,中新集团
2021-11-15,2021-12-31,sh.601568,北元集团
2021-11-15,2021-12-31,sh.601577,长沙银行
2021-11-15,2021-12-31,sh.601598,中国外运
2021-11-15,2021-12-31,sh.601608,中信重工
2021-11-15,2021-12-31,sh.601611,中国核建
2021-11-15,2021-12-31,sh.601615,明阳智能
2021-11-15,2021-12-31,sh.601636,旗滨集团
2021-11-15,2021-12-31,sh.601689,拓普集团
2021-11-15,2021-12-31,sh.601699,潞安环能
2021-11-15,2021-12-31,sh.601717,郑煤机
2021-11-15,2021-12-31,sh.601718,际华集团
2021-11-15,2021-12-31,sh.601778,晶科科技
2021-11-15,2021-12-31,sh.601801,皖新传媒
2021-11-15,2021-12-31,sh.601828,美凯龙
2021-11-15,2021-12-31,sh.601860,紫金银行
2021-11-15,2021-12-31,sh.601866,中远海发
2021-11-15,2021-12-31,sh.601868,中国能建
2021-11-15,2021-12-31,sh.601869,长飞光纤
2021-11-15,2021-12-31,sh.601880,辽港股份
2021-11-15,2021-12-31,sh.601928,凤凰传媒
2021-11-15,2021-12-31,sh.601958,金钼股份
2021-11-15,2021-12-31,sh.601969,海南矿业
2021-11-15,2021-12-31,sh.601975,招商南油
2021-11-15,2021-12-31,sh.601991,大唐发电
2021-11-15,2021-12-31,sh.601992,金隅集团
2021-11-15,2021-12-31,sh.601997,贵阳银行
2021-11-15,2021-12-31,sh.603000,人民网
2021-11-15,2021-12-31,sh.603056,德邦股份
2021-11-15,2021-12-31,sh.603077,和邦生物
2021-11-15,2021-12-31,sh.603156,养元饮品
2021-11-15,2021-12-31,sh.603198,迎驾贡酒
2021-11-15,2021-12-31,sh.603225,新凤鸣
2021-11-15,2021-12-31,sh.603228,景旺电子
2021-11-15,2021-12-31,sh.603256,宏和科技
2021-11-15,2021-12-31,sh.603260,合盛硅业
2021-11-15,2021-12-31,sh.603290,斯达半导
2021-11-15,2021-12-31,sh.603317,天味食品
2021-11-15,2021-12-31,sh.603355,莱克电气
2021-11-15,2021-12-31,sh.603377,东方时尚
2021-11-15,2021-12-31,sh.603379,三美股份
2021-11-15,2021-12-31,sh.603444,吉比特
2021-11-15,2021-12-31,sh.603486,科沃斯
2021-11-15,2021-12-31,sh.603515,欧普照明
2021-11-15,2021-12-31,sh.603568,伟明环保
2021-11-15,2021-12-31,sh.603589,口子窖
2021-11-15,2021-12-31,sh.603605,珀莱雅
2021-11-15,2021-12-31,sh.603638,艾迪精密
2021-11-15,2021-12-31,sh.603650,彤程新材
2021-11-15,2021-12-31,sh.603707,健友股份
2021-11-15,2021-12-31,sh.603708,家家悦
2021-11-15,2021-12-31,sh.603712,七一二
2021-11-15,2021-12-31,sh.603719,良品铺子
2021-11-15,2021-12-31,sh.603737,三棵树
2021-11-15,2021-12-31,sh.603786,科博达
2021-11-15,2021-12-31,sh.603858,步长制药
2021-11-15,2021-12-31,sh.603866,桃李面包
2021-11-15,2021-12-31,sh.603868,飞科电器
2021-11-15,2021-12-31,sh.603883,老百姓
2021-11-15,2021-12-31,sh.603885,吉祥航空
2021-11-15,2021-12-31,sh.603888,新华网
2021-11-15,2021-12-31,sh.603893,瑞芯微
2021-11-15,2021-12-31,sh.603927,中科软
2021-11-15,2021-12-31,sh.603983,丸美股份
2021-11-15,2021-12-31,sh.605358,立昂微
2021-11-15,2021-12-31,sh.688002,睿创微纳
2021-11-15,2021-12-31,sh.688029,南微医学
2021-11-15,2021-12-31,sh.688088,虹软科技
2021-11-15,2021-12-31,sh.688099,晶晨股份
2021-11-15,2021-12-31,sh.688208,道通科技
2021-11-15,2021-12-31,sh.688321,微芯生物
2021-11-15,2021-12-31,sz.000009,中国宝安
2021-11-15,2021-12-31,sz.000012,南玻A
2021-11-15,2021-12-31,sz.000021,深科技
2021-11-15,2021-12-31,sz.000027,深圳能源
2021-11-15,2021-12-31,sz.000028,国药一致
2021-11-15,2021-12-31,sz.000031,大悦城
2021-11-15,2021-12-31,sz.000039,中集集团
2021-11-15,2021-12-31,sz.000046,泛海控股
2021-11-15,2021-12-31,sz.000050,深天马A
2021-11-15,2021-12-31,sz.000060,中金岭南
2021-11-15,2021-12-31,sz.000061,农产品
2021-11-15,2021-12-31,sz.000062,深圳华强
2021-11-15,2021-12-31,sz.000078,海王生物
2021-11-15,2021-12-31,sz.000089,深圳机场
2021-11-15,2021-12-31,sz.000090,天健集团
2021-11-15,2021-12-31,sz.000156,华数传媒
2021-11-15,2021-12-31,sz.000158,常山北明
2021-11-15,2021-12-31,sz.000400,许继电气
2021-11-15,2021-12-31,sz.000401,冀东水泥
2021-11-15,2021-12-31,sz.000402,金融街
2021-11-15,2021-12-31,sz.000415,渤海租赁
2021-11-15,2021-12-31,sz.000488,晨鸣纸业
2021-11-15,2021-12-31,sz.000501,鄂武商A
2021-11-15,2021-12-31,sz.000513,丽珠集团
2021-11-15,2021-12-31,sz.000519,中兵红箭
2021-11-15,2021-12-31,sz.000528,柳工
2021-11-15,2021-12-31,sz.000537,广宇发展
2021-11-15,2021-12-31,sz.000540,中天金融
2021-11-15,2021-12-31,sz.000547,航天发展
2021-11-15,2021-12-31,sz.000553,安道麦A
2021-11-15,2021-12-31,sz.000559,万向钱潮
2021-11-15,2021-12-31,sz.000563,陕国投A
2021-11-15,2021-12-31,sz.000581,威孚高科
2021-11-15,2021-12-31,sz.000598,兴蓉环境
2021-11-15,2021-12-31,sz.000623,吉林敖东
2021-11-15,2021-12-31,sz.000629,攀钢钒钛
2021-11-15,2021-12-31,sz.000630,铜陵有色
2021-11-15,2021-12-31,sz.000636,风华高科
2021-11-15,2021-12-31,sz.000671,阳光城
2021-11-15,2021-12-31,sz.000681,视觉中国
2021-11-15,2021-12-31,sz.000685,中山公用
2021-11-15,2021-12-31,sz.000686,东北证券
2021-11-15,2021-12-31,sz.000690,宝新能源
2021-11-15,2021-12-31,sz.000709,河钢股份
2021-11-15,2021-12-31,sz.000717,韶钢松山
2021-11-15,2021-12-31,sz.000718,苏宁环球
2021-11-15,2021-12-31,sz.000723,美锦能源
2021-11-15,2021-12-31,sz.000729,燕京啤酒
2021-11-15,2021-12-31,sz.000732,泰禾集团
2021-11-15,2021-12-31,sz.000738,航发控制
2021-11-15,2021-12-31,sz.000739,普洛药业
2021-11-15,2021-12-31,sz.000750,国海证券
2021-11-15,2021-12-31,sz.000758,中色股份
2021-11-15,2021-12-31,sz.000778,新兴铸管
2021-11-15,2021-12-31,sz.000799,酒鬼酒
2021-11-15,2021-12-31,sz.000807,云铝股份
2021-11-15,2021-12-31,sz.000813,德展健康
2021-11-15,2021-12-31,sz.000825,太钢不锈
2021-11-15,2021-12-31,sz.000826,启迪环境
2021-11-15,2021-12-31,sz.000830,鲁西化工
2021-11-15,2021-12-31,sz.000869,张裕A
2021-11-15,2021-12-31,sz.000877,天山股份
2021-11-15,2021-12-31,sz.000878,云南铜业
2021-11-15,2021-12-31,sz.000883,湖北能源
2021-11-15,2021-12-31,sz.000887,中鼎股份
2021-11-15,2021-12-31,sz.000898,鞍钢股份
2021-11-15,2021-12-31,sz.000930,中粮科技
2021-11-15,2021-12-31,sz.000932,华菱钢铁
2021-11-15,2021-12-31,sz.000937,冀中能源
2021-11-15,2021-12-31,sz.000959,首钢股份
2021-11-15,2021-12-31,sz.000960,锡业股份
2021-11-15,2021-12-31,sz.000961,中南建设
2021-11-15,2021-12-31,sz.000967,盈峰环境
2021-11-15,2021-12-31,sz.000970,中科三环
2021-11-15,2021-12-31,sz.000975,银泰黄金
2021-11-15,2021-12-31,sz.000983,山西焦煤
2021-11-15,2021-12-31,sz.000988,华工科技
2021-11-15,2021-12-31,sz.000990,诚志股份
2021-11-15,2021-12-31,sz.000997,新大陆
2021-11-15,2021-12-31,sz.000998,隆平高科
2021-11-15,2021-12-31,sz.000999,华润三九
2021-11-15,2021-12-31,sz.001872,招商港口
2021-11-15,2021-12-31,sz.001914,招商积余
2021-11-15,2021-12-31,sz.002002,鸿达兴业
2021-11-15,2021-12-31,sz.002004,华邦健康
2021-11-15,2021-12-31,sz.002010,传化智联
2021-11-15,2021-12-31,sz.002013,中航机电
2021-11-15,2021-12-31,sz.002019,亿帆医药
2021-11-15,2021-12-31,sz.002028,思源电气
2021-11-15,2021-12-31,sz.002030,达安基因
2021-11-15,2021-12-31,sz.002038,双鹭药业
2021-11-15,2021-12-31,sz.002048,宁波华翔
2021-11-15,2021-12-31,sz.002056,横店东磁
2021-11-15,2021-12-31,sz.002065,东华软件
2021-11-15,2021-12-31,sz.002074,国轩高科
2021-11-15,2021-12-31,sz.002075,沙钢股份
2021-11-15,2021-12-31,sz.002078,太阳纸业
2021-11-15,2021-12-31,sz.002080,中材科技
2021-11-15,2021-12-31,sz.002081,金螳螂
2021-11-15,2021-12-31,sz.002085,万丰奥威
2021-11-15,2021-12-31,sz.002092,中泰化学
2021-11-15,2021-12-31,sz.002110,三钢闽光
2021-11-15,2021-12-31,sz.002124,天邦股份
2021-11-15,2021-12-31,sz.002127,南极电商
2021-11-15,2021-12-31,sz.002128,露天煤业
2021-11-15,2021-12-31,sz.002131,利欧股份
2021-11-15,2021-12-31,sz.002138,顺络电子
2021-11-15,2021-12-31,sz.002146,荣盛发展
2021-11-15,2021-12-31,sz.002152,广电运通
2021-11-15,2021-12-31,sz.002155,湖南黄金
2021-11-15,2021-12-31,sz.002156,通富微电
2021-11-15,2021-12-31,sz.002174,游族网络
2021-11-15,2021-12-31,sz.002180,纳思达
2021-11-15,2021-12-31,sz.002183,怡亚通
2021-11-15,2021-12-31,sz.002185,华天科技
2021-11-15,2021-12-31,sz.002191,劲嘉股份
2021-11-15,2021-12-31,sz.002195,二三四五
2021-11-15,2021-12-31,sz.002203,海亮股份
2021-11-15,2021-12-31,sz.002212,天融信
2021-11-15,2021-12-31,sz.002221,东华能源
2021-11-15,2021-12-31,sz.002223,鱼跃医疗
2021-11-15,2021-12-31,sz.002233,塔牌集团
2021-11-15,2021-12-31,sz.002242,九阳股份
2021-11-15,2021-12-31,sz.002244,滨江集团
2021-11-15,2021-12-31,sz.002249,大洋电机
2021-11-15,2021-12-31,sz.002250,联化科技
2021-11-15,2021-12-31,sz.002266,浙富控股
2021-11-15,2021-12-31,sz.002268,卫士通
2021-11-15,2021-12-31,sz.002273,水晶光电
2021-11-15,2021-12-31,sz.002281,光迅科技
2021-11-15,2021-12-31,sz.002294,信立泰
2021-11-15,2021-12-31,sz.002299,圣农发展
2021-11-15,2021-12-31,sz.002302,西部建设
2021-11-15,2021-12-31,sz.002317,众生药业
2021-11-15,2021-12-31,sz.002340,格林美
2021-11-15,2021-12-31,sz.002353,杰瑞股份
2021-11-15,2021-12-31,sz.002368,太极股份
2021-11-15,2021-12-31,sz.002372,伟星新材
2021-11-15,2021-12-31,sz.002373,千方科技
2021-11-15,2021-12-31,sz.002375,亚厦股份
2021-11-15,2021-12-31,sz.002382,蓝帆医疗
2021-11-15,2021-12-31,sz.002385,大北农
2021-11-15,2021-12-31,sz.002387,维信诺
2021-11-15,2021-12-31,sz.002390,信邦制药
2021-11-15,2021-12-31,sz.002396,星网锐捷
2021-11-15,2021-12-31,sz.002399,海普瑞
2021-11-15,2021-12-31,sz.002408,齐翔腾达
2021-11-15,2021-12-31,sz.002416,爱施德
2021-11-15,2021-12-31,sz.002419,天虹股份
2021-11-15,2021-12-31,sz.002422,科伦药业
2021-11-15,2021-12-31,sz.002423,中粮资本
2021-11-15,2021-12-31,sz.002424,贵州百灵
2021-11-15,2021-12-31,sz.002429,兆驰股份
2021-11-15,2021-12-31,sz.002434,万里扬
2021-11-15,2021-12-31,sz.002439,启明星辰
2021-11-15,2021-12-31,sz.002440,闰土股份
2021-11-15,2021-12-31,sz.002444,巨星科技
2021-11-15,2021-12-31,sz.002458,益生股份
2021-11-15,2021-12-31,sz.002465,海格通信
2021-11-15,2021-12-31,sz.002468,申通快递
2021-11-15,2021-12-31,sz.002500,山西证券
2021-11-15,2021-12-31,sz.002505,鹏都农牧
2021-11-15,2021-12-31,sz.002506,协鑫集成
2021-11-15,2021-12-31,sz.002507,涪陵榨菜
2021-11-15,2021-12-31,sz.002511,中顺洁柔
2021-11-15,2021-12-31,sz.002532,天山铝业
2021-11-15,2021-12-31,sz.002557,洽洽食品
2021-11-15,2021-12-31,sz.002563,森马服饰
2021-11-15,2021-12-31,sz.002572,索菲亚
2021-11-15,2021-12-31,sz.002583,海能达
2021-11-15,2021-12-31,sz.002595,豪迈科技
2021-11-15,2021-12-31,sz.002603,以岭药业
2021-11-15,2021-12-31,sz.002625,光启技术
2021-11-15,2021-12-31,sz.002635,安洁科技
2021-11-15,2021-12-31,sz.002648,卫星化学
2021-11-15,2021-12-31,sz.002653,海思科
2021-11-15,2021-12-31,sz.002670,国盛金控
2021-11-15,2021-12-31,sz.002683,宏大爆破
2021-11-15,2021-12-31,sz.002690,美亚光电
2021-11-15,2021-12-31,sz.002701,奥瑞金
2021-11-15,2021-12-31,sz.002705,新宝股份
2021-11-15,2021-12-31,sz.002709,天赐材料
2021-11-15,2021-12-31,sz.002745,木林森
2021-11-15,2021-12-31,sz.002797,第一创业
2021-11-15,2021-12-31,sz.002815,崇达技术
2021-11-15,2021-12-31,sz.002818,富森美
2021-11-15,2021-12-31,sz.002831,裕同科技
2021-11-15,2021-12-31,sz.002839,张家港行
2021-11-15,2021-12-31,sz.002867,周大生
2021-11-15,2021-12-31,sz.002901,大博医疗
2021-11-15,2021-12-31,sz.002925,盈趣科技
2021-11-15,2021-12-31,sz.002926,华西证券
2021-11-15,2021-12-31,sz.002936,郑州银行
2021-11-15,2021-12-31,sz.002946,新乳业
2021-11-15,2021-12-31,sz.002948,青岛银行
2021-11-15,2021-12-31,sz.002958,青农商行
2021-11-15,2021-12-31,sz.002966,苏州银行
2021-11-15,2021-12-31,sz.002985,北摩高科
2021-11-15,2021-12-31,sz.003022,联泓新科
2021-11-15,2021-12-31,sz.003035,南网能源
2021-11-15,2021-12-31,sz.300001,特锐德
2021-11-15,2021-12-31,sz.300002,神州泰岳
2021-11-15,2021-12-31,sz.300009,安科生物
2021-11-15,2021-12-31,sz.300010,豆神教育
2021-11-15,2021-12-31,sz.300017,网宿科技
2021-11-15,2021-12-31,sz.300024,机器人
2021-11-15,2021-12-31,sz.300026,红日药业
2021-11-15,2021-12-31,sz.300037,新宙邦
2021-11-15,2021-12-31,sz.300058,蓝色光标
2021-11-15,2021-12-31,sz.300070,碧水源
2021-11-15,2021-12-31,sz.300072,三聚环保
2021-11-15,2021-12-31,sz.300088,长信科技
2021-11-15,2021-12-31,sz.300113,顺网科技
2021-11-15,2021-12-31,sz.300115,长盈精密
2021-11-15,2021-12-31,sz.300133,华策影视
2021-11-15,2021-12-31,sz.300146,汤臣倍健
2021-11-15,2021-12-31,sz.300166,东方国信
2021-11-15,2021-12-31,sz.300168,万达信息
2021-11-15,2021-12-31,sz.300180,华峰超纤
2021-11-15,2021-12-31,sz.300182,捷成股份
2021-11-15,2021-12-31,sz.300207,欣旺达
2021-11-15,2021-12-31,sz.300212,易华录
2021-11-15,2021-12-31,sz.300223,北京君正
2021-11-15,2021-12-31,sz.300244,迪安诊断
2021-11-15,2021-12-31,sz.300251,光线传媒
2021-11-15,2021-12-31,sz.300253,卫宁健康
2021-11-15,2021-12-31,sz.300257,开山股份
2021-11-15,2021-12-31,sz.300271,华宇软件
2021-11-15,2021-12-31,sz.300285,国瓷材料
2021-11-15,2021-12-31,sz.300296,利亚德
2021-11-15,2021-12-31,sz.300308,中际旭创
2021-11-15,2021-12-31,sz.300315,掌趣科技
2021-11-15,2021-12-31,sz.300316,晶盛机电
2021-11-15,2021-12-31,sz.300357,我武生物
2021-11-15,2021-12-31,sz.300376,易事特
2021-11-15,2021-12-31,sz.300383,光环新网
2021-11-15,2021-12-31,sz.300418,昆仑万维
2021-11-15,2021-12-31,sz.300463,迈克生物
2021-11-15,2021-12-31,sz.300474,景嘉微
2021-11-15,2021-12-31,sz.300482,万孚生物
2021-11-15,2021-12-31,sz.300618,寒锐钴业
2021-11-15,2021-12-31,sz.300630,普利制药
2021-11-15,2021-12-31,sz.300699,光威复材
2021-11-15,2021-12-31,sz.300741,华宝股份
2022-06-13,2022-06-30,sh.600006,东风汽车
2022-06-13,2022-06-30,sh.600008,首创环保
2022-06-13,2022-06-30,sh.600021,上海电力
2022-06-13,2022-06-30,sh.600022,山东钢铁
2022-06-13,2022-06-30,sh.600026,中远海能
2022-06-13,2022-06-30,sh.600027,华电国际
2022-06-13,2022-06-30,sh.600037,歌华有线
2022-06-13,2022-06-30,sh.600038,中直股份
2022-06-13,2022-06-30,sh.600039,四川路桥
2022-06-13,2022-06-30,sh.600056,中国医药
2022-06-13,2022-06-30,sh.600060,海信视像
2022-06-13,2022-06-30,sh.600062,华润双鹤
2022-06-13,2022-06-30,sh.600064,南京高科
2022-06-13,2022-06-30,sh.600066,宇通客车
2022-06-13,2022-06-30,sh.600079,人福医药
2022-06-13,2022-06-30,sh.600095,湘财股份
2022-06-13,2022-06-30,sh.600096,云天化
2022-06-13,2022-06-30,sh.600109,国金证券
2022-06-13,2022-06-30,sh.600118,中国卫星
2022-06-13,2022-06-30,sh.600120,浙江东方
2022-06-13,2022-06-30,sh.600126,杭钢股份
2022-06-13,2022-06-30,sh.600131,国网信通
2022-06-13,2022-06-30,sh.600141,兴发集团
2022-06-13,2022-06-30,sh.600143,金发科技
2022-06-13,2022-06-30,sh.600153,建发股份
2022-06-13,2022-06-30,sh.600155,华创阳安
2022-06-13,2022-06-30,sh.600157,永泰能源
2022-06-13,2022-06-30,sh.600160,巨化股份
2022-06-13,2022-06-30,sh.600166,福田汽车
2022-06-13,2022-06-30,sh.600167,联美控股
2022-06-13,2022-06-30,sh.600170,上海建工
2022-06-13,2022-06-30,sh.600171,上海贝岭
2022-06-13,2022-06-30,sh.600177,雅戈尔
2022-06-13,2022-06-30,sh.600195,中牧股份
2022-06-13,2022-06-30,sh.600201,生物股份
2022-06-13,2022-06-30,sh.600208,新湖中宝
2022-06-13,2022-06-30,sh.600216,浙江医药
2022-06-13,2022-06-30,sh.600233,圆通速递
2022-06-13,2022-06-30,sh.600236,桂冠电力
2022-06-13,2022-06-30,sh.600256,广汇能源
2022-06-13,2022-06-30,sh.600258,首旅酒店
2022-06-13,2022-06-30,sh.600259,广晟有色
2022-06-13,2022-06-30,sh.600271,航天信息
2022-06-13,2022-06-30,sh.600282,南钢股份
2022-06-13,2022-06-30,sh.600297,广汇汽车
2022-06-13,2022-06-30,sh.600298,安琪酵母
2022-06-13,2022-06-30,sh.600299,安迪苏
2022-06-13,2022-06-30,sh.600307,酒钢宏兴
2022-06-13,2022-06-30,sh.600315,上海家化
2022-06-13,2022-06-30,sh.600316,洪都航空
2022-06-13,2022-06-30,sh.600325,华发股份
2022-06-13,2022-06-30,sh.600329,达仁堂
2022-06-13,2022-06-30,sh.600339,中油工程
2022-06-13,2022-06-30,sh.600348,华阳股份
2022-06-13,2022-06-30,sh.600350,山东高速
2022-06-13,2022-06-30,sh.600369,西南证券
2022-06-13,2022-06-30,sh.600372,中航电子
2022-06-13,2022-06-30,sh.600373,中文传媒
2022-06-13,2022-06-30,sh.600376,首开股份
2022-06-13,2022-06-30,sh.600377,宁沪高速
2022-06-13,2022-06-30,sh.600380,健康元
2022-06-13,2022-06-30,sh.600390,五矿资本
2022-06-13,2022-06-30,sh.600392,盛和资源
2022-06-13,2022-06-30,sh.600398,海澜之家
2022-06-13,2022-06-30,sh.600399,抚顺特钢
2022-06-13,2022-06-30,sh.600409,三友化工
2022-06-13,2022-06-30,sh.600415,小商品城
2022-06-13,2022-06-30,sh.600418,江淮汽车
2022-06-13,2022-06-30,sh.600435,北方导航
2022-06-13,2022-06-30,sh.600446,金证股份
2022-06-13,2022-06-30,sh.600482,中国动力
2022-06-13,2022-06-30,sh.600486,扬农化工
2022-06-13,2022-06-30,sh.600487,亨通光电
2022-06-13,2022-06-30,sh.600497,驰宏锌锗
2022-06-13,2022-06-30,sh.600498,烽火通信
2022-06-13,2022-06-30,sh.600499,科达制造
2022-06-13,2022-06-30,sh.600500,中化国际
2022-06-13,2022-06-30,sh.600507,方大特钢
2022-06-13,2022-06-30,sh.600511,国药股份
2022-06-13,2022-06-30,sh.600516,方大炭素
2022-06-13,2022-06-30,sh.600517,国网英大
2022-06-13,2022-06-30,sh.600521,华海药业
2022-06-13,2022-06-30,sh.600522,中天科技
2022-06-13,2022-06-30,sh.600528,中铁工业
2022-06-13,2022-06-30,sh.600529,山东药玻
2022-06-13,2022-06-30,sh.600535,天士力
2022-06-13,2022-06-30,sh.600536,中国软件
2022-06-13,2022-06-30,sh.600546,山煤国际
2022-06-13,2022-06-30,sh.600549,厦门钨业
2022-06-13,2022-06-30,sh.600556,天下秀
2022-06-13,2022-06-30,sh.600563,法拉电子
2022-06-13,2022-06-30,sh.600566,济川药业
2022-06-13,2022-06-30,sh.600567,山鹰国际
2022-06-13,2022-06-30,sh.600572,康恩贝
2022-06-13,2022-06-30,sh.600580,卧龙电驱
2022-06-13,2022-06-30,sh.600582,天地科技
2022-06-13,2022-06-30,sh.600597,光明乳业
2022-06-13,2022-06-30,sh.600598,北大荒
2022-06-13,2022-06-30,sh.600623,华谊集团
2022-06-13,2022-06-30,sh.600637,东方明珠
2022-06-13,2022-06-30,sh.600642,申能股份
2022-06-13,2022-06-30,sh.600648,外高桥
2022-06-13,2022-06-30,sh.600663,陆家嘴
2022-06-13,2022-06-30,sh.600667,太极实业
2022-06-13,2022-06-30,sh.600673,东阳光
2022-06-13,2022-06-30,sh.600699,均胜电子
2022-06-13,2022-06-30,sh.600704,物产中大
2022-06-13,2022-06-30,sh.600705,中航产融
2022-06-13,2022-06-30,sh.600707,彩虹股份
2022-06-13,2022-06-30,sh.600717,天津港
2022-06-13,2022-06-30,sh.600718,东软集团
2022-06-13,2022-06-30,sh.600728,佳都科技
2022-06-13,2022-06-30,sh.600732,爱旭股份
2022-06-13,2022-06-30,sh.600737,中粮糖业
2022-06-13,2022-06-30,sh.600739,辽宁成大
2022-06-13,2022-06-30,sh.600755,厦门国贸
2022-06-13,2022-06-30,sh.600764,中国海防
2022-06-13,2022-06-30,sh.600765,中航重机
2022-06-13,2022-06-30,sh.600782,新钢股份
2022-06-13,2022-06-30,sh.600787,中储股份
2022-06-13,2022-06-30,sh.600801,华新水泥
2022-06-13,2022-06-30,sh.600808,马钢股份
2022-06-13,2022-06-30,sh.600811,东方集团
2022-06-13,2022-06-30,sh.600820,隧道股份
2022-06-13,2022-06-30,sh.600823,世茂股份
2022-06-13,2022-06-30,sh.600827,百联股份
2022-06-13,2022-06-30,sh.600835,上海机电
2022-06-13,2022-06-30,sh.600839,四川长虹
2022-06-13,2022-06-30,sh.600848,上海临港
2022-06-13,2022-06-30,sh.600859,王府井
2022-06-13,2022-06-30,sh.600862,中航高科
2022-06-13,2022-06-30,sh.600863,内蒙华电
2022-06-13,2022-06-30,sh.600867,通化东宝
2022-06-13,2022-06-30,sh.600871,石化油服
2022-06-13,2022-06-30,sh.600875,东方电气
2022-06-13,2022-06-30,sh.600879,航天电子
2022-06-13,2022-06-30,sh.600885,宏发股份
2022-06-13,2022-06-30,sh.600895,张江高科
2022-06-13,2022-06-30,sh.600901,江苏租赁
2022-06-13,2022-06-30,sh.600906,财达证券
2022-06-13,2022-06-30,sh.600909,华安证券
2022-06-13,2022-06-30,sh.600917,重庆燃气
2022-06-13,2022-06-30,sh.600927,永安期货
2022-06-13,2022-06-30,sh.600928,西安银行
2022-06-13,2022-06-30,sh.600956,新天绿能
2022-06-13,2022-06-30,sh.600959,江苏有线
2022-06-13,2022-06-30,sh.600967,内蒙一机
2022-06-13,2022-06-30,sh.600968,海油发展
2022-06-13,2022-06-30,sh.600970,中材国际
2022-06-13,2022-06-30,sh.600985,淮北矿业
2022-06-13,2022-06-30,sh.600988,赤峰黄金
2022-06-13,2022-06-30,sh.600998,九州通
2022-06-13,2022-06-30,sh.601000,唐山港
2022-06-13,2022-06-30,sh.601003,柳钢股份
2022-06-13,2022-06-30,sh.601005,重庆钢铁
2022-06-13,2022-06-30,sh.601016,节能风电
2022-06-13,2022-06-30,sh.601058,赛轮轮胎
2022-06-13,2022-06-30,sh.601077,渝农商行
2022-06-13,2022-06-30,sh.601098,中南传媒
2022-06-13,2022-06-30,sh.601106,中国一重
2022-06-13,2022-06-30,sh.601108,财通证券
2022-06-13,2022-06-30,sh.601118,海南橡胶
2022-06-13,2022-06-30,sh.601128,常熟银行
2022-06-13,2022-06-30,sh.601139,深圳燃气
2022-06-13,2022-06-30,sh.601156,东航物流
2022-06-13,2022-06-30,sh.601162,天风证券
2022-06-13,2022-06-30,sh.601168,西部矿业
2022-06-13,2022-06-30,sh.601179,中国西电
2022-06-13,2022-06-30,sh.601187,厦门银行
2022-06-13,2022-06-30,sh.601198,东兴证券
2022-06-13,2022-06-30,sh.601200,上海环境
2022-06-13,2022-06-30,sh.601228,广州港
2022-06-13,2022-06-30,sh.601298,青岛港
2022-06-13,2022-06-30,sh.601333,广深铁路
2022-06-13,2022-06-30,sh.601456,国联证券
2022-06-13,2022-06-30,sh.601555,东吴证券
2022-06-13,2022-06-30,sh.601568,北元集团
2022-06-13,2022-06-30,sh.601577,长沙银行
2022-06-13,2022-06-30,sh.601598,中国外运
2022-06-13,2022-06-30,sh.601607,上海医药
2022-06-13,2022-06-30,sh.601608,中信重工
2022-06-13,2022-06-30,sh.601611,中国核建
2022-06-13,2022-06-30,sh.601615,明阳智能
2022-06-13,2022-06-30,sh.601636,旗滨集团
2022-06-13,2022-06-30,sh.601665,齐鲁银行
2022-06-13,2022-06-30,sh.601696,中银证券
2022-06-13,2022-06-30,sh.601699,潞安环能
2022-06-13,2022-06-30,sh.601717,郑煤机
2022-06-13,2022-06-30,sh.601718,际华集团
2022-06-13,2022-06-30,sh.601778,晶科科技
2022-06-13,2022-06-30,sh.601828,美凯龙
2022-06-13,2022-06-30,sh.601860,紫金银行
2022-06-13,2022-06-30,sh.601866,中远海发
2022-06-13,2022-06-30,sh.601869,长飞光纤
2022-06-13,2022-06-30,sh.601872,招商轮船
2022-06-13,2022-06-30,sh.601880,辽港股份
2022-06-13,2022-06-30,sh.601928,凤凰传媒
2022-06-13,2022-06-30,sh.601958,金钼股份
2022-06-13,2022-06-30,sh.601969,海南矿业
2022-06-13,2022-06-30,sh.601990,南京证券
2022-06-13,2022-06-30,sh.601991,大唐发电
2022-06-13,2022-06-30,sh.601992,金隅集团
2022-06-13,2022-06-30,sh.601997,贵阳银行
2022-06-13,2022-06-30,sh.603000,人民网
2022-06-13,2022-06-30,sh.603026,石大胜华
2022-06-13,2022-06-30,sh.603056,德邦股份
2022-06-13,2022-06-30,sh.603077,和邦生物
2022-06-13,2022-06-30,sh.603127,昭衍新药
2022-06-13,2022-06-30,sh.603156,养元饮品
2022-06-13,2022-06-30,sh.603198,迎驾贡酒
2022-06-13,2022-06-30,sh.603218,日月股份
2022-06-13,2022-06-30,sh.603225,新凤鸣
2022-06-13,2022-06-30,sh.603228,景旺电子
2022-06-13,2022-06-30,sh.603233,大参林
2022-06-13,2022-06-30,sh.603267,鸿远电子
2022-06-13,2022-06-30,sh.603317,天味食品
2022-06-13,2022-06-30,sh.603345,安井食品
2022-06-13,2022-06-30,sh.603355,莱克电气
2022-06-13,2022-06-30,sh.603379,三美股份
2022-06-13,2022-06-30,sh.603444,吉比特
2022-06-13,2022-06-30,sh.603456,九洲药业
2022-06-13,2022-06-30,sh.603515,欧普照明
2022-06-13,2022-06-30,sh.603517,绝味食品
2022-06-13,2022-06-30,sh.603568,伟明环保
2022-06-13,2022-06-30,sh.603589,口子窖
2022-06-13,2022-06-30,sh.603605,珀莱雅
2022-06-13,2022-06-30,sh.603613,国联股份
2022-06-13,2022-06-30,sh.603638,艾迪精密
2022-06-13,2022-06-30,sh.603650,彤程新材
2022-06-13,2022-06-30,sh.603658,安图生物
2022-06-13,2022-06-30,sh.603707,健友股份
2022-06-13,2022-06-30,sh.603712,七一二
2022-06-13,2022-06-30,sh.603719,良品铺子
2022-06-13,2022-06-30,sh.603786,科博达
2022-06-13,2022-06-30,sh.603858,步长制药
2022-06-13,2022-06-30,sh.603866,桃李面包
2022-06-13,2022-06-30,sh.603868,飞科电器
2022-06-13,2022-06-30,sh.603883,老百姓
2022-06-13,2022-06-30,sh.603885,吉祥航空
2022-06-13,2022-06-30,sh.603927,中科软
2022-06-13,2022-06-30,sh.603939,益丰药房
2022-06-13,2022-06-30,sh.603983,丸美股份
2022-06-13,2022-06-30,sh.605117,德业股份
2022-06-13,2022-06-30,sh.688002,睿创微纳
2022-06-13,2022-06-30,sh.688006,杭可科技
2022-06-13,2022-06-30,sh.688009,中国通号
2022-06-13,2022-06-30,sh.688029,南微医学
2022-06-13,2022-06-30,sh.688088,虹软科技
2022-06-13,2022-06-30,sh.688099,晶晨股份
2022-06-13,2022-06-30,sh.688122,西部超导
2022-06-13,2022-06-30,sh.688180,君实生物
2022-06-13,2022-06-30,sh.688185,康希诺
2022-06-13,2022-06-30,sh.688188,柏楚电子
2022-06-13,2022-06-30,sh.688208,道通科技
2022-06-13,2022-06-30,sh.688256,寒武纪
2022-06-13,2022-06-30,sh.688289,圣湘生物
2022-06-13,2022-06-30,sh.688321,微芯生物
2022-06-13,2022-06-30,sh.688390,固德威
2022-06-13,2022-06-30,sh.688521,芯原股份
2022-06-13,2022-06-30,sh.688777,中控技术
2022-06-13,2022-06-30,sh.688819,天能股份
2022-06-13,2022-06-30,sh.689009,九号公司
2022-06-13,2022-06-30,sz.000009,中国宝安
2022-06-13,2022-06-30,sz.000012,南玻A
2022-06-13,2022-06-30,sz.000021,深科技
2022-06-13,2022-06-30,sz.000027,深圳能源
2022-06-13,2022-06-30,sz.000028,国药一致
2022-06-13,2022-06-30,sz.000031,大悦城
2022-06-13,2022-06-30,sz.000039,中集集团
2022-06-13,2022-06-30,sz.000050,深天马A
2022-06-13,2022-06-30,sz.000060,中金岭南
2022-06-13,2022-06-30,sz.000062,深圳华强
2022-06-13,2022-06-30,sz.000089,深圳机场
2022-06-13,2022-06-30,sz.000156,华数传媒
2022-06-13,2022-06-30,sz.000158,常山北明
2022-06-13,2022-06-30,sz.000400,许继电气
2022-06-13,2022-06-30,sz.000401,冀东水泥
2022-06-13,2022-06-30,sz.000402,金融街
2022-06-13,2022-06-30,sz.000415,渤海租赁
2022-06-13,2022-06-30,sz.000488,晨鸣纸业
2022-06-13,2022-06-30,sz.000513,丽珠集团
2022-06-13,2022-06-30,sz.000519,中兵红箭
2022-06-13,2022-06-30,sz.000528,柳工
2022-06-13,2022-06-30,sz.000537,广宇发展
2022-06-13,2022-06-30,sz.000540,中天金融
2022-06-13,2022-06-30,sz.000547,航天发展
2022-06-13,2022-06-30,sz.000553,安道麦A
2022-06-13,2022-06-30,sz.000559,万向钱潮
2022-06-13,2022-06-30,sz.000563,陕国投A
2022-06-13,2022-06-30,sz.000581,威孚高科
2022-06-13,2022-06-30,sz.000598,兴蓉环境
2022-06-13,2022-06-30,sz.000623,吉林敖东
2022-06-13,2022-06-30,sz.000629,攀钢钒钛
2022-06-13,2022-06-30,sz.000630,铜陵有色
2022-06-13,2022-06-30,sz.000636,风华高科
2022-06-13,2022-06-30,sz.000656,金科股份
2022-06-13,2022-06-30,sz.000671,阳光城
2022-06-13,2022-06-30,sz.000685,中山公用
2022-06-13,2022-06-30,sz.000686,东北证券
2022-06-13,2022-06-30,sz.000690,宝新能源
2022-06-13,2022-06-30,sz.000709,河钢股份
2022-06-13,2022-06-30,sz.000717,韶钢松山
2022-06-13,2022-06-30,sz.000718,苏宁环球
2022-06-13,2022-06-30,sz.000728,国元证券
2022-06-13,2022-06-30,sz.000729,燕京啤酒
2022-06-13,2022-06-30,sz.000738,航发控制
2022-06-13,2022-06-30,sz.000739,普洛药业
2022-06-13,2022-06-30,sz.000750,国海证券
2022-06-13,2022-06-30,sz.000778,新兴铸管
2022-06-13,2022-06-30,sz.000783,长江证券
2022-06-13,2022-06-30,sz.000785,居然之家
2022-06-13,2022-06-30,sz.000807,云铝股份
2022-06-13,2022-06-30,sz.000825,太钢不锈
2022-06-13,2022-06-30,sz.000830,鲁西化工
2022-06-13,2022-06-30,sz.000831,五矿稀土
2022-06-13,2022-06-30,sz.000869,张裕A
2022-06-13,2022-06-30,sz.000878,云南铜业
2022-06-13,2022-06-30,sz.000883,湖北能源
2022-06-13,2022-06-30,sz.000887,中鼎股份
2022-06-13,2022-06-30,sz.000898,鞍钢股份
2022-06-13,2022-06-30,sz.000930,中粮科技
2022-06-13,2022-06-30,sz.000932,华菱钢铁
2022-06-13,2022-06-30,sz.000937,冀中能源
2022-06-13,2022-06-30,sz.000959,首钢股份
2022-06-13,2022-06-30,sz.000960,锡业股份
2022-06-13,2022-06-30,sz.000961,中南建设
2022-06-13,2022-06-30,sz.000967,盈峰环境
2022-06-13,2022-06-30,sz.000970,中科三环
2022-06-13,2022-06-30,sz.000975,银泰黄金
2022-06-13,2022-06-30,sz.000983,山西焦煤
2022-06-13,2022-06-30,sz.000987,越秀金控
2022-06-13,2022-06-30,sz.000988,华工科技
2022-06-13,2022-06-30,sz.000990,诚志股份
2022-06-13,2022-06-30,sz.000997,新大陆
2022-06-13,2022-06-30,sz.000998,隆平高科
2022-06-13,2022-06-30,sz.000999,华润三九
2022-06-13,2022-06-30,sz.001203,大中矿业
2022-06-13,2022-06-30,sz.001227,兰州银行
2022-06-13,2022-06-30,sz.001872,招商港口
2022-06-13,2022-06-30,sz.001914,招商积余
2022-06-13,2022-06-30,sz.001965,招商公路
2022-06-13,2022-06-30,sz.002002,鸿达兴业
2022-06-13,2022-06-30,sz.002004,华邦健康
2022-06-13,2022-06-30,sz.002010,传化智联
2022-06-13,2022-06-30,sz.002019,亿帆医药
2022-06-13,2022-06-30,sz.002028,思源电气
2022-06-13,2022-06-30,sz.002030,达安基因
2022-06-13,2022-06-30,sz.002048,宁波华翔
2022-06-13,2022-06-30,sz.002056,横店东磁
2022-06-13,2022-06-30,sz.002065,东华软件
2022-06-13,2022-06-30,sz.002078,太阳纸业
2022-06-13,2022-06-30,sz.002081,金螳螂
2022-06-13,2022-06-30,sz.002092,中泰化学
2022-06-13,2022-06-30,sz.002110,三钢闽光
2022-06-13,2022-06-30,sz.002124,天邦股份
2022-06-13,2022-06-30,sz.002127,南极电商
2022-06-13,2022-06-30,sz.002128,电投能源
2022-06-13,2022-06-30,sz.002131,利欧股份
2022-06-13,2022-06-30,sz.002138,顺络电子
2022-06-13,2022-06-30,sz.002146,荣盛发展
2022-06-13,2022-06-30,sz.002152,广电运通
2022-06-13,2022-06-30,sz.002153,石基信息
2022-06-13,2022-06-30,sz.002155,湖南黄金
2022-06-13,2022-06-30,sz.002156,通富微电
2022-06-13,2022-06-30,sz.002174,游族网络
2022-06-13,2022-06-30,sz.002180,纳思达
2022-06-13,2022-06-30,sz.002183,怡亚通
2022-06-13,2022-06-30,sz.002185,华天科技
2022-06-13,2022-06-30,sz.002191,劲嘉股份
2022-06-13,2022-06-30,sz.002195,二三四五
2022-06-13,2022-06-30,sz.002203,海亮股份
2022-06-13,2022-06-30,sz.002212,天融信
2022-06-13,2022-06-30,sz.002221,东华能源
2022-06-13,2022-06-30,sz.002223,鱼跃医疗
2022-06-13,2022-06-30,sz.002233,塔牌集团
2022-06-13,2022-06-30,sz.002240,盛新锂能
2022-06-13,2022-06-30,sz.002242,九阳股份
2022-06-13,2022-06-30,sz.002244,滨江集团
2022-06-13,2022-06-30,sz.002249,大洋电机
2022-06-13,2022-06-30,sz.002250,联化科技
2022-06-13,2022-06-30,sz.002266,浙富控股
2022-06-13,2022-06-30,sz.002268,卫士通
2022-06-13,2022-06-30,sz.002273,水晶光电
2022-06-13,2022-06-30,sz.002281,光迅科技
2022-06-13,2022-06-30,sz.002294,信立泰
2022-06-13,2022-06-30,sz.002299,圣农发展
2022-06-13,2022-06-30,sz.002326,永太科技
2022-06-13,2022-06-30,sz.002353,杰瑞股份
2022-06-13,2022-06-30,sz.002368,太极股份
2022-06-13,2022-06-30,sz.002372,伟星新材
2022-06-13,2022-06-30,sz.002373,千方科技
2022-06-13,2022-06-30,sz.002382,蓝帆医疗
2022-06-13,2022-06-30,sz.002384,东山精密
2022-06-13,2022-06-30,sz.002385,大北农
2022-06-13,2022-06-30,sz.002387,维信诺
2022-06-13,2022-06-30,sz.002390,信邦制药
2022-06-13,2022-06-30,sz.002396,星网锐捷
2022-06-13,2022-06-30,sz.002399,海普瑞
2022-06-13,2022-06-30,sz.002407,多氟多
2022-06-13,2022-06-30,sz.002408,齐翔腾达
2022-06-13,2022-06-30,sz.002409,雅克科技
2022-06-13,2022-06-30,sz.002416,爱施德
2022-06-13,2022-06-30,sz.002422,科伦药业
2022-06-13,2022-06-30,sz.002423,中粮资本
2022-06-13,2022-06-30,sz.002429,兆驰股份
2022-06-13,2022-06-30,sz.002430,杭氧股份
2022-06-13,2022-06-30,sz.002434,万里扬
2022-06-13,2022-06-30,sz.002439,启明星辰
2022-06-13,2022-06-30,sz.002444,巨星科技
2022-06-13,2022-06-30,sz.002465,海格通信
2022-06-13,2022-06-30,sz.002468,申通快递
2022-06-13,2022-06-30,sz.002497,雅化集团
2022-06-13,2022-06-30,sz.002500,山西证券
2022-06-13,2022-06-30,sz.002505,鹏都农牧
2022-06-13,2022-06-30,sz.002506,协鑫集成
2022-06-13,2022-06-30,sz.002507,涪陵榨菜
2022-06-13,2022-06-30,sz.002508,老板电器
2022-06-13,2022-06-30,sz.002511,中顺洁柔
2022-06-13,2022-06-30,sz.002532,天山铝业
2022-06-13,2022-06-30,sz.002557,洽洽食品
2022-06-13,2022-06-30,sz.002563,森马服饰
2022-06-13,2022-06-30,sz.002572,索菲亚
2022-06-13,2022-06-30,sz.002595,豪迈科技
2022-06-13,2022-06-30,sz.002603,以岭药业
2022-06-13,2022-06-30,sz.002624,完美世界
2022-06-13,2022-06-30,sz.002625,光启技术
2022-06-13,2022-06-30,sz.002653,海思科
2022-06-13,2022-06-30,sz.002670,国盛金控
2022-06-13,2022-06-30,sz.002673,西部证券
2022-06-13,2022-06-30,sz.002683,广东宏大
2022-06-13,2022-06-30,sz.002690,美亚光电
2022-06-13,2022-06-30,sz.002701,奥瑞金
2022-06-13,2022-06-30,sz.002705,新宝股份
2022-06-13,2022-06-30,sz.002739,万达电影
2022-06-13,2022-06-30,sz.002745,木林森
2022-06-13,2022-06-30,sz.002756,永兴材料
2022-06-13,2022-06-30,sz.002797,第一创业
2022-06-13,2022-06-30,sz.002815,崇达技术
2022-06-13,2022-06-30,sz.002831,裕同科技
2022-06-13,2022-06-30,sz.002867,周大生
2022-06-13,2022-06-30,sz.002901,大博医疗
2022-06-13,2022-06-30,sz.002925,盈趣科技
2022-06-13,2022-06-30,sz.002926,华西证券
2022-06-13,2022-06-30,sz.002936,郑州银行
2022-06-13,2022-06-30,sz.002939,长城证券
2022-06-13,2022-06-30,sz.002945,华林证券
2022-06-13,2022-06-30,sz.002946,新乳业
2022-06-13,2022-06-30,sz.002948,青岛银行
2022-06-13,2022-06-30,sz.002958,青农商行
2022-06-13,2022-06-30,sz.002966,苏州银行
2022-06-13,2022-06-30,sz.002985,北摩高科
2022-06-13,2022-06-30,sz.003035,南网能源
2022-06-13,2022-06-30,sz.300001,特锐德
2022-06-13,2022-06-30,sz.300009,安科生物
2022-06-13,2022-06-30,sz.300012,华测检测
2022-06-13,2022-06-30,sz.300017,网宿科技
2022-06-13,2022-06-30,sz.300024,机器人
2022-06-13,2022-06-30,sz.300026,红日药业
2022-06-13,2022-06-30,sz.300037,新宙邦
2022-06-13,2022-06-30,sz.300058,蓝色光标
2022-06-13,2022-06-30,sz.300070,碧水源
2022-06-13,2022-06-30,sz.300072,三聚环保
2022-06-13,2022-06-30,sz.300073,当升科技
2022-06-13,2022-06-30,sz.300088,长信科技
2022-06-13,2022-06-30,sz.300115,长盈精密
2022-06-13,2022-06-30,sz.300136,信维通信
2022-06-13,2022-06-30,sz.300144,宋城演艺
2022-06-13,2022-06-30,sz.300146,汤臣倍健
2022-06-13,2022-06-30,sz.300166,东方国信
2022-06-13,2022-06-30,sz.300168,万达信息
2022-06-13,2022-06-30,sz.300182,捷成股份
2022-06-13,2022-06-30,sz.300212,易华录
2022-06-13,2022-06-30,sz.300244,迪安诊断
2022-06-13,2022-06-30,sz.300251,光线传媒
2022-06-13,2022-06-30,sz.300253,卫宁健康
2022-06-13,2022-06-30,sz.300257,开山股份
2022-06-13,2022-06-30,sz.300285,国瓷材料
2022-06-13,2022-06-30,sz.300296,利亚德
2022-06-13,2022-06-30,sz.300308,中际旭创
2022-06-13,2022-06-30,sz.300357,我武生物
2022-06-13,2022-06-30,sz.300363,博腾股份
2022-06-13,2022-06-30,sz.300376,易事特
2022-06-13,2022-06-30,sz.300383,光环新网
2022-06-13,2022-06-30,sz.300390,天华超净
2022-06-13,2022-06-30,sz.300418,昆仑万维
2022-06-13,2022-06-30,sz.300463,迈克生物
2022-06-13,2022-06-30,sz.300474,景嘉微
2022-06-13,2022-06-30,sz.300482,万孚生物
2022-06-13,2022-06-30,sz.300558,贝达药业
2022-06-13,2022-06-30,sz.300618,寒锐钴业
2022-06-13,2022-06-30,sz.300630,普利制药
2022-06-13,2022-06-30,sz.300676,华大基因
2022-06-13,2022-06-30,sz.300677,英科医疗
2022-06-13,2022-06-30,sz.300699,光威复材
2022-06-13,2022-06-30,sz.300724,捷佳伟创
2022-06-13,2022-06-30,sz.300741,华宝股份
2022-06-13,2022-06-30,sz.300769,德方纳米
2022-06-13,2022-06-30,sz.300832,新产业
2022-06-13,2022-06-30,sz.300869,康泰医学
2022-06-13,2022-06-30,sz.300888,稳健医疗
2022-08-01,2022-12-31,sh.600006,东风汽车
2022-08-01,2022-12-31,sh.600008,首创环保
2022-08-01,2022-12-31,sh.600021,上海电力
2022-08-01,2022-12-31,sh.600022,山东钢铁
2022-08-01,2022-12-31,sh.600026,中远海能
2022-08-01,2022-12-31,sh.600027,华电国际
2022-08-01,2022-12-31,sh.600037,歌华有线
2022-08-01,2022-12-31,sh.600038,中直股份
2022-08-01,2022-12-31,sh.600039,四川路桥
2022-08-01,2022-12-31,sh.600056,中国医药
2022-08-01,2022-12-31,sh.600060,海信视像
2022-08-01,2022-12-31,sh.600062,华润双鹤
2022-08-01,2022-12-31,sh.600064,南京高科
2022-08-01,2022-12-31,sh.600066,宇通客车
2022-08-01,2022-12-31,sh.600079,人福医药
2022-08-01,2022-12-31,sh.600095,湘财股份
2022-08-01,2022-12-31,sh.600096,云天化
2022-08-01,2022-12-31,sh.600109,国金证券
2022-08-01,2022-12-31,sh.600118,中国卫星
2022-08-01,2022-12-31,sh.600120,浙江东方
2022-08-01,2022-12-31,sh.600126,杭钢股份
2022-08-01,2022-12-31,sh.600131,国网信通
2022-08-01,2022-12-31,sh.600141,兴发集团
2022-08-01,2022-12-31,sh.600143,金发科技
2022-08-01,2022-12-31,sh.600153,建发股份
2022-08-01,2022-12-31,sh.600155,华创阳安
2022-08-01,2022-12-31,sh.600157,永泰能源
2022-08-01,2022-12-31,sh.600160,巨化股份
2022-08-01,2022-12-31,sh.600166,福田汽车
2022-08-01,2022-12-31,sh.600167,联美控股
2022-08-01,2022-12-31,sh.600170,上海建工
2022-08-01,2022-12-31,sh.600171,上海贝岭
2022-08-01,2022-12-31,sh.600177,雅戈尔
2022-08-01,2022-12-31,sh.600195,中牧股份
2022-08-01,2022-12-31,sh.600201,生物股份
2022-08-01,2022-12-31,sh.600208,新湖中宝
2022-08-01,2022-12-31,sh.600216,浙江医药
2022-08-01,2022-12-31,sh.600233,圆通速递
2022-08-01,2022-12-31,sh.600236,桂冠电力
2022-08-01,2022-12-31,sh.600256,广汇能源
2022-08-01,2022-12-31,sh.600258,首旅酒店
2022-08-01,2022-12-31,sh.600259,广晟有色
2022-08-01,2022-12-31,sh.600271,航天信息
2022-08-01,2022-12-31,sh.600282,南钢股份
2022-08-01,2022-12-31,sh.600297,广汇汽车
2022-08-01,2022-12-31,sh.600298,安琪酵母
2022-08-01,2022-12-31,sh.600299,安迪苏
2022-08-01,2022-12-31,sh.600307,酒钢宏兴
2022-08-01,2022-12-31,sh.600315,上海家化
2022-08-01,2022-12-31,sh.600316,洪都航空
2022-08-01,2022-12-31,sh.600325,华发股份
2022-08-01,2022-12-31,sh.600329,达仁堂
2022-08-01,2022-12-31,sh.600339,中油工程
2022-08-01,2022-12-31,sh.600348,华阳股份
2022-08-01,2022-12-31,sh.600350,山东高速
2022-08-01,2022-12-31,sh.600369,西南证券
2022-08-01,2022-12-31,sh.600372,中航电子
2022-08-01,2022-12-31,sh.600373,中文传媒
2022-08-01,2022-12-31,sh.600376,首开股份
2022-08-01,2022-12-31,sh.600377,宁沪高速
2022-08-01,2022-12-31,sh.600380,健康元
2022-08-01,2022-12-31,sh.600390,五矿资本
2022-08-01,2022-12-31,sh.600392,盛和资源
2022-08-01,2022-12-31,sh.600398,海澜之家
2022-08-01,2022-12-31,sh.600399,抚顺特钢
2022-08-01,2022-12-31,sh.600409,三友化工
2022-08-01,2022-12-31,sh.600415,小商品城
2022-08-01,2022-12-31,sh.600418,江淮汽车
2022-08-01,2022-12-31,sh.600435,北方导航
2022-08-01,2022-12-31,sh.600446,金证股份
2022-08-01,2022-12-31,sh.600482,中国动力
2022-08-01,2022-12-31,sh.600486,扬农化工
2022-08-01,2022-12-31,sh.600487,亨通光电
2022-08-01,2022-12-31,sh.600497,驰宏锌锗
2022-08-01,2022-12-31,sh.600498,烽火通信
2022-08-01,2022-12-31,sh.600499,科达制造
2022-08-01,2022-12-31,sh.600500,中化国际
2022-08-01,2022-12-31,sh.600507,方大特钢
2022-08-01,2022-12-31,sh.600511,国药股份
2022-08-01,2022-12-31,sh.600516,方大炭素
2022-08-01,2022-12-31,sh.600517,国网英大
2022-08-01,2022-12-31,sh.600521,华海药业
2022-08-01,2022-12-31,sh.600522,中天科技
2022-08-01,2022-12-31,sh.600528,中铁工业
2022-08-01,2022-12-31,sh.600529,山东药玻
2022-08-01,2022-12-31,sh.600535,天士力
2022-08-01,2022-12-31,sh.600536,中国软件
2022-08-01,2022-12-31,sh.600546,山煤国际
2022-08-01,2022-12-31,sh.600549,厦门钨业
2022-08-01,2022-12-31,sh.600556,天下秀
2022-08-01,2022-12-31,sh.600563,法拉电子
2022-08-01,2022-12-31,sh.600566,济川药业
2022-08-01,2022-12-31,sh.600567,山鹰国际
2022-08-01,2022-12-31,sh.600572,康恩贝
2022-08-01,2022-12-31,sh.600580,卧龙电驱
2022-08-01,2022-12-31,sh.600582,天地科技
2022-08-01,2022-12-31,sh.600597,光明乳业
2022-08-01,2022-12-31,sh.600598,北大荒
2022-08-01,2022-12-31,sh.600623,华谊集团
2022-08-01,2022-12-31,sh.600637,东方明珠
2022-08-01,2022-12-31,sh.600642,申能股份
2022-08-01,2022-12-31,sh.600648,外高桥
2022-08-01,2022-12-31,sh.600663,陆家嘴
2022-08-01,2022-12-31,sh.600667,太极实业
2022-08-01,2022-12-31,sh.600673,东阳光
2022-08-01,2022-12-31,sh.600699,均胜电子
2022-08-01,2022-12-31,sh.600704,物产中大
2022-08-01,2022-12-31,sh.600705,中航产融
2022-08-01,2022-12-31,sh.600707,彩虹股份
2022-08-01,2022-12-31,sh.600717,天津港
2022-08-01,2022-12-31,sh.600718,东软集团
2022-08-01,2022-12-31,sh.600728,佳都科技
2022-08-01,2022-12-31,sh.600732,爱旭股份
2022-08-01,2022-12-31,sh.600737,中粮糖业
2022-08-01,2022-12-31,sh.600739,辽宁成大
2022-08-01,2022-12-31,sh.600755,厦门国贸
2022-08-01,2022-12-31,sh.600764,中国海防
2022-08-01,2022-12-31,sh.600765,中航重机
2022-08-01,2022-12-31,sh.600782,新钢股份
2022-08-01,2022-12-31,sh.600787,中储股份
2022-08-01,2022-12-31,sh.600801,华新水泥
2022-08-01,2022-12-31,sh.600808,马钢股份
2022-08-01,2022-12-31,sh.600811,东方集团
2022-08-01,2022-12-31,sh.600820,隧道股份
2022-08-01,2022-12-31,sh.600823,世茂股份
2022-08-01,2022-12-31,sh.600827,百联股份
2022-08-01,2022-12-31,sh.600835,上海机电
2022-08-01,2022-12-31,sh.600839,四川长虹
2022-08-01,2022-12-31,sh.600848,上海临港
2022-08-01,2022-12-31,sh.600859,王府井
2022-08-01,2022-12-31,sh.600862,中航高科
2022-08-01,2022-12-31,sh.600863,内蒙华电
2022-08-01,2022-12-31,sh.600867,通化东宝
2022-08-01,2022-12-31,sh.600871,石化油服
2022-08-01,2022-12-31,sh.600875,东方电气
2022-08-01,2022-12-31,sh.600879,航天电子
2022-08-01,2022-12-31,sh.600885,宏发股份
2022-08-01,2022-12-31,sh.600895,张江高科
2022-08-01,2022-12-31,sh.600901,江苏租赁
2022-08-01,2022-12-31,sh.600906,财达证券
2022-08-01,2022-12-31,sh.600909,华安证券
2022-08-01,2022-12-31,sh.600917,重庆燃气
2022-08-01,2022-12-31,sh.600927,永安期货
2022-08-01,2022-12-31,sh.600928,西安银行
2022-08-01,2022-12-31,sh.600956,新天绿能
2022-08-01,2022-12-31,sh.600959,江苏有线
2022-08-01,2022-12-31,sh.600967,内蒙一机
2022-08-01,2022-12-31,sh.600968,海油发展
2022-08-01,2022-12-31,sh.600970,中材国际
2022-08-01,2022-12-31,sh.600985,淮北矿业
2022-08-01,2022-12-31,sh.600988,赤峰黄金
2022-08-01,2022-12-31,sh.600998,九州通
2022-08-01,2022-12-31,sh.601000,唐山港
2022-08-01,2022-12-31,sh.601003,柳钢股份
2022-08-01,2022-12-31,sh.601005,重庆钢铁
2022-08-01,2022-12-31,sh.601016,节能风电
2022-08-01,2022-12-31,sh.601058,赛轮轮胎
2022-08-01,2022-12-31,sh.601077,渝农商行
2022-08-01,2022-12-31,sh.601098,中南传媒
2022-08-01,2022-12-31,sh.601106,中国一重
2022-08-01,2022-12-31,sh.601108,财通证券
2022-08-01,2022-12-31,sh.601118,海南橡胶
2022-08-01,2022-12-31,sh.601128,常熟银行
2022-08-01,2022-12-31,sh.601139,深圳燃气
2022-08-01,2022-12-31,sh.601156,东航物流
2022-08-01,2022-12-31,sh.601162,天风证券
2022-08-01,2022-12-31,sh.601168,西部矿业
2022-08-01,2022-12-31,sh.601179,中国西电
2022-08-01,2022-12-31,sh.601187,厦门银行
2022-08-01,2022-12-31,sh.601198,东兴证券
2022-08-01,2022-12-31,sh.601200,上海环境
2022-08-01,2022-12-31,sh.601228,广州港
2022-08-01,2022-12-31,sh.601298,青岛港
2022-08-01,2022-12-31,sh.601333,广深铁路
2022-08-01,2022-12-31,sh.601456,国联证券
2022-08-01,2022-12-31,sh.601555,东吴证券
2022-08-01,2022-12-31,sh.601568,北元集团
2022-08-01,2022-12-31,sh.601577,长沙银行
2022-08-01,2022-12-31,sh.601598,中国外运
2022-08-01,2022-12-31,sh.601607,上海医药
2022-08-01,2022-12-31,sh.601608,中信重工
2022-08-01,2022-12-31,sh.601611,中国核建
2022-08-01,2022-12-31,sh.601615,明阳智能
2022-08-01,2022-12-31,sh.601636,旗滨集团
2022-08-01,2022-12-31,sh.601665,齐鲁银行
2022-08-01,2022-12-31,sh.601696,中银证券
2022-08-01,2022-12-31,sh.601699,潞安环能
2022-08-01,2022-12-31,sh.601717,郑煤机
2022-08-01,2022-12-31,sh.601718,际华集团
2022-08-01,2022-12-31,sh.601778,晶科科技
2022-08-01,2022-12-31,sh.601828,美凯龙
2022-08-01,2022-12-31,sh.601860,紫金银行
2022-08-01,2022-12-31,sh.601866,中远海发
2022-08-01,2022-12-31,sh.601869,长飞光纤
2022-08-01,2022-12-31,sh.601872,招商轮船
2022-08-01,2022-12-31,sh.601880,辽港股份
2022-08-01,2022-12-31,sh.601928,凤凰传媒
2022-08-01,2022-12-31,sh.601958,金钼股份
2022-08-01,2022-12-31,sh.601969,海南矿业
2022-08-01,2022-12-31,sh.601990,南京证券
2022-08-01,2022-12-31,sh.601991,大唐发电
2022-08-01,2022-12-31,sh.601992,金隅集团
2022-08-01,2022-12-31,sh.601997,贵阳银行
2022-08-01,2022-12-31,sh.603000,人民网
2022-08-01,2022-12-31,sh.603026,石大胜华
2022-08-01,2022-12-31,sh.603056,德邦股份
2022-08-01,2022-12-31,sh.603077,和邦生物
2022-08-01,2022-12-31,sh.603127,昭衍新药
2022-08-01,2022-12-31,sh.603156,养元饮品
2022-08-01,2022-12-31,sh.603198,迎驾贡酒
2022-08-01,2022-12-31,sh.603218,日月股份
2022-08-01,2022-12-31,sh.603225,新凤鸣
2022-08-01,2022-12-31,sh.603228,景旺电子
2022-08-01,2022-12-31,sh.603233,大参林
2022-08-01,2022-12-31,sh.603267,鸿远电子
2022-08-01,2022-12-31,sh.603317,天味食品
2022-08-01,2022-12-31,sh.603345,安井食品
2022-08-01,2022-12-31,sh.603355,莱克电气
2022-08-01,2022-12-31,sh.603379,三美股份
2022-08-01,2022-12-31,sh.603444,吉比特
2022-08-01,2022-12-31,sh.603456,九洲药业
2022-08-01,2022-12-31,sh.603515,欧普照明
2022-08-01,2022-12-31,sh.603517,绝味食品
2022-08-01,2022-12-31,sh.603568,伟明环保
2022-08-01,2022-12-31,sh.603589,口子窖
2022-08-01,2022-12-31,sh.603605,珀莱雅
2022-08-01,2022-12-31,sh.603613,国联股份
2022-08-01,2022-12-31,sh.603638,艾迪精密
2022-08-01,2022-12-31,sh.603650,彤程新材
2022-08-01,2022-12-31,sh.603658,安图生物
2022-08-01,2022-12-31,sh.603707,健友股份
2022-08-01,2022-12-31,sh.603712,七一二
2022-08-01,2022-12-31,sh.603719,良品铺子
2022-08-01,2022-12-31,sh.603786,科博达
2022-08-01,2022-12-31,sh.603858,步长制药
2022-08-01,2022-12-31,sh.603866,桃李面包
2022-08-01,2022-12-31,sh.603868,飞科电器
2022-08-01,2022-12-31,sh.603883,老百姓
2022-08-01,2022-12-31,sh.603885,吉祥航空
2022-08-01,2022-12-31,sh.603927,中科软
2022-08-01,2022-12-31,sh.603939,益丰药房
2022-08-01,2022-12-31,sh.603983,丸美股份
2022-08-01,2022-12-31,sh.605117,德业股份
2022-08-01,2022-12-31,sh.688002,睿创微纳
2022-08-01,2022-12-31,sh.688006,杭可科技
2022-08-01,2022-12-31,sh.688009,中国通号
2022-08-01,2022-12-31,sh.688029,南微医学
2022-08-01,2022-12-31,sh.688088,虹软科技
2022-08-01,2022-12-31,sh.688099,晶晨股份
2022-08-01,2022-12-31,sh.688122,西部超导
2022-08-01,2022-12-31,sh.688180,君实生物
2022-08-01,2022-12-31,sh.688185,康希诺
2022-08-01,2022-12-31,sh.688188,柏楚电子
2022-08-01,2022-12-31,sh.688208,道通科技
2022-08-01,2022-12-31,sh.688256,寒武纪
2022-08-01,2022-12-31,sh.688289,圣湘生物
2022-08-01,2022-12-31,sh.688321,微芯生物
2022-08-01,2022-12-31,sh.688390,固德威
2022-08-01,2022-12-31,sh.688521,芯原股份
2022-08-01,2022-12-31,sh.688777,中控技术
2022-08-01,2022-12-31,sh.688819,天能股份
2022-08-01,2022-12-31,sh.689009,九号公司
2022-08-01,2022-12-31,sz.000009,中国宝安
2022-08-01,2022-12-31,sz.000012,南玻A
2022-08-01,2022-12-31,sz.000021,深科技
2022-08-01,2022-12-31,sz.000027,深圳能源
2022-08-01,2022-12-31,sz.000028,国药一致
2022-08-01,2022-12-31,sz.000031,大悦城
2022-08-01,2022-12-31,sz.000039,中集集团
2022-08-01,2022-12-31,sz.000050,深天马A
2022-08-01,2022-12-31,sz.000060,中金岭南
2022-08-01,2022-12-31,sz.000062,深圳华强
2022-08-01,2022-12-31,sz.000089,深圳机场
2022-08-01,2022-12-31,sz.000156,华数传媒
2022-08-01,2022-12-31,sz.000158,常山北明
2022-08-01,2022-12-31,sz.000400,许继电气
2022-08-01,2022-12-31,sz.000401,冀东水泥
2022-08-01,2022-12-31,sz.000402,金融街
2022-08-01,2022-12-31,sz.000415,渤海租赁
2022-08-01,2022-12-31,sz.000488,晨鸣纸业
2022-08-01,2022-12-31,sz.000513,丽珠集团
2022-08-01,2022-12-31,sz.000519,中兵红箭
2022-08-01,2022-12-31,sz.000528,柳工
2022-08-01,2022-12-31,sz.000537,广宇发展
2022-08-01,2022-12-31,sz.000540,中天金融
2022-08-01,2022-12-31,sz.000547,航天发展
2022-08-01,2022-12-31,sz.000553,安道麦A
2022-08-01,2022-12-31,sz.000559,万向钱潮
2022-08-01,2022-12-31,sz.000563,陕国投A
2022-08-01,2022-12-31,sz.000581,威孚高科
2022-08-01,2022-12-31,sz.000598,兴蓉环境
2022-08-01,2022-12-31,sz.000623,吉林敖东
2022-08-01,2022-12-31,sz.000629,攀钢钒钛
2022-08-01,2022-12-31,sz.000630,铜陵有色
2022-08-01,2022-12-31,sz.000636,风华高科
2022-08-01,2022-12-31,sz.000656,金科股份
2022-08-01,2022-12-31,sz.000671,阳光城
2022-08-01,2022-12-31,sz.000685,中山公用
2022-08-01,2022-12-31,sz.000686,东北证券
2022-08-01,2022-12-31,sz.000690,宝新能源
2022-08-01,2022-12-31,sz.000709,河钢股份
2022-08-01,2022-12-31,sz.000717,韶钢松山
2022-08-01,2022-12-31,sz.000718,苏宁环球
2022-08-01,2022-12-31,sz.000728,国元证券
2022-08-01,2022-12-31,sz.000729,燕京啤酒
2022-08-01,2022-12-31,sz.000738,航发控制
2022-08-01,2022-12-31,sz.000739,普洛药业
2022-08-01,2022-12-31,sz.000750,国海证券
2022-08-01,2022-12-31,sz.000778,新兴铸管
2022-08-01,2022-12-31,sz.000783,长江证券
2022-08-01,2022-12-31,sz.000785,居然之家
2022-08-01,2022-12-31,sz.000807,云铝股份
2022-08-01,2022-12-31,sz.000825,太钢不锈
2022-08-01,2022-12-31,sz.000830,鲁西化工
2022-08-01,2022-12-31,sz.000831,五矿稀土
2022-08-01,2022-12-31,sz.000869,张裕A
2022-08-01,2022-12-31,sz.000878,云南铜业
2022-08-01,2022-12-31,sz.000883,湖北能源
2022-08-01,2022-12-31,sz.000887,中鼎股份
2022-08-01,2022-12-31,sz.000898,鞍钢股份
2022-08-01,2022-12-31,sz.000930,中粮科技
2022-08-01,2022-12-31,sz.000932,华菱钢铁
2022-08-01,2022-12-31,sz.000937,冀中能源
2022-08-01,2022-12-31,sz.000959,首钢股份
2022-08-01,2022-12-31,sz.000960,锡业股份
2022-08-01,2022-12-31,sz.000961,中南建设
2022-08-01,2022-12-31,sz.000967,盈峰环境
2022-08-01,2022-12-31,sz.000970,中科三环
2022-08-01,2022-12-31,sz.000975,银泰黄金
2022-08-01,2022-12-31,sz.000983,山西焦煤
2022-08-01,2022-12-31,sz.000987,越秀金控
2022-08-01,2022-12-31,sz.000988,华工科技
2022-08-01,2022-12-31,sz.000990,诚志股份
2022-08-01,2022-12-31,sz.000997,新大陆
2022-08-01,2022-12-31,sz.000998,隆平高科
2022-08-01,2022-12-31,sz.000999,华润三九
2022-08-01,2022-12-31,sz.001203,大中矿业
2022-08-01,2022-12-31,sz.001227,兰州银行
2022-08-01,2022-12-31,sz.001872,招商港口
2022-08-01,2022-12-31,sz.001914,招商积余
2022-08-01,2022-12-31,sz.001965,招商公路
2022-08-01,2022-12-31,sz.002002,鸿达兴业
2022-08-01,2022-12-31,sz.002004,华邦健康
2022-08-01,2022-12-31,sz.002010,传化智联
2022-08-01,2022-12-31,sz.002019,亿帆医药
2022-08-01,2022-12-31,sz.002028,思源电气
2022-08-01,2022-12-31,sz.002030,达安基因
2022-08-01,2022-12-31,sz.002048,宁波华翔
2022-08-01,2022-12-31,sz.002056,横店东磁
2022-08-01,2022-12-31,sz.002065,东华软件
2022-08-01,2022-12-31,sz.002078,太阳纸业
2022-08-01,2022-12-31,sz.002081,金螳螂
2022-08-01,2022-12-31,sz.002092,中泰化学
2022-08-01,2022-12-31,sz.002110,三钢闽光
2022-08-01,2022-12-31,sz.002124,天邦食品
2022-08-01,2022-12-31,sz.002127,南极电商
2022-08-01,2022-12-31,sz.002128,电投能源
2022-08-01,2022-12-31,sz.002131,利欧股份
2022-08-01,2022-12-31,sz.002138,顺络电子
2022-08-01,2022-12-31,sz.002146,荣盛发展
2022-08-01,2022-12-31,sz.002152,广电运通
2022-08-01,2022-12-31,sz.002153,石基信息
2022-08-01,2022-12-31,sz.002155,湖南黄金
2022-08-01,2022-12-31,sz.002156,通富微电
2022-08-01,2022-12-31,sz.002174,游族网络
2022-08-01,2022-12-31,sz.002180,纳思达
2022-08-01,2022-12-31,sz.002183,怡亚通
2022-08-01,2022-12-31,sz.002185,华天科技
2022-08-01,2022-12-31,sz.002191,劲嘉股份
2022-08-01,2022-12-31,sz.002195,二三四五
2022-08-01,2022-12-31,sz.002203,海亮股份
2022-08-01,2022-12-31,sz.002212,天融信
2022-08-01,2022-12-31,sz.002221,东华能源
2022-08-01,2022-12-31,sz.002223,鱼跃医疗
2022-08-01,2022-12-31,sz.002233,塔牌集团
2022-08-01,2022-12-31,sz.002240,盛新锂能
2022-08-01,2022-12-31,sz.002242,九阳股份
2022-08-01,2022-12-31,sz.002244,滨江集团
2022-08-01,2022-12-31,sz.002249,大洋电机
2022-08-01,2022-12-31,sz.002250,联化科技
2022-08-01,2022-12-31,sz.002266,浙富控股
2022-08-01,2022-12-31,sz.002268,卫士通
2022-08-01,2022-12-31,sz.002273,水晶光电
2022-08-01,2022-12-31,sz.002281,光迅科技
2022-08-01,2022-12-31,sz.002294,信立泰
2022-08-01,2022-12-31,sz.002299,圣农发展
2022-08-01,2022-12-31,sz.002326,永太科技
2022-08-01,2022-12-31,sz.002353,杰瑞股份
2022-08-01,2022-12-31,sz.002368,太极股份
2022-08-01,2022-12-31,sz.002372,伟星新材
2022-08-01,2022-12-31,sz.002373,千方科技
2022-08-01,2022-12-31,sz.002382,蓝帆医疗
2022-08-01,2022-12-31,sz.002384,东山精密
2022-08-01,2022-12-31,sz.002385,大北农
2022-08-01,2022-12-31,sz.002387,维信诺
2022-08-01,2022-12-31,sz.002390,信邦制药
2022-08-01,2022-12-31,sz.002396,星网锐捷
2022-08-01,2022-12-31,sz.002399,海普瑞
2022-08-01,2022-12-31,sz.002407,多氟多
2022-08-01,2022-12-31,sz.002408,齐翔腾达
2022-08-01,2022-12-31,sz.002409,雅克科技
2022-08-01,2022-12-31,sz.002416,爱施德
2022-08-01,2022-12-31,sz.002422,科伦药业
2022-08-01,2022-12-31,sz.002423,中粮资本
2022-08-01,2022-12-31,sz.002429,兆驰股份
2022-08-01,2022-12-31,sz.002430,杭氧股份
2022-08-01,2022-12-31,sz.002434,万里扬
2022-08-01,2022-12-31,sz.002439,启明星辰
2022-08-01,2022-12-31,sz.002444,巨星科技
2022-08-01,2022-12-31,sz.002465,海格通信
2022-08-01,2022-12-31,sz.002468,申通快递
2022-08-01,2022-12-31,sz.002497,雅化集团
2022-08-01,2022-12-31,sz.002500,山西证券
2022-08-01,2022-12-31,sz.002505,鹏都农牧
2022-08-01,2022-12-31,sz.002506,协鑫集成
2022-08-01,2022-12-31,sz.002507,涪陵榨菜
2022-08-01,2022-12-31,sz.002508,老板电器
2022-08-01,2022-12-31,sz.002511,中顺洁柔
2022-08-01,2022-12-31,sz.002532,天山铝业
2022-08-01,2022-12-31,sz.002557,洽洽食品
2022-08-01,2022-12-31,sz.002563,森马服饰
2022-08-01,2022-12-31,sz.002572,索菲亚
2022-08-01,2022-12-31,sz.002595,豪迈科技
2022-08-01,2022-12-31,sz.002603,以岭药业
2022-08-01,2022-12-31,sz.002624,完美世界
2022-08-01,2022-12-31,sz.002625,光启技术
2022-08-01,2022-12-31,sz.002653,海思科
2022-08-01,2022-12-31,sz.002670,国盛金控
2022-08-01,2022-12-31,sz.002673,西部证券
2022-08-01,2022-12-31,sz.002683,广东宏大
2022-08-01,2022-12-31,sz.002690,美亚光电
2022-08-01,2022-12-31,sz.002701,奥瑞金
2022-08-01,2022-12-31,sz.002705,新宝股份
2022-08-01,2022-12-31,sz.002739,万达电影
2022-08-01,2022-12-31,sz.002745,木林森
2022-08-01,2022-12-31,sz.002756,永兴材料
2022-08-01,2022-12-31,sz.002797,第一创业
2022-08-01,2022-12-31,sz.002815,崇达技术
2022-08-01,2022-12-31,sz.002831,裕同科技
2022-08-01,2022-12-31,sz.002867,周大生
2022-08-01,2022-12-31,sz.002901,大博医疗
2022-08-01,2022-12-31,sz.002925,盈趣科技
2022-08-01,2022-12-31,sz.002926,华西证券
2022-08-01,2022-12-31,sz.002936,郑州银行
2022-08-01,2022-12-31,sz.002939,长城证券
2022-08-01,2022-12-31,sz.002945,华林证券
2022-08-01,2022-12-31,sz.002946,新乳业
2022-08-01,2022-12-31,sz.002948,青岛银行
2022-08-01,2022-12-31,sz.002958,青农商行
2022-08-01,2022-12-31,sz.002966,苏州银行
2022-08-01,2022-12-31,sz.002985,北摩高科
2022-08-01,2022-12-31,sz.003035,南网能源
2022-08-01,2022-12-31,sz.300001,特锐德
2022-08-01,2022-12-31,sz.300009,安科生物
2022-08-01,2022-12-31,sz.300012,华测检测
2022-08-01,2022-12-31,sz.300017,网宿科技
2022-08-01,2022-12-31,sz.300024,机器人
2022-08-01,2022-12-31,sz.300026,红日药业
2022-08-01,2022-12-31,sz.300037,新宙邦
2022-08-01,2022-12-31,sz.300058,蓝色光标
2022-08-01,2022-12-31,sz.300070,碧水源
2022-08-01,2022-12-31,sz.300072,海新能科
2022-08-01,2022-12-31,sz.300073,当升科技
2022-08-01,2022-12-31,sz.300088,长信科技
2022-08-01,2022-12-31,sz.300115,长盈精密
2022-08-01,2022-12-31,sz.300136,信维通信
2022-08-01,2022-12-31,sz.300144,宋城演艺
2022-08-01,2022-12-31,sz.300146,汤臣倍健
2022-08-01,2022-12-31,sz.300166,东方国信
2022-08-01,2022-12-31,sz.300168,万达信息
2022-08-01,2022-12-31,sz.300182,捷成股份
2022-08-01,2022-12-31,sz.300212,易华录
2022-08-01,2022-12-31,sz.300244,迪安诊断
2022-08-01,2022-12-31,sz.300251,光线传媒
2022-08-01,2022-12-31,sz.300253,卫宁健康
2022-08-01,2022-12-31,sz.300257,开山股份
2022-08-01,2022-12-31,sz.300285,国瓷材料
2022-08-01,2022-12-31,sz.300296,利亚德
2022-08-01,2022-12-31,sz.300308,中际旭创
2022-08-01,2022-12-31,sz.300357,我武生物
2022-08-01,2022-12-31,sz.300363,博腾股份
2022-08-01,2022-12-31,sz.300376,易事特
2022-08-01,2022-12-31,sz.300383,光环新网
2022-08-01,2022-12-31,sz.300390,天华超净
2022-08-01,2022-12-31,sz.300418,昆仑万维
2022-08-01,2022-12-31,sz.300463,迈克生物
2022-08-01,2022-12-31,sz.300474,景嘉微
2022-08-01,2022-12-31,sz.300482,万孚生物
2022-08-01,2022-12-31,sz.300558,贝达药业
2022-08-01,2022-12-31,sz.300618,寒锐钴业
2022-08-01,2022-12-31,sz.300630,普利制药
2022-08-01,2022-12-31,sz.300676,华大基因
2022-08-01,2022-12-31,sz.300677,英科医疗
2022-08-01,2022-12-31,sz.300699,光威复材
2022-08-01,2022-12-31,sz.300724,捷佳伟创
2022-08-01,2022-12-31,sz.300741,华宝股份
2022-08-01,2022-12-31,sz.300769,德方纳米
2022-08-01,2022-12-31,sz.300832,新产业
2022-08-01,2022-12-31,sz.300869,康泰医学
2022-08-01,2022-12-31,sz.300888,稳健医疗
2023-06-26,2023-06-30,sh.600008,首创环保
2023-06-26,2023-06-30,sh.600021,上海电力
2023-06-26,2023-06-30,sh.600022,山东钢铁
2023-06-26,2023-06-30,sh.600027,华电国际
2023-06-26,2023-06-30,sh.600032,浙江新能
2023-06-26,2023-06-30,sh.600038,中直股份
2023-06-26,2023-06-30,sh.600056,中国医药
2023-06-26,2023-06-30,sh.600060,海信视像
2023-06-26,2023-06-30,sh.600062,华润双鹤
2023-06-26,2023-06-30,sh.600066,宇通客车
2023-06-26,2023-06-30,sh.600079,人福医药
2023-06-26,2023-06-30,sh.600095,湘财股份
2023-06-26,2023-06-30,sh.600096,云天化
2023-06-26,2023-06-30,sh.600109,国金证券
2023-06-26,2023-06-30,sh.600118,中国卫星
2023-06-26,2023-06-30,sh.600126,杭钢股份
2023-06-26,2023-06-30,sh.600131,国网信通
2023-06-26,2023-06-30,sh.600141,兴发集团
2023-06-26,2023-06-30,sh.600143,金发科技
2023-06-26,2023-06-30,sh.600153,建发股份
2023-06-26,2023-06-30,sh.600155,华创云信
2023-06-26,2023-06-30,sh.600157,永泰能源
2023-06-26,2023-06-30,sh.600160,巨化股份
2023-06-26,2023-06-30,sh.600161,天坛生物
2023-06-26,2023-06-30,sh.600166,福田汽车
2023-06-26,2023-06-30,sh.600167,联美控股
2023-06-26,2023-06-30,sh.600170,上海建工
2023-06-26,2023-06-30,sh.600171,上海贝岭
2023-06-26,2023-06-30,sh.600177,雅戈尔
2023-06-26,2023-06-30,sh.600195,中牧股份
2023-06-26,2023-06-30,sh.600208,新湖中宝
2023-06-26,2023-06-30,sh.600258,首旅酒店
2023-06-26,2023-06-30,sh.600259,广晟有色
2023-06-26,2023-06-30,sh.600271,航天信息
2023-06-26,2023-06-30,sh.600282,南钢股份
2023-06-26,2023-06-30,sh.600297,广汇汽车
2023-06-26,2023-06-30,sh.600298,安琪酵母
2023-06-26,2023-06-30,sh.600299,安迪苏
2023-06-26,2023-06-30,sh.600315,上海家化
2023-06-26,2023-06-30,sh.600316,洪都航空
2023-06-26,2023-06-30,sh.600325,华发股份
2023-06-26,2023-06-30,sh.600329,达仁堂
2023-06-26,2023-06-30,sh.600339,中油工程
2023-06-26,2023-06-30,sh.600348,华阳股份
2023-06-26,2023-06-30,sh.600350,山东高速
2023-06-26,2023-06-30,sh.600352,浙江龙盛
2023-06-26,2023-06-30,sh.600369,西南证券
2023-06-26,2023-06-30,sh.600372,中航电子
2023-06-26,2023-06-30,sh.600373,中文传媒
2023-06-26,2023-06-30,sh.600377,宁沪高速
2023-06-26,2023-06-30,sh.600378,昊华科技
2023-06-26,2023-06-30,sh.600380,健康元
2023-06-26,2023-06-30,sh.600390,五矿资本
2023-06-26,2023-06-30,sh.600392,盛和资源
2023-06-26,2023-06-30,sh.600398,海澜之家
2023-06-26,2023-06-30,sh.600399,抚顺特钢
2023-06-26,2023-06-30,sh.600409,三友化工
2023-06-26,2023-06-30,sh.600415,小商品城
2023-06-26,2023-06-30,sh.600416,湘电股份
2023-06-26,2023-06-30,sh.600418,江淮汽车
2023-06-26,2023-06-30,sh.600435,北方导航
2023-06-26,2023-06-30,sh.600481,双良节能
2023-06-26,2023-06-30,sh.600482,中国动力
2023-06-26,2023-06-30,sh.600486,扬农化工
2023-06-26,2023-06-30,sh.600487,亨通光电
2023-06-26,2023-06-30,sh.600489,中金黄金
2023-06-26,2023-06-30,sh.600497,驰宏锌锗
2023-06-26,2023-06-30,sh.600498,烽火通信
2023-06-26,2023-06-30,sh.600499,科达制造
2023-06-26,2023-06-30,sh.600500,中化国际
2023-06-26,2023-06-30,sh.600507,方大特钢
2023-06-26,2023-06-30,sh.600511,国药股份
2023-06-26,2023-06-30,sh.600516,方大炭素
2023-06-26,2023-06-30,sh.600517,国网英大
2023-06-26,2023-06-30,sh.600521,华海药业
2023-06-26,2023-06-30,sh.600528,中铁工业
2023-06-26,2023-06-30,sh.600529,山东药玻
2023-06-26,2023-06-30,sh.600535,天士力
2023-06-26,2023-06-30,sh.600536,中国软件
2023-06-26,2023-06-30,sh.600546,山煤国际
2023-06-26,2023-06-30,sh.600549,厦门钨业
2023-06-26,2023-06-30,sh.600556,天下秀
2023-06-26,2023-06-30,sh.600563,法拉电子
2023-06-26,2023-06-30,sh.600566,济川药业
2023-06-26,2023-06-30,sh.600580,卧龙电驱
2023-06-26,2023-06-30,sh.600582,天地科技
2023-06-26,2023-06-30,sh.600597,光明乳业
2023-06-26,2023-06-30,sh.600598,北大荒
2023-06-26,2023-06-30,sh.600623,华谊集团
2023-06-26,2023-06-30,sh.600637,东方明珠
2023-06-26,2023-06-30,sh.600642,申能股份
2023-06-26,2023-06-30,sh.600655,豫园股份
2023-06-26,2023-06-30,sh.600663,陆家嘴
2023-06-26,2023-06-30,sh.600667,太极实业
2023-06-26,2023-06-30,sh.600673,东阳光
2023-06-26,2023-06-30,sh.600699,均胜电子
2023-06-26,2023-06-30,sh.600704,物产中大
2023-06-26,2023-06-30,sh.600705,中航产融
2023-06-26,2023-06-30,sh.600707,彩虹股份
2023-06-26,2023-06-30,sh.600718,东软集团
2023-06-26,2023-06-30,sh.600737,中粮糖业
2023-06-26,2023-06-30,sh.600739,辽宁成大
2023-06-26,2023-06-30,sh.600755,厦门国贸
2023-06-26,2023-06-30,sh.600764,中国海防
2023-06-26,2023-06-30,sh.600765,中航重机
2023-06-26,2023-06-30,sh.600782,新钢股份
2023-06-26,2023-06-30,sh.600801,华新水泥
2023-06-26,2023-06-30,sh.600808,马钢股份
2023-06-26,2023-06-30,sh.600820,隧道股份
2023-06-26,2023-06-30,sh.600827,百联股份
2023-06-26,2023-06-30,sh.600839,四川长虹
2023-06-26,2023-06-30,sh.600848,上海临港
2023-06-26,2023-06-30,sh.600859,王府井
2023-06-26,2023-06-30,sh.600862,中航高科
2023-06-26,2023-06-30,sh.600863,内蒙华电
2023-06-26,2023-06-30,sh.600867,通化东宝
2023-06-26,2023-06-30,sh.600871,石化油服
2023-06-26,2023-06-30,sh.600873,梅花生物
2023-06-26,2023-06-30,sh.600879,航天电子
2023-06-26,2023-06-30,sh.600885,宏发股份
2023-06-26,2023-06-30,sh.600895,张江高科
2023-06-26,2023-06-30,sh.600901,江苏金租
2023-06-26,2023-06-30,sh.600906,财达证券
2023-06-26,2023-06-30,sh.600909,华安证券
2023-06-26,2023-06-30,sh.600927,永安期货
2023-06-26,2023-06-30,sh.600928,西安银行
2023-06-26,2023-06-30,sh.600956,新天绿能
2023-06-26,2023-06-30,sh.600959,江苏有线
2023-06-26,2023-06-30,sh.600967,内蒙一机
2023-06-26,2023-06-30,sh.600968,海油发展
2023-06-26,2023-06-30,sh.600970,中材国际
2023-06-26,2023-06-30,sh.600985,淮北矿业
2023-06-26,2023-06-30,sh.600988,赤峰黄金
2023-06-26,2023-06-30,sh.600995,南网储能
2023-06-26,2023-06-30,sh.600998,九州通
2023-06-26,2023-06-30,sh.601000,唐山港
2023-06-26,2023-06-30,sh.601005,重庆钢铁
2023-06-26,2023-06-30,sh.601016,节能风电
2023-06-26,2023-06-30,sh.601058,赛轮轮胎
2023-06-26,2023-06-30,sh.601077,渝农商行
2023-06-26,2023-06-30,sh.601098,中南传媒
2023-06-26,2023-06-30,sh.601106,中国一重
2023-06-26,2023-06-30,sh.601108,财通证券
2023-06-26,2023-06-30,sh.601118,海南橡胶
2023-06-26,2023-06-30,sh.601128,常熟银行
2023-06-26,2023-06-30,sh.601136,首创证券
2023-06-26,2023-06-30,sh.601139,深圳燃气
2023-06-26,2023-06-30,sh.601156,东航物流
2023-06-26,2023-06-30,sh.601158,重庆水务
2023-06-26,2023-06-30,sh.601162,天风证券
2023-06-26,2023-06-30,sh.601168,西部矿业
2023-06-26,2023-06-30,sh.601179,中国西电
2023-06-26,2023-06-30,sh.601187,厦门银行
2023-06-26,2023-06-30,sh.601198,东兴证券
2023-06-26,2023-06-30,sh.601228,广州港
2023-06-26,2023-06-30,sh.601231,环旭电子
2023-06-26,2023-06-30,sh.601233,桐昆股份
2023-06-26,2023-06-30,sh.601298,青岛港
2023-06-26,2023-06-30,sh.601456,国联证券
2023-06-26,2023-06-30,sh.601555,东吴证券
2023-06-26,2023-06-30,sh.601568,北元集团
2023-06-26,2023-06-30,sh.601577,长沙银行
2023-06-26,2023-06-30,sh.601598,中国外运
2023-06-26,2023-06-30,sh.601608,中信重工
2023-06-26,2023-06-30,sh.601611,中国核建
2023-06-26,2023-06-30,sh.601636,旗滨集团
2023-06-26,2023-06-30,sh.601665,齐鲁银行
2023-06-26,2023-06-30,sh.601666,平煤股份
2023-06-26,2023-06-30,sh.601696,中银证券
2023-06-26,2023-06-30,sh.601717,郑煤机
2023-06-26,2023-06-30,sh.601718,际华集团
2023-06-26,2023-06-30,sh.601778,晶科科技
2023-06-26,2023-06-30,sh.601828,美凯龙
2023-06-26,2023-06-30,sh.601866,中远海发
2023-06-26,2023-06-30,sh.601869,长飞光纤
2023-06-26,2023-06-30,sh.601880,辽港股份
2023-06-26,2023-06-30,sh.601928,凤凰传媒
2023-06-26,2023-06-30,sh.601958,金钼股份
2023-06-26,2023-06-30,sh.601966,玲珑轮胎
2023-06-26,2023-06-30,sh.601969,海南矿业
2023-06-26,2023-06-30,sh.601990,南京证券
2023-06-26,2023-06-30,sh.601991,大唐发电
2023-06-26,2023-06-30,sh.601992,金隅集团
2023-06-26,2023-06-30,sh.601997,贵阳银行
2023-06-26,2023-06-30,sh.603000,人民网
2023-06-26,2023-06-30,sh.603026,胜华新材
2023-06-26,2023-06-30,sh.603056,德邦股份
2023-06-26,2023-06-30,sh.603077,和邦生物
2023-06-26,2023-06-30,sh.603127,昭衍新药
2023-06-26,2023-06-30,sh.603156,养元饮品
2023-06-26,2023-06-30,sh.603160,汇顶科技
2023-06-26,2023-06-30,sh.603218,日月股份
2023-06-26,2023-06-30,sh.603225,新凤鸣
2023-06-26,2023-06-30,sh.603228,景旺电子
2023-06-26,2023-06-30,sh.603233,大参林
2023-06-26,2023-06-30,sh.603267,鸿远电子
2023-06-26,2023-06-30,sh.603317,天味食品
2023-06-26,2023-06-30,sh.603338,浙江鼎力
2023-06-26,2023-06-30,sh.603355,莱克电气
2023-06-26,2023-06-30,sh.603379,三美股份
2023-06-26,2023-06-30,sh.603444,吉比特
2023-06-26,2023-06-30,sh.603456,九洲药业
2023-06-26,2023-06-30,sh.603517,绝味食品
2023-06-26,2023-06-30,sh.603529,爱玛科技
2023-06-26,2023-06-30,sh.603568,伟明环保
2023-06-26,2023-06-30,sh.603589,口子窖
2023-06-26,2023-06-30,sh.603596,伯特利
2023-06-26,2023-06-30,sh.603638,艾迪精密
2023-06-26,2023-06-30,sh.603650,彤程新材
2023-06-26,2023-06-30,sh.603658,安图生物
2023-06-26,2023-06-30,sh.603688,石英股份
2023-06-26,2023-06-30,sh.603707,健友股份
2023-06-26,2023-06-30,sh.603712,七一二
2023-06-26,2023-06-30,sh.603737,三棵树
2023-06-26,2023-06-30,sh.603786,科博达
2023-06-26,2023-06-30,sh.603816,顾家家居
2023-06-26,2023-06-30,sh.603826,坤彩科技
2023-06-26,2023-06-30,sh.603858,步长制药
2023-06-26,2023-06-30,sh.603866,桃李面包
2023-06-26,2023-06-30,sh.603868,飞科电器
2023-06-26,2023-06-30,sh.603882,金域医学
2023-06-26,2023-06-30,sh.603883,老百姓
2023-06-26,2023-06-30,sh.603885,吉祥航空
2023-06-26,2023-06-30,sh.603893,瑞芯微
2023-06-26,2023-06-30,sh.603927,中科软
2023-06-26,2023-06-30,sh.603939,益丰药房
2023-06-26,2023-06-30,sh.605358,立昂微
2023-06-26,2023-06-30,sh.688002,睿创微纳
2023-06-26,2023-06-30,sh.688006,杭可科技
2023-06-26,2023-06-30,sh.688009,中国通号
2023-06-26,2023-06-30,sh.688029,南微医学
2023-06-26,2023-06-30,sh.688052,纳芯微
2023-06-26,2023-06-30,sh.688072,拓荆科技
2023-06-26,2023-06-30,sh.688082,盛美上海
2023-06-26,2023-06-30,sh.688099,晶晨股份
2023-06-26,2023-06-30,sh.688105,诺唯赞
2023-06-26,2023-06-30,sh.688107,安路科技
2023-06-26,2023-06-30,sh.688116,天奈科技
2023-06-26,2023-06-30,sh.688169,石头科技
2023-06-26,2023-06-30,sh.688185,康希诺
2023-06-26,2023-06-30,sh.688188,柏楚电子
2023-06-26,2023-06-30,sh.688200,华峰测控
2023-06-26,2023-06-30,sh.688208,道通科技
2023-06-26,2023-06-30,sh.688220,翱捷科技
2023-06-26,2023-06-30,sh.688234,天岳先进
2023-06-26,2023-06-30,sh.688248,南网科技
2023-06-26,2023-06-30,sh.688256,寒武纪
2023-06-26,2023-06-30,sh.688276,百克生物
2023-06-26,2023-06-30,sh.688281,华秦科技
2023-06-26,2023-06-30,sh.688289,圣湘生物
2023-06-26,2023-06-30,sh.688295,中复神鹰
2023-06-26,2023-06-30,sh.688301,奕瑞科技
2023-06-26,2023-06-30,sh.688385,复旦微电
2023-06-26,2023-06-30,sh.688390,固德威
2023-06-26,2023-06-30,sh.688516,奥特维
2023-06-26,2023-06-30,sh.688520,神州细胞
2023-06-26,2023-06-30,sh.688521,芯原股份
2023-06-26,2023-06-30,sh.688536,思瑞浦
2023-06-26,2023-06-30,sh.688538,和辉光电
2023-06-26,2023-06-30,sh.688567,孚能科技
2023-06-26,2023-06-30,sh.688690,纳微科技
2023-06-26,2023-06-30,sh.688772,珠海冠宇
2023-06-26,2023-06-30,sh.688777,中控技术
2023-06-26,2023-06-30,sh.688778,厦钨新能
2023-06-26,2023-06-30,sh.688779,长远锂科
2023-06-26,2023-06-30,sh.688819,天能股份
2023-06-26,2023-06-30,sh.689009,九号公司
2023-06-26,2023-06-30,sz.000009,中国宝安
2023-06-26,2023-06-30,sz.000012,南玻A
2023-06-26,2023-06-30,sz.000021,深科技
2023-06-26,2023-06-30,sz.000027,深圳能源
2023-06-26,2023-06-30,sz.000031,大悦城
2023-06-26,2023-06-30,sz.000039,中集集团
2023-06-26,2023-06-30,sz.000050,深天马A
2023-06-26,2023-06-30,sz.000060,中金岭南
2023-06-26,2023-06-30,sz.000066,中国长城
2023-06-26,2023-06-30,sz.000089,深圳机场
2023-06-26,2023-06-30,sz.000155,川能动力
2023-06-26,2023-06-30,sz.000156,华数传媒
2023-06-26,2023-06-30,sz.000400,许继电气
2023-06-26,2023-06-30,sz.000401,冀东水泥
2023-06-26,2023-06-30,sz.000402,金融街
2023-06-26,2023-06-30,sz.000415,渤海租赁
2023-06-26,2023-06-30,sz.000423,东阿阿胶
2023-06-26,2023-06-30,sz.000513,丽珠集团
2023-06-26,2023-06-30,sz.000519,中兵红箭
2023-06-26,2023-06-30,sz.000537,广宇发展
2023-06-26,2023-06-30,sz.000547,航天发展
2023-06-26,2023-06-30,sz.000553,安道麦A
2023-06-26,2023-06-30,sz.000559,万向钱潮
2023-06-26,2023-06-30,sz.000563,陕国投A
2023-06-26,2023-06-30,sz.000581,威孚高科
2023-06-26,2023-06-30,sz.000591,太阳能
2023-06-26,2023-06-30,sz.000598,兴蓉环境
2023-06-26,2023-06-30,sz.000623,吉林敖东
2023-06-26,2023-06-30,sz.000629,钒钛股份
2023-06-26,2023-06-30,sz.000630,铜陵有色
2023-06-26,2023-06-30,sz.000636,风华高科
2023-06-26,2023-06-30,sz.000683,远兴能源
2023-06-26,2023-06-30,sz.000703,恒逸石化
2023-06-26,2023-06-30,sz.000709,河钢股份
2023-06-26,2023-06-30,sz.000728,国元证券
2023-06-26,2023-06-30,sz.000729,燕京啤酒
2023-06-26,2023-06-30,sz.000738,航发控制
2023-06-26,2023-06-30,sz.000739,普洛药业
2023-06-26,2023-06-30,sz.000750,国海证券
2023-06-26,2023-06-30,sz.000778,新兴铸管
2023-06-26,2023-06-30,sz.000783,长江证券
2023-06-26,2023-06-30,sz.000785,居然之家
2023-06-26,2023-06-30,sz.000807,云铝股份
2023-06-26,2023-06-30,sz.000825,太钢不锈
2023-06-26,2023-06-30,sz.000830,鲁西化工
2023-06-26,2023-06-30,sz.000831,中国稀土
2023-06-26,2023-06-30,sz.000869,张裕A
2023-06-26,2023-06-30,sz.000878,云南铜业
2023-06-26,2023-06-30,sz.000883,湖北能源
2023-06-26,2023-06-30,sz.000887,中鼎股份
2023-06-26,2023-06-30,sz.000893,亚钾国际
2023-06-26,2023-06-30,sz.000898,鞍钢股份
2023-06-26,2023-06-30,sz.000930,中粮科技
2023-06-26,2023-06-30,sz.000932,华菱钢铁
2023-06-26,2023-06-30,sz.000933,神火股份
2023-06-26,2023-06-30,sz.000937,冀中能源
2023-06-26,2023-06-30,sz.000958,电投产融
2023-06-26,2023-06-30,sz.000959,首钢股份
2023-06-26,2023-06-30,sz.000960,锡业股份
2023-06-26,2023-06-30,sz.000967,盈峰环境
2023-06-26,2023-06-30,sz.000970,中科三环
2023-06-26,2023-06-30,sz.000975,银泰黄金
2023-06-26,2023-06-30,sz.000987,越秀资本
2023-06-26,2023-06-30,sz.000988,华工科技
2023-06-26,2023-06-30,sz.000997,新大陆
2023-06-26,2023-06-30,sz.000998,隆平高科
2023-06-26,2023-06-30,sz.001203,大中矿业
2023-06-26,2023-06-30,sz.001227,兰州银行
2023-06-26,2023-06-30,sz.001872,招商港口
2023-06-26,2023-06-30,sz.001914,招商积余
2023-06-26,2023-06-30,sz.002008,大族激光
2023-06-26,2023-06-30,sz.002010,传化智联
2023-06-26,2023-06-30,sz.002019,亿帆医药
2023-06-26,2023-06-30,sz.002025,航天电器
2023-06-26,2023-06-30,sz.002028,思源电气
2023-06-26,2023-06-30,sz.002030,达安基因
2023-06-26,2023-06-30,sz.002032,苏泊尔
2023-06-26,2023-06-30,sz.002056,横店东磁
2023-06-26,2023-06-30,sz.002065,东华软件
2023-06-26,2023-06-30,sz.002078,太阳纸业
2023-06-26,2023-06-30,sz.002080,中材科技
2023-06-26,2023-06-30,sz.002081,金螳螂
2023-06-26,2023-06-30,sz.002092,中泰化学
2023-06-26,2023-06-30,sz.002110,三钢闽光
2023-06-26,2023-06-30,sz.002128,电投能源
2023-06-26,2023-06-30,sz.002131,利欧股份
2023-06-26,2023-06-30,sz.002138,顺络电子
2023-06-26,2023-06-30,sz.002152,广电运通
2023-06-26,2023-06-30,sz.002153,石基信息
2023-06-26,2023-06-30,sz.002155,湖南黄金
2023-06-26,2023-06-30,sz.002156,通富微电
2023-06-26,2023-06-30,sz.002183,怡亚通
2023-06-26,2023-06-30,sz.002185,华天科技
2023-06-26,2023-06-30,sz.002192,融捷股份
2023-06-26,2023-06-30,sz.002195,二三四五
2023-06-26,2023-06-30,sz.002203,海亮股份
2023-06-26,2023-06-30,sz.002221,东华能源
2023-06-26,2023-06-30,sz.002223,鱼跃医疗
2023-06-26,2023-06-30,sz.002240,盛新锂能
2023-06-26,2023-06-30,sz.002244,滨江集团
2023-06-26,2023-06-30,sz.002249,大洋电机
2023-06-26,2023-06-30,sz.002250,联化科技
2023-06-26,2023-06-30,sz.002266,浙富控股
2023-06-26,2023-06-30,sz.002268,电科网安
2023-06-26,2023-06-30,sz.002273,水晶光电
2023-06-26,2023-06-30,sz.002281,光迅科技
2023-06-26,2023-06-30,sz.002294,信立泰
2023-06-26,2023-06-30,sz.002299,圣农发展
2023-06-26,2023-06-30,sz.002326,永太科技
2023-06-26,2023-06-30,sz.002340,格林美
2023-06-26,2023-06-30,sz.002353,杰瑞股份
2023-06-26,2023-06-30,sz.002368,太极股份
2023-06-26,2023-06-30,sz.002372,伟星新材
2023-06-26,2023-06-30,sz.002373,千方科技
2023-06-26,2023-06-30,sz.002384,东山精密
2023-06-26,2023-06-30,sz.002385,大北农
2023-06-26,2023-06-30,sz.002399,海普瑞
2023-06-26,2023-06-30,sz.002407,多氟多
2023-06-26,2023-06-30,sz.002408,齐翔腾达
2023-06-26,2023-06-30,sz.002409,雅克科技
2023-06-26,2023-06-30,sz.002422,科伦药业
2023-06-26,2023-06-30,sz.002423,中粮资本
2023-06-26,2023-06-30,sz.002429,兆驰股份
2023-06-26,2023-06-30,sz.002430,杭氧股份
2023-06-26,2023-06-30,sz.002432,九安医疗
2023-06-26,2023-06-30,sz.002439,启明星辰
2023-06-26,2023-06-30,sz.002444,巨星科技
2023-06-26,2023-06-30,sz.002463,沪电股份
2023-06-26,2023-06-30,sz.002465,海格通信
2023-06-26,2023-06-30,sz.002468,申通快递
2023-06-26,2023-06-30,sz.002487,大金重工
2023-06-26,2023-06-30,sz.002497,雅化集团
2023-06-26,2023-06-30,sz.002500,山西证券
2023-06-26,2023-06-30,sz.002505,鹏都农牧
2023-06-26,2023-06-30,sz.002506,协鑫集成
2023-06-26,2023-06-30,sz.002507,涪陵榨菜
2023-06-26,2023-06-30,sz.002508,老板电器
2023-06-26,2023-06-30,sz.002511,中顺洁柔
2023-06-26,2023-06-30,sz.002518,科士达
2023-06-26,2023-06-30,sz.002531,天顺风能
2023-06-26,2023-06-30,sz.002532,天山铝业
2023-06-26,2023-06-30,sz.002557,洽洽食品
2023-06-26,2023-06-30,sz.002563,森马服饰
2023-06-26,2023-06-30,sz.002568,百润股份
2023-06-26,2023-06-30,sz.002572,索菲亚
2023-06-26,2023-06-30,sz.002595,豪迈科技
2023-06-26,2023-06-30,sz.002600,领益智造
2023-06-26,2023-06-30,sz.002608,江苏国信
2023-06-26,2023-06-30,sz.002624,完美世界
2023-06-26,2023-06-30,sz.002625,光启技术
2023-06-26,2023-06-30,sz.002653,海思科
2023-06-26,2023-06-30,sz.002670,国盛金控
2023-06-26,2023-06-30,sz.002673,西部证券
2023-06-26,2023-06-30,sz.002683,广东宏大
2023-06-26,2023-06-30,sz.002690,美亚光电
2023-06-26,2023-06-30,sz.002705,新宝股份
2023-06-26,2023-06-30,sz.002738,中矿资源
2023-06-26,2023-06-30,sz.002739,万达电影
2023-06-26,2023-06-30,sz.002745,木林森
2023-06-26,2023-06-30,sz.002761,浙江建投
2023-06-26,2023-06-30,sz.002791,坚朗五金
2023-06-26,2023-06-30,sz.002797,第一创业
2023-06-26,2023-06-30,sz.002831,裕同科技
2023-06-26,2023-06-30,sz.002850,科达利
2023-06-26,2023-06-30,sz.002867,周大生
2023-06-26,2023-06-30,sz.002901,大博医疗
2023-06-26,2023-06-30,sz.002925,盈趣科技
2023-06-26,2023-06-30,sz.002926,华西证券
2023-06-26,2023-06-30,sz.002936,郑州银行
2023-06-26,2023-06-30,sz.002939,长城证券
2023-06-26,2023-06-30,sz.002945,华林证券
2023-06-26,2023-06-30,sz.002958,青农商行
2023-06-26,2023-06-30,sz.002966,苏州银行
2023-06-26,2023-06-30,sz.002985,北摩高科
2023-06-26,2023-06-30,sz.003035,南网能源
2023-06-26,2023-06-30,sz.300001,特锐德
2023-06-26,2023-06-30,sz.300003,乐普医疗
2023-06-26,2023-06-30,sz.300009,安科生物
2023-06-26,2023-06-30,sz.300012,华测检测
2023-06-26,2023-06-30,sz.300017,网宿科技
2023-06-26,2023-06-30,sz.300024,机器人
2023-06-26,2023-06-30,sz.300026,红日药业
2023-06-26,2023-06-30,sz.300037,新宙邦
2023-06-26,2023-06-30,sz.300058,蓝色光标
2023-06-26,2023-06-30,sz.300070,碧水源
2023-06-26,2023-06-30,sz.300073,当升科技
2023-06-26,2023-06-30,sz.300088,长信科技
2023-06-26,2023-06-30,sz.300115,长盈精密
2023-06-26,2023-06-30,sz.300118,东方日升
2023-06-26,2023-06-30,sz.300136,信维通信
2023-06-26,2023-06-30,sz.300144,宋城演艺
2023-06-26,2023-06-30,sz.300146,汤臣倍健
2023-06-26,2023-06-30,sz.300182,捷成股份
2023-06-26,2023-06-30,sz.300212,易华录
2023-06-26,2023-06-30,sz.300244,迪安诊断
2023-06-26,2023-06-30,sz.300251,光线传媒
2023-06-26,2023-06-30,sz.300253,卫宁健康
2023-06-26,2023-06-30,sz.300257,开山股份
2023-06-26,2023-06-30,sz.300285,国瓷材料
2023-06-26,2023-06-30,sz.300296,利亚德
2023-06-26,2023-06-30,sz.300308,中际旭创
2023-06-26,2023-06-30,sz.300357,我武生物
2023-06-26,2023-06-30,sz.300363,博腾股份
2023-06-26,2023-06-30,sz.300373,扬杰科技
2023-06-26,2023-06-30,sz.300383,光环新网
2023-06-26,2023-06-30,sz.300390,天华新能
2023-06-26,2023-06-30,sz.300395,菲利华
2023-06-26,2023-06-30,sz.300418,昆仑万维
2023-06-26,2023-06-30,sz.300438,鹏辉能源
2023-06-26,2023-06-30,sz.300442,润泽科技
2023-06-26,2023-06-30,sz.300474,景嘉微
2023-06-26,2023-06-30,sz.300482,万孚生物
2023-06-26,2023-06-30,sz.300487,蓝晓科技
2023-06-26,2023-06-30,sz.300529,健帆生物
2023-06-26,2023-06-30,sz.300558,贝达药业
2023-06-26,2023-06-30,sz.300568,星源材质
2023-06-26,2023-06-30,sz.300595,欧普康视
2023-06-26,2023-06-30,sz.300604,长川科技
2023-06-26,2023-06-30,sz.300618,寒锐钴业
2023-06-26,2023-06-30,sz.300676,华大基因
2023-06-26,2023-06-30,sz.300677,英科医疗
2023-06-26,2023-06-30,sz.300682,朗新科技
2023-06-26,2023-06-30,sz.300699,光威复材
2023-06-26,2023-06-30,sz.300724,捷佳伟创
2023-06-26,2023-06-30,sz.300741,华宝股份
2023-06-26,2023-06-30,sz.300748,金力永磁
2023-06-26,2023-06-30,sz.300776,帝尔激光
2023-06-26,2023-06-30,sz.300832,新产业
2023-06-26,2023-06-30,sz.300850,新强联
2023-06-26,2023-06-30,sz.300861,美畅股份
2023-06-26,2023-06-30,sz.300866,安克创新
2023-06-26,2023-06-30,sz.300888,稳健医疗
2023-06-26,2023-06-30,sz.301029,怡合达
2023-12-25,2023-12-31,sh.600004,白云机场
2023-12-25,2023-12-31,sh.600008,首创环保
2023-12-25,2023-12-31,sh.600021,上海电力
2023-12-25,2023-12-31,sh.600022,山东钢铁
2023-12-25,2023-12-31,sh.600032,浙江新能
2023-12-25,2023-12-31,sh.600038,中直股份
2023-12-25,2023-12-31,sh.600056,中国医药
2023-12-25,2023-12-31,sh.600060,海信视像
2023-12-25,2023-12-31,sh.600062,华润双鹤
2023-12-25,2023-12-31,sh.600066,宇通客车
2023-12-25,2023-12-31,sh.600079,人福医药
2023-12-25,2023-12-31,sh.600095,湘财股份
2023-12-25,2023-12-31,sh.600096,云天化
2023-12-25,2023-12-31,sh.600109,国金证券
2023-12-25,2023-12-31,sh.600118,中国卫星
2023-12-25,2023-12-31,sh.600126,杭钢股份
2023-12-25,2023-12-31,sh.600129,太极集团
2023-12-25,2023-12-31,sh.600131,国网信通
2023-12-25,2023-12-31,sh.600141,兴发集团
2023-12-25,2023-12-31,sh.600143,金发科技
2023-12-25,2023-12-31,sh.600153,建发股份
2023-12-25,2023-12-31,sh.600155,华创云信
2023-12-25,2023-12-31,sh.600157,永泰能源
2023-12-25,2023-12-31,sh.600160,巨化股份
2023-12-25,2023-12-31,sh.600161,天坛生物
2023-12-25,2023-12-31,sh.600166,福田汽车
2023-12-25,2023-12-31,sh.600167,联美控股
2023-12-25,2023-12-31,sh.600170,上海建工
2023-12-25,2023-12-31,sh.600177,雅戈尔
2023-12-25,2023-12-31,sh.600208,新湖中宝
2023-12-25,2023-12-31,sh.600258,首旅酒店
2023-12-25,2023-12-31,sh.600271,航天信息
2023-12-25,2023-12-31,sh.600282,南钢股份
2023-12-25,2023-12-31,sh.600298,安琪酵母
2023-12-25,2023-12-31,sh.600299,安迪苏
2023-12-25,2023-12-31,sh.600315,上海家化
2023-12-25,2023-12-31,sh.600316,洪都航空
2023-12-25,2023-12-31,sh.600325,华发股份
2023-12-25,2023-12-31,sh.600329,达仁堂
2023-12-25,2023-12-31,sh.600339,中油工程
2023-12-25,2023-12-31,sh.600348,华阳股份
2023-12-25,2023-12-31,sh.600350,山东高速
2023-12-25,2023-12-31,sh.600352,浙江龙盛
2023-12-25,2023-12-31,sh.600369,西南证券
2023-12-25,2023-12-31,sh.600373,中文传媒
2023-12-25,2023-12-31,sh.600377,宁沪高速
2023-12-25,2023-12-31,sh.600378,昊华科技
2023-12-25,2023-12-31,sh.600380,健康元
2023-12-25,2023-12-31,sh.600390,五矿资本
2023-12-25,2023-12-31,sh.600392,盛和资源
2023-12-25,2023-12-31,sh.600398,海澜之家
2023-12-25,2023-12-31,sh.600399,抚顺特钢
2023-12-25,2023-12-31,sh.600415,小商品城
2023-12-25,2023-12-31,sh.600416,湘电股份
2023-12-25,2023-12-31,sh.600418,江淮汽车
2023-12-25,2023-12-31,sh.600435,北方导航
2023-12-25,2023-12-31,sh.600481,双良节能
2023-12-25,2023-12-31,sh.600482,中国动力
2023-12-25,2023-12-31,sh.600486,扬农化工
2023-12-25,2023-12-31,sh.600497,驰宏锌锗
2023-12-25,2023-12-31,sh.600498,烽火通信
2023-12-25,2023-12-31,sh.600499,科达制造
2023-12-25,2023-12-31,sh.600500,中化国际
2023-12-25,2023-12-31,sh.600511,国药股份
2023-12-25,2023-12-31,sh.600516,方大炭素
2023-12-25,2023-12-31,sh.600517,国网英大
2023-12-25,2023-12-31,sh.600521,华海药业
2023-12-25,2023-12-31,sh.600528,中铁工业
2023-12-25,2023-12-31,sh.600529,山东药玻
2023-12-25,2023-12-31,sh.600535,天士力
2023-12-25,2023-12-31,sh.600536,中国软件
2023-12-25,2023-12-31,sh.600546,山煤国际
2023-12-25,2023-12-31,sh.600549,厦门钨业
2023-12-25,2023-12-31,sh.600563,法拉电子
2023-12-25,2023-12-31,sh.600566,济川药业
2023-12-25,2023-12-31,sh.600580,卧龙电驱
2023-12-25,2023-12-31,sh.600582,天地科技
2023-12-25,2023-12-31,sh.600583,海油工程
2023-12-25,2023-12-31,sh.600597,光明乳业
2023-12-25,2023-12-31,sh.600598,北大荒
2023-12-25,2023-12-31,sh.600637,东方明珠
2023-12-25,2023-12-31,sh.600642,申能股份
2023-12-25,2023-12-31,sh.600655,豫园股份
2023-12-25,2023-12-31,sh.600663,陆家嘴
2023-12-25,2023-12-31,sh.600673,东阳光
2023-12-25,2023-12-31,sh.600699,均胜电子
2023-12-25,2023-12-31,sh.600704,物产中大
2023-12-25,2023-12-31,sh.600707,彩虹股份
2023-12-25,2023-12-31,sh.600737,中粮糖业
2023-12-25,2023-12-31,sh.600739,辽宁成大
2023-12-25,2023-12-31,sh.600755,厦门国贸
2023-12-25,2023-12-31,sh.600764,中国海防
2023-12-25,2023-12-31,sh.600765,中航重机
2023-12-25,2023-12-31,sh.600801,华新水泥
2023-12-25,2023-12-31,sh.600808,马钢股份
2023-12-25,2023-12-31,sh.600820,隧道股份
2023-12-25,2023-12-31,sh.600827,百联股份
2023-12-25,2023-12-31,sh.600839,四川长虹
2023-12-25,2023-12-31,sh.600848,上海临港
2023-12-25,2023-12-31,sh.600859,王府井
2023-12-25,2023-12-31,sh.600862,中航高科
2023-12-25,2023-12-31,sh.600863,内蒙华电
2023-12-25,2023-12-31,sh.600867,通化东宝
2023-12-25,2023-12-31,sh.600871,石化油服
2023-12-25,2023-12-31,sh.600873,梅花生物
2023-12-25,2023-12-31,sh.600879,航天电子
2023-12-25,2023-12-31,sh.600884,杉杉股份
2023-12-25,2023-12-31,sh.600885,宏发股份
2023-12-25,2023-12-31,sh.600895,张江高科
2023-12-25,2023-12-31,sh.600901,江苏金租
2023-12-25,2023-12-31,sh.600906,财达证券
2023-12-25,2023-12-31,sh.600909,华安证券
2023-12-25,2023-12-31,sh.600925,苏能股份
2023-12-25,2023-12-31,sh.600927,永安期货
2023-12-25,2023-12-31,sh.600928,西安银行
2023-12-25,2023-12-31,sh.600956,新天绿能
2023-12-25,2023-12-31,sh.600959,江苏有线
2023-12-25,2023-12-31,sh.600967,内蒙一机
2023-12-25,2023-12-31,sh.600968,海油发展
2023-12-25,2023-12-31,sh.600970,中材国际
2023-12-25,2023-12-31,sh.600977,中国电影
2023-12-25,2023-12-31,sh.600985,淮北矿业
2023-12-25,2023-12-31,sh.600988,赤峰黄金
2023-12-25,2023-12-31,sh.600995,南网储能
2023-12-25,2023-12-31,sh.600998,九州通
2023-12-25,2023-12-31,sh.601000,唐山港
2023-12-25,2023-12-31,sh.601016,节能风电
2023-12-25,2023-12-31,sh.601058,赛轮轮胎
2023-12-25,2023-12-31,sh.601061,中信金属
2023-12-25,2023-12-31,sh.601077,渝农商行
2023-12-25,2023-12-31,sh.601098,中南传媒
2023-12-25,2023-12-31,sh.601106,中国一重
2023-12-25,2023-12-31,sh.601108,财通证券
2023-12-25,2023-12-31,sh.601118,海南橡胶
2023-12-25,2023-12-31,sh.601128,常熟银行
2023-12-25,2023-12-31,sh.601139,深圳燃气
2023-12-25,2023-12-31,sh.601156,东航物流
2023-12-25,2023-12-31,sh.601158,重庆水务
2023-12-25,2023-12-31,sh.601162,天风证券
2023-12-25,2023-12-31,sh.601168,西部矿业
2023-12-25,2023-12-31,sh.601179,中国西电
2023-12-25,2023-12-31,sh.601187,厦门银行
2023-12-25,2023-12-31,sh.601198,东兴证券
2023-12-25,2023-12-31,sh.601216,君正集团
2023-12-25,2023-12-31,sh.601228,广州港
2023-12-25,2023-12-31,sh.601231,环旭电子
2023-12-25,2023-12-31,sh.601233,桐昆股份
2023-12-25,2023-12-31,sh.601298,青岛港
2023-12-25,2023-12-31,sh.601456,国联证券
2023-12-25,2023-12-31,sh.601555,东吴证券
2023-12-25,2023-12-31,sh.601568,北元集团
2023-12-25,2023-12-31,sh.601577,长沙银行
2023-12-25,2023-12-31,sh.601598,中国外运
2023-12-25,2023-12-31,sh.601608,中信重工
2023-12-25,2023-12-31,sh.601611,中国核建
2023-12-25,2023-12-31,sh.601636,旗滨集团
2023-12-25,2023-12-31,sh.601665,齐鲁银行
2023-12-25,2023-12-31,sh.601666,平煤股份
2023-12-25,2023-12-31,sh.601696,中银证券
2023-12-25,2023-12-31,sh.601717,郑煤机
2023-12-25,2023-12-31,sh.601778,晶科科技
2023-12-25,2023-12-31,sh.601828,美凯龙
2023-12-25,2023-12-31,sh.601866,中远海发
2023-12-25,2023-12-31,sh.601880,辽港股份
2023-12-25,2023-12-31,sh.601928,凤凰传媒
2023-12-25,2023-12-31,sh.601933,永辉超市
2023-12-25,2023-12-31,sh.601958,金钼股份
2023-12-25,2023-12-31,sh.601966,玲珑轮胎
2023-12-25,2023-12-31,sh.601990,南京证券
2023-12-25,2023-12-31,sh.601991,大唐发电
2023-12-25,2023-12-31,sh.601992,金隅集团
2023-12-25,2023-12-31,sh.601997,贵阳银行
2023-12-25,2023-12-31,sh.603000,人民网
2023-12-25,2023-12-31,sh.603026,胜华新材
2023-12-25,2023-12-31,sh.603056,德邦股份
2023-12-25,2023-12-31,sh.603077,和邦生物
2023-12-25,2023-12-31,sh.603127,昭衍新药
2023-12-25,2023-12-31,sh.603156,养元饮品
2023-12-25,2023-12-31,sh.603160,汇顶科技
2023-12-25,2023-12-31,sh.603185,弘元绿能
2023-12-25,2023-12-31,sh.603218,日月股份
2023-12-25,2023-12-31,sh.603225,新凤鸣
2023-12-25,2023-12-31,sh.603228,景旺电子
2023-12-25,2023-12-31,sh.603233,大参林
2023-12-25,2023-12-31,sh.603267,鸿远电子
2023-12-25,2023-12-31,sh.603305,旭升集团
2023-12-25,2023-12-31,sh.603317,天味食品
2023-12-25,2023-12-31,sh.603338,浙江鼎力
2023-12-25,2023-12-31,sh.603355,莱克电气
2023-12-25,2023-12-31,sh.603379,三美股份
2023-12-25,2023-12-31,sh.603444,吉比特
2023-12-25,2023-12-31,sh.603456,九洲药业
2023-12-25,2023-12-31,sh.603517,绝味食品
2023-12-25,2023-12-31,sh.603529,爱玛科技
2023-12-25,2023-12-31,sh.603568,伟明环保
2023-12-25,2023-12-31,sh.603589,口子窖
2023-12-25,2023-12-31,sh.603596,伯特利
2023-12-25,2023-12-31,sh.603606,东方电缆
2023-12-25,2023-12-31,sh.603650,彤程新材
2023-12-25,2023-12-31,sh.603658,安图生物
2023-12-25,2023-12-31,sh.603688,石英股份
2023-12-25,2023-12-31,sh.603707,健友股份
2023-12-25,2023-12-31,sh.603712,七一二
2023-12-25,2023-12-31,sh.603737,三棵树
2023-12-25,2023-12-31,sh.603786,科博达
2023-12-25,2023-12-31,sh.603816,顾家家居
2023-12-25,2023-12-31,sh.603826,坤彩科技
2023-12-25,2023-12-31,sh.603858,步长制药
2023-12-25,2023-12-31,sh.603866,桃李面包
2023-12-25,2023-12-31,sh.603868,飞科电器
2023-12-25,2023-12-31,sh.603882,金域医学
2023-12-25,2023-12-31,sh.603883,老百姓
2023-12-25,2023-12-31,sh.603885,吉祥航空
2023-12-25,2023-12-31,sh.603893,瑞芯微
2023-12-25,2023-12-31,sh.603927,中科软
2023-12-25,2023-12-31,sh.603939,益丰药房
2023-12-25,2023-12-31,sh.605358,立昂微
2023-12-25,2023-12-31,sh.688002,睿创微纳
2023-12-25,2023-12-31,sh.688005,容百科技
2023-12-25,2023-12-31,sh.688006,杭可科技
2023-12-25,2023-12-31,sh.688029,南微医学
2023-12-25,2023-12-31,sh.688032,禾迈股份
2023-12-25,2023-12-31,sh.688052,纳芯微
2023-12-25,2023-12-31,sh.688063,派能科技
2023-12-25,2023-12-31,sh.688072,拓荆科技
2023-12-25,2023-12-31,sh.688082,盛美上海
2023-12-25,2023-12-31,sh.688099,晶晨股份
2023-12-25,2023-12-31,sh.688105,诺唯赞
2023-12-25,2023-12-31,sh.688107,安路科技
2023-12-25,2023-12-31,sh.688114,华大智造
2023-12-25,2023-12-31,sh.688120,华海清科
2023-12-25,2023-12-31,sh.688122,西部超导
2023-12-25,2023-12-31,sh.688153,唯捷创芯
2023-12-25,2023-12-31,sh.688169,石头科技
2023-12-25,2023-12-31,sh.688180,君实生物
2023-12-25,2023-12-31,sh.688188,柏楚电子
2023-12-25,2023-12-31,sh.688200,华峰测控
2023-12-25,2023-12-31,sh.688208,道通科技
2023-12-25,2023-12-31,sh.688220,翱捷科技
2023-12-25,2023-12-31,sh.688234,天岳先进
2023-12-25,2023-12-31,sh.688248,南网科技
2023-12-25,2023-12-31,sh.688276,百克生物
2023-12-25,2023-12-31,sh.688281,华秦科技
2023-12-25,2023-12-31,sh.688295,中复神鹰
2023-12-25,2023-12-31,sh.688297,中无人机
2023-12-25,2023-12-31,sh.688301,奕瑞科技
2023-12-25,2023-12-31,sh.688331,荣昌生物
2023-12-25,2023-12-31,sh.688348,昱能科技
2023-12-25,2023-12-31,sh.688349,三一重能
2023-12-25,2023-12-31,sh.688375,国博电子
2023-12-25,2023-12-31,sh.688385,复旦微电
2023-12-25,2023-12-31,sh.688387,信科移动
2023-12-25,2023-12-31,sh.688390,固德威
2023-12-25,2023-12-31,sh.688425,铁建重工
2023-12-25,2023-12-31,sh.688516,奥特维
2023-12-25,2023-12-31,sh.688520,神州细胞
2023-12-25,2023-12-31,sh.688521,芯原股份
2023-12-25,2023-12-31,sh.688536,思瑞浦
2023-12-25,2023-12-31,sh.688538,和辉光电
2023-12-25,2023-12-31,sh.688567,孚能科技
2023-12-25,2023-12-31,sh.688690,纳微科技
2023-12-25,2023-12-31,sh.688728,格科微
2023-12-25,2023-12-31,sh.688772,珠海冠宇
2023-12-25,2023-12-31,sh.688778,厦钨新能
2023-12-25,2023-12-31,sh.688779,长远锂科
2023-12-25,2023-12-31,sh.688819,天能股份
2023-12-25,2023-12-31,sh.689009,九号公司
2023-12-25,2023-12-31,sz.000009,中国宝安
2023-12-25,2023-12-31,sz.000021,深科技
2023-12-25,2023-12-31,sz.000027,深圳能源
2023-12-25,2023-12-31,sz.000031,大悦城
2023-12-25,2023-12-31,sz.000039,中集集团
2023-12-25,2023-12-31,sz.000050,深天马A
2023-12-25,2023-12-31,sz.000060,中金岭南
2023-12-25,2023-12-31,sz.000066,中国长城
2023-12-25,2023-12-31,sz.000089,深圳机场
2023-12-25,2023-12-31,sz.000155,川能动力
2023-12-25,2023-12-31,sz.000156,华数传媒
2023-12-25,2023-12-31,sz.000400,许继电气
2023-12-25,2023-12-31,sz.000401,冀东水泥
2023-12-25,2023-12-31,sz.000402,金融街
2023-12-25,2023-12-31,sz.000423,东阿阿胶
2023-12-25,2023-12-31,sz.000513,丽珠集团
2023-12-25,2023-12-31,sz.000519,中兵红箭
2023-12-25,2023-12-31,sz.000537,中绿电
2023-12-25,2023-12-31,sz.000539,粤电力A
2023-12-25,2023-12-31,sz.000547,航天发展
2023-12-25,2023-12-31,sz.000553,安道麦A
2023-12-25,2023-12-31,sz.000559,万向钱潮
2023-12-25,2023-12-31,sz.000563,陕国投A
2023-12-25,2023-12-31,sz.000581,威孚高科
2023-12-25,2023-12-31,sz.000591,太阳能
2023-12-25,2023-12-31,sz.000598,兴蓉环境
2023-12-25,2023-12-31,sz.000623,吉林敖东
2023-12-25,2023-12-31,sz.000629,钒钛股份
2023-12-25,2023-12-31,sz.000630,铜陵有色
2023-12-25,2023-12-31,sz.000636,风华高科
2023-12-25,2023-12-31,sz.000683,远兴能源
2023-12-25,2023-12-31,sz.000703,恒逸石化
2023-12-25,2023-12-31,sz.000709,河钢股份
2023-12-25,2023-12-31,sz.000723,美锦能源
2023-12-25,2023-12-31,sz.000728,国元证券
2023-12-25,2023-12-31,sz.000729,燕京啤酒
2023-12-25,2023-12-31,sz.000738,航发控制
2023-12-25,2023-12-31,sz.000739,普洛药业
2023-12-25,2023-12-31,sz.000750,国海证券
2023-12-25,2023-12-31,sz.000778,新兴铸管
2023-12-25,2023-12-31,sz.000783,长江证券
2023-12-25,2023-12-31,sz.000785,居然之家
2023-12-25,2023-12-31,sz.000825,太钢不锈
2023-12-25,2023-12-31,sz.000830,鲁西化工
2023-12-25,2023-12-31,sz.000831,中国稀土
2023-12-25,2023-12-31,sz.000878,云南铜业
2023-12-25,2023-12-31,sz.000883,湖北能源
2023-12-25,2023-12-31,sz.000887,中鼎股份
2023-12-25,2023-12-31,sz.000893,亚钾国际
2023-12-25,2023-12-31,sz.000898,鞍钢股份
2023-12-25,2023-12-31,sz.000930,中粮科技
2023-12-25,2023-12-31,sz.000932,华菱钢铁
2023-12-25,2023-12-31,sz.000933,神火股份
2023-12-25,2023-12-31,sz.000937,冀中能源
2023-12-25,2023-12-31,sz.000958,电投产融
2023-12-25,2023-12-31,sz.000959,首钢股份
2023-12-25,2023-12-31,sz.000960,锡业股份
2023-12-25,2023-12-31,sz.000967,盈峰环境
2023-12-25,2023-12-31,sz.000970,中科三环
2023-12-25,2023-12-31,sz.000975,银泰黄金
2023-12-25,2023-12-31,sz.000987,越秀资本
2023-12-25,2023-12-31,sz.000988,华工科技
2023-12-25,2023-12-31,sz.000997,新大陆
2023-12-25,2023-12-31,sz.000998,隆平高科
2023-12-25,2023-12-31,sz.001203,大中矿业
2023-12-25,2023-12-31,sz.001227,兰州银行
2023-12-25,2023-12-31,sz.001286,陕西能源
2023-12-25,2023-12-31,sz.001872,招商港口
2023-12-25,2023-12-31,sz.001914,招商积余
2023-12-25,2023-12-31,sz.002008,大族激光
2023-12-25,2023-12-31,sz.002010,传化智联
2023-12-25,2023-12-31,sz.002019,亿帆医药
2023-12-25,2023-12-31,sz.002025,航天电器
2023-12-25,2023-12-31,sz.002028,思源电气
2023-12-25,2023-12-31,sz.002030,达安基因
2023-12-25,2023-12-31,sz.002032,苏泊尔
2023-12-25,2023-12-31,sz.002044,美年健康
2023-12-25,2023-12-31,sz.002056,横店东磁
2023-12-25,2023-12-31,sz.002064,华峰化学
2023-12-25,2023-12-31,sz.002065,东华软件
2023-12-25,2023-12-31,sz.002078,太阳纸业
2023-12-25,2023-12-31,sz.002080,中材科技
2023-12-25,2023-12-31,sz.002092,中泰化学
2023-12-25,2023-12-31,sz.002120,韵达股份
2023-12-25,2023-12-31,sz.002128,电投能源
2023-12-25,2023-12-31,sz.002131,利欧股份
2023-12-25,2023-12-31,sz.002138,顺络电子
2023-12-25,2023-12-31,sz.002152,广电运通
2023-12-25,2023-12-31,sz.002153,石基信息
2023-12-25,2023-12-31,sz.002155,湖南黄金
2023-12-25,2023-12-31,sz.002156,通富微电
2023-12-25,2023-12-31,sz.002185,华天科技
2023-12-25,2023-12-31,sz.002192,融捷股份
2023-12-25,2023-12-31,sz.002195,岩山科技
2023-12-25,2023-12-31,sz.002203,海亮股份
2023-12-25,2023-12-31,sz.002223,鱼跃医疗
2023-12-25,2023-12-31,sz.002240,盛新锂能
2023-12-25,2023-12-31,sz.002244,滨江集团
2023-12-25,2023-12-31,sz.002262,恩华药业
2023-12-25,2023-12-31,sz.002266,浙富控股
2023-12-25,2023-12-31,sz.002268,电科网安
2023-12-25,2023-12-31,sz.002273,水晶光电
2023-12-25,2023-12-31,sz.002281,光迅科技
2023-12-25,2023-12-31,sz.002294,信立泰
2023-12-25,2023-12-31,sz.002299,圣农发展
2023-12-25,2023-12-31,sz.002326,永太科技
2023-12-25,2023-12-31,sz.002340,格林美
2023-12-25,2023-12-31,sz.002353,杰瑞股份
2023-12-25,2023-12-31,sz.002368,太极股份
2023-12-25,2023-12-31,sz.002372,伟星新材
2023-12-25,2023-12-31,sz.002373,千方科技
2023-12-25,2023-12-31,sz.002384,东山精密
2023-12-25,2023-12-31,sz.002385,大北农
2023-12-25,2023-12-31,sz.002399,海普瑞
2023-12-25,2023-12-31,sz.002407,多氟多
2023-12-25,2023-12-31,sz.002408,齐翔腾达
2023-12-25,2023-12-31,sz.002409,雅克科技
2023-12-25,2023-12-31,sz.002414,高德红外
2023-12-25,2023-12-31,sz.002422,科伦药业
2023-12-25,2023-12-31,sz.002423,中粮资本
2023-12-25,2023-12-31,sz.002429,兆驰股份
2023-12-25,2023-12-31,sz.002430,杭氧股份
2023-12-25,2023-12-31,sz.002432,九安医疗
2023-12-25,2023-12-31,sz.002439,启明星辰
2023-12-25,2023-12-31,sz.002444,巨星科技
2023-12-25,2023-12-31,sz.002463,沪电股份
2023-12-25,2023-12-31,sz.002465,海格通信
2023-12-25,2023-12-31,sz.002468,申通快递
2023-12-25,2023-12-31,sz.002472,双环传动
2023-12-25,2023-12-31,sz.002487,大金重工
2023-12-25,2023-12-31,sz.002497,雅化集团
2023-12-25,2023-12-31,sz.002500,山西证券
2023-12-25,2023-12-31,sz.002505,鹏都农牧
2023-12-25,2023-12-31,sz.002506,协鑫集成
2023-12-25,2023-12-31,sz.002507,涪陵榨菜
2023-12-25,2023-12-31,sz.002508,老板电器
2023-12-25,2023-12-31,sz.002511,中顺洁柔
2023-12-25,2023-12-31,sz.002517,恺英网络
2023-12-25,2023-12-31,sz.002518,科士达
2023-12-25,2023-12-31,sz.002531,天顺风能
2023-12-25,2023-12-31,sz.002532,天山铝业
2023-12-25,2023-12-31,sz.002557,洽洽食品
2023-12-25,2023-12-31,sz.002558,巨人网络
2023-12-25,2023-12-31,sz.002563,森马服饰
2023-12-25,2023-12-31,sz.002568,百润股份
2023-12-25,2023-12-31,sz.002572,索菲亚
2023-12-25,2023-12-31,sz.002595,豪迈科技
2023-12-25,2023-12-31,sz.002600,领益智造
2023-12-25,2023-12-31,sz.002607,中公教育
2023-12-25,2023-12-31,sz.002608,江苏国信
2023-12-25,2023-12-31,sz.002624,完美世界
2023-12-25,2023-12-31,sz.002625,光启技术
2023-12-25,2023-12-31,sz.002653,海思科
2023-12-25,2023-12-31,sz.002670,国盛金控
2023-12-25,2023-12-31,sz.002673,西部证券
2023-12-25,2023-12-31,sz.002683,广东宏大
2023-12-25,2023-12-31,sz.002690,美亚光电
2023-12-25,2023-12-31,sz.002738,中矿资源
2023-12-25,2023-12-31,sz.002739,万达电影
2023-12-25,2023-12-31,sz.002756,永兴材料
2023-12-25,2023-12-31,sz.002761,浙江建投
2023-12-25,2023-12-31,sz.002791,坚朗五金
2023-12-25,2023-12-31,sz.002797,第一创业
2023-12-25,2023-12-31,sz.002831,裕同科技
2023-12-25,2023-12-31,sz.002850,科达利
2023-12-25,2023-12-31,sz.002865,钧达股份
2023-12-25,2023-12-31,sz.002867,周大生
2023-12-25,2023-12-31,sz.002925,盈趣科技
2023-12-25,2023-12-31,sz.002926,华西证券
2023-12-25,2023-12-31,sz.002936,郑州银行
2023-12-25,2023-12-31,sz.002939,长城证券
2023-12-25,2023-12-31,sz.002945,华林证券
2023-12-25,2023-12-31,sz.002958,青农商行
2023-12-25,2023-12-31,sz.002966,苏州银行
2023-12-25,2023-12-31,sz.003022,联泓新科
2023-12-25,2023-12-31,sz.003031,中瓷电子
2023-12-25,2023-12-31,sz.003035,南网能源
2023-12-25,2023-12-31,sz.300001,特锐德
2023-12-25,2023-12-31,sz.300003,乐普医疗
2023-12-25,2023-12-31,sz.300009,安科生物
2023-12-25,2023-12-31,sz.300012,华测检测
2023-12-25,2023-12-31,sz.300017,网宿科技
2023-12-25,2023-12-31,sz.300024,机器人
2023-12-25,2023-12-31,sz.300026,红日药业
2023-12-25,2023-12-31,sz.300037,新宙邦
2023-12-25,2023-12-31,sz.300058,蓝色光标
2023-12-25,2023-12-31,sz.300070,碧水源
2023-12-25,2023-12-31,sz.300073,当升科技
2023-12-25,2023-12-31,sz.300088,长信科技
2023-12-25,2023-12-31,sz.300114,中航电测
2023-12-25,2023-12-31,sz.300118,东方日升
2023-12-25,2023-12-31,sz.300136,信维通信
2023-12-25,2023-12-31,sz.300144,宋城演艺
2023-12-25,2023-12-31,sz.300146,汤臣倍健
2023-12-25,2023-12-31,sz.300207,欣旺达
2023-12-25,2023-12-31,sz.300212,易华录
2023-12-25,2023-12-31,sz.300244,迪安诊断
2023-12-25,2023-12-31,sz.300251,光线传媒
2023-12-25,2023-12-31,sz.300253,卫宁健康
2023-12-25,2023-12-31,sz.300257,开山股份
2023-12-25,2023-12-31,sz.300285,国瓷材料
2023-12-25,2023-12-31,sz.300296,利亚德
2023-12-25,2023-12-31,sz.300357,我武生物
2023-12-25,2023-12-31,sz.300363,博腾股份
2023-12-25,2023-12-31,sz.300373,扬杰科技
2023-12-25,2023-12-31,sz.300383,光环新网
2023-12-25,2023-12-31,sz.300390,天华新能
2023-12-25,2023-12-31,sz.300394,天孚通信
2023-12-25,2023-12-31,sz.300395,菲利华
2023-12-25,2023-12-31,sz.300418,昆仑万维
2023-12-25,2023-12-31,sz.300438,鹏辉能源
2023-12-25,2023-12-31,sz.300474,景嘉微
2023-12-25,2023-12-31,sz.300487,蓝晓科技
2023-12-25,2023-12-31,sz.300502,新易盛
2023-12-25,2023-12-31,sz.300529,健帆生物
2023-12-25,2023-12-31,sz.300558,贝达药业
2023-12-25,2023-12-31,sz.300568,星源材质
2023-12-25,2023-12-31,sz.300595,欧普康视
2023-12-25,2023-12-31,sz.300601,康泰生物
2023-12-25,2023-12-31,sz.300604,长川科技
2023-12-25,2023-12-31,sz.300676,华大基因
2023-12-25,2023-12-31,sz.300677,英科医疗
2023-12-25,2023-12-31,sz.300682,朗新科技
2023-12-25,2023-12-31,sz.300699,光威复材
2023-12-25,2023-12-31,sz.300724,捷佳伟创
2023-12-25,2023-12-31,sz.300748,金力永磁
2023-12-25,2023-12-31,sz.300776,帝尔激光
2023-12-25,2023-12-31,sz.300850,新强联
2023-12-25,2023-12-31,sz.300861,美畅股份
2023-12-25,2023-12-31,sz.300866,安克创新
2023-12-25,2023-12-31,sz.300888,稳健医疗
2023-12-25,2023-12-31,sz.301029,怡合达
2023-12-25,2023-12-31,sz.301236,软通动力
2024-06-24,2024-06-30,sh.600004,白云机场
2024-06-24,2024-06-30,sh.600008,首创环保
2024-06-24,2024-06-30,sh.600021,上海电力
2024-06-24,2024-06-30,sh.600022,山东钢铁
2024-06-24,2024-06-30,sh.600032,浙江新能
2024-06-24,2024-06-30,sh.600038,中直股份
2024-06-24,2024-06-30,sh.600056,中国医药
2024-06-24,2024-06-30,sh.600060,海信视像
2024-06-24,2024-06-30,sh.600062,华润双鹤
2024-06-24,2024-06-30,sh.600066,宇通客车
2024-06-24,2024-06-30,sh.600079,人福医药
2024-06-24,2024-06-30,sh.600095,湘财股份
2024-06-24,2024-06-30,sh.600096,云天化
2024-06-24,2024-06-30,sh.600098,广州发展
2024-06-24,2024-06-30,sh.600109,国金证券
2024-06-24,2024-06-30,sh.600118,中国卫星
2024-06-24,2024-06-30,sh.600126,杭钢股份
2024-06-24,2024-06-30,sh.600129,太极集团
2024-06-24,2024-06-30,sh.600131,国网信通
2024-06-24,2024-06-30,sh.600141,兴发集团
2024-06-24,2024-06-30,sh.600143,金发科技
2024-06-24,2024-06-30,sh.600153,建发股份
2024-06-24,2024-06-30,sh.600155,华创云信
2024-06-24,2024-06-30,sh.600157,永泰能源
2024-06-24,2024-06-30,sh.600166,福田汽车
2024-06-24,2024-06-30,sh.600170,上海建工
2024-06-24,2024-06-30,sh.600177,雅戈尔
2024-06-24,2024-06-30,sh.600208,新湖中宝
2024-06-24,2024-06-30,sh.600258,首旅酒店
2024-06-24,2024-06-30,sh.600271,航天信息
2024-06-24,2024-06-30,sh.600282,南钢股份
2024-06-24,2024-06-30,sh.600298,安琪酵母
2024-06-24,2024-06-30,sh.600299,安迪苏
2024-06-24,2024-06-30,sh.600315,上海家化
2024-06-24,2024-06-30,sh.600316,洪都航空
2024-06-24,2024-06-30,sh.600325,华发股份
2024-06-24,2024-06-30,sh.600329,达仁堂
2024-06-24,2024-06-30,sh.600339,中油工程
2024-06-24,2024-06-30,sh.600348,华阳股份
2024-06-24,2024-06-30,sh.600350,山东高速
2024-06-24,2024-06-30,sh.600352,浙江龙盛
2024-06-24,2024-06-30,sh.600361,创新新材
2024-06-24,2024-06-30,sh.600369,西南证券
2024-06-24,2024-06-30,sh.600373,中文传媒
2024-06-24,2024-06-30,sh.600377,宁沪高速
2024-06-24,2024-06-30,sh.600378,昊华科技
2024-06-24,2024-06-30,sh.600380,健康元
2024-06-24,2024-06-30,sh.600390,五矿资本
2024-06-24,2024-06-30,sh.600392,盛和资源
2024-06-24,2024-06-30,sh.600398,海澜之家
2024-06-24,2024-06-30,sh.600399,抚顺特钢
2024-06-24,2024-06-30,sh.600416,湘电股份
2024-06-24,2024-06-30,sh.600418,江淮汽车
2024-06-24,2024-06-30,sh.600435,北方导航
2024-06-24,2024-06-30,sh.600481,双良节能
2024-06-24,2024-06-30,sh.600483,福能股份
2024-06-24,2024-06-30,sh.600486,扬农化工
2024-06-24,2024-06-30,sh.600497,驰宏锌锗
2024-06-24,2024-06-30,sh.600498,烽火通信
2024-06-24,2024-06-30,sh.600499,科达制造
2024-06-24,2024-06-30,sh.600500,中化国际
2024-06-24,2024-06-30,sh.600511,国药股份
2024-06-24,2024-06-30,sh.600516,方大炭素
2024-06-24,2024-06-30,sh.600517,国网英大
2024-06-24,2024-06-30,sh.600521,华海药业
2024-06-24,2024-06-30,sh.600528,中铁工业
2024-06-24,2024-06-30,sh.600529,山东药玻
2024-06-24,2024-06-30,sh.600535,天士力
2024-06-24,2024-06-30,sh.600536,中国软件
2024-06-24,2024-06-30,sh.600546,山煤国际
2024-06-24,2024-06-30,sh.600549,厦门钨业
2024-06-24,2024-06-30,sh.600563,法拉电子
2024-06-24,2024-06-30,sh.600566,济川药业
2024-06-24,2024-06-30,sh.600578,京能电力
2024-06-24,2024-06-30,sh.600580,卧龙电驱
2024-06-24,2024-06-30,sh.600582,天地科技
2024-06-24,2024-06-30,sh.600583,海油工程
2024-06-24,2024-06-30,sh.600598,北大荒
2024-06-24,2024-06-30,sh.600612,老凤祥
2024-06-24,2024-06-30,sh.600637,东方明珠
2024-06-24,2024-06-30,sh.600642,申能股份
2024-06-24,2024-06-30,sh.600655,豫园股份
2024-06-24,2024-06-30,sh.600663,陆家嘴
2024-06-24,2024-06-30,sh.600673,东阳光
2024-06-24,2024-06-30,sh.600699,均胜电子
2024-06-24,2024-06-30,sh.600704,物产中大
2024-06-24,2024-06-30,sh.600707,彩虹股份
2024-06-24,2024-06-30,sh.600737,中粮糖业
2024-06-24,2024-06-30,sh.600739,辽宁成大
2024-06-24,2024-06-30,sh.600754,锦江酒店
2024-06-24,2024-06-30,sh.600755,厦门国贸
2024-06-24,2024-06-30,sh.600763,通策医疗
2024-06-24,2024-06-30,sh.600764,中国海防
2024-06-24,2024-06-30,sh.600765,中航重机
2024-06-24,2024-06-30,sh.600801,华新水泥
2024-06-24,2024-06-30,sh.600808,马钢股份
2024-06-24,2024-06-30,sh.600816,建元信托
2024-06-24,2024-06-30,sh.600820,隧道股份
2024-06-24,2024-06-30,sh.600827,百联股份
2024-06-24,2024-06-30,sh.600839,四川长虹
2024-06-24,2024-06-30,sh.600848,上海临港
2024-06-24,2024-06-30,sh.600859,王府井
2024-06-24,2024-06-30,sh.600862,中航高科
2024-06-24,2024-06-30,sh.600863,内蒙华电
2024-06-24,2024-06-30,sh.600867,通化东宝
2024-06-24,2024-06-30,sh.600871,石化油服
2024-06-24,2024-06-30,sh.600872,中炬高新
2024-06-24,2024-06-30,sh.600873,梅花生物
2024-06-24,2024-06-30,sh.600879,航天电子
2024-06-24,2024-06-30,sh.600884,杉杉股份
2024-06-24,2024-06-30,sh.600885,宏发股份
2024-06-24,2024-06-30,sh.600895,张江高科
2024-06-24,2024-06-30,sh.600901,江苏金租
2024-06-24,2024-06-30,sh.600906,财达证券
2024-06-24,2024-06-30,sh.600909,华安证券
2024-06-24,2024-06-30,sh.600925,苏能股份
2024-06-24,2024-06-30,sh.600927,永安期货
2024-06-24,2024-06-30,sh.600928,西安银行
2024-06-24,2024-06-30,sh.600956,新天绿能
2024-06-24,2024-06-30,sh.600959,江苏有线
2024-06-24,2024-06-30,sh.600967,内蒙一机
2024-06-24,2024-06-30,sh.600968,海油发展
2024-06-24,2024-06-30,sh.600970,中材国际
2024-06-24,2024-06-30,sh.600977,中国电影
2024-06-24,2024-06-30,sh.600985,淮北矿业
2024-06-24,2024-06-30,sh.600988,赤峰黄金
2024-06-24,2024-06-30,sh.600995,南网储能
2024-06-24,2024-06-30,sh.600998,九州通
2024-06-24,2024-06-30,sh.601000,唐山港
2024-06-24,2024-06-30,sh.601016,节能风电
2024-06-24,2024-06-30,sh.601019,山东出版
2024-06-24,2024-06-30,sh.601058,赛轮轮胎
2024-06-24,2024-06-30,sh.601077,渝农商行
2024-06-24,2024-06-30,sh.601098,中南传媒
2024-06-24,2024-06-30,sh.601106,中国一重
2024-06-24,2024-06-30,sh.601108,财通证券
2024-06-24,2024-06-30,sh.601118,海南橡胶
2024-06-24,2024-06-30,sh.601128,常熟银行
2024-06-24,2024-06-30,sh.601139,深圳燃气
2024-06-24,2024-06-30,sh.601155,新城控股
2024-06-24,2024-06-30,sh.601156,东航物流
2024-06-24,2024-06-30,sh.601158,重庆水务
2024-06-24,2024-06-30,sh.601162,天风证券
2024-06-24,2024-06-30,sh.601168,西部矿业
2024-06-24,2024-06-30,sh.601179,中国西电
2024-06-24,2024-06-30,sh.601198,东兴证券
2024-06-24,2024-06-30,sh.601212,白银有色
2024-06-24,2024-06-30,sh.601216,君正集团
2024-06-24,2024-06-30,sh.601228,广州港
2024-06-24,2024-06-30,sh.601231,环旭电子
2024-06-24,2024-06-30,sh.601233,桐昆股份
2024-06-24,2024-06-30,sh.601298,青岛港
2024-06-24,2024-06-30,sh.601399,国机重装
2024-06-24,2024-06-30,sh.601456,国联证券
2024-06-24,2024-06-30,sh.601555,东吴证券
2024-06-24,2024-06-30,sh.601567,三星医疗
2024-06-24,2024-06-30,sh.601568,北元集团
2024-06-24,2024-06-30,sh.601577,长沙银行
2024-06-24,2024-06-30,sh.601598,中国外运
2024-06-24,2024-06-30,sh.601608,中信重工
2024-06-24,2024-06-30,sh.601611,中国核建
2024-06-24,2024-06-30,sh.601615,明阳智能
2024-06-24,2024-06-30,sh.601636,旗滨集团
2024-06-24,2024-06-30,sh.601665,齐鲁银行
2024-06-24,2024-06-30,sh.601666,平煤股份
2024-06-24,2024-06-30,sh.601696,中银证券
2024-06-24,2024-06-30,sh.601717,郑煤机
2024-06-24,2024-06-30,sh.601828,美凯龙
2024-06-24,2024-06-30,sh.601858,中国科传
2024-06-24,2024-06-30,sh.601866,中远海发
2024-06-24,2024-06-30,sh.601880,辽港股份
2024-06-24,2024-06-30,sh.601928,凤凰传媒
2024-06-24,2024-06-30,sh.601933,永辉超市
2024-06-24,2024-06-30,sh.601958,金钼股份
2024-06-24,2024-06-30,sh.601965,中国汽研
2024-06-24,2024-06-30,sh.601966,玲珑轮胎
2024-06-24,2024-06-30,sh.601990,南京证券
2024-06-24,2024-06-30,sh.601991,大唐发电
2024-06-24,2024-06-30,sh.601992,金隅集团
2024-06-24,2024-06-30,sh.601997,贵阳银行
2024-06-24,2024-06-30,sh.603000,人民网
2024-06-24,2024-06-30,sh.603056,德邦股份
2024-06-24,2024-06-30,sh.603077,和邦生物
2024-06-24,2024-06-30,sh.603087,甘李药业
2024-06-24,2024-06-30,sh.603127,昭衍新药
2024-06-24,2024-06-30,sh.603156,养元饮品
2024-06-24,2024-06-30,sh.603160,汇顶科技
2024-06-24,2024-06-30,sh.603179,新泉股份
2024-06-24,2024-06-30,sh.603185,弘元绿能
2024-06-24,2024-06-30,sh.603218,日月股份
2024-06-24,2024-06-30,sh.603225,新凤鸣
2024-06-24,2024-06-30,sh.603228,景旺电子
2024-06-24,2024-06-30,sh.603233,大参林
2024-06-24,2024-06-30,sh.603290,斯达半导
2024-06-24,2024-06-30,sh.603298,杭叉集团
2024-06-24,2024-06-30,sh.603305,旭升集团
2024-06-24,2024-06-30,sh.603317,天味食品
2024-06-24,2024-06-30,sh.603338,浙江鼎力
2024-06-24,2024-06-30,sh.603345,安井食品
2024-06-24,2024-06-30,sh.603379,三美股份
2024-06-24,2024-06-30,sh.603444,吉比特
2024-06-24,2024-06-30,sh.603456,九洲药业
2024-06-24,2024-06-30,sh.603486,科沃斯
2024-06-24,2024-06-30,sh.603517,绝味食品
2024-06-24,2024-06-30,sh.603529,爱玛科技
2024-06-24,2024-06-30,sh.603568,伟明环保
2024-06-24,2024-06-30,sh.603589,口子窖
2024-06-24,2024-06-30,sh.603596,伯特利
2024-06-24,2024-06-30,sh.603606,东方电缆
2024-06-24,2024-06-30,sh.603650,彤程新材
2024-06-24,2024-06-30,sh.603658,安图生物
2024-06-24,2024-06-30,sh.603688,石英股份
2024-06-24,2024-06-30,sh.603707,健友股份
2024-06-24,2024-06-30,sh.603712,七一二
2024-06-24,2024-06-30,sh.603728,鸣志电器
2024-06-24,2024-06-30,sh.603737,三棵树
2024-06-24,2024-06-30,sh.603786,科博达
2024-06-24,2024-06-30,sh.603816,顾家家居
2024-06-24,2024-06-30,sh.603826,坤彩科技
2024-06-24,2024-06-30,sh.603858,步长制药
2024-06-24,2024-06-30,sh.603868,飞科电器
2024-06-24,2024-06-30,sh.603882,金域医学
2024-06-24,2024-06-30,sh.603883,老百姓
2024-06-24,2024-06-30,sh.603885,吉祥航空
2024-06-24,2024-06-30,sh.603893,瑞芯微
2024-06-24,2024-06-30,sh.603927,中科软
2024-06-24,2024-06-30,sh.603939,益丰药房
2024-06-24,2024-06-30,sh.603979,金诚信
2024-06-24,2024-06-30,sh.605358,立昂微
2024-06-24,2024-06-30,sh.688002,睿创微纳
2024-06-24,2024-06-30,sh.688005,容百科技
2024-06-24,2024-06-30,sh.688006,杭可科技
2024-06-24,2024-06-30,sh.688017,绿的谐波
2024-06-24,2024-06-30,sh.688029,南微医学
2024-06-24,2024-06-30,sh.688032,禾迈股份
2024-06-24,2024-06-30,sh.688052,纳芯微
2024-06-24,2024-06-30,sh.688063,派能科技
2024-06-24,2024-06-30,sh.688065,凯赛生物
2024-06-24,2024-06-30,sh.688099,晶晨股份
2024-06-24,2024-06-30,sh.688107,安路科技
2024-06-24,2024-06-30,sh.688114,华大智造
2024-06-24,2024-06-30,sh.688120,华海清科
2024-06-24,2024-06-30,sh.688122,西部超导
2024-06-24,2024-06-30,sh.688153,唯捷创芯
2024-06-24,2024-06-30,sh.688169,石头科技
2024-06-24,2024-06-30,sh.688172,燕东微
2024-06-24,2024-06-30,sh.688180,君实生物
2024-06-24,2024-06-30,sh.688188,柏楚电子
2024-06-24,2024-06-30,sh.688200,华峰测控
2024-06-24,2024-06-30,sh.688213,思特威
2024-06-24,2024-06-30,sh.688220,翱捷科技
2024-06-24,2024-06-30,sh.688234,天岳先进
2024-06-24,2024-06-30,sh.688248,南网科技
2024-06-24,2024-06-30,sh.688276,百克生物
2024-06-24,2024-06-30,sh.688281,华秦科技
2024-06-24,2024-06-30,sh.688295,中复神鹰
2024-06-24,2024-06-30,sh.688297,中无人机
2024-06-24,2024-06-30,sh.688301,奕瑞科技
2024-06-24,2024-06-30,sh.688331,荣昌生物
2024-06-24,2024-06-30,sh.688348,昱能科技
2024-06-24,2024-06-30,sh.688349,三一重能
2024-06-24,2024-06-30,sh.688375,国博电子
2024-06-24,2024-06-30,sh.688385,复旦微电
2024-06-24,2024-06-30,sh.688387,信科移动
2024-06-24,2024-06-30,sh.688390,固德威
2024-06-24,2024-06-30,sh.688425,铁建重工
2024-06-24,2024-06-30,sh.688475,萤石网络
2024-06-24,2024-06-30,sh.688516,奥特维
2024-06-24,2024-06-30,sh.688520,神州细胞
2024-06-24,2024-06-30,sh.688521,芯原股份
2024-06-24,2024-06-30,sh.688525,佰维存储
2024-06-24,2024-06-30,sh.688536,思瑞浦
2024-06-24,2024-06-30,sh.688538,和辉光电
2024-06-24,2024-06-30,sh.688561,奇安信
2024-06-24,2024-06-30,sh.688567,孚能科技
2024-06-24,2024-06-30,sh.688617,惠泰医疗
2024-06-24,2024-06-30,sh.688772,珠海冠宇
2024-06-24,2024-06-30,sh.688777,中控技术
2024-06-24,2024-06-30,sh.688778,厦钨新能
2024-06-24,2024-06-30,sh.688779,长远锂科
2024-06-24,2024-06-30,sh.688819,天能股份
2024-06-24,2024-06-30,sh.689009,九号公司
2024-06-24,2024-06-30,sz.000009,中国宝安
2024-06-24,2024-06-30,sz.000021,深科技
2024-06-24,2024-06-30,sz.000027,深圳能源
2024-06-24,2024-06-30,sz.000031,大悦城
2024-06-24,2024-06-30,sz.000032,深桑达A
2024-06-24,2024-06-30,sz.000039,中集集团
2024-06-24,2024-06-30,sz.000050,深天马A
2024-06-24,2024-06-30,sz.000060,中金岭南
2024-06-24,2024-06-30,sz.000066,中国长城
2024-06-24,2024-06-30,sz.000155,川能动力
2024-06-24,2024-06-30,sz.000156,华数传媒
2024-06-24,2024-06-30,sz.000400,许继电气
2024-06-24,2024-06-30,sz.000401,冀东水泥
2024-06-24,2024-06-30,sz.000423,东阿阿胶
2024-06-24,2024-06-30,sz.000513,丽珠集团
2024-06-24,2024-06-30,sz.000519,中兵红箭
2024-06-24,2024-06-30,sz.000537,中绿电
2024-06-24,2024-06-30,sz.000539,粤电力A
2024-06-24,2024-06-30,sz.000559,万向钱潮
2024-06-24,2024-06-30,sz.000563,陕国投A
2024-06-24,2024-06-30,sz.000591,太阳能
2024-06-24,2024-06-30,sz.000598,兴蓉环境
2024-06-24,2024-06-30,sz.000623,吉林敖东
2024-06-24,2024-06-30,sz.000629,钒钛股份
2024-06-24,2024-06-30,sz.000630,铜陵有色
2024-06-24,2024-06-30,sz.000636,风华高科
2024-06-24,2024-06-30,sz.000683,远兴能源
2024-06-24,2024-06-30,sz.000703,恒逸石化
2024-06-24,2024-06-30,sz.000709,河钢股份
2024-06-24,2024-06-30,sz.000723,美锦能源
2024-06-24,2024-06-30,sz.000728,国元证券
2024-06-24,2024-06-30,sz.000729,燕京啤酒
2024-06-24,2024-06-30,sz.000738,航发控制
2024-06-24,2024-06-30,sz.000739,普洛药业
2024-06-24,2024-06-30,sz.000750,国海证券
2024-06-24,2024-06-30,sz.000778,新兴铸管
2024-06-24,2024-06-30,sz.000783,长江证券
2024-06-24,2024-06-30,sz.000785,居然之家
2024-06-24,2024-06-30,sz.000818,航锦科技
2024-06-24,2024-06-30,sz.000825,太钢不锈
2024-06-24,2024-06-30,sz.000830,鲁西化工
2024-06-24,2024-06-30,sz.000831,中国稀土
2024-06-24,2024-06-30,sz.000878,云南铜业
2024-06-24,2024-06-30,sz.000883,湖北能源
2024-06-24,2024-06-30,sz.000887,中鼎股份
2024-06-24,2024-06-30,sz.000893,亚钾国际
2024-06-24,2024-06-30,sz.000898,鞍钢股份
2024-06-24,2024-06-30,sz.000921,海信家电
2024-06-24,2024-06-30,sz.000932,华菱钢铁
2024-06-24,2024-06-30,sz.000933,神火股份
2024-06-24,2024-06-30,sz.000937,冀中能源
2024-06-24,2024-06-30,sz.000958,电投产融
2024-06-24,2024-06-30,sz.000959,首钢股份
2024-06-24,2024-06-30,sz.000960,锡业股份
2024-06-24,2024-06-30,sz.000967,盈峰环境
2024-06-24,2024-06-30,sz.000987,越秀资本
2024-06-24,2024-06-30,sz.000988,华工科技
2024-06-24,2024-06-30,sz.000997,新大陆
2024-06-24,2024-06-30,sz.000998,隆平高科
2024-06-24,2024-06-30,sz.001203,大中矿业
2024-06-24,2024-06-30,sz.001227,兰州银行
2024-06-24,2024-06-30,sz.001286,陕西能源
2024-06-24,2024-06-30,sz.001872,招商港口
2024-06-24,2024-06-30,sz.002008,大族激光
2024-06-24,2024-06-30,sz.002019,亿帆医药
2024-06-24,2024-06-30,sz.002025,航天电器
2024-06-24,2024-06-30,sz.002028,思源电气
2024-06-24,2024-06-30,sz.002044,美年健康
2024-06-24,2024-06-30,sz.002056,横店东磁
2024-06-24,2024-06-30,sz.002064,华峰化学
2024-06-24,2024-06-30,sz.002065,东华软件
2024-06-24,2024-06-30,sz.002078,太阳纸业
2024-06-24,2024-06-30,sz.002080,中材科技
2024-06-24,2024-06-30,sz.002120,韵达股份
2024-06-24,2024-06-30,sz.002128,电投能源
2024-06-24,2024-06-30,sz.002138,顺络电子
2024-06-24,2024-06-30,sz.002152,广电运通
2024-06-24,2024-06-30,sz.002153,石基信息
2024-06-24,2024-06-30,sz.002155,湖南黄金
2024-06-24,2024-06-30,sz.002156,通富微电
2024-06-24,2024-06-30,sz.002185,华天科技
2024-06-24,2024-06-30,sz.002195,岩山科技
2024-06-24,2024-06-30,sz.002202,金风科技
2024-06-24,2024-06-30,sz.002203,海亮股份
2024-06-24,2024-06-30,sz.002223,鱼跃医疗
2024-06-24,2024-06-30,sz.002240,盛新锂能
2024-06-24,2024-06-30,sz.002244,滨江集团
2024-06-24,2024-06-30,sz.002261,拓维信息
2024-06-24,2024-06-30,sz.002262,恩华药业
2024-06-24,2024-06-30,sz.002266,浙富控股
2024-06-24,2024-06-30,sz.002268,电科网安
2024-06-24,2024-06-30,sz.002273,水晶光电
2024-06-24,2024-06-30,sz.002281,光迅科技
2024-06-24,2024-06-30,sz.002294,信立泰
2024-06-24,2024-06-30,sz.002299,圣农发展
2024-06-24,2024-06-30,sz.002340,格林美
2024-06-24,2024-06-30,sz.002353,杰瑞股份
2024-06-24,2024-06-30,sz.002368,太极股份
2024-06-24,2024-06-30,sz.002372,伟星新材
2024-06-24,2024-06-30,sz.002373,千方科技
2024-06-24,2024-06-30,sz.002384,东山精密
2024-06-24,2024-06-30,sz.002385,大北农
2024-06-24,2024-06-30,sz.002407,多氟多
2024-06-24,2024-06-30,sz.002408,齐翔腾达
2024-06-24,2024-06-30,sz.002409,雅克科技
2024-06-24,2024-06-30,sz.002414,高德红外
2024-06-24,2024-06-30,sz.002423,中粮资本
2024-06-24,2024-06-30,sz.002429,兆驰股份
2024-06-24,2024-06-30,sz.002430,杭氧股份
2024-06-24,2024-06-30,sz.002432,九安医疗
2024-06-24,2024-06-30,sz.002436,兴森科技
2024-06-24,2024-06-30,sz.002439,启明星辰
2024-06-24,2024-06-30,sz.002444,巨星科技
2024-06-24,2024-06-30,sz.002465,海格通信
2024-06-24,2024-06-30,sz.002472,双环传动
2024-06-24,2024-06-30,sz.002487,大金重工
2024-06-24,2024-06-30,sz.002497,雅化集团
2024-06-24,2024-06-30,sz.002500,山西证券
2024-06-24,2024-06-30,sz.002506,协鑫集成
2024-06-24,2024-06-30,sz.002507,涪陵榨菜
2024-06-24,2024-06-30,sz.002508,老板电器
2024-06-24,2024-06-30,sz.002517,恺英网络
2024-06-24,2024-06-30,sz.002518,科士达
2024-06-24,2024-06-30,sz.002531,天顺风能
2024-06-24,2024-06-30,sz.002532,天山铝业
2024-06-24,2024-06-30,sz.002557,洽洽食品
2024-06-24,2024-06-30,sz.002558,巨人网络
2024-06-24,2024-06-30,sz.002563,森马服饰
2024-06-24,2024-06-30,sz.002568,百润股份
2024-06-24,2024-06-30,sz.002572,索菲亚
2024-06-24,2024-06-30,sz.002595,豪迈科技
2024-06-24,2024-06-30,sz.002607,中公教育
2024-06-24,2024-06-30,sz.002608,江苏国信
2024-06-24,2024-06-30,sz.002624,完美世界
2024-06-24,2024-06-30,sz.002625,光启技术
2024-06-24,2024-06-30,sz.002653,海思科
2024-06-24,2024-06-30,sz.002670,国盛金控
2024-06-24,2024-06-30,sz.002673,西部证券
2024-06-24,2024-06-30,sz.002683,广东宏大
2024-06-24,2024-06-30,sz.002690,美亚光电
2024-06-24,2024-06-30,sz.002738,中矿资源
2024-06-24,2024-06-30,sz.002739,万达电影
2024-06-24,2024-06-30,sz.002756,永兴材料
2024-06-24,2024-06-30,sz.002791,坚朗五金
2024-06-24,2024-06-30,sz.002797,第一创业
2024-06-24,2024-06-30,sz.002831,裕同科技
2024-06-24,2024-06-30,sz.002850,科达利
2024-06-24,2024-06-30,sz.002865,钧达股份
2024-06-24,2024-06-30,sz.002867,周大生
2024-06-24,2024-06-30,sz.002926,华西证券
2024-06-24,2024-06-30,sz.002936,郑州银行
2024-06-24,2024-06-30,sz.002939,长城证券
2024-06-24,2024-06-30,sz.002945,华林证券
2024-06-24,2024-06-30,sz.002958,青农商行
2024-06-24,2024-06-30,sz.002966,苏州银行
2024-06-24,2024-06-30,sz.002984,森麒麟
2024-06-24,2024-06-30,sz.003022,联泓新科
2024-06-24,2024-06-30,sz.003031,中瓷电子
2024-06-24,2024-06-30,sz.003035,南网能源
2024-06-24,2024-06-30,sz.300001,特锐德
2024-06-24,2024-06-30,sz.300002,神州泰岳
2024-06-24,2024-06-30,sz.300003,乐普医疗
2024-06-24,2024-06-30,sz.300009,安科生物
2024-06-24,2024-06-30,sz.300012,华测检测
2024-06-24,2024-06-30,sz.300017,网宿科技
2024-06-24,2024-06-30,sz.300024,机器人
2024-06-24,2024-06-30,sz.300037,新宙邦
2024-06-24,2024-06-30,sz.300054,鼎龙股份
2024-06-24,2024-06-30,sz.300058,蓝色光标
2024-06-24,2024-06-30,sz.300070,碧水源
2024-06-24,2024-06-30,sz.300073,当升科技
2024-06-24,2024-06-30,sz.300088,长信科技
2024-06-24,2024-06-30,sz.300114,中航电测
2024-06-24,2024-06-30,sz.300118,东方日升
2024-06-24,2024-06-30,sz.300136,信维通信
2024-06-24,2024-06-30,sz.300144,宋城演艺
2024-06-24,2024-06-30,sz.300146,汤臣倍健
2024-06-24,2024-06-30,sz.300207,欣旺达
2024-06-24,2024-06-30,sz.300212,易华录
2024-06-24,2024-06-30,sz.300251,光线传媒
2024-06-24,2024-06-30,sz.300253,卫宁健康
2024-06-24,2024-06-30,sz.300285,国瓷材料
2024-06-24,2024-06-30,sz.300296,利亚德
2024-06-24,2024-06-30,sz.300357,我武生物
2024-06-24,2024-06-30,sz.300373,扬杰科技
2024-06-24,2024-06-30,sz.300383,光环新网
2024-06-24,2024-06-30,sz.300390,天华新能
2024-06-24,2024-06-30,sz.300394,天孚通信
2024-06-24,2024-06-30,sz.300395,菲利华
2024-06-24,2024-06-30,sz.300438,鹏辉能源
2024-06-24,2024-06-30,sz.300474,景嘉微
2024-06-24,2024-06-30,sz.300487,蓝晓科技
2024-06-24,2024-06-30,sz.300502,新易盛
2024-06-24,2024-06-30,sz.300529,健帆生物
2024-06-24,2024-06-30,sz.300558,贝达药业
2024-06-24,2024-06-30,sz.300567,精测电子
2024-06-24,2024-06-30,sz.300568,星源材质
2024-06-24,2024-06-30,sz.300595,欧普康视
2024-06-24,2024-06-30,sz.300601,康泰生物
2024-06-24,2024-06-30,sz.300604,长川科技
2024-06-24,2024-06-30,sz.300676,华大基因
2024-06-24,2024-06-30,sz.300677,英科医疗
2024-06-24,2024-06-30,sz.300682,朗新集团
2024-06-24,2024-06-30,sz.300699,光威复材
2024-06-24,2024-06-30,sz.300724,捷佳伟创
2024-06-24,2024-06-30,sz.300748,金力永磁
2024-06-24,2024-06-30,sz.300763,锦浪科技
2024-06-24,2024-06-30,sz.300765,新诺威
2024-06-24,2024-06-30,sz.300776,帝尔激光
2024-06-24,2024-06-30,sz.300803,指南针
2024-06-24,2024-06-30,sz.300861,美畅股份
2024-06-24,2024-06-30,sz.300866,安克创新
2024-06-24,2024-06-30,sz.300888,稳健医疗
2024-06-24,2024-06-30,sz.301029,怡合达
2024-06-24,2024-06-30,sz.301165,锐捷网络
2024-06-24,2024-06-30,sz.301236,软通动力
2024-06-24,2024-06-30,sz.301267,华厦眼科
2024-06-24,2024-06-30,sz.301358,湖南裕能
2024-12-30,2024-12-31,sh.600004,白云机场
2024-12-30,2024-12-31,sh.600007,中国国贸
2024-12-30,2024-12-31,sh.600008,首创环保
2024-12-30,2024-12-31,sh.600021,上海电力
2024-12-30,2024-12-31,sh.600032,浙江新能
2024-12-30,2024-12-31,sh.600038,中直股份
2024-12-30,2024-12-31,sh.600056,中国医药
2024-12-30,2024-12-31,sh.600060,海信视像
2024-12-30,2024-12-31,sh.600062,华润双鹤
2024-12-30,2024-12-31,sh.600079,人福医药
2024-12-30,2024-12-31,sh.600095,湘财股份
2024-12-30,2024-12-31,sh.600096,云天化
2024-12-30,2024-12-31,sh.600098,广州发展
2024-12-30,2024-12-31,sh.600109,国金证券
2024-12-30,2024-12-31,sh.600118,中国卫星
2024-12-30,2024-12-31,sh.600126,杭钢股份
2024-12-30,2024-12-31,sh.600129,太极集团
2024-12-30,2024-12-31,sh.600131,国网信通
2024-12-30,2024-12-31,sh.600132,重庆啤酒
2024-12-30,2024-12-31,sh.600141,兴发集团
2024-12-30,2024-12-31,sh.600143,金发科技
2024-12-30,2024-12-31,sh.600153,建发股份
2024-12-30,2024-12-31,sh.600155,华创云信
2024-12-30,2024-12-31,sh.600157,永泰能源
2024-12-30,2024-12-31,sh.600166,福田汽车
2024-12-30,2024-12-31,sh.600170,上海建工
2024-12-30,2024-12-31,sh.600177,雅戈尔
2024-12-30,2024-12-31,sh.600208,衢州发展
2024-12-30,2024-12-31,sh.600258,首旅酒店
2024-12-30,2024-12-31,sh.600271,航天信息
2024-12-30,2024-12-31,sh.600282,南钢股份
2024-12-30,2024-12-31,sh.600295,鄂尔多斯
2024-12-30,2024-12-31,sh.600298,安琪酵母
2024-12-30,2024-12-31,sh.600299,安迪苏
2024-12-30,2024-12-31,sh.600312,平高电气
2024-12-30,2024-12-31,sh.600316,洪都航空
2024-12-30,2024-12-31,sh.600325,华发股份
2024-12-30,2024-12-31,sh.600329,达仁堂
2024-12-30,2024-12-31,sh.600339,中油工程
2024-12-30,2024-12-31,sh.600348,华阳股份
2024-12-30,2024-12-31,sh.600350,山东高速
2024-12-30,2024-12-31,sh.600352,浙江龙盛
2024-12-30,2024-12-31,sh.600361,创新新材
2024-12-30,2024-12-31,sh.600369,西南证券
2024-12-30,2024-12-31,sh.600373,中文传媒
2024-12-30,2024-12-31,sh.600378,昊华科技
2024-12-30,2024-12-31,sh.600380,健康元
2024-12-30,2024-12-31,sh.600390,五矿资本
2024-12-30,2024-12-31,sh.600392,盛和资源
2024-12-30,2024-12-31,sh.600398,海澜之家
2024-12-30,2024-12-31,sh.600416,湘电股份
2024-12-30,2024-12-31,sh.600418,江淮汽车
2024-12-30,2024-12-31,sh.600435,北方导航
2024-12-30,2024-12-31,sh.600483,福能股份
2024-12-30,2024-12-31,sh.600486,扬农化工
2024-12-30,2024-12-31,sh.600487,亨通光电
2024-12-30,2024-12-31,sh.600497,驰宏锌锗
2024-12-30,2024-12-31,sh.600498,烽火通信
2024-12-30,2024-12-31,sh.600499,科达制造
2024-12-30,2024-12-31,sh.600500,中化国际
2024-12-30,2024-12-31,sh.600511,国药股份
2024-12-30,2024-12-31,sh.600516,方大炭素
2024-12-30,2024-12-31,sh.600517,国网英大
2024-12-30,2024-12-31,sh.600521,华海药业
2024-12-30,2024-12-31,sh.600528,中铁工业
2024-12-30,2024-12-31,sh.600529,山东药玻
2024-12-30,2024-12-31,sh.600535,天士力
2024-12-30,2024-12-31,sh.600536,中国软件
2024-12-30,2024-12-31,sh.600546,山煤国际
2024-12-30,2024-12-31,sh.600549,厦门钨业
2024-12-30,2024-12-31,sh.600563,法拉电子
2024-12-30,2024-12-31,sh.600566,济川药业
2024-12-30,2024-12-31,sh.600578,京能电力
2024-12-30,2024-12-31,sh.600580,卧龙电驱
2024-12-30,2024-12-31,sh.600582,天地科技
2024-12-30,2024-12-31,sh.600583,海油工程
2024-12-30,2024-12-31,sh.600598,北大荒
2024-12-30,2024-12-31,sh.600606,绿地控股
2024-12-30,2024-12-31,sh.600612,老凤祥
2024-12-30,2024-12-31,sh.600637,东方明珠
2024-12-30,2024-12-31,sh.600642,申能股份
2024-12-30,2024-12-31,sh.600655,豫园股份
2024-12-30,2024-12-31,sh.600663,陆家嘴
2024-12-30,2024-12-31,sh.600673,东阳光
2024-12-30,2024-12-31,sh.600685,中船防务
2024-12-30,2024-12-31,sh.600688,上海石化
2024-12-30,2024-12-31,sh.600699,均胜电子
2024-12-30,2024-12-31,sh.600704,物产中大
2024-12-30,2024-12-31,sh.600707,彩虹股份
2024-12-30,2024-12-31,sh.600720,中交设计
2024-12-30,2024-12-31,sh.600737,中粮糖业
2024-12-30,2024-12-31,sh.600739,辽宁成大
2024-12-30,2024-12-31,sh.600754,锦江酒店
2024-12-30,2024-12-31,sh.600755,厦门国贸
2024-12-30,2024-12-31,sh.600763,通策医疗
2024-12-30,2024-12-31,sh.600764,中国海防
2024-12-30,2024-12-31,sh.600765,中航重机
2024-12-30,2024-12-31,sh.600801,华新水泥
2024-12-30,2024-12-31,sh.600808,马钢股份
2024-12-30,2024-12-31,sh.600816,建元信托
2024-12-30,2024-12-31,sh.600820,隧道股份
2024-12-30,2024-12-31,sh.600839,四川长虹
2024-12-30,2024-12-31,sh.600848,上海临港
2024-12-30,2024-12-31,sh.600859,王府井
2024-12-30,2024-12-31,sh.600862,中航高科
2024-12-30,2024-12-31,sh.600863,内蒙华电
2024-12-30,2024-12-31,sh.600867,通化东宝
2024-12-30,2024-12-31,sh.600871,石化油服
2024-12-30,2024-12-31,sh.600872,中炬高新
2024-12-30,2024-12-31,sh.600873,梅花生物
2024-12-30,2024-12-31,sh.600879,航天电子
2024-12-30,2024-12-31,sh.600884,杉杉股份
2024-12-30,2024-12-31,sh.600885,宏发股份
2024-12-30,2024-12-31,sh.600895,张江高科
2024-12-30,2024-12-31,sh.600901,江苏金租
2024-12-30,2024-12-31,sh.600906,财达证券
2024-12-30,2024-12-31,sh.600909,华安证券
2024-12-30,2024-12-31,sh.600925,苏能股份
2024-12-30,2024-12-31,sh.600927,永安期货
2024-12-30,2024-12-31,sh.600928,西安银行
2024-12-30,2024-12-31,sh.600956,新天绿能
2024-12-30,2024-12-31,sh.600959,江苏有线
2024-12-30,2024-12-31,sh.600968,海油发展
2024-12-30,2024-12-31,sh.600970,中材国际
2024-12-30,2024-12-31,sh.600977,中国电影
2024-12-30,2024-12-31,sh.600988,赤峰黄金
2024-12-30,2024-12-31,sh.600995,南网储能
2024-12-30,2024-12-31,sh.600998,九州通
2024-12-30,2024-12-31,sh.601000,唐山港
2024-12-30,2024-12-31,sh.601001,晋控煤业
2024-12-30,2024-12-31,sh.601016,节能风电
2024-12-30,2024-12-31,sh.601019,山东出版
2024-12-30,2024-12-31,sh.601061,中信金属
2024-12-30,2024-12-31,sh.601098,中南传媒
2024-12-30,2024-12-31,sh.601099,太平洋
2024-12-30,2024-12-31,sh.601106,中国一重
2024-12-30,2024-12-31,sh.601108,财通证券
2024-12-30,2024-12-31,sh.601118,海南橡胶
2024-12-30,2024-12-31,sh.601128,常熟银行
2024-12-30,2024-12-31,sh.601139,深圳燃气
2024-12-30,2024-12-31,sh.601155,新城控股
2024-12-30,2024-12-31,sh.601156,东航物流
2024-12-30,2024-12-31,sh.601158,重庆水务
2024-12-30,2024-12-31,sh.601162,天风证券
2024-12-30,2024-12-31,sh.601168,西部矿业
2024-12-30,2024-12-31,sh.601179,中国西电
2024-12-30,2024-12-31,sh.601198,东兴证券
2024-12-30,2024-12-31,sh.601212,白银有色
2024-12-30,2024-12-31,sh.601216,君正集团
2024-12-30,2024-12-31,sh.601228,广州港
2024-12-30,2024-12-31,sh.601231,环旭电子
2024-12-30,2024-12-31,sh.601233,桐昆股份
2024-12-30,2024-12-31,sh.601399,国机重装
2024-12-30,2024-12-31,sh.601456,国联证券
2024-12-30,2024-12-31,sh.601555,东吴证券
2024-12-30,2024-12-31,sh.601567,三星医疗
2024-12-30,2024-12-31,sh.601568,北元集团
2024-12-30,2024-12-31,sh.601577,长沙银行
2024-12-30,2024-12-31,sh.601598,中国外运
2024-12-30,2024-12-31,sh.601608,中信重工
2024-12-30,2024-12-31,sh.601611,中国核建
2024-12-30,2024-12-31,sh.601615,明阳智能
2024-12-30,2024-12-31,sh.601636,旗滨集团
2024-12-30,2024-12-31,sh.601665,齐鲁银行
2024-12-30,2024-12-31,sh.601666,平煤股份
2024-12-30,2024-12-31,sh.601696,中银证券
2024-12-30,2024-12-31,sh.601717,郑煤机
2024-12-30,2024-12-31,sh.601858,中国科传
2024-12-30,2024-12-31,sh.601866,中远海发
2024-12-30,2024-12-31,sh.601880,辽港股份
2024-12-30,2024-12-31,sh.601918,新集能源
2024-12-30,2024-12-31,sh.601928,凤凰传媒
2024-12-30,2024-12-31,sh.601933,永辉超市
2024-12-30,2024-12-31,sh.601958,金钼股份
2024-12-30,2024-12-31,sh.601965,中国汽研
2024-12-30,2024-12-31,sh.601966,玲珑轮胎
2024-12-30,2024-12-31,sh.601990,南京证券
2024-12-30,2024-12-31,sh.601991,大唐发电
2024-12-30,2024-12-31,sh.601992,金隅集团
2024-12-30,2024-12-31,sh.601997,贵阳银行
2024-12-30,2024-12-31,sh.603000,人民网
2024-12-30,2024-12-31,sh.603056,德邦股份
2024-12-30,2024-12-31,sh.603077,和邦生物
2024-12-30,2024-12-31,sh.603087,甘李药业
2024-12-30,2024-12-31,sh.603129,春风动力
2024-12-30,2024-12-31,sh.603156,养元饮品
2024-12-30,2024-12-31,sh.603160,汇顶科技
2024-12-30,2024-12-31,sh.603179,新泉股份
2024-12-30,2024-12-31,sh.603185,弘元绿能
2024-12-30,2024-12-31,sh.603225,新凤鸣
2024-12-30,2024-12-31,sh.603228,景旺电子
2024-12-30,2024-12-31,sh.603233,大参林
2024-12-30,2024-12-31,sh.603290,斯达半导
2024-12-30,2024-12-31,sh.603298,杭叉集团
2024-12-30,2024-12-31,sh.603338,浙江鼎力
2024-12-30,2024-12-31,sh.603341,龙旗科技
2024-12-30,2024-12-31,sh.603345,安井食品
2024-12-30,2024-12-31,sh.603379,三美股份
2024-12-30,2024-12-31,sh.603444,吉比特
2024-12-30,2024-12-31,sh.603456,九洲药业
2024-12-30,2024-12-31,sh.603486,科沃斯
2024-12-30,2024-12-31,sh.603529,爱玛科技
2024-12-30,2024-12-31,sh.603556,海兴电力
2024-12-30,2024-12-31,sh.603568,伟明环保
2024-12-30,2024-12-31,sh.603589,口子窖
2024-12-30,2024-12-31,sh.603596,伯特利
2024-12-30,2024-12-31,sh.603605,珀莱雅
2024-12-30,2024-12-31,sh.603606,东方电缆
2024-12-30,2024-12-31,sh.603650,彤程新材
2024-12-30,2024-12-31,sh.603658,安图生物
2024-12-30,2024-12-31,sh.603688,石英股份
2024-12-30,2024-12-31,sh.603707,健友股份
2024-12-30,2024-12-31,sh.603712,七一二
2024-12-30,2024-12-31,sh.603728,鸣志电器
2024-12-30,2024-12-31,sh.603737,三棵树
2024-12-30,2024-12-31,sh.603786,科博达
2024-12-30,2024-12-31,sh.603816,顾家家居
2024-12-30,2024-12-31,sh.603826,坤彩科技
2024-12-30,2024-12-31,sh.603858,步长制药
2024-12-30,2024-12-31,sh.603868,飞科电器
2024-12-30,2024-12-31,sh.603882,金域医学
2024-12-30,2024-12-31,sh.603883,老百姓
2024-12-30,2024-12-31,sh.603885,吉祥航空
2024-12-30,2024-12-31,sh.603893,瑞芯微
2024-12-30,2024-12-31,sh.603899,晨光股份
2024-12-30,2024-12-31,sh.603927,中科软
2024-12-30,2024-12-31,sh.603939,益丰药房
2024-12-30,2024-12-31,sh.603979,金诚信
2024-12-30,2024-12-31,sh.605358,立昂微
2024-12-30,2024-12-31,sh.688002,睿创微纳
2024-12-30,2024-12-31,sh.688005,容百科技
2024-12-30,2024-12-31,sh.688017,绿的谐波
2024-12-30,2024-12-31,sh.688032,禾迈股份
2024-12-30,2024-12-31,sh.688047,龙芯中科
2024-12-30,2024-12-31,sh.688052,纳芯微
2024-12-30,2024-12-31,sh.688065,凯赛生物
2024-12-30,2024-12-31,sh.688072,拓荆科技
2024-12-30,2024-12-31,sh.688099,晶晨股份
2024-12-30,2024-12-31,sh.688114,华大智造
2024-12-30,2024-12-31,sh.688120,华海清科
2024-12-30,2024-12-31,sh.688122,西部超导
2024-12-30,2024-12-31,sh.688153,唯捷创芯
2024-12-30,2024-12-31,sh.688172,燕东微
2024-12-30,2024-12-31,sh.688180,君实生物
2024-12-30,2024-12-31,sh.688188,柏楚电子
2024-12-30,2024-12-31,sh.688213,思特威
2024-12-30,2024-12-31,sh.688220,翱捷科技
2024-12-30,2024-12-31,sh.688234,天岳先进
2024-12-30,2024-12-31,sh.688248,南网科技
2024-12-30,2024-12-31,sh.688249,晶合集成
2024-12-30,2024-12-31,sh.688276,百克生物
2024-12-30,2024-12-31,sh.688278,特宝生物
2024-12-30,2024-12-31,sh.688281,华秦科技
2024-12-30,2024-12-31,sh.688295,中复神鹰
2024-12-30,2024-12-31,sh.688297,中无人机
2024-12-30,2024-12-31,sh.688301,奕瑞科技
2024-12-30,2024-12-31,sh.688331,荣昌生物
2024-12-30,2024-12-31,sh.688349,三一重能
2024-12-30,2024-12-31,sh.688361,中科飞测
2024-12-30,2024-12-31,sh.688363,华熙生物
2024-12-30,2024-12-31,sh.688375,国博电子
2024-12-30,2024-12-31,sh.688385,复旦微电
2024-12-30,2024-12-31,sh.688387,信科移动
2024-12-30,2024-12-31,sh.688390,固德威
2024-12-30,2024-12-31,sh.688425,铁建重工
2024-12-30,2024-12-31,sh.688469,芯联集成
2024-12-30,2024-12-31,sh.688475,萤石网络
2024-12-30,2024-12-31,sh.688516,奥特维
2024-12-30,2024-12-31,sh.688520,神州细胞
2024-12-30,2024-12-31,sh.688521,芯原股份
2024-12-30,2024-12-31,sh.688525,佰维存储
2024-12-30,2024-12-31,sh.688536,思瑞浦
2024-12-30,2024-12-31,sh.688538,和辉光电
2024-12-30,2024-12-31,sh.688561,奇安信
2024-12-30,2024-12-31,sh.688563,航材股份
2024-12-30,2024-12-31,sh.688567,孚能科技
2024-12-30,2024-12-31,sh.688578,艾力斯
2024-12-30,2024-12-31,sh.688617,惠泰医疗
2024-12-30,2024-12-31,sh.688772,珠海冠宇
2024-12-30,2024-12-31,sh.688777,中控技术
2024-12-30,2024-12-31,sh.688778,厦钨新能
2024-12-30,2024-12-31,sh.688819,天能股份
2024-12-30,2024-12-31,sh.689009,九号公司
2024-12-30,2024-12-31,sz.000009,中国宝安
2024-12-30,2024-12-31,sz.000021,深科技
2024-12-30,2024-12-31,sz.000027,深圳能源
2024-12-30,2024-12-31,sz.000032,深桑达A
2024-12-30,2024-12-31,sz.000034,神州数码
2024-12-30,2024-12-31,sz.000039,中集集团
2024-12-30,2024-12-31,sz.000050,深天马A
2024-12-30,2024-12-31,sz.000060,中金岭南
2024-12-30,2024-12-31,sz.000066,中国长城
2024-12-30,2024-12-31,sz.000155,川能动力
2024-12-30,2024-12-31,sz.000400,许继电气
2024-12-30,2024-12-31,sz.000401,冀东水泥
2024-12-30,2024-12-31,sz.000403,派林生物
2024-12-30,2024-12-31,sz.000423,东阿阿胶
2024-12-30,2024-12-31,sz.000426,兴业银锡
2024-12-30,2024-12-31,sz.000513,丽珠集团
2024-12-30,2024-12-31,sz.000519,中兵红箭
2024-12-30,2024-12-31,sz.000537,中绿电
2024-12-30,2024-12-31,sz.000539,粤电力A
2024-12-30,2024-12-31,sz.000559,万向钱潮
2024-12-30,2024-12-31,sz.000563,陕国投A
2024-12-30,2024-12-31,sz.000591,太阳能
2024-12-30,2024-12-31,sz.000598,兴蓉环境
2024-12-30,2024-12-31,sz.000623,吉林敖东
2024-12-30,2024-12-31,sz.000629,钒钛股份
2024-12-30,2024-12-31,sz.000636,风华高科
2024-12-30,2024-12-31,sz.000683,远兴能源
2024-12-30,2024-12-31,sz.000703,恒逸石化
2024-12-30,2024-12-31,sz.000709,河钢股份
2024-12-30,2024-12-31,sz.000723,美锦能源
2024-12-30,2024-12-31,sz.000728,国元证券
2024-12-30,2024-12-31,sz.000729,燕京啤酒
2024-12-30,2024-12-31,sz.000733,振华科技
2024-12-30,2024-12-31,sz.000738,航发控制
2024-12-30,2024-12-31,sz.000739,普洛药业
2024-12-30,2024-12-31,sz.000750,国海证券
2024-12-30,2024-12-31,sz.000778,新兴铸管
2024-12-30,2024-12-31,sz.000783,长江证券
2024-12-30,2024-12-31,sz.000785,居然智家
2024-12-30,2024-12-31,sz.000818,航锦科技
2024-12-30,2024-12-31,sz.000825,太钢不锈
2024-12-30,2024-12-31,sz.000830,鲁西化工
2024-12-30,2024-12-31,sz.000831,中国稀土
2024-12-30,2024-12-31,sz.000878,云南铜业
2024-12-30,2024-12-31,sz.000883,湖北能源
2024-12-30,2024-12-31,sz.000887,中鼎股份
2024-12-30,2024-12-31,sz.000893,亚钾国际
2024-12-30,2024-12-31,sz.000898,鞍钢股份
2024-12-30,2024-12-31,sz.000921,海信家电
2024-12-30,2024-12-31,sz.000932,华菱钢铁
2024-12-30,2024-12-31,sz.000937,冀中能源
2024-12-30,2024-12-31,sz.000958,电投产融
2024-12-30,2024-12-31,sz.000959,首钢股份
2024-12-30,2024-12-31,sz.000960,锡业股份
2024-12-30,2024-12-31,sz.000967,盈峰环境
2024-12-30,2024-12-31,sz.000987,越秀资本
2024-12-30,2024-12-31,sz.000988,华工科技
2024-12-30,2024-12-31,sz.000997,新大陆
2024-12-30,2024-12-31,sz.000998,隆平高科
2024-12-30,2024-12-31,sz.001203,大中矿业
2024-12-30,2024-12-31,sz.001227,兰州银行
2024-12-30,2024-12-31,sz.001286,陕西能源
2024-12-30,2024-12-31,sz.002008,大族激光
2024-12-30,2024-12-31,sz.002019,亿帆医药
2024-12-30,2024-12-31,sz.002025,航天电器
2024-12-30,2024-12-31,sz.002044,美年健康
2024-12-30,2024-12-31,sz.002056,横店东磁
2024-12-30,2024-12-31,sz.002064,华峰化学
2024-12-30,2024-12-31,sz.002065,东华软件
2024-12-30,2024-12-31,sz.002078,太阳纸业
2024-12-30,2024-12-31,sz.002080,中材科技
2024-12-30,2024-12-31,sz.002085,万丰奥威
2024-12-30,2024-12-31,sz.002120,韵达股份
2024-12-30,2024-12-31,sz.002128,电投能源
2024-12-30,2024-12-31,sz.002138,顺络电子
2024-12-30,2024-12-31,sz.002152,广电运通
2024-12-30,2024-12-31,sz.002153,石基信息
2024-12-30,2024-12-31,sz.002155,湖南黄金
2024-12-30,2024-12-31,sz.002156,通富微电
2024-12-30,2024-12-31,sz.002185,华天科技
2024-12-30,2024-12-31,sz.002195,岩山科技
2024-12-30,2024-12-31,sz.002202,金风科技
2024-12-30,2024-12-31,sz.002203,海亮股份
2024-12-30,2024-12-31,sz.002223,鱼跃医疗
2024-12-30,2024-12-31,sz.002240,盛新锂能
2024-12-30,2024-12-31,sz.002244,滨江集团
2024-12-30,2024-12-31,sz.002261,拓维信息
2024-12-30,2024-12-31,sz.002262,恩华药业
2024-12-30,2024-12-31,sz.002266,浙富控股
2024-12-30,2024-12-31,sz.002268,电科网安
2024-12-30,2024-12-31,sz.002273,水晶光电
2024-12-30,2024-12-31,sz.002281,光迅科技
2024-12-30,2024-12-31,sz.002294,信立泰
2024-12-30,2024-12-31,sz.002299,圣农发展
2024-12-30,2024-12-31,sz.002318,久立特材
2024-12-30,2024-12-31,sz.002340,格林美
2024-12-30,2024-12-31,sz.002353,杰瑞股份
2024-12-30,2024-12-31,sz.002368,太极股份
2024-12-30,2024-12-31,sz.002372,伟星新材
2024-12-30,2024-12-31,sz.002373,千方科技
2024-12-30,2024-12-31,sz.002384,东山精密
2024-12-30,2024-12-31,sz.002385,大北农
2024-12-30,2024-12-31,sz.002407,多氟多
2024-12-30,2024-12-31,sz.002408,齐翔腾达
2024-12-30,2024-12-31,sz.002409,雅克科技
2024-12-30,2024-12-31,sz.002410,广联达
2024-12-30,2024-12-31,sz.002414,高德红外
2024-12-30,2024-12-31,sz.002423,中粮资本
2024-12-30,2024-12-31,sz.002429,兆驰股份
2024-12-30,2024-12-31,sz.002430,杭氧股份
2024-12-30,2024-12-31,sz.002432,九安医疗
2024-12-30,2024-12-31,sz.002436,兴森科技
2024-12-30,2024-12-31,sz.002439,启明星辰
2024-12-30,2024-12-31,sz.002444,巨星科技
2024-12-30,2024-12-31,sz.002465,海格通信
2024-12-30,2024-12-31,sz.002472,双环传动
2024-12-30,2024-12-31,sz.002487,大金重工
2024-12-30,2024-12-31,sz.002500,山西证券
2024-12-30,2024-12-31,sz.002507,涪陵榨菜
2024-12-30,2024-12-31,sz.002508,老板电器
2024-12-30,2024-12-31,sz.002517,恺英网络
2024-12-30,2024-12-31,sz.002531,天顺风能
2024-12-30,2024-12-31,sz.002532,天山铝业
2024-12-30,2024-12-31,sz.002557,洽洽食品
2024-12-30,2024-12-31,sz.002558,巨人网络
2024-12-30,2024-12-31,sz.002563,森马服饰
2024-12-30,2024-12-31,sz.002568,百润股份
2024-12-30,2024-12-31,sz.002572,索菲亚
2024-12-30,2024-12-31,sz.002595,豪迈科技
2024-12-30,2024-12-31,sz.002603,以岭药业
2024-12-30,2024-12-31,sz.002607,中公教育
2024-12-30,2024-12-31,sz.002608,江苏国信
2024-12-30,2024-12-31,sz.002624,完美世界
2024-12-30,2024-12-31,sz.002625,光启技术
2024-12-30,2024-12-31,sz.002653,海思科
2024-12-30,2024-12-31,sz.002670,国盛金控
2024-12-30,2024-12-31,sz.002673,西部证券
2024-12-30,2024-12-31,sz.002683,广东宏大
2024-12-30,2024-12-31,sz.002690,美亚光电
2024-12-30,2024-12-31,sz.002738,中矿资源
2024-12-30,2024-12-31,sz.002739,万达电影
2024-12-30,2024-12-31,sz.002756,永兴材料
2024-12-30,2024-12-31,sz.002797,第一创业
2024-12-30,2024-12-31,sz.002821,凯莱英
2024-12-30,2024-12-31,sz.002831,裕同科技
2024-12-30,2024-12-31,sz.002841,视源股份
2024-12-30,2024-12-31,sz.002850,科达利
2024-12-30,2024-12-31,sz.002867,周大生
2024-12-30,2024-12-31,sz.002926,华西证券
2024-12-30,2024-12-31,sz.002939,长城证券
2024-12-30,2024-12-31,sz.002945,华林证券
2024-12-30,2024-12-31,sz.002958,青农商行
2024-12-30,2024-12-31,sz.002966,苏州银行
2024-12-30,2024-12-31,sz.002984,森麒麟
2024-12-30,2024-12-31,sz.003022,联泓新科
2024-12-30,2024-12-31,sz.003031,中瓷电子
2024-12-30,2024-12-31,sz.003035,南网能源
2024-12-30,2024-12-31,sz.300001,特锐德
2024-12-30,2024-12-31,sz.300002,神州泰岳
2024-12-30,2024-12-31,sz.300003,乐普医疗
2024-12-30,2024-12-31,sz.300009,安科生物
2024-12-30,2024-12-31,sz.300012,华测检测
2024-12-30,2024-12-31,sz.300017,网宿科技
2024-12-30,2024-12-31,sz.300024,机器人
2024-12-30,2024-12-31,sz.300037,新宙邦
2024-12-30,2024-12-31,sz.300054,鼎龙股份
2024-12-30,2024-12-31,sz.300058,蓝色光标
2024-12-30,2024-12-31,sz.300070,碧水源
2024-12-30,2024-12-31,sz.300073,当升科技
2024-12-30,2024-12-31,sz.300114,中航电测
2024-12-30,2024-12-31,sz.300118,东方日升
2024-12-30,2024-12-31,sz.300136,信维通信
2024-12-30,2024-12-31,sz.300140,节能环境
2024-12-30,2024-12-31,sz.300142,沃森生物
2024-12-30,2024-12-31,sz.300144,宋城演艺
2024-12-30,2024-12-31,sz.300146,汤臣倍健
2024-12-30,2024-12-31,sz.300207,欣旺达
2024-12-30,2024-12-31,sz.300212,易华录
2024-12-30,2024-12-31,sz.300223,北京君正
2024-12-30,2024-12-31,sz.300251,光线传媒
2024-12-30,2024-12-31,sz.300285,国瓷材料
2024-12-30,2024-12-31,sz.300339,润和软件
2024-12-30,2024-12-31,sz.300373,扬杰科技
2024-12-30,2024-12-31,sz.300383,光环新网
2024-12-30,2024-12-31,sz.300390,天华新能
2024-12-30,2024-12-31,sz.300395,菲利华
2024-12-30,2024-12-31,sz.300474,景嘉微
2024-12-30,2024-12-31,sz.300476,胜宏科技
2024-12-30,2024-12-31,sz.300487,蓝晓科技
2024-12-30,2024-12-31,sz.300496,中科创达
2024-12-30,2024-12-31,sz.300529,健帆生物
2024-12-30,2024-12-31,sz.300558,贝达药业
2024-12-30,2024-12-31,sz.300567,精测电子
2024-12-30,2024-12-31,sz.300573,兴齐眼药
2024-12-30,2024-12-31,sz.300595,欧普康视
2024-12-30,2024-12-31,sz.300601,康泰生物
2024-12-30,2024-12-31,sz.300604,长川科技
2024-12-30,2024-12-31,sz.300676,华大基因
2024-12-30,2024-12-31,sz.300677,英科医疗
2024-12-30,2024-12-31,sz.300699,光威复材
2024-12-30,2024-12-31,sz.300724,捷佳伟创
2024-12-30,2024-12-31,sz.300748,金力永磁
2024-12-30,2024-12-31,sz.300751,迈为股份
2024-12-30,2024-12-31,sz.300763,锦浪科技
2024-12-30,2024-12-31,sz.300765,新诺威
2024-12-30,2024-12-31,sz.300803,指南针
2024-12-30,2024-12-31,sz.300866,安克创新
2024-12-30,2024-12-31,sz.300888,稳健医疗
2024-12-30,2024-12-31,sz.300919,中伟股份
2024-12-30,2024-12-31,sz.300957,贝泰妮
2024-12-30,2024-12-31,sz.301165,锐捷网络
2024-12-30,2024-12-31,sz.301236,软通动力
2024-12-30,2024-12-31,sz.301267,华厦眼科
2024-12-30,2024-12-31,sz.301301,川宁生物
2024-12-30,2024-12-31,sz.301308,江波龙
2024-12-30,2024-12-31,sz.301358,湖南裕能
2024-12-30,2024-12-31,sz.301498,乖宝宠物
2025-06-30,2025-06-30,sh.600004,白云机场
2025-06-30,2025-06-30,sh.600007,中国国贸
2025-06-30,2025-06-30,sh.600008,首创环保
2025-06-30,2025-06-30,sh.600021,上海电力
2025-06-30,2025-06-30,sh.600032,浙江新能
2025-06-30,2025-06-30,sh.600038,中直股份
2025-06-30,2025-06-30,sh.600056,中国医药
2025-06-30,2025-06-30,sh.600060,海信视像
2025-06-30,2025-06-30,sh.600062,华润双鹤
2025-06-30,2025-06-30,sh.600079,人福医药
2025-06-30,2025-06-30,sh.600095,湘财股份
2025-06-30,2025-06-30,sh.600096,云天化
2025-06-30,2025-06-30,sh.600098,广州发展
2025-06-30,2025-06-30,sh.600109,国金证券
2025-06-30,2025-06-30,sh.600118,中国卫星
2025-06-30,2025-06-30,sh.600126,杭钢股份
2025-06-30,2025-06-30,sh.600131,国网信通
2025-06-30,2025-06-30,sh.600132,重庆啤酒
2025-06-30,2025-06-30,sh.600141,兴发集团
2025-06-30,2025-06-30,sh.600143,金发科技
2025-06-30,2025-06-30,sh.600153,建发股份
2025-06-30,2025-06-30,sh.600155,华创云信
2025-06-30,2025-06-30,sh.600157,永泰能源
2025-06-30,2025-06-30,sh.600166,福田汽车
2025-06-30,2025-06-30,sh.600170,上海建工
2025-06-30,2025-06-30,sh.600171,上海贝岭
2025-06-30,2025-06-30,sh.600177,雅戈尔
2025-06-30,2025-06-30,sh.600208,衢州发展
2025-06-30,2025-06-30,sh.600258,首旅酒店
2025-06-30,2025-06-30,sh.600271,航天信息
2025-06-30,2025-06-30,sh.600282,南钢股份
2025-06-30,2025-06-30,sh.600295,鄂尔多斯
2025-06-30,2025-06-30,sh.600298,安琪酵母
2025-06-30,2025-06-30,sh.600299,安迪苏
2025-06-30,2025-06-30,sh.600312,平高电气
2025-06-30,2025-06-30,sh.600316,洪都航空
2025-06-30,2025-06-30,sh.600325,华发股份
2025-06-30,2025-06-30,sh.600329,达仁堂
2025-06-30,2025-06-30,sh.600339,中油工程
2025-06-30,2025-06-30,sh.600348,华阳股份
2025-06-30,2025-06-30,sh.600352,浙江龙盛
2025-06-30,2025-06-30,sh.600361,创新新材
2025-06-30,2025-06-30,sh.600363,联创光电
2025-06-30,2025-06-30,sh.600369,西南证券
2025-06-30,2025-06-30,sh.600373,中文传媒
2025-06-30,2025-06-30,sh.600378,昊华科技
2025-06-30,2025-06-30,sh.600380,健康元
2025-06-30,2025-06-30,sh.600390,五矿资本
2025-06-30,2025-06-30,sh.600392,盛和资源
2025-06-30,2025-06-30,sh.600398,海澜之家
2025-06-30,2025-06-30,sh.600435,北方导航
2025-06-30,2025-06-30,sh.600483,福能股份
2025-06-30,2025-06-30,sh.600486,扬农化工
2025-06-30,2025-06-30,sh.600487,亨通光电
2025-06-30,2025-06-30,sh.600497,驰宏锌锗
2025-06-30,2025-06-30,sh.600498,烽火通信
2025-06-30,2025-06-30,sh.600499,科达制造
2025-06-30,2025-06-30,sh.600511,国药股份
2025-06-30,2025-06-30,sh.600516,方大炭素
2025-06-30,2025-06-30,sh.600517,国网英大
2025-06-30,2025-06-30,sh.600521,华海药业
2025-06-30,2025-06-30,sh.600528,中铁工业
2025-06-30,2025-06-30,sh.600529,山东药玻
2025-06-30,2025-06-30,sh.600535,天士力
2025-06-30,2025-06-30,sh.600536,中国软件
2025-06-30,2025-06-30,sh.600546,山煤国际
2025-06-30,2025-06-30,sh.600549,厦门钨业
2025-06-30,2025-06-30,sh.600562,国睿科技
2025-06-30,2025-06-30,sh.600563,法拉电子
2025-06-30,2025-06-30,sh.600566,济川药业
2025-06-30,2025-06-30,sh.600578,京能电力
2025-06-30,2025-06-30,sh.600580,卧龙电驱
2025-06-30,2025-06-30,sh.600582,天地科技
2025-06-30,2025-06-30,sh.600583,海油工程
2025-06-30,2025-06-30,sh.600598,北大荒
2025-06-30,2025-06-30,sh.600606,绿地控股
2025-06-30,2025-06-30,sh.600612,老凤祥
2025-06-30,2025-06-30,sh.600637,东方明珠
2025-06-30,2025-06-30,sh.600655,豫园股份
2025-06-30,2025-06-30,sh.600663,陆家嘴
2025-06-30,2025-06-30,sh.600673,东阳光
2025-06-30,2025-06-30,sh.600685,中船防务
2025-06-30,2025-06-30,sh.600688,上海石化
2025-06-30,2025-06-30,sh.600699,均胜电子
2025-06-30,2025-06-30,sh.600704,物产中大
2025-06-30,2025-06-30,sh.600707,彩虹股份
2025-06-30,2025-06-30,sh.600720,中交设计
2025-06-30,2025-06-30,sh.600737,中粮糖业
2025-06-30,2025-06-30,sh.600739,辽宁成大
2025-06-30,2025-06-30,sh.600754,锦江酒店
2025-06-30,2025-06-30,sh.600763,通策医疗
2025-06-30,2025-06-30,sh.600764,中国海防
2025-06-30,2025-06-30,sh.600765,中航重机
2025-06-30,2025-06-30,sh.600801,华新水泥
2025-06-30,2025-06-30,sh.600808,马钢股份
2025-06-30,2025-06-30,sh.600816,建元信托
2025-06-30,2025-06-30,sh.600820,隧道股份
2025-06-30,2025-06-30,sh.600839,四川长虹
2025-06-30,2025-06-30,sh.600848,上海临港
2025-06-30,2025-06-30,sh.600859,王府井
2025-06-30,2025-06-30,sh.600862,中航高科
2025-06-30,2025-06-30,sh.600863,内蒙华电
2025-06-30,2025-06-30,sh.600867,通化东宝
2025-06-30,2025-06-30,sh.600871,石化油服
2025-06-30,2025-06-30,sh.600872,中炬高新
2025-06-30,2025-06-30,sh.600873,梅花生物
2025-06-30,2025-06-30,sh.600879,航天电子
2025-06-30,2025-06-30,sh.600884,杉杉股份
2025-06-30,2025-06-30,sh.600885,宏发股份
2025-06-30,2025-06-30,sh.600895,张江高科
2025-06-30,2025-06-30,sh.600901,江苏金租
2025-06-30,2025-06-30,sh.600906,财达证券
2025-06-30,2025-06-30,sh.600909,华安证券
2025-06-30,2025-06-30,sh.600925,苏能股份
2025-06-30,2025-06-30,sh.600927,永安期货
2025-06-30,2025-06-30,sh.600928,西安银行
2025-06-30,2025-06-30,sh.600956,新天绿能
2025-06-30,2025-06-30,sh.600959,江苏有线
2025-06-30,2025-06-30,sh.600968,海油发展
2025-06-30,2025-06-30,sh.600970,中材国际
2025-06-30,2025-06-30,sh.600977,中国电影
2025-06-30,2025-06-30,sh.600985,淮北矿业
2025-06-30,2025-06-30,sh.600988,赤峰黄金
2025-06-30,2025-06-30,sh.600995,南网储能
2025-06-30,2025-06-30,sh.600998,九州通
2025-06-30,2025-06-30,sh.601000,唐山港
2025-06-30,2025-06-30,sh.601001,晋控煤业
2025-06-30,2025-06-30,sh.601016,节能风电
2025-06-30,2025-06-30,sh.601019,山东出版
2025-06-30,2025-06-30,sh.601061,中信金属
2025-06-30,2025-06-30,sh.601098,中南传媒
2025-06-30,2025-06-30,sh.601099,太平洋
2025-06-30,2025-06-30,sh.601106,中国一重
2025-06-30,2025-06-30,sh.601108,财通证券
2025-06-30,2025-06-30,sh.601118,海南橡胶
2025-06-30,2025-06-30,sh.601128,常熟银行
2025-06-30,2025-06-30,sh.601139,深圳燃气
2025-06-30,2025-06-30,sh.601155,新城控股
2025-06-30,2025-06-30,sh.601156,东航物流
2025-06-30,2025-06-30,sh.601158,重庆水务
2025-06-30,2025-06-30,sh.601162,天风证券
2025-06-30,2025-06-30,sh.601168,西部矿业
2025-06-30,2025-06-30,sh.601179,中国西电
2025-06-30,2025-06-30,sh.601198,东兴证券
2025-06-30,2025-06-30,sh.601212,白银有色
2025-06-30,2025-06-30,sh.601216,君正集团
2025-06-30,2025-06-30,sh.601228,广州港
2025-06-30,2025-06-30,sh.601231,环旭电子
2025-06-30,2025-06-30,sh.601233,桐昆股份
2025-06-30,2025-06-30,sh.601333,广深铁路
2025-06-30,2025-06-30,sh.601399,国机重装
2025-06-30,2025-06-30,sh.601456,国联民生
2025-06-30,2025-06-30,sh.601555,东吴证券
2025-06-30,2025-06-30,sh.601568,北元集团
2025-06-30,2025-06-30,sh.601577,长沙银行
2025-06-30,2025-06-30,sh.601598,中国外运
2025-06-30,2025-06-30,sh.601608,中信重工
2025-06-30,2025-06-30,sh.601611,中国核建
2025-06-30,2025-06-30,sh.601615,明阳智能
2025-06-30,2025-06-30,sh.601636,旗滨集团
2025-06-30,2025-06-30,sh.601665,齐鲁银行
2025-06-30,2025-06-30,sh.601666,平煤股份
2025-06-30,2025-06-30,sh.601696,中银证券
2025-06-30,2025-06-30,sh.601717,郑煤机
2025-06-30,2025-06-30,sh.601858,中国科传
2025-06-30,2025-06-30,sh.601866,中远海发
2025-06-30,2025-06-30,sh.601880,辽港股份
2025-06-30,2025-06-30,sh.601918,新集能源
2025-06-30,2025-06-30,sh.601921,浙版传媒
2025-06-30,2025-06-30,sh.601928,凤凰传媒
2025-06-30,2025-06-30,sh.601933,永辉超市
2025-06-30,2025-06-30,sh.601958,金钼股份
2025-06-30,2025-06-30,sh.601965,中国汽研
2025-06-30,2025-06-30,sh.601966,玲珑轮胎
2025-06-30,2025-06-30,sh.601990,南京证券
2025-06-30,2025-06-30,sh.601991,大唐发电
2025-06-30,2025-06-30,sh.601997,贵阳银行
2025-06-30,2025-06-30,sh.603000,人民网
2025-06-30,2025-06-30,sh.603077,和邦生物
2025-06-30,2025-06-30,sh.603087,甘李药业
2025-06-30,2025-06-30,sh.603129,春风动力
2025-06-30,2025-06-30,sh.603156,养元饮品
2025-06-30,2025-06-30,sh.603160,汇顶科技
2025-06-30,2025-06-30,sh.603179,新泉股份
2025-06-30,2025-06-30,sh.603225,新凤鸣
2025-06-30,2025-06-30,sh.603228,景旺电子
2025-06-30,2025-06-30,sh.603233,大参林
2025-06-30,2025-06-30,sh.603290,斯达半导
2025-06-30,2025-06-30,sh.603298,杭叉集团
2025-06-30,2025-06-30,sh.603338,浙江鼎力
2025-06-30,2025-06-30,sh.603341,龙旗科技
2025-06-30,2025-06-30,sh.603345,安井食品
2025-06-30,2025-06-30,sh.603379,三美股份
2025-06-30,2025-06-30,sh.603486,科沃斯
2025-06-30,2025-06-30,sh.603529,爱玛科技
2025-06-30,2025-06-30,sh.603556,海兴电力
2025-06-30,2025-06-30,sh.603565,中谷物流
2025-06-30,2025-06-30,sh.603568,伟明环保
2025-06-30,2025-06-30,sh.603589,口子窖
2025-06-30,2025-06-30,sh.603596,伯特利
2025-06-30,2025-06-30,sh.603605,珀莱雅
2025-06-30,2025-06-30,sh.603606,东方电缆
2025-06-30,2025-06-30,sh.603650,彤程新材
2025-06-30,2025-06-30,sh.603658,安图生物
2025-06-30,2025-06-30,sh.603659,璞泰来
2025-06-30,2025-06-30,sh.603688,石英股份
2025-06-30,2025-06-30,sh.603707,健友股份
2025-06-30,2025-06-30,sh.603728,鸣志电器
2025-06-30,2025-06-30,sh.603737,三棵树
2025-06-30,2025-06-30,sh.603786,科博达
2025-06-30,2025-06-30,sh.603816,顾家家居
2025-06-30,2025-06-30,sh.603826,坤彩科技
2025-06-30,2025-06-30,sh.603858,步长制药
2025-06-30,2025-06-30,sh.603868,飞科电器
2025-06-30,2025-06-30,sh.603885,吉祥航空
2025-06-30,2025-06-30,sh.603893,瑞芯微
2025-06-30,2025-06-30,sh.603899,晨光股份
2025-06-30,2025-06-30,sh.603927,中科软
2025-06-30,2025-06-30,sh.603939,益丰药房
2025-06-30,2025-06-30,sh.603979,金诚信
2025-06-30,2025-06-30,sh.605358,立昂微
2025-06-30,2025-06-30,sh.605589,圣泉集团
2025-06-30,2025-06-30,sh.688002,睿创微纳
2025-06-30,2025-06-30,sh.688017,绿的谐波
2025-06-30,2025-06-30,sh.688027,国盾量子
2025-06-30,2025-06-30,sh.688032,禾迈股份
2025-06-30,2025-06-30,sh.688052,纳芯微
2025-06-30,2025-06-30,sh.688065,凯赛生物
2025-06-30,2025-06-30,sh.688072,拓荆科技
2025-06-30,2025-06-30,sh.688099,晶晨股份
2025-06-30,2025-06-30,sh.688100,威胜信息
2025-06-30,2025-06-30,sh.688114,华大智造
2025-06-30,2025-06-30,sh.688120,华海清科
2025-06-30,2025-06-30,sh.688122,西部超导
2025-06-30,2025-06-30,sh.688153,唯捷创芯
2025-06-30,2025-06-30,sh.688172,燕东微
2025-06-30,2025-06-30,sh.688180,君实生物
2025-06-30,2025-06-30,sh.688183,生益电子
2025-06-30,2025-06-30,sh.688188,柏楚电子
2025-06-30,2025-06-30,sh.688213,思特威
2025-06-30,2025-06-30,sh.688220,翱捷科技
2025-06-30,2025-06-30,sh.688234,天岳先进
2025-06-30,2025-06-30,sh.688235,百济神州
2025-06-30,2025-06-30,sh.688248,南网科技
2025-06-30,2025-06-30,sh.688249,晶合集成
2025-06-30,2025-06-30,sh.688278,特宝生物
2025-06-30,2025-06-30,sh.688281,华秦科技
2025-06-30,2025-06-30,sh.688295,中复神鹰
2025-06-30,2025-06-30,sh.688297,中无人机
2025-06-30,2025-06-30,sh.688301,奕瑞科技
2025-06-30,2025-06-30,sh.688318,财富趋势
2025-06-30,2025-06-30,sh.688349,三一重能
2025-06-30,2025-06-30,sh.688361,中科飞测
2025-06-30,2025-06-30,sh.688363,华熙生物
2025-06-30,2025-06-30,sh.688375,国博电子
2025-06-30,2025-06-30,sh.688385,复旦微电
2025-06-30,2025-06-30,sh.688387,信科移动
2025-06-30,2025-06-30,sh.688425,铁建重工
2025-06-30,2025-06-30,sh.688469,芯联集成
2025-06-30,2025-06-30,sh.688475,萤石网络
2025-06-30,2025-06-30,sh.688520,神州细胞
2025-06-30,2025-06-30,sh.688521,芯原股份
2025-06-30,2025-06-30,sh.688525,佰维存储
2025-06-30,2025-06-30,sh.688538,和辉光电
2025-06-30,2025-06-30,sh.688561,奇安信
2025-06-30,2025-06-30,sh.688563,航材股份
2025-06-30,2025-06-30,sh.688568,中科星图
2025-06-30,2025-06-30,sh.688578,艾力斯
2025-06-30,2025-06-30,sh.688582,芯动联科
2025-06-30,2025-06-30,sh.688608,恒玄科技
2025-06-30,2025-06-30,sh.688617,惠泰医疗
2025-06-30,2025-06-30,sh.688676,金盘科技
2025-06-30,2025-06-30,sh.688702,盛科通信
2025-06-30,2025-06-30,sh.688728,格科微
2025-06-30,2025-06-30,sh.688772,珠海冠宇
2025-06-30,2025-06-30,sh.688777,中控技术
2025-06-30,2025-06-30,sh.688778,厦钨新能
2025-06-30,2025-06-30,sh.688819,天能股份
2025-06-30,2025-06-30,sh.689009,九号公司
2025-06-30,2025-06-30,sz.000009,中国宝安
2025-06-30,2025-06-30,sz.000021,深科技
2025-06-30,2025-06-30,sz.000027,深圳能源
2025-06-30,2025-06-30,sz.000032,深桑达A
2025-06-30,2025-06-30,sz.000034,神州数码
2025-06-30,2025-06-30,sz.000039,中集集团
2025-06-30,2025-06-30,sz.000050,深天马A
2025-06-30,2025-06-30,sz.000060,中金岭南
2025-06-30,2025-06-30,sz.000062,深圳华强
2025-06-30,2025-06-30,sz.000066,中国长城
2025-06-30,2025-06-30,sz.000155,川能动力
2025-06-30,2025-06-30,sz.000400,许继电气
2025-06-30,2025-06-30,sz.000403,派林生物
2025-06-30,2025-06-30,sz.000415,渤海租赁
2025-06-30,2025-06-30,sz.000423,东阿阿胶
2025-06-30,2025-06-30,sz.000426,兴业银锡
2025-06-30,2025-06-30,sz.000429,粤高速A
2025-06-30,2025-06-30,sz.000513,丽珠集团
2025-06-30,2025-06-30,sz.000519,中兵红箭
2025-06-30,2025-06-30,sz.000528,柳工
2025-06-30,2025-06-30,sz.000537,中绿电
2025-06-30,2025-06-30,sz.000539,粤电力A
2025-06-30,2025-06-30,sz.000543,皖能电力
2025-06-30,2025-06-30,sz.000559,万向钱潮
2025-06-30,2025-06-30,sz.000563,陕国投A
2025-06-30,2025-06-30,sz.000582,北部湾港
2025-06-30,2025-06-30,sz.000591,太阳能
2025-06-30,2025-06-30,sz.000598,兴蓉环境
2025-06-30,2025-06-30,sz.000623,吉林敖东
2025-06-30,2025-06-30,sz.000629,钒钛股份
2025-06-30,2025-06-30,sz.000636,风华高科
2025-06-30,2025-06-30,sz.000683,博源化工
2025-06-30,2025-06-30,sz.000703,恒逸石化
2025-06-30,2025-06-30,sz.000709,河钢股份
2025-06-30,2025-06-30,sz.000723,美锦能源
2025-06-30,2025-06-30,sz.000728,国元证券
2025-06-30,2025-06-30,sz.000729,燕京啤酒
2025-06-30,2025-06-30,sz.000733,振华科技
2025-06-30,2025-06-30,sz.000738,航发控制
2025-06-30,2025-06-30,sz.000739,普洛药业
2025-06-30,2025-06-30,sz.000750,国海证券
2025-06-30,2025-06-30,sz.000783,长江证券
2025-06-30,2025-06-30,sz.000785,居然智家
2025-06-30,2025-06-30,sz.000825,太钢不锈
2025-06-30,2025-06-30,sz.000830,鲁西化工
2025-06-30,2025-06-30,sz.000831,中国稀土
2025-06-30,2025-06-30,sz.000878,云南铜业
2025-06-30,2025-06-30,sz.000883,湖北能源
2025-06-30,2025-06-30,sz.000887,中鼎股份
2025-06-30,2025-06-30,sz.000893,亚钾国际
2025-06-30,2025-06-30,sz.000898,鞍钢股份
2025-06-30,2025-06-30,sz.000921,海信家电
2025-06-30,2025-06-30,sz.000932,华菱钢铁
2025-06-30,2025-06-30,sz.000933,神火股份
2025-06-30,2025-06-30,sz.000937,冀中能源
2025-06-30,2025-06-30,sz.000951,中国重汽
2025-06-30,2025-06-30,sz.000958,电投产融
2025-06-30,2025-06-30,sz.000959,首钢股份
2025-06-30,2025-06-30,sz.000960,锡业股份
2025-06-30,2025-06-30,sz.000967,盈峰环境
2025-06-30,2025-06-30,sz.000987,越秀资本
2025-06-30,2025-06-30,sz.000988,华工科技
2025-06-30,2025-06-30,sz.000997,新大陆
2025-06-30,2025-06-30,sz.001213,中铁特货
2025-06-30,2025-06-30,sz.001286,陕西能源
2025-06-30,2025-06-30,sz.001389,广合科技
2025-06-30,2025-06-30,sz.001696,宗申动力
2025-06-30,2025-06-30,sz.002007,华兰生物
2025-06-30,2025-06-30,sz.002008,大族激光
2025-06-30,2025-06-30,sz.002025,航天电器
2025-06-30,2025-06-30,sz.002044,美年健康
2025-06-30,2025-06-30,sz.002056,横店东磁
2025-06-30,2025-06-30,sz.002064,华峰化学
2025-06-30,2025-06-30,sz.002065,东华软件
2025-06-30,2025-06-30,sz.002078,太阳纸业
2025-06-30,2025-06-30,sz.002080,中材科技
2025-06-30,2025-06-30,sz.002085,万丰奥威
2025-06-30,2025-06-30,sz.002120,韵达股份
2025-06-30,2025-06-30,sz.002130,沃尔核材
2025-06-30,2025-06-30,sz.002138,顺络电子
2025-06-30,2025-06-30,sz.002152,广电运通
2025-06-30,2025-06-30,sz.002153,石基信息
2025-06-30,2025-06-30,sz.002155,湖南黄金
2025-06-30,2025-06-30,sz.002156,通富微电
2025-06-30,2025-06-30,sz.002185,华天科技
2025-06-30,2025-06-30,sz.002195,岩山科技
2025-06-30,2025-06-30,sz.002202,金风科技
2025-06-30,2025-06-30,sz.002203,海亮股份
2025-06-30,2025-06-30,sz.002223,鱼跃医疗
2025-06-30,2025-06-30,sz.002244,滨江集团
2025-06-30,2025-06-30,sz.002261,拓维信息
2025-06-30,2025-06-30,sz.002262,恩华药业
2025-06-30,2025-06-30,sz.002266,浙富控股
2025-06-30,2025-06-30,sz.002273,水晶光电
2025-06-30,2025-06-30,sz.002281,光迅科技
2025-06-30,2025-06-30,sz.002294,信立泰
2025-06-30,2025-06-30,sz.002299,圣农发展
2025-06-30,2025-06-30,sz.002312,川发龙蟒
2025-06-30,2025-06-30,sz.002318,久立特材
2025-06-30,2025-06-30,sz.002340,格林美
2025-06-30,2025-06-30,sz.002353,杰瑞股份
2025-06-30,2025-06-30,sz.002372,伟星新材
2025-06-30,2025-06-30,sz.002385,大北农
2025-06-30,2025-06-30,sz.002409,雅克科技
2025-06-30,2025-06-30,sz.002410,广联达
2025-06-30,2025-06-30,sz.002414,高德红外
2025-06-30,2025-06-30,sz.002423,中粮资本
2025-06-30,2025-06-30,sz.002429,兆驰股份
2025-06-30,2025-06-30,sz.002430,杭氧股份
2025-06-30,2025-06-30,sz.002432,九安医疗
2025-06-30,2025-06-30,sz.002436,兴森科技
2025-06-30,2025-06-30,sz.002439,启明星辰
2025-06-30,2025-06-30,sz.002444,巨星科技
2025-06-30,2025-06-30,sz.002461,珠江啤酒
2025-06-30,2025-06-30,sz.002465,海格通信
2025-06-30,2025-06-30,sz.002472,双环传动
2025-06-30,2025-06-30,sz.002500,山西证券
2025-06-30,2025-06-30,sz.002507,涪陵榨菜
2025-06-30,2025-06-30,sz.002508,老板电器
2025-06-30,2025-06-30,sz.002517,恺英网络
2025-06-30,2025-06-30,sz.002532,天山铝业
2025-06-30,2025-06-30,sz.002558,巨人网络
2025-06-30,2025-06-30,sz.002563,森马服饰
2025-06-30,2025-06-30,sz.002568,百润股份
2025-06-30,2025-06-30,sz.002572,索菲亚
2025-06-30,2025-06-30,sz.002595,豪迈科技
2025-06-30,2025-06-30,sz.002603,以岭药业
2025-06-30,2025-06-30,sz.002607,中公教育
2025-06-30,2025-06-30,sz.002608,江苏国信
2025-06-30,2025-06-30,sz.002624,完美世界
2025-06-30,2025-06-30,sz.002653,海思科
2025-06-30,2025-06-30,sz.002670,国盛金控
2025-06-30,2025-06-30,sz.002673,西部证券
2025-06-30,2025-06-30,sz.002683,广东宏大
2025-06-30,2025-06-30,sz.002738,中矿资源
2025-06-30,2025-06-30,sz.002739,万达电影
2025-06-30,2025-06-30,sz.002756,永兴材料
2025-06-30,2025-06-30,sz.002773,康弘药业
2025-06-30,2025-06-30,sz.002797,第一创业
2025-06-30,2025-06-30,sz.002821,凯莱英
2025-06-30,2025-06-30,sz.002831,裕同科技
2025-06-30,2025-06-30,sz.002837,英维克
2025-06-30,2025-06-30,sz.002841,视源股份
2025-06-30,2025-06-30,sz.002850,科达利
2025-06-30,2025-06-30,sz.002851,麦格米特
2025-06-30,2025-06-30,sz.002926,华西证券
2025-06-30,2025-06-30,sz.002939,长城证券
2025-06-30,2025-06-30,sz.002945,华林证券
2025-06-30,2025-06-30,sz.002958,青农商行
2025-06-30,2025-06-30,sz.002966,苏州银行
2025-06-30,2025-06-30,sz.002984,森麒麟
2025-06-30,2025-06-30,sz.003022,联泓新科
2025-06-30,2025-06-30,sz.003031,中瓷电子
2025-06-30,2025-06-30,sz.003035,南网能源
2025-06-30,2025-06-30,sz.300001,特锐德
2025-06-30,2025-06-30,sz.300002,神州泰岳
2025-06-30,2025-06-30,sz.300003,乐普医疗
2025-06-30,2025-06-30,sz.300012,华测检测
2025-06-30,2025-06-30,sz.300017,网宿科技
2025-06-30,2025-06-30,sz.300024,机器人
2025-06-30,2025-06-30,sz.300037,新宙邦
2025-06-30,2025-06-30,sz.300054,鼎龙股份
2025-06-30,2025-06-30,sz.300058,蓝色光标
2025-06-30,2025-06-30,sz.300070,碧水源
2025-06-30,2025-06-30,sz.300073,当升科技
2025-06-30,2025-06-30,sz.300115,长盈精密
2025-06-30,2025-06-30,sz.300136,信维通信
2025-06-30,2025-06-30,sz.300140,节能环境
2025-06-30,2025-06-30,sz.300142,沃森生物
2025-06-30,2025-06-30,sz.300144,宋城演艺
2025-06-30,2025-06-30,sz.300146,汤臣倍健
2025-06-30,2025-06-30,sz.300207,欣旺达
2025-06-30,2025-06-30,sz.300212,易华录
2025-06-30,2025-06-30,sz.300223,北京君正
2025-06-30,2025-06-30,sz.300251,光线传媒
2025-06-30,2025-06-30,sz.300285,国瓷材料
2025-06-30,2025-06-30,sz.300339,润和软件
2025-06-30,2025-06-30,sz.300346,南大光电
2025-06-30,2025-06-30,sz.300373,扬杰科技
2025-06-30,2025-06-30,sz.300383,光环新网
2025-06-30,2025-06-30,sz.300390,天华新能
2025-06-30,2025-06-30,sz.300395,菲利华
2025-06-30,2025-06-30,sz.300450,先导智能
2025-06-30,2025-06-30,sz.300454,深信服
2025-06-30,2025-06-30,sz.300458,全志科技
2025-06-30,2025-06-30,sz.300474,景嘉微
2025-06-30,2025-06-30,sz.300476,胜宏科技
2025-06-30,2025-06-30,sz.300487,蓝晓科技
2025-06-30,2025-06-30,sz.300496,中科创达
2025-06-30,2025-06-30,sz.300529,健帆生物
2025-06-30,2025-06-30,sz.300558,贝达药业
2025-06-30,2025-06-30,sz.300567,精测电子
2025-06-30,2025-06-30,sz.300573,兴齐眼药
2025-06-30,2025-06-30,sz.300595,欧普康视
2025-06-30,2025-06-30,sz.300601,康泰生物
2025-06-30,2025-06-30,sz.300604,长川科技
2025-06-30,2025-06-30,sz.300623,捷捷微电
2025-06-30,2025-06-30,sz.300627,华测导航
2025-06-30,2025-06-30,sz.300676,华大基因
2025-06-30,2025-06-30,sz.300677,英科医疗
2025-06-30,2025-06-30,sz.300679,电连技术
2025-06-30,2025-06-30,sz.300699,光威复材
2025-06-30,2025-06-30,sz.300724,捷佳伟创
2025-06-30,2025-06-30,sz.300735,光弘科技
2025-06-30,2025-06-30,sz.300748,金力永磁
2025-06-30,2025-06-30,sz.300751,迈为股份
2025-06-30,2025-06-30,sz.300757,罗博特科
2025-06-30,2025-06-30,sz.300763,锦浪科技
2025-06-30,2025-06-30,sz.300765,新诺威
2025-06-30,2025-06-30,sz.300803,指南针
2025-06-30,2025-06-30,sz.300857,协创数据
2025-06-30,2025-06-30,sz.300888,稳健医疗
2025-06-30,2025-06-30,sz.300919,中伟股份
2025-06-30,2025-06-30,sz.300957,贝泰妮
2025-06-30,2025-06-30,sz.301165,锐捷网络
2025-06-30,2025-06-30,sz.301267,华厦眼科
2025-06-30,2025-06-30,sz.301301,川宁生物
2025-06-30,2025-06-30,sz.301308,江波龙
2025-06-30,2025-06-30,sz.301358,湖南裕能
2025-06-30,2025-06-30,sz.301498,乖宝宠物
2025-06-30,2025-06-30,sz.301536,星宸科技
2025-12-29,2025-12-31,sh.600004,白云机场
2025-12-29,2025-12-31,sh.600007,中国国贸
2025-12-29,2025-12-31,sh.600008,首创环保
2025-12-29,2025-12-31,sh.600021,上海电力
2025-12-29,2025-12-31,sh.600032,浙江新能
2025-12-29,2025-12-31,sh.600038,中直股份
2025-12-29,2025-12-31,sh.600060,海信视像
2025-12-29,2025-12-31,sh.600062,华润双鹤
2025-12-29,2025-12-31,sh.600079,ST人福
2025-12-29,2025-12-31,sh.600095,湘财股份
2025-12-29,2025-12-31,sh.600096,云天化
2025-12-29,2025-12-31,sh.600098,广州发展
2025-12-29,2025-12-31,sh.600109,国金证券
2025-12-29,2025-12-31,sh.600118,中国卫星
2025-12-29,2025-12-31,sh.600126,杭钢股份
2025-12-29,2025-12-31,sh.600131,国网信通
2025-12-29,2025-12-31,sh.600132,重庆啤酒
2025-12-29,2025-12-31,sh.600141,兴发集团
2025-12-29,2025-12-31,sh.600143,金发科技
2025-12-29,2025-12-31,sh.600153,建发股份
2025-12-29,2025-12-31,sh.600157,永泰能源
2025-12-29,2025-12-31,sh.600166,福田汽车
2025-12-29,2025-12-31,sh.600170,上海建工
2025-12-29,2025-12-31,sh.600171,上海贝岭
2025-12-29,2025-12-31,sh.600177,雅戈尔
2025-12-29,2025-12-31,sh.600208,衢州发展
2025-12-29,2025-12-31,sh.600282,南钢股份
2025-12-29,2025-12-31,sh.600295,鄂尔多斯
2025-12-29,2025-12-31,sh.600298,安琪酵母
2025-12-29,2025-12-31,sh.600299,安迪苏
2025-12-29,2025-12-31,sh.600312,平高电气
2025-12-29,2025-12-31,sh.600316,洪都航空
2025-12-29,2025-12-31,sh.600329,达仁堂
2025-12-29,2025-12-31,sh.600332,白云山
2025-12-29,2025-12-31,sh.600339,中油工程
2025-12-29,2025-12-31,sh.600348,华阳股份
2025-12-29,2025-12-31,sh.600352,浙江龙盛
2025-12-29,2025-12-31,sh.600363,联创光电
2025-12-29,2025-12-31,sh.600369,西南证券
2025-12-29,2025-12-31,sh.600378,昊华科技
2025-12-29,2025-12-31,sh.600380,健康元
2025-12-29,2025-12-31,sh.600390,五矿资本
2025-12-29,2025-12-31,sh.600392,盛和资源
2025-12-29,2025-12-31,sh.600398,海澜之家
2025-12-29,2025-12-31,sh.600435,北方导航
2025-12-29,2025-12-31,sh.600483,福能股份
2025-12-29,2025-12-31,sh.600486,扬农化工
2025-12-29,2025-12-31,sh.600487,亨通光电
2025-12-29,2025-12-31,sh.600497,驰宏锌锗
2025-12-29,2025-12-31,sh.600498,烽火通信
2025-12-29,2025-12-31,sh.600499,科达制造
2025-12-29,2025-12-31,sh.600511,国药股份
2025-12-29,2025-12-31,sh.600516,方大炭素
2025-12-29,2025-12-31,sh.600517,国网英大
2025-12-29,2025-12-31,sh.600521,华海药业
2025-12-29,2025-12-31,sh.600528,中铁工业
2025-12-29,2025-12-31,sh.600535,天士力
2025-12-29,2025-12-31,sh.600536,中国软件
2025-12-29,2025-12-31,sh.600546,山煤国际
2025-12-29,2025-12-31,sh.600549,厦门钨业
2025-12-29,2025-12-31,sh.600562,国睿科技
2025-12-29,2025-12-31,sh.600563,法拉电子
2025-12-29,2025-12-31,sh.600566,济川药业
2025-12-29,2025-12-31,sh.600578,京能电力
2025-12-29,2025-12-31,sh.600580,卧龙电驱
2025-12-29,2025-12-31,sh.600582,天地科技
2025-12-29,2025-12-31,sh.600583,海油工程
2025-12-29,2025-12-31,sh.600598,北大荒
2025-12-29,2025-12-31,sh.600601,方正科技
2025-12-29,2025-12-31,sh.600602,云赛智联
2025-12-29,2025-12-31,sh.600606,绿地控股
2025-12-29,2025-12-31,sh.600637,东方明珠
2025-12-29,2025-12-31,sh.600642,申能股份
2025-12-29,2025-12-31,sh.600655,豫园股份
2025-12-29,2025-12-31,sh.600663,陆家嘴
2025-12-29,2025-12-31,sh.600673,东阳光
2025-12-29,2025-12-31,sh.600685,中船防务
2025-12-29,2025-12-31,sh.600688,上海石化
2025-12-29,2025-12-31,sh.600699,均胜电子
2025-12-29,2025-12-31,sh.600704,物产中大
2025-12-29,2025-12-31,sh.600707,彩虹股份
2025-12-29,2025-12-31,sh.600720,中交设计
2025-12-29,2025-12-31,sh.600737,中粮糖业
2025-12-29,2025-12-31,sh.600739,辽宁成大
2025-12-29,2025-12-31,sh.600754,锦江酒店
2025-12-29,2025-12-31,sh.600763,通策医疗
2025-12-29,2025-12-31,sh.600764,中国海防
2025-12-29,2025-12-31,sh.600765,中航重机
2025-12-29,2025-12-31,sh.600801,华新建材
2025-12-29,2025-12-31,sh.600808,马钢股份
2025-12-29,2025-12-31,sh.600816,建元信托
2025-12-29,2025-12-31,sh.600820,隧道股份
2025-12-29,2025-12-31,sh.600848,上海临港
2025-12-29,2025-12-31,sh.600862,中航高科
2025-12-29,2025-12-31,sh.600863,内蒙华电
2025-12-29,2025-12-31,sh.600871,石化油服
2025-12-29,2025-12-31,sh.600873,梅花生物
2025-12-29,2025-12-31,sh.600879,航天电子
2025-12-29,2025-12-31,sh.600884,杉杉股份
2025-12-29,2025-12-31,sh.600885,宏发股份
2025-12-29,2025-12-31,sh.600901,江苏金租
2025-12-29,2025-12-31,sh.600906,财达证券
2025-12-29,2025-12-31,sh.600909,华安证券
2025-12-29,2025-12-31,sh.600927,永安期货
2025-12-29,2025-12-31,sh.600959,江苏有线
2025-12-29,2025-12-31,sh.600967,内蒙一机
2025-12-29,2025-12-31,sh.600968,海油发展
2025-12-29,2025-12-31,sh.600970,中材国际
2025-12-29,2025-12-31,sh.600977,中国电影
2025-12-29,2025-12-31,sh.600985,淮北矿业
2025-12-29,2025-12-31,sh.600988,赤峰黄金
2025-12-29,2025-12-31,sh.600995,南网储能
2025-12-29,2025-12-31,sh.600998,九州通
2025-12-29,2025-12-31,sh.601000,唐山港
2025-12-29,2025-12-31,sh.601001,晋控煤业
2025-12-29,2025-12-31,sh.601016,节能风电
2025-12-29,2025-12-31,sh.601019,山东出版
2025-12-29,2025-12-31,sh.601061,中信金属
2025-12-29,2025-12-31,sh.601098,中南传媒
2025-12-29,2025-12-31,sh.601099,太平洋
2025-12-29,2025-12-31,sh.601106,中国一重
2025-12-29,2025-12-31,sh.601108,财通证券
2025-12-29,2025-12-31,sh.601118,海南橡胶
2025-12-29,2025-12-31,sh.601128,常熟银行
2025-12-29,2025-12-31,sh.601139,深圳燃气
2025-12-29,2025-12-31,sh.601155,新城控股
2025-12-29,2025-12-31,sh.601156,东航物流
2025-12-29,2025-12-31,sh.601162,天风证券
2025-12-29,2025-12-31,sh.601168,西部矿业
2025-12-29,2025-12-31,sh.601179,中国西电
2025-12-29,2025-12-31,sh.601198,东兴证券
2025-12-29,2025-12-31,sh.601212,白银有色
2025-12-29,2025-12-31,sh.601216,君正集团
2025-12-29,2025-12-31,sh.601228,广州港
2025-12-29,2025-12-31,sh.601231,环旭电子
2025-12-29,2025-12-31,sh.601233,桐昆股份
2025-12-29,2025-12-31,sh.601333,广深铁路
2025-12-29,2025-12-31,sh.601399,国机重装
2025-12-29,2025-12-31,sh.601555,东吴证券
2025-12-29,2025-12-31,sh.601567,三星医疗
2025-12-29,2025-12-31,sh.601577,长沙银行
2025-12-29,2025-12-31,sh.601598,中国外运
2025-12-29,2025-12-31,sh.601608,中信重工
2025-12-29,2025-12-31,sh.601611,中国核建
2025-12-29,2025-12-31,sh.601615,明阳智能
2025-12-29,2025-12-31,sh.601665,齐鲁银行
2025-12-29,2025-12-31,sh.601666,平煤股份
2025-12-29,2025-12-31,sh.601696,中银证券
2025-12-29,2025-12-31,sh.601699,潞安环能
2025-12-29,2025-12-31,sh.601717,中创智领
2025-12-29,2025-12-31,sh.601799,星宇股份
2025-12-29,2025-12-31,sh.601865,福莱特
2025-12-29,2025-12-31,sh.601866,中远海发
2025-12-29,2025-12-31,sh.601880,辽港股份
2025-12-29,2025-12-31,sh.601918,新集能源
2025-12-29,2025-12-31,sh.601921,浙版传媒
2025-12-29,2025-12-31,sh.601928,凤凰传媒
2025-12-29,2025-12-31,sh.601958,金钼股份
2025-12-29,2025-12-31,sh.601965,中国汽研
2025-12-29,2025-12-31,sh.601966,玲珑轮胎
2025-12-29,2025-12-31,sh.601990,南京证券
2025-12-29,2025-12-31,sh.601991,大唐发电
2025-12-29,2025-12-31,sh.601997,贵阳银行
2025-12-29,2025-12-31,sh.603000,人民网
2025-12-29,2025-12-31,sh.603049,中策橡胶
2025-12-29,2025-12-31,sh.603077,和邦生物
2025-12-29,2025-12-31,sh.603087,甘李药业
2025-12-29,2025-12-31,sh.603129,春风动力
2025-12-29,2025-12-31,sh.603156,养元饮品
2025-12-29,2025-12-31,sh.603160,汇顶科技
2025-12-29,2025-12-31,sh.603179,新泉股份
2025-12-29,2025-12-31,sh.603225,新凤鸣
2025-12-29,2025-12-31,sh.603228,景旺电子
2025-12-29,2025-12-31,sh.603233,大参林
2025-12-29,2025-12-31,sh.603290,斯达半导
2025-12-29,2025-12-31,sh.603298,杭叉集团
2025-12-29,2025-12-31,sh.603338,浙江鼎力
2025-12-29,2025-12-31,sh.603341,龙旗科技
2025-12-29,2025-12-31,sh.603345,安井食品
2025-12-29,2025-12-31,sh.603379,三美股份
2025-12-29,2025-12-31,sh.603444,吉比特
2025-12-29,2025-12-31,sh.603486,科沃斯
2025-12-29,2025-12-31,sh.603529,爱玛科技
2025-12-29,2025-12-31,sh.603565,中谷物流
2025-12-29,2025-12-31,sh.603568,伟明环保
2025-12-29,2025-12-31,sh.603589,口子窖
2025-12-29,2025-12-31,sh.603596,伯特利
2025-12-29,2025-12-31,sh.603605,珀莱雅
2025-12-29,2025-12-31,sh.603606,东方电缆
2025-12-29,2025-12-31,sh.603650,彤程新材
2025-12-29,2025-12-31,sh.603658,安图生物
2025-12-29,2025-12-31,sh.603659,璞泰来
2025-12-29,2025-12-31,sh.603688,石英股份
2025-12-29,2025-12-31,sh.603699,纽威股份
2025-12-29,2025-12-31,sh.603707,健友股份
2025-12-29,2025-12-31,sh.603728,鸣志电器
2025-12-29,2025-12-31,sh.603737,三棵树
2025-12-29,2025-12-31,sh.603766,隆鑫通用
2025-12-29,2025-12-31,sh.603786,科博达
2025-12-29,2025-12-31,sh.603806,福斯特
2025-12-29,2025-12-31,sh.603816,顾家家居
2025-12-29,2025-12-31,sh.603833,欧派家居
2025-12-29,2025-12-31,sh.603858,步长制药
2025-12-29,2025-12-31,sh.603885,吉祥航空
2025-12-29,2025-12-31,sh.603899,晨光股份
2025-12-29,2025-12-31,sh.603920,世运电路
2025-12-29,2025-12-31,sh.603927,中科软
2025-12-29,2025-12-31,sh.603939,益丰药房
2025-12-29,2025-12-31,sh.603979,金诚信
2025-12-29,2025-12-31,sh.605358,立昂微
2025-12-29,2025-12-31,sh.605589,圣泉集团
2025-12-29,2025-12-31,sh.688002,睿创微纳
2025-12-29,2025-12-31,sh.688017,绿的谐波
2025-12-29,2025-12-31,sh.688018,乐鑫科技
2025-12-29,2025-12-31,sh.688019,安集科技
2025-12-29,2025-12-31,sh.688027,国盾量子
2025-12-29,2025-12-31,sh.688052,纳芯微
2025-12-29,2025-12-31,sh.688065,凯赛生物
2025-12-29,2025-12-31,sh.688099,晶晨股份
2025-12-29,2025-12-31,sh.688100,威胜信息
2025-12-29,2025-12-31,sh.688114,华大智造
2025-12-29,2025-12-31,sh.688120,华海清科
2025-12-29,2025-12-31,sh.688122,西部超导
2025-12-29,2025-12-31,sh.688166,博瑞医药
2025-12-29,2025-12-31,sh.688172,燕东微
2025-12-29,2025-12-31,sh.688180,君实生物
2025-12-29,2025-12-31,sh.688183,生益电子
2025-12-29,2025-12-31,sh.688188,柏楚电子
2025-12-29,2025-12-31,sh.688192,迪哲医药
2025-12-29,2025-12-31,sh.688213,思特威
2025-12-29,2025-12-31,sh.688220,翱捷科技
2025-12-29,2025-12-31,sh.688234,天岳先进
2025-12-29,2025-12-31,sh.688235,百济神州
2025-12-29,2025-12-31,sh.688248,南网科技
2025-12-29,2025-12-31,sh.688266,泽璟制药
2025-12-29,2025-12-31,sh.688278,特宝生物
2025-12-29,2025-12-31,sh.688281,华秦科技
2025-12-29,2025-12-31,sh.688295,中复神鹰
2025-12-29,2025-12-31,sh.688297,中无人机
2025-12-29,2025-12-31,sh.688301,奕瑞科技
2025-12-29,2025-12-31,sh.688318,财富趋势
2025-12-29,2025-12-31,sh.688322,奥比中光
2025-12-29,2025-12-31,sh.688336,三生国健
2025-12-29,2025-12-31,sh.688347,华虹公司
2025-12-29,2025-12-31,sh.688349,三一重能
2025-12-29,2025-12-31,sh.688361,中科飞测
2025-12-29,2025-12-31,sh.688363,华熙生物
2025-12-29,2025-12-31,sh.688375,国博电子
2025-12-29,2025-12-31,sh.688385,复旦微电
2025-12-29,2025-12-31,sh.688387,信科移动
2025-12-29,2025-12-31,sh.688425,铁建重工
2025-12-29,2025-12-31,sh.688469,芯联集成
2025-12-29,2025-12-31,sh.688475,萤石网络
2025-12-29,2025-12-31,sh.688520,神州细胞
2025-12-29,2025-12-31,sh.688525,佰维存储
2025-12-29,2025-12-31,sh.688538,和辉光电
2025-12-29,2025-12-31,sh.688561,奇安信
2025-12-29,2025-12-31,sh.688563,航材股份
2025-12-29,2025-12-31,sh.688568,中科星图
2025-12-29,2025-12-31,sh.688578,艾力斯
2025-12-29,2025-12-31,sh.688582,芯动联科
2025-12-29,2025-12-31,sh.688599,天合光能
2025-12-29,2025-12-31,sh.688608,恒玄科技
2025-12-29,2025-12-31,sh.688615,合合信息
2025-12-29,2025-12-31,sh.688617,惠泰医疗
2025-12-29,2025-12-31,sh.688629,华丰科技
2025-12-29,2025-12-31,sh.688676,金盘科技
2025-12-29,2025-12-31,sh.688692,达梦数据
2025-12-29,2025-12-31,sh.688702,盛科通信
2025-12-29,2025-12-31,sh.688709,成都华微
2025-12-29,2025-12-31,sh.688728,格科微
2025-12-29,2025-12-31,sh.688772,珠海冠宇
2025-12-29,2025-12-31,sh.688777,中控技术
2025-12-29,2025-12-31,sh.688778,厦钨新能
2025-12-29,2025-12-31,sh.688819,天能股份
2025-12-29,2025-12-31,sh.689009,九号公司
2025-12-29,2025-12-31,sz.000009,中国宝安
2025-12-29,2025-12-31,sz.000021,深科技
2025-12-29,2025-12-31,sz.000027,深圳能源
2025-12-29,2025-12-31,sz.000032,深桑达A
2025-12-29,2025-12-31,sz.000034,神州数码
2025-12-29,2025-12-31,sz.000039,中集集团
2025-12-29,2025-12-31,sz.000050,深天马A
2025-12-29,2025-12-31,sz.000060,中金岭南
2025-12-29,2025-12-31,sz.000062,深圳华强
2025-12-29,2025-12-31,sz.000088,盐田港
2025-12-29,2025-12-31,sz.000155,川能动力
2025-12-29,2025-12-31,sz.000400,许继电气
2025-12-29,2025-12-31,sz.000415,渤海租赁
2025-12-29,2025-12-31,sz.000423,东阿阿胶
2025-12-29,2025-12-31,sz.000426,兴业银锡
2025-12-29,2025-12-31,sz.000429,粤高速A
2025-12-29,2025-12-31,sz.000513,丽珠集团
2025-12-29,2025-12-31,sz.000519,中兵红箭
2025-12-29,2025-12-31,sz.000528,柳工
2025-12-29,2025-12-31,sz.000537,中绿电
2025-12-29,2025-12-31,sz.000539,粤电力A
2025-12-29,2025-12-31,sz.000559,万向钱潮
2025-12-29,2025-12-31,sz.000563,陕国投A
2025-12-29,2025-12-31,sz.000582,北部湾港
2025-12-29,2025-12-31,sz.000591,太阳能
2025-12-29,2025-12-31,sz.000598,兴蓉环境
2025-12-29,2025-12-31,sz.000623,吉林敖东
2025-12-29,2025-12-31,sz.000629,钒钛股份
2025-12-29,2025-12-31,sz.000657,中钨高新
2025-12-29,2025-12-31,sz.000683,博源化工
2025-12-29,2025-12-31,sz.000703,恒逸石化
2025-12-29,2025-12-31,sz.000709,河钢股份
2025-12-29,2025-12-31,sz.000723,美锦能源
2025-12-29,2025-12-31,sz.000728,国元证券
2025-12-29,2025-12-31,sz.000729,燕京啤酒
2025-12-29,2025-12-31,sz.000733,振华科技
2025-12-29,2025-12-31,sz.000738,航发控制
2025-12-29,2025-12-31,sz.000739,普洛药业
2025-12-29,2025-12-31,sz.000750,国海证券
2025-12-29,2025-12-31,sz.000783,长江证券
2025-12-29,2025-12-31,sz.000785,居然智家
2025-12-29,2025-12-31,sz.000825,太钢不锈
2025-12-29,2025-12-31,sz.000830,鲁西化工
2025-12-29,2025-12-31,sz.000831,中国稀土
2025-12-29,2025-12-31,sz.000878,云南铜业
2025-12-29,2025-12-31,sz.000883,湖北能源
2025-12-29,2025-12-31,sz.000887,中鼎股份
2025-12-29,2025-12-31,sz.000893,亚钾国际
2025-12-29,2025-12-31,sz.000898,鞍钢股份
2025-12-29,2025-12-31,sz.000921,海信家电
2025-12-29,2025-12-31,sz.000932,华菱钢铁
2025-12-29,2025-12-31,sz.000933,神火股份
2025-12-29,2025-12-31,sz.000937,冀中能源
2025-12-29,2025-12-31,sz.000951,中国重汽
2025-12-29,2025-12-31,sz.000958,电投产融
2025-12-29,2025-12-31,sz.000959,首钢股份
2025-12-29,2025-12-31,sz.000960,锡业股份
2025-12-29,2025-12-31,sz.000967,盈峰环境
2025-12-29,2025-12-31,sz.000987,越秀资本
2025-12-29,2025-12-31,sz.000997,新大陆
2025-12-29,2025-12-31,sz.001213,中铁特货
2025-12-29,2025-12-31,sz.001221,悍高集团
2025-12-29,2025-12-31,sz.001286,陕西能源
2025-12-29,2025-12-31,sz.001389,广合科技
2025-12-29,2025-12-31,sz.001696,宗申动力
2025-12-29,2025-12-31,sz.002007,华兰生物
2025-12-29,2025-12-31,sz.002008,大族激光
2025-12-29,2025-12-31,sz.002025,航天电器
2025-12-29,2025-12-31,sz.002032,苏泊尔
2025-12-29,2025-12-31,sz.002044,美年健康
2025-12-29,2025-12-31,sz.002056,横店东磁
2025-12-29,2025-12-31,sz.002064,华峰化学
2025-12-29,2025-12-31,sz.002065,东华软件
2025-12-29,2025-12-31,sz.002078,太阳纸业
2025-12-29,2025-12-31,sz.002080,中材科技
2025-12-29,2025-12-31,sz.002085,万丰奥威
2025-12-29,2025-12-31,sz.002120,韵达股份
2025-12-29,2025-12-31,sz.002126,银轮股份
2025-12-29,2025-12-31,sz.002128,电投能源
2025-12-29,2025-12-31,sz.002130,沃尔核材
2025-12-29,2025-12-31,sz.002131,利欧股份
2025-12-29,2025-12-31,sz.002138,顺络电子
2025-12-29,2025-12-31,sz.002152,广电运通
2025-12-29,2025-12-31,sz.002153,石基信息
2025-12-29,2025-12-31,sz.002155,湖南黄金
2025-12-29,2025-12-31,sz.002156,通富微电
2025-12-29,2025-12-31,sz.002157,正邦科技
2025-12-29,2025-12-31,sz.002185,华天科技
2025-12-29,2025-12-31,sz.002195,岩山科技
2025-12-29,2025-12-31,sz.002202,金风科技
2025-12-29,2025-12-31,sz.002203,海亮股份
2025-12-29,2025-12-31,sz.002223,鱼跃医疗
2025-12-29,2025-12-31,sz.002244,滨江集团
2025-12-29,2025-12-31,sz.002261,拓维信息
2025-12-29,2025-12-31,sz.002262,恩华药业
2025-12-29,2025-12-31,sz.002265,建设工业
2025-12-29,2025-12-31,sz.002266,浙富控股
2025-12-29,2025-12-31,sz.002271,东方雨虹
2025-12-29,2025-12-31,sz.002273,水晶光电
2025-12-29,2025-12-31,sz.002281,光迅科技
2025-12-29,2025-12-31,sz.002294,信立泰
2025-12-29,2025-12-31,sz.002299,圣农发展
2025-12-29,2025-12-31,sz.002312,川发龙蟒
2025-12-29,2025-12-31,sz.002318,久立特材
2025-12-29,2025-12-31,sz.002335,科华数据
2025-12-29,2025-12-31,sz.002340,格林美
2025-12-29,2025-12-31,sz.002353,杰瑞股份
2025-12-29,2025-12-31,sz.002372,伟星新材
2025-12-29,2025-12-31,sz.002385,大北农
2025-12-29,2025-12-31,sz.002402,和而泰
2025-12-29,2025-12-31,sz.002409,雅克科技
2025-12-29,2025-12-31,sz.002410,广联达
2025-12-29,2025-12-31,sz.002414,高德红外
2025-12-29,2025-12-31,sz.002423,中粮资本
2025-12-29,2025-12-31,sz.002429,兆驰股份
2025-12-29,2025-12-31,sz.002430,杭氧股份
2025-12-29,2025-12-31,sz.002432,九安医疗
2025-12-29,2025-12-31,sz.002436,兴森科技
2025-12-29,2025-12-31,sz.002439,启明星辰
2025-12-29,2025-12-31,sz.002444,巨星科技
2025-12-29,2025-12-31,sz.002461,珠江啤酒
2025-12-29,2025-12-31,sz.002465,海格通信
2025-12-29,2025-12-31,sz.002472,双环传动
2025-12-29,2025-12-31,sz.002500,山西证券
2025-12-29,2025-12-31,sz.002508,老板电器
2025-12-29,2025-12-31,sz.002517,恺英网络
2025-12-29,2025-12-31,sz.002532,天山铝业
2025-12-29,2025-12-31,sz.002558,巨人网络
2025-12-29,2025-12-31,sz.002568,百润股份
2025-12-29,2025-12-31,sz.002583,海能达
2025-12-29,2025-12-31,sz.002595,豪迈科技
2025-12-29,2025-12-31,sz.002603,以岭药业
2025-12-29,2025-12-31,sz.002607,中公教育
2025-12-29,2025-12-31,sz.002608,江苏国信
2025-12-29,2025-12-31,sz.002624,完美世界
2025-12-29,2025-12-31,sz.002670,国盛证券
2025-12-29,2025-12-31,sz.002673,西部证券
2025-12-29,2025-12-31,sz.002683,广东宏大
2025-12-29,2025-12-31,sz.002738,中矿资源
2025-12-29,2025-12-31,sz.002739,万达电影
2025-12-29,2025-12-31,sz.002756,永兴材料
2025-12-29,2025-12-31,sz.002773,康弘药业
2025-12-29,2025-12-31,sz.002797,第一创业
2025-12-29,2025-12-31,sz.002821,凯莱英
2025-12-29,2025-12-31,sz.002831,裕同科技
2025-12-29,2025-12-31,sz.002837,英维克
2025-12-29,2025-12-31,sz.002841,视源股份
2025-12-29,2025-12-31,sz.002850,科达利
2025-12-29,2025-12-31,sz.002851,麦格米特
2025-12-29,2025-12-31,sz.002926,华西证券
2025-12-29,2025-12-31,sz.002939,长城证券
2025-12-29,2025-12-31,sz.002945,华林证券
2025-12-29,2025-12-31,sz.002958,青农商行
2025-12-29,2025-12-31,sz.002966,苏州银行
2025-12-29,2025-12-31,sz.002984,森麒麟
2025-12-29,2025-12-31,sz.003021,兆威机电
2025-12-29,2025-12-31,sz.003022,联泓新科
2025-12-29,2025-12-31,sz.003031,中瓷电子
2025-12-29,2025-12-31,sz.003035,南网能源
2025-12-29,2025-12-31,sz.300001,特锐德
2025-12-29,2025-12-31,sz.300002,神州泰岳
2025-12-29,2025-12-31,sz.300003,乐普医疗
2025-12-29,2025-12-31,sz.300012,华测检测
2025-12-29,2025-12-31,sz.300017,网宿科技
2025-12-29,2025-12-31,sz.300024,机器人
2025-12-29,2025-12-31,sz.300037,新宙邦
2025-12-29,2025-12-31,sz.300054,鼎龙股份
2025-12-29,2025-12-31,sz.300058,蓝色光标
2025-12-29,2025-12-31,sz.300070,碧水源
2025-12-29,2025-12-31,sz.300073,当升科技
2025-12-29,2025-12-31,sz.300100,双林股份
2025-12-29,2025-12-31,sz.300115,长盈精密
2025-12-29,2025-12-31,sz.300136,信维通信
2025-12-29,2025-12-31,sz.300140,节能环境
2025-12-29,2025-12-31,sz.300142,沃森生物
2025-12-29,2025-12-31,sz.300144,宋城演艺
2025-12-29,2025-12-31,sz.300146,汤臣倍健
2025-12-29,2025-12-31,sz.300207,欣旺达
2025-12-29,2025-12-31,sz.300223,北京君正
2025-12-29,2025-12-31,sz.300285,国瓷材料
2025-12-29,2025-12-31,sz.300339,润和软件
2025-12-29,2025-12-31,sz.300346,南大光电
2025-12-29,2025-12-31,sz.300373,扬杰科技
2025-12-29,2025-12-31,sz.300383,光环新网
2025-12-29,2025-12-31,sz.300390,天华新能
2025-12-29,2025-12-31,sz.300395,菲利华
2025-12-29,2025-12-31,sz.300432,富临精工
2025-12-29,2025-12-31,sz.300450,先导智能
2025-12-29,2025-12-31,sz.300454,深信服
2025-12-29,2025-12-31,sz.300458,全志科技
2025-12-29,2025-12-31,sz.300474,景嘉微
2025-12-29,2025-12-31,sz.300487,蓝晓科技
2025-12-29,2025-12-31,sz.300496,中科创达
2025-12-29,2025-12-31,sz.300529,健帆生物
2025-12-29,2025-12-31,sz.300558,贝达药业
2025-12-29,2025-12-31,sz.300567,精测电子
2025-12-29,2025-12-31,sz.300570,太辰光
2025-12-29,2025-12-31,sz.300601,康泰生物
2025-12-29,2025-12-31,sz.300604,长川科技
2025-12-29,2025-12-31,sz.300623,捷捷微电
2025-12-29,2025-12-31,sz.300627,华测导航
2025-12-29,2025-12-31,sz.300676,华大基因
2025-12-29,2025-12-31,sz.300677,英科医疗
2025-12-29,2025-12-31,sz.300679,电连技术
2025-12-29,2025-12-31,sz.300699,光威复材
2025-12-29,2025-12-31,sz.300718,长盛轴承
2025-12-29,2025-12-31,sz.300724,捷佳伟创
2025-12-29,2025-12-31,sz.300735,光弘科技
2025-12-29,2025-12-31,sz.300748,金力永磁
2025-12-29,2025-12-31,sz.300751,迈为股份
2025-12-29,2025-12-31,sz.300757,罗博特科
2025-12-29,2025-12-31,sz.300763,锦浪科技
2025-12-29,2025-12-31,sz.300857,协创数据
2025-12-29,2025-12-31,sz.300888,稳健医疗
2025-12-29,2025-12-31,sz.300919,中伟股份
2025-12-29,2025-12-31,sz.300957,贝泰妮
2025-12-29,2025-12-31,sz.300972,万辰集团
2025-12-29,2025-12-31,sz.301200,大族数控
2025-12-29,2025-12-31,sz.301301,川宁生物
2025-12-29,2025-12-31,sz.301308,江波龙
2025-12-29,2025-12-31,sz.301358,湖南裕能
2025-12-29,2025-12-31,sz.301498,乖宝宠物
2025-12-29,2025-12-31,sz.301536,星宸科技
2025-12-29,2025-12-31,sz.301611,珂玛科技
2026-05-25,2026-06-30,sh.600004,白云机场
2026-05-25,2026-06-30,sh.600007,中国国贸
2026-05-25,2026-06-30,sh.600008,首创环保
2026-05-25,2026-06-30,sh.600021,上海电力
2026-05-25,2026-06-30,sh.600032,浙江新能
2026-05-25,2026-06-30,sh.600038,中直股份
2026-05-25,2026-06-30,sh.600060,海信视像
2026-05-25,2026-06-30,sh.600062,华润双鹤
2026-05-25,2026-06-30,sh.600095,湘财股份
2026-05-25,2026-06-30,sh.600096,云天化
2026-05-25,2026-06-30,sh.600098,广州发展
2026-05-25,2026-06-30,sh.600109,国金证券
2026-05-25,2026-06-30,sh.600118,中国卫星
2026-05-25,2026-06-30,sh.600126,杭钢股份
2026-05-25,2026-06-30,sh.600131,国网信通
2026-05-25,2026-06-30,sh.600132,重庆啤酒
2026-05-25,2026-06-30,sh.600141,兴发集团
2026-05-25,2026-06-30,sh.600143,金发科技
2026-05-25,2026-06-30,sh.600153,建发股份
2026-05-25,2026-06-30,sh.600157,永泰能源
2026-05-25,2026-06-30,sh.600166,福田汽车
2026-05-25,2026-06-30,sh.600170,上海建工
2026-05-25,2026-06-30,sh.600171,上海贝岭
2026-05-25,2026-06-30,sh.600177,雅戈尔
2026-05-25,2026-06-30,sh.600208,衢州发展
2026-05-25,2026-06-30,sh.600282,南钢股份
2026-05-25,2026-06-30,sh.600295,鄂尔多斯
2026-05-25,2026-06-30,sh.600298,安琪酵母
2026-05-25,2026-06-30,sh.600299,安迪苏
2026-05-25,2026-06-30,sh.600312,平高电气
2026-05-25,2026-06-30,sh.600316,洪都航空
2026-05-25,2026-06-30,sh.600329,达仁堂
2026-05-25,2026-06-30,sh.600332,白云山
2026-05-25,2026-06-30,sh.600339,中油工程
2026-05-25,2026-06-30,sh.600348,华阳股份
2026-05-25,2026-06-30,sh.600352,浙江龙盛
2026-05-25,2026-06-30,sh.600363,联创光电
2026-05-25,2026-06-30,sh.600369,西南证券
2026-05-25,2026-06-30,sh.600378,昊华科技
2026-05-25,2026-06-30,sh.600380,健康元
2026-05-25,2026-06-30,sh.600390,五矿资本
2026-05-25,2026-06-30,sh.600392,盛和资源
2026-05-25,2026-06-30,sh.600398,海澜之家
2026-05-25,2026-06-30,sh.600435,北方导航
2026-05-25,2026-06-30,sh.600483,福能股份
2026-05-25,2026-06-30,sh.600486,扬农化工
2026-05-25,2026-06-30,sh.600487,亨通光电
2026-05-25,2026-06-30,sh.600497,驰宏锌锗
2026-05-25,2026-06-30,sh.600498,烽火通信
2026-05-25,2026-06-30,sh.600499,科达制造
2026-05-25,2026-06-30,sh.600511,国药股份
2026-05-25,2026-06-30,sh.600516,方大炭素
2026-05-25,2026-06-30,sh.600517,国网英大
2026-05-25,2026-06-30,sh.600521,华海药业
2026-05-25,2026-06-30,sh.600528,中铁工业
2026-05-25,2026-06-30,sh.600535,天士力
2026-05-25,2026-06-30,sh.600536,中国软件
2026-05-25,2026-06-30,sh.600546,山煤国际
2026-05-25,2026-06-30,sh.600549,厦门钨业
2026-05-25,2026-06-30,sh.600562,国睿科技
2026-05-25,2026-06-30,sh.600563,法拉电子
2026-05-25,2026-06-30,sh.600566,济川药业
2026-05-25,2026-06-30,sh.600578,京能电力
2026-05-25,2026-06-30,sh.600580,卧龙电驱
2026-05-25,2026-06-30,sh.600582,天地科技
2026-05-25,2026-06-30,sh.600583,海油工程
2026-05-25,2026-06-30,sh.600598,北大荒
2026-05-25,2026-06-30,sh.600601,方正科技
2026-05-25,2026-06-30,sh.600602,云赛智联
2026-05-25,2026-06-30,sh.600606,绿地控股
2026-05-25,2026-06-30,sh.600637,东方明珠
2026-05-25,2026-06-30,sh.600642,申能股份
2026-05-25,2026-06-30,sh.600655,豫园股份
2026-05-25,2026-06-30,sh.600663,陆家嘴
2026-05-25,2026-06-30,sh.600673,东阳光
2026-05-25,2026-06-30,sh.600685,中船防务
2026-05-25,2026-06-30,sh.600688,上海石化
2026-05-25,2026-06-30,sh.600699,均胜电子
2026-05-25,2026-06-30,sh.600704,物产中大
2026-05-25,2026-06-30,sh.600707,彩虹股份
2026-05-25,2026-06-30,sh.600720,中交设计
2026-05-25,2026-06-30,sh.600737,中粮糖业
2026-05-25,2026-06-30,sh.600739,辽宁成大
2026-05-25,2026-06-30,sh.600754,锦江酒店
2026-05-25,2026-06-30,sh.600763,通策医疗
2026-05-25,2026-06-30,sh.600764,中国海防
2026-05-25,2026-06-30,sh.600765,中航重机
2026-05-25,2026-06-30,sh.600801,华新建材
2026-05-25,2026-06-30,sh.600808,马钢股份
2026-05-25,2026-06-30,sh.600816,建元信托
2026-05-25,2026-06-30,sh.600820,隧道股份
2026-05-25,2026-06-30,sh.600848,上海临港
2026-05-25,2026-06-30,sh.600862,中航高科
2026-05-25,2026-06-30,sh.600863,华能蒙电
2026-05-25,2026-06-30,sh.600871,石化油服
2026-05-25,2026-06-30,sh.600873,梅花生物
2026-05-25,2026-06-30,sh.600879,航天电子
2026-05-25,2026-06-30,sh.600884,杉杉股份
2026-05-25,2026-06-30,sh.600885,宏发股份
2026-05-25,2026-06-30,sh.600901,江苏金租
2026-05-25,2026-06-30,sh.600906,财达证券
2026-05-25,2026-06-30,sh.600909,华安证券
2026-05-25,2026-06-30,sh.600927,永安期货
2026-05-25,2026-06-30,sh.600959,江苏有线
2026-05-25,2026-06-30,sh.600967,内蒙一机
2026-05-25,2026-06-30,sh.600968,海油发展
2026-05-25,2026-06-30,sh.600970,中材国际
2026-05-25,2026-06-30,sh.600977,中国电影
2026-05-25,2026-06-30,sh.600985,淮北矿业
2026-05-25,2026-06-30,sh.600988,赤峰黄金
2026-05-25,2026-06-30,sh.600995,南网储能
2026-05-25,2026-06-30,sh.600998,九州通
2026-05-25,2026-06-30,sh.601000,唐山港
2026-05-25,2026-06-30,sh.601001,晋控煤业
2026-05-25,2026-06-30,sh.601016,节能风电
2026-05-25,2026-06-30,sh.601019,山东出版
2026-05-25,2026-06-30,sh.601061,中信金属
2026-05-25,2026-06-30,sh.601098,中南传媒
2026-05-25,2026-06-30,sh.601099,太平洋
2026-05-25,2026-06-30,sh.601106,中国一重
2026-05-25,2026-06-30,sh.601108,财通证券
2026-05-25,2026-06-30,sh.601118,海南橡胶
2026-05-25,2026-06-30,sh.601128,常熟银行
2026-05-25,2026-06-30,sh.601139,深圳燃气
2026-05-25,2026-06-30,sh.601155,新城控股
2026-05-25,2026-06-30,sh.601156,东航物流
2026-05-25,2026-06-30,sh.601162,天风证券
2026-05-25,2026-06-30,sh.601168,西部矿业
2026-05-25,2026-06-30,sh.601179,中国西电
2026-05-25,2026-06-30,sh.601198,东兴证券
2026-05-25,2026-06-30,sh.601212,白银有色
2026-05-25,2026-06-30,sh.601216,君正集团
2026-05-25,2026-06-30,sh.601228,广州港
2026-05-25,2026-06-30,sh.601231,环旭电子
2026-05-25,2026-06-30,sh.601233,桐昆股份
2026-05-25,2026-06-30,sh.601333,广深铁路
2026-05-25,2026-06-30,sh.601399,国机重装
2026-05-25,2026-06-30,sh.601555,东吴证券
2026-05-25,2026-06-30,sh.601567,三星电气
2026-05-25,2026-06-30,sh.601577,长沙银行
2026-05-25,2026-06-30,sh.601598,中国外运
2026-05-25,2026-06-30,sh.601608,中信重工
2026-05-25,2026-06-30,sh.601611,中国核建
2026-05-25,2026-06-30,sh.601615,明阳智能
2026-05-25,2026-06-30,sh.601665,齐鲁银行
2026-05-25,2026-06-30,sh.601666,平煤股份
2026-05-25,2026-06-30,sh.601696,中银证券
2026-05-25,2026-06-30,sh.601699,潞安环能
2026-05-25,2026-06-30,sh.601717,中创智领
2026-05-25,2026-06-30,sh.601799,星宇股份
2026-05-25,2026-06-30,sh.601865,福莱特
2026-05-25,2026-06-30,sh.601866,中远海发
2026-05-25,2026-06-30,sh.601880,辽港股份
2026-05-25,2026-06-30,sh.601918,新集能源
2026-05-25,2026-06-30,sh.601921,浙版传媒
2026-05-25,2026-06-30,sh.601928,凤凰传媒
2026-05-25,2026-06-30,sh.601958,金钼股份
2026-05-25,2026-06-30,sh.601965,中国汽研
2026-05-25,2026-06-30,sh.601966,玲珑轮胎
2026-05-25,2026-06-30,sh.601990,南京证券
2026-05-25,2026-06-30,sh.601991,大唐发电
2026-05-25,2026-06-30,sh.601997,贵阳银行
2026-05-25,2026-06-30,sh.603000,人民网
2026-05-25,2026-06-30,sh.603049,中策橡胶
2026-05-25,2026-06-30,sh.603077,和邦生物
2026-05-25,2026-06-30,sh.603087,甘李药业
2026-05-25,2026-06-30,sh.603129,春风动力
2026-05-25,2026-06-30,sh.603156,养元饮品
2026-05-25,2026-06-30,sh.603160,汇顶科技
2026-05-25,2026-06-30,sh.603179,新泉股份
2026-05-25,2026-06-30,sh.603225,新凤鸣
2026-05-25,2026-06-30,sh.603228,景旺电子
2026-05-25,2026-06-30,sh.603233,大参林
2026-05-25,2026-06-30,sh.603290,斯达半导
2026-05-25,2026-06-30,sh.603298,杭叉集团
2026-05-25,2026-06-30,sh.603338,浙江鼎力
2026-05-25,2026-06-30,sh.603341,龙旗科技
2026-05-25,2026-06-30,sh.603345,安井食品
2026-05-25,2026-06-30,sh.603379,三美股份
2026-05-25,2026-06-30,sh.603444,吉比特
2026-05-25,2026-06-30,sh.603486,科沃斯
2026-05-25,2026-06-30,sh.603529,爱玛科技
2026-05-25,2026-06-30,sh.603565,中谷物流
2026-05-25,2026-06-30,sh.603568,伟明环保
2026-05-25,2026-06-30,sh.603589,口子窖
2026-05-25,2026-06-30,sh.603596,伯特利
2026-05-25,2026-06-30,sh.603605,珀莱雅
2026-05-25,2026-06-30,sh.603606,东方电缆
2026-05-25,2026-06-30,sh.603650,彤程新材
2026-05-25,2026-06-30,sh.603658,安图生物
2026-05-25,2026-06-30,sh.603659,璞泰来
2026-05-25,2026-06-30,sh.603688,石英股份
2026-05-25,2026-06-30,sh.603699,纽威股份
2026-05-25,2026-06-30,sh.603707,健友股份
2026-05-25,2026-06-30,sh.603728,鸣志电器
2026-05-25,2026-06-30,sh.603737,三棵树
2026-05-25,2026-06-30,sh.603766,隆鑫通用
2026-05-25,2026-06-30,sh.603786,科博达
2026-05-25,2026-06-30,sh.603806,福斯特
2026-05-25,2026-06-30,sh.603816,顾家家居
2026-05-25,2026-06-30,sh.603833,欧派家居
2026-05-25,2026-06-30,sh.603858,步长制药
2026-05-25,2026-06-30,sh.603885,吉祥航空
2026-05-25,2026-06-30,sh.603899,晨光股份
2026-05-25,2026-06-30,sh.603920,世运电路
2026-05-25,2026-06-30,sh.603927,中科软
2026-05-25,2026-06-30,sh.603939,益丰药房
2026-05-25,2026-06-30,sh.603979,金诚信
2026-05-25,2026-06-30,sh.605358,立昂微
2026-05-25,2026-06-30,sh.605589,圣泉集团
2026-05-25,2026-06-30,sh.688002,睿创微纳
2026-05-25,2026-06-30,sh.688017,绿的谐波
2026-05-25,2026-06-30,sh.688018,乐鑫科技
2026-05-25,2026-06-30,sh.688019,安集科技
2026-05-25,2026-06-30,sh.688027,国盾量子
2026-05-25,2026-06-30,sh.688037,芯源微
2026-05-25,2026-06-30,sh.688052,纳芯微
2026-05-25,2026-06-30,sh.688065,凯赛生物
2026-05-25,2026-06-30,sh.688099,晶晨股份
2026-05-25,2026-06-30,sh.688100,威胜信息
2026-05-25,2026-06-30,sh.688114,华大智造
2026-05-25,2026-06-30,sh.688120,华海清科
2026-05-25,2026-06-30,sh.688122,西部超导
2026-05-25,2026-06-30,sh.688166,博瑞医药
2026-05-25,2026-06-30,sh.688172,燕东微
2026-05-25,2026-06-30,sh.688180,君实生物
2026-05-25,2026-06-30,sh.688183,生益电子
2026-05-25,2026-06-30,sh.688188,柏楚电子
2026-05-25,2026-06-30,sh.688192,迪哲医药
2026-05-25,2026-06-30,sh.688213,思特威
2026-05-25,2026-06-30,sh.688220,翱捷科技
2026-05-25,2026-06-30,sh.688234,天岳先进
2026-05-25,2026-06-30,sh.688235,百济神州
2026-05-25,2026-06-30,sh.688248,南网科技
2026-05-25,2026-06-30,sh.688266,泽璟制药
2026-05-25,2026-06-30,sh.688278,特宝生物
2026-05-25,2026-06-30,sh.688281,华秦科技
2026-05-25,2026-06-30,sh.688295,中复神鹰
2026-05-25,2026-06-30,sh.688297,中无人机
2026-05-25,2026-06-30,sh.688301,奕瑞科技
2026-05-25,2026-06-30,sh.688318,财富趋势
2026-05-25,2026-06-30,sh.688322,奥比中光
2026-05-25,2026-06-30,sh.688336,三生国健
2026-05-25,2026-06-30,sh.688347,华虹公司
2026-05-25,2026-06-30,sh.688349,三一重能
2026-05-25,2026-06-30,sh.688361,中科飞测
2026-05-25,2026-06-30,sh.688363,华熙生物
2026-05-25,2026-06-30,sh.688375,国博电子
2026-05-25,2026-06-30,sh.688385,复旦微电
2026-05-25,2026-06-30,sh.688387,信科移动
2026-05-25,2026-06-30,sh.688425,铁建重工
2026-05-25,2026-06-30,sh.688469,芯联集成
2026-05-25,2026-06-30,sh.688475,萤石网络
2026-05-25,2026-06-30,sh.688520,神州细胞
2026-05-25,2026-06-30,sh.688525,佰维存储
2026-05-25,2026-06-30,sh.688538,和辉光电
2026-05-25,2026-06-30,sh.688561,奇安信
2026-05-25,2026-06-30,sh.688563,航材股份
2026-05-25,2026-06-30,sh.688568,中科星图
2026-05-25,2026-06-30,sh.688578,艾力斯
2026-05-25,2026-06-30,sh.688582,芯动联科
2026-05-25,2026-06-30,sh.688599,天合光能
2026-05-25,2026-06-30,sh.688608,恒玄科技
2026-05-25,2026-06-30,sh.688615,合合信息
2026-05-25,2026-06-30,sh.688617,惠泰医疗
2026-05-25,2026-06-30,sh.688629,华丰科技
2026-05-25,2026-06-30,sh.688676,金盘科技
2026-05-25,2026-06-30,sh.688692,达梦数据
2026-05-25,2026-06-30,sh.688702,盛科通信
2026-05-25,2026-06-30,sh.688709,成都华微
2026-05-25,2026-06-30,sh.688728,格科微
2026-05-25,2026-06-30,sh.688772,珠海冠宇
2026-05-25,2026-06-30,sh.688777,中控技术
2026-05-25,2026-06-30,sh.688778,厦钨新能
2026-05-25,2026-06-30,sh.688819,天能股份
2026-05-25,2026-06-30,sh.689009,九号公司
2026-05-25,2026-06-30,sz.000009,中国宝安
2026-05-25,2026-06-30,sz.000021,深科技
2026-05-25,2026-06-30,sz.000027,深圳能源
2026-05-25,2026-06-30,sz.000032,深桑达A
2026-05-25,2026-06-30,sz.000034,神州数码
2026-05-25,2026-06-30,sz.000039,中集集团
2026-05-25,2026-06-30,sz.000050,深天马A
2026-05-25,2026-06-30,sz.000060,中金岭南
2026-05-25,2026-06-30,sz.000062,深圳华强
2026-05-25,2026-06-30,sz.000088,盐田港
2026-05-25,2026-06-30,sz.000155,川能动力
2026-05-25,2026-06-30,sz.000400,许继电气
2026-05-25,2026-06-30,sz.000415,渤海租赁
2026-05-25,2026-06-30,sz.000423,东阿阿胶
2026-05-25,2026-06-30,sz.000426,兴业银锡
2026-05-25,2026-06-30,sz.000429,粤高速A
2026-05-25,2026-06-30,sz.000513,丽珠集团
2026-05-25,2026-06-30,sz.000519,中兵红箭
2026-05-25,2026-06-30,sz.000528,柳工
2026-05-25,2026-06-30,sz.000537,绿发电力
2026-05-25,2026-06-30,sz.000539,粤电力A
2026-05-25,2026-06-30,sz.000559,万向钱潮
2026-05-25,2026-06-30,sz.000563,陕国投A
2026-05-25,2026-06-30,sz.000582,北部湾港
2026-05-25,2026-06-30,sz.000591,太阳能
2026-05-25,2026-06-30,sz.000598,兴蓉环境
2026-05-25,2026-06-30,sz.000623,吉林敖东
2026-05-25,2026-06-30,sz.000629,钒钛股份
2026-05-25,2026-06-30,sz.000657,中钨高新
2026-05-25,2026-06-30,sz.000683,博源化工
2026-05-25,2026-06-30,sz.000703,恒逸石化
2026-05-25,2026-06-30,sz.000709,河钢股份
2026-05-25,2026-06-30,sz.000723,美锦能源
2026-05-25,2026-06-30,sz.000728,国元证券
2026-05-25,2026-06-30,sz.000729,燕京啤酒
2026-05-25,2026-06-30,sz.000733,振华科技
2026-05-25,2026-06-30,sz.000738,航发控制
2026-05-25,2026-06-30,sz.000739,普洛药业
2026-05-25,2026-06-30,sz.000750,国海证券
2026-05-25,2026-06-30,sz.000783,长江证券
2026-05-25,2026-06-30,sz.000785,居然智家
2026-05-25,2026-06-30,sz.000825,太钢不锈
2026-05-25,2026-06-30,sz.000830,鲁西化工
2026-05-25,2026-06-30,sz.000831,中国稀土
2026-05-25,2026-06-30,sz.000878,云南铜业
2026-05-25,2026-06-30,sz.000883,湖北能源
2026-05-25,2026-06-30,sz.000887,中鼎股份
2026-05-25,2026-06-30,sz.000893,亚钾国际
2026-05-25,2026-06-30,sz.000898,鞍钢股份
2026-05-25,2026-06-30,sz.000921,海信家电
2026-05-25,2026-06-30,sz.000932,华菱钢铁
2026-05-25,2026-06-30,sz.000933,神火股份
2026-05-25,2026-06-30,sz.000937,冀中能源
2026-05-25,2026-06-30,sz.000951,中国重汽
2026-05-25,2026-06-30,sz.000958,电投产融
2026-05-25,2026-06-30,sz.000959,首钢股份
2026-05-25,2026-06-30,sz.000960,锡业股份
2026-05-25,2026-06-30,sz.000967,盈峰环境
2026-05-25,2026-06-30,sz.000987,越秀资本
2026-05-25,2026-06-30,sz.000997,新大陆
2026-05-25,2026-06-30,sz.001213,中铁特货
2026-05-25,2026-06-30,sz.001221,悍高集团
2026-05-25,2026-06-30,sz.001286,陕西能源
2026-05-25,2026-06-30,sz.001389,广合科技
2026-05-25,2026-06-30,sz.001696,宗申动力
2026-05-25,2026-06-30,sz.002007,华兰生物
2026-05-25,2026-06-30,sz.002008,大族激光
2026-05-25,2026-06-30,sz.002025,航天电器
2026-05-25,2026-06-30,sz.002032,苏泊尔
2026-05-25,2026-06-30,sz.002044,美年健康
2026-05-25,2026-06-30,sz.002056,横店东磁
2026-05-25,2026-06-30,sz.002064,华峰化学
2026-05-25,2026-06-30,sz.002065,东华软件
2026-05-25,2026-06-30,sz.002078,太阳纸业
2026-05-25,2026-06-30,sz.002080,中材科技
2026-05-25,2026-06-30,sz.002085,万丰奥威
2026-05-25,2026-06-30,sz.002120,韵达股份
2026-05-25,2026-06-30,sz.002126,银轮股份
2026-05-25,2026-06-30,sz.002128,电投能源
2026-05-25,2026-06-30,sz.002130,沃尔核材
2026-05-25,2026-06-30,sz.002131,利欧股份
2026-05-25,2026-06-30,sz.002138,顺络电子
2026-05-25,2026-06-30,sz.002152,广电运通
2026-05-25,2026-06-30,sz.002153,石基信息
2026-05-25,2026-06-30,sz.002155,湖南黄金
2026-05-25,2026-06-30,sz.002156,通富微电
2026-05-25,2026-06-30,sz.002157,正邦科技
2026-05-25,2026-06-30,sz.002185,华天科技
2026-05-25,2026-06-30,sz.002195,岩山科技
2026-05-25,2026-06-30,sz.002202,金风科技
2026-05-25,2026-06-30,sz.002203,海亮股份
2026-05-25,2026-06-30,sz.002223,鱼跃医疗
2026-05-25,2026-06-30,sz.002244,滨江集团
2026-05-25,2026-06-30,sz.002261,拓维信息
2026-05-25,2026-06-30,sz.002262,恩华药业
2026-05-25,2026-06-30,sz.002265,建设工业
2026-05-25,2026-06-30,sz.002266,浙富控股
2026-05-25,2026-06-30,sz.002271,东方雨虹
2026-05-25,2026-06-30,sz.002273,水晶光电
2026-05-25,2026-06-30,sz.002281,光迅科技
2026-05-25,2026-06-30,sz.002294,信立泰
2026-05-25,2026-06-30,sz.002299,圣农发展
2026-05-25,2026-06-30,sz.002312,川发龙蟒
2026-05-25,2026-06-30,sz.002318,久立特材
2026-05-25,2026-06-30,sz.002335,科华数据
2026-05-25,2026-06-30,sz.002340,格林美
2026-05-25,2026-06-30,sz.002353,杰瑞股份
2026-05-25,2026-06-30,sz.002372,伟星新材
2026-05-25,2026-06-30,sz.002385,大北农
2026-05-25,2026-06-30,sz.002402,和而泰
2026-05-25,2026-06-30,sz.002409,雅克科技
2026-05-25,2026-06-30,sz.002410,广联达
2026-05-25,2026-06-30,sz.002414,高德红外
2026-05-25,2026-06-30,sz.002423,中粮资本
2026-05-25,2026-06-30,sz.002429,兆驰股份
2026-05-25,2026-06-30,sz.002430,杭氧股份
2026-05-25,2026-06-30,sz.002432,九安医疗
2026-05-25,2026-06-30,sz.002436,兴森科技
2026-05-25,2026-06-30,sz.002439,启明星辰
2026-05-25,2026-06-30,sz.002444,巨星科技
2026-05-25,2026-06-30,sz.002461,珠江啤酒
2026-05-25,2026-06-30,sz.002465,海格通信
2026-05-25,2026-06-30,sz.002472,双环传动
2026-05-25,2026-06-30,sz.002500,山西证券
2026-05-25,2026-06-30,sz.002508,老板电器
2026-05-25,2026-06-30,sz.002517,恺英网络
2026-05-25,2026-06-30,sz.002532,天山铝业
2026-05-25,2026-06-30,sz.002558,巨人网络
2026-05-25,2026-06-30,sz.002568,百润股份
2026-05-25,2026-06-30,sz.002583,海能达
2026-05-25,2026-06-30,sz.002595,豪迈科技
2026-05-25,2026-06-30,sz.002603,以岭药业
2026-05-25,2026-06-30,sz.002607,中公教育
2026-05-25,2026-06-30,sz.002608,江苏国信
2026-05-25,2026-06-30,sz.002624,完美世界
2026-05-25,2026-06-30,sz.002670,国盛证券
2026-05-25,2026-06-30,sz.002673,西部证券
2026-05-25,2026-06-30,sz.002683,广东宏大
2026-05-25,2026-06-30,sz.002738,中矿资源
2026-05-25,2026-06-30,sz.002739,儒意电影
2026-05-25,2026-06-30,sz.002756,永兴材料
2026-05-25,2026-06-30,sz.002773,康弘药业
2026-05-25,2026-06-30,sz.002797,第一创业
2026-05-25,2026-06-30,sz.002821,凯莱英
2026-05-25,2026-06-30,sz.002831,裕同科技
2026-05-25,2026-06-30,sz.002837,英维克
2026-05-25,2026-06-30,sz.002841,视源股份
2026-05-25,2026-06-30,sz.002850,科达利
2026-05-25,2026-06-30,sz.002851,麦格米特
2026-05-25,2026-06-30,sz.002926,华西证券
2026-05-25,2026-06-30,sz.002939,长城证券
2026-05-25,2026-06-30,sz.002945,华林证券
2026-05-25,2026-06-30,sz.002958,青农商行
2026-05-25,2026-06-30,sz.002966,苏州银行
2026-05-25,2026-06-30,sz.002984,森麒麟
2026-05-25,2026-06-30,sz.003021,兆威机电
2026-05-25,2026-06-30,sz.003022,联泓新科
2026-05-25,2026-06-30,sz.003031,中瓷电子
2026-05-25,2026-06-30,sz.003035,南网能源
2026-05-25,2026-06-30,sz.300001,特锐德
2026-05-25,2026-06-30,sz.300002,神州泰岳
2026-05-25,2026-06-30,sz.300003,乐普医疗
2026-05-25,2026-06-30,sz.300012,华测检测
2026-05-25,2026-06-30,sz.300017,网宿科技
2026-05-25,2026-06-30,sz.300024,机器人
2026-05-25,2026-06-30,sz.300037,新宙邦
2026-05-25,2026-06-30,sz.300054,鼎龙股份
2026-05-25,2026-06-30,sz.300058,蓝色光标
2026-05-25,2026-06-30,sz.300070,碧水源
2026-05-25,2026-06-30,sz.300073,当升科技
2026-05-25,2026-06-30,sz.300100,双林股份
2026-05-25,2026-06-30,sz.300115,长盈精密
2026-05-25,2026-06-30,sz.300136,信维通信
2026-05-25,2026-06-30,sz.300140,节能环境
2026-05-25,2026-06-30,sz.300142,沃森生物
2026-05-25,2026-06-30,sz.300144,宋城演艺
2026-05-25,2026-06-30,sz.300146,汤臣倍健
2026-05-25,2026-06-30,sz.300207,欣旺达
2026-05-25,2026-06-30,sz.300223,北京君正
2026-05-25,2026-06-30,sz.300285,国瓷材料
2026-05-25,2026-06-30,sz.300339,润和软件
2026-05-25,2026-06-30,sz.300346,南大光电
2026-05-25,2026-06-30,sz.300373,扬杰科技
2026-05-25,2026-06-30,sz.300383,光环新网
2026-05-25,2026-06-30,sz.300390,天华新能
2026-05-25,2026-06-30,sz.300395,菲利华
2026-05-25,2026-06-30,sz.300432,富临精工
2026-05-25,2026-06-30,sz.300450,先导智能
2026-05-25,2026-06-30,sz.300454,深信服
2026-05-25,2026-06-30,sz.300458,全志科技
2026-05-25,2026-06-30,sz.300474,景嘉微
2026-05-25,2026-06-30,sz.300487,蓝晓科技
2026-05-25,2026-06-30,sz.300496,中科创达
2026-05-25,2026-06-30,sz.300529,健帆生物
2026-05-25,2026-06-30,sz.300558,贝达药业
2026-05-25,2026-06-30,sz.300567,精测电子
2026-05-25,2026-06-30,sz.300570,太辰光
2026-05-25,2026-06-30,sz.300601,康泰生物
2026-05-25,2026-06-30,sz.300604,长川科技
2026-05-25,2026-06-30,sz.300623,捷捷微电
2026-05-25,2026-06-30,sz.300627,华测导航
2026-05-25,2026-06-30,sz.300676,华大基因
2026-05-25,2026-06-30,sz.300677,英科医疗
2026-05-25,2026-06-30,sz.300679,电连技术
2026-05-25,2026-06-30,sz.300699,光威复材
2026-05-25,2026-06-30,sz.300718,长盛轴承
2026-05-25,2026-06-30,sz.300724,捷佳伟创
2026-05-25,2026-06-30,sz.300735,光弘科技
2026-05-25,2026-06-30,sz.300748,金力永磁
2026-05-25,2026-06-30,sz.300751,迈为股份
2026-05-25,2026-06-30,sz.300757,罗博特科
2026-05-25,2026-06-30,sz.300763,锦浪科技
2026-05-25,2026-06-30,sz.300857,协创数据
2026-05-25,2026-06-30,sz.300888,稳健医疗
2026-05-25,2026-06-30,sz.300919,中伟新材
2026-05-25,2026-06-30,sz.300957,贝泰妮
2026-05-25,2026-06-30,sz.300972,万辰集团
2026-05-25,2026-06-30,sz.301200,大族数控
2026-05-25,2026-06-30,sz.301301,川宁生物
2026-05-25,2026-06-30,sz.301308,江波龙
2026-05-25,2026-06-30,sz.301358,湖南裕能
2026-05-25,2026-06-30,sz.301498,乖宝宠物
2026-05-25,2026-06-30,sz.301536,星宸科技
2026-05-25,2026-06-30,sz.301611,珂玛科技
2026-05-25,2026-12-31,sh.600004,白云机场
2026-05-25,2026-12-31,sh.600007,中国国贸
2026-05-25,2026-12-31,sh.600008,首创环保
2026-05-25,2026-12-31,sh.600021,上海电力
2026-05-25,2026-12-31,sh.600032,浙江新能
2026-05-25,2026-12-31,sh.600038,中直股份
2026-05-25,2026-12-31,sh.600060,海信视像
2026-05-25,2026-12-31,sh.600062,华润双鹤
2026-05-25,2026-12-31,sh.600095,湘财股份
2026-05-25,2026-12-31,sh.600096,云天化
2026-05-25,2026-12-31,sh.600098,广州发展
2026-05-25,2026-12-31,sh.600109,国金证券
2026-05-25,2026-12-31,sh.600118,中国卫星
2026-05-25,2026-12-31,sh.600126,杭钢股份
2026-05-25,2026-12-31,sh.600131,国网信通
2026-05-25,2026-12-31,sh.600132,重庆啤酒
2026-05-25,2026-12-31,sh.600141,兴发集团
2026-05-25,2026-12-31,sh.600143,金发科技
2026-05-25,2026-12-31,sh.600153,建发股份
2026-05-25,2026-12-31,sh.600157,永泰能源
2026-05-25,2026-12-31,sh.600166,福田汽车
2026-05-25,2026-12-31,sh.600170,上海建工
2026-05-25,2026-12-31,sh.600171,上海贝岭
2026-05-25,2026-12-31,sh.600177,雅戈尔
2026-05-25,2026-12-31,sh.600208,衢州发展
2026-05-25,2026-12-31,sh.600282,南钢股份
2026-05-25,2026-12-31,sh.600295,鄂尔多斯
2026-05-25,2026-12-31,sh.600298,安琪酵母
2026-05-25,2026-12-31,sh.600299,安迪苏
2026-05-25,2026-12-31,sh.600312,平高电气
2026-05-25,2026-12-31,sh.600316,洪都航空
2026-05-25,2026-12-31,sh.600329,达仁堂
2026-05-25,2026-12-31,sh.600332,白云山
2026-05-25,2026-12-31,sh.600339,中油工程
2026-05-25,2026-12-31,sh.600348,华阳股份
2026-05-25,2026-12-31,sh.600352,浙江龙盛
2026-05-25,2026-12-31,sh.600363,联创光电
2026-05-25,2026-12-31,sh.600369,西南证券
2026-05-25,2026-12-31,sh.600378,昊华科技
2026-05-25,2026-12-31,sh.600380,健康元
2026-05-25,2026-12-31,sh.600390,五矿资本
2026-05-25,2026-12-31,sh.600392,盛和资源
2026-05-25,2026-12-31,sh.600398,海澜之家
2026-05-25,2026-12-31,sh.600435,北方导航
2026-05-25,2026-12-31,sh.600483,福能股份
2026-05-25,2026-12-31,sh.600486,扬农化工
2026-05-25,2026-12-31,sh.600487,亨通光电
2026-05-25,2026-12-31,sh.600497,驰宏锌锗
2026-05-25,2026-12-31,sh.600498,烽火通信
2026-05-25,2026-12-31,sh.600499,科达制造
2026-05-25,2026-12-31,sh.600511,国药股份
2026-05-25,2026-12-31,sh.600516,方大炭素
2026-05-25,2026-12-31,sh.600517,国网英大
2026-05-25,2026-12-31,sh.600521,华海药业
2026-05-25,2026-12-31,sh.600528,中铁工业
2026-05-25,2026-12-31,sh.600535,天士力
2026-05-25,2026-12-31,sh.600536,中国软件
2026-05-25,2026-12-31,sh.600546,山煤国际
2026-05-25,2026-12-31,sh.600549,厦门钨业
2026-05-25,2026-12-31,sh.600562,国睿科技
2026-05-25,2026-12-31,sh.600563,法拉电子
2026-05-25,2026-12-31,sh.600566,济川药业
2026-05-25,2026-12-31,sh.600578,京能电力
2026-05-25,2026-12-31,sh.600580,卧龙电驱
2026-05-25,2026-12-31,sh.600582,天地科技
2026-05-25,2026-12-31,sh.600583,海油工程
2026-05-25,2026-12-31,sh.600598,北大荒
2026-05-25,2026-12-31,sh.600601,方正科技
2026-05-25,2026-12-31,sh.600602,云赛智联
2026-05-25,2026-12-31,sh.600606,绿地控股
2026-05-25,2026-12-31,sh.600637,东方明珠
2026-05-25,2026-12-31,sh.600642,申能股份
2026-05-25,2026-12-31,sh.600655,豫园股份
2026-05-25,2026-12-31,sh.600663,陆家嘴
2026-05-25,2026-12-31,sh.600673,东阳光
2026-05-25,2026-12-31,sh.600685,中船防务
2026-05-25,2026-12-31,sh.600688,上海石化
2026-05-25,2026-12-31,sh.600699,均胜电子
2026-05-25,2026-12-31,sh.600704,物产中大
2026-05-25,2026-12-31,sh.600707,彩虹股份
2026-05-25,2026-12-31,sh.600720,中交设计
2026-05-25,2026-12-31,sh.600737,中粮糖业
2026-05-25,2026-12-31,sh.600739,辽宁成大
2026-05-25,2026-12-31,sh.600754,锦江酒店
2026-05-25,2026-12-31,sh.600763,通策医疗
2026-05-25,2026-12-31,sh.600764,中国海防
2026-05-25,2026-12-31,sh.600765,中航重机
2026-05-25,2026-12-31,sh.600801,华新建材
2026-05-25,2026-12-31,sh.600808,马钢股份
2026-05-25,2026-12-31,sh.600816,建元信托
2026-05-25,2026-12-31,sh.600820,隧道股份
2026-05-25,2026-12-31,sh.600848,上海临港
2026-05-25,2026-12-31,sh.600862,中航高科
2026-05-25,2026-12-31,sh.600863,华能蒙电
2026-05-25,2026-12-31,sh.600871,石化油服
2026-05-25,2026-12-31,sh.600873,梅花生物
2026-05-25,2026-12-31,sh.600879,航天电子
2026-05-25,2026-12-31,sh.600884,杉杉股份
2026-05-25,2026-12-31,sh.600885,宏发股份
2026-05-25,2026-12-31,sh.600901,江苏金租
2026-05-25,2026-12-31,sh.600906,财达证券
2026-05-25,2026-12-31,sh.600909,华安证券
2026-05-25,2026-12-31,sh.600927,永安期货
2026-05-25,2026-12-31,sh.600959,江苏有线
2026-05-25,2026-12-31,sh.600967,内蒙一机
2026-05-25,2026-12-31,sh.600968,海油发展
2026-05-25,2026-12-31,sh.600970,中材国际
2026-05-25,2026-12-31,sh.600977,中国电影
2026-05-25,2026-12-31,sh.600985,淮北矿业
2026-05-25,2026-12-31,sh.600988,赤峰黄金
2026-05-25,2026-12-31,sh.600995,南网储能
2026-05-25,2026-12-31,sh.600998,九州通
2026-05-25,2026-12-31,sh.601000,唐山港
2026-05-25,2026-12-31,sh.601001,晋控煤业
2026-05-25,2026-12-31,sh.601016,节能风电
2026-05-25,2026-12-31,sh.601019,山东出版
2026-05-25,2026-12-31,sh.601061,中信金属
2026-05-25,2026-12-31,sh.601098,中南传媒
2026-05-25,2026-12-31,sh.601099,太平洋
2026-05-25,2026-12-31,sh.601106,中国一重
2026-05-25,2026-12-31,sh.601108,财通证券
2026-05-25,2026-12-31,sh.601118,海南橡胶
2026-05-25,2026-12-31,sh.601128,常熟银行
2026-05-25,2026-12-31,sh.601139,深圳燃气
2026-05-25,2026-12-31,sh.601155,新城控股
2026-05-25,2026-12-31,sh.601156,东航物流
2026-05-25,2026-12-31,sh.601162,天风证券
2026-05-25,2026-12-31,sh.601168,西部矿业
2026-05-25,2026-12-31,sh.601179,中国西电
2026-05-25,2026-12-31,sh.601198,东兴证券
2026-05-25,2026-12-31,sh.601212,白银有色
2026-05-25,2026-12-31,sh.601216,君正集团
2026-05-25,2026-12-31,sh.601228,广州港
2026-05-25,2026-12-31,sh.601231,环旭电子
2026-05-25,2026-12-31,sh.601233,桐昆股份
2026-05-25,2026-12-31,sh.601333,广深铁路
2026-05-25,2026-12-31,sh.601399,国机重装
2026-05-25,2026-12-31,sh.601555,东吴证券
2026-05-25,2026-12-31,sh.601567,三星电气
2026-05-25,2026-12-31,sh.601577,长沙银行
2026-05-25,2026-12-31,sh.601598,中国外运
2026-05-25,2026-12-31,sh.601608,中信重工
2026-05-25,2026-12-31,sh.601611,中国核建
2026-05-25,2026-12-31,sh.601615,明阳智能
2026-05-25,2026-12-31,sh.601665,齐鲁银行
2026-05-25,2026-12-31,sh.601666,平煤股份
2026-05-25,2026-12-31,sh.601696,中银证券
2026-05-25,2026-12-31,sh.601699,潞安环能
2026-05-25,2026-12-31,sh.601717,中创智领
2026-05-25,2026-12-31,sh.601799,星宇股份
2026-05-25,2026-12-31,sh.601865,福莱特
2026-05-25,2026-12-31,sh.601866,中远海发
2026-05-25,2026-12-31,sh.601880,辽港股份
2026-05-25,2026-12-31,sh.601918,新集能源
2026-05-25,2026-12-31,sh.601921,浙版传媒
2026-05-25,2026-12-31,sh.601928,凤凰传媒
2026-05-25,2026-12-31,sh.601958,金钼股份
2026-05-25,2026-12-31,sh.601965,中国汽研
2026-05-25,2026-12-31,sh.601966,玲珑轮胎
2026-05-25,2026-12-31,sh.601990,南京证券
2026-05-25,2026-12-31,sh.601991,大唐发电
2026-05-25,2026-12-31,sh.601997,贵阳银行
2026-05-25,2026-12-31,sh.603000,人民网
2026-05-25,2026-12-31,sh.603049,中策橡胶
2026-05-25,2026-12-31,sh.603077,和邦生物
2026-05-25,2026-12-31,sh.603087,甘李药业
2026-05-25,2026-12-31,sh.603129,春风动力
2026-05-25,2026-12-31,sh.603156,养元饮品
2026-05-25,2026-12-31,sh.603160,汇顶科技
2026-05-25,2026-12-31,sh.603179,新泉股份
2026-05-25,2026-12-31,sh.603225,新凤鸣
2026-05-25,2026-12-31,sh.603228,景旺电子
2026-05-25,2026-12-31,sh.603233,大参林
2026-05-25,2026-12-31,sh.603290,斯达半导
2026-05-25,2026-12-31,sh.603298,杭叉集团
2026-05-25,2026-12-31,sh.603338,浙江鼎力
2026-05-25,2026-12-31,sh.603341,龙旗科技
2026-05-25,2026-12-31,sh.603345,安井食品
2026-05-25,2026-12-31,sh.603379,三美股份
2026-05-25,2026-12-31,sh.603444,吉比特
2026-05-25,2026-12-31,sh.603486,科沃斯
2026-05-25,2026-12-31,sh.603529,爱玛科技
2026-05-25,2026-12-31,sh.603565,中谷物流
2026-05-25,2026-12-31,sh.603568,伟明环保
2026-05-25,2026-12-31,sh.603589,口子窖
2026-05-25,2026-12-31,sh.603596,伯特利
2026-05-25,2026-12-31,sh.603605,珀莱雅
2026-05-25,2026-12-31,sh.603606,东方电缆
2026-05-25,2026-12-31,sh.603650,彤程新材
2026-05-25,2026-12-31,sh.603658,安图生物
2026-05-25,2026-12-31,sh.603659,璞泰来
2026-05-25,2026-12-31,sh.603688,石英股份
2026-05-25,2026-12-31,sh.603699,纽威股份
2026-05-25,2026-12-31,sh.603707,健友股份
2026-05-25,2026-12-31,sh.603728,鸣志电器
2026-05-25,2026-12-31,sh.603737,三棵树
2026-05-25,2026-12-31,sh.603766,隆鑫通用
2026-05-25,2026-12-31,sh.603786,科博达
2026-05-25,2026-12-31,sh.603806,福斯特
2026-05-25,2026-12-31,sh.603816,顾家家居
2026-05-25,2026-12-31,sh.603833,欧派家居
2026-05-25,2026-12-31,sh.603858,步长制药
2026-05-25,2026-12-31,sh.603885,吉祥航空
2026-05-25,2026-12-31,sh.603899,晨光股份
2026-05-25,2026-12-31,sh.603920,世运电路
2026-05-25,2026-12-31,sh.603927,中科软
2026-05-25,2026-12-31,sh.603939,益丰药房
2026-05-25,2026-12-31,sh.603979,金诚信
2026-05-25,2026-12-31,sh.605358,立昂微
2026-05-25,2026-12-31,sh.605589,圣泉集团
2026-05-25,2026-12-31,sh.688002,睿创微纳
2026-05-25,2026-12-31,sh.688017,绿的谐波
2026-05-25,2026-12-31,sh.688018,乐鑫科技
2026-05-25,2026-12-31,sh.688019,安集科技
2026-05-25,2026-12-31,sh.688027,国盾量子
2026-05-25,2026-12-31,sh.688037,芯源微
2026-05-25,2026-12-31,sh.688052,纳芯微
2026-05-25,2026-12-31,sh.688065,凯赛生物
2026-05-25,2026-12-31,sh.688099,晶晨股份
2026-05-25,2026-12-31,sh.688100,威胜信息
2026-05-25,2026-12-31,sh.688114,华大智造
2026-05-25,2026-12-31,sh.688120,华海清科
2026-05-25,2026-12-31,sh.688122,西部超导
2026-05-25,2026-12-31,sh.688166,博瑞医药
2026-05-25,2026-12-31,sh.688172,燕东微
2026-05-25,2026-12-31,sh.688180,君实生物
2026-05-25,2026-12-31,sh.688183,生益电子
2026-05-25,2026-12-31,sh.688188,柏楚电子
2026-05-25,2026-12-31,sh.688192,迪哲医药
2026-05-25,2026-12-31,sh.688213,思特威
2026-05-25,2026-12-31,sh.688220,翱捷科技
2026-05-25,2026-12-31,sh.688234,天岳先进
2026-05-25,2026-12-31,sh.688235,百济神州
2026-05-25,2026-12-31,sh.688248,南网科技
2026-05-25,2026-12-31,sh.688266,泽璟制药
2026-05-25,2026-12-31,sh.688278,特宝生物
2026-05-25,2026-12-31,sh.688281,华秦科技
2026-05-25,2026-12-31,sh.688295,中复神鹰
2026-05-25,2026-12-31,sh.688297,中无人机
2026-05-25,2026-12-31,sh.688301,奕瑞科技
2026-05-25,2026-12-31,sh.688318,财富趋势
2026-05-25,2026-12-31,sh.688322,奥比中光
2026-05-25,2026-12-31,sh.688336,三生国健
2026-05-25,2026-12-31,sh.688347,华虹公司
2026-05-25,2026-12-31,sh.688349,三一重能
2026-05-25,2026-12-31,sh.688361,中科飞测
2026-05-25,2026-12-31,sh.688363,华熙生物
2026-05-25,2026-12-31,sh.688375,国博电子
2026-05-25,2026-12-31,sh.688385,复旦微电
2026-05-25,2026-12-31,sh.688387,信科移动
2026-05-25,2026-12-31,sh.688425,铁建重工
2026-05-25,2026-12-31,sh.688469,芯联集成
2026-05-25,2026-12-31,sh.688475,萤石网络
2026-05-25,2026-12-31,sh.688520,神州细胞
2026-05-25,2026-12-31,sh.688525,佰维存储
2026-05-25,2026-12-31,sh.688538,和辉光电
2026-05-25,2026-12-31,sh.688561,奇安信
2026-05-25,2026-12-31,sh.688563,航材股份
2026-05-25,2026-12-31,sh.688568,中科星图
2026-05-25,2026-12-31,sh.688578,艾力斯
2026-05-25,2026-12-31,sh.688582,芯动联科
2026-05-25,2026-12-31,sh.688599,天合光能
2026-05-25,2026-12-31,sh.688608,恒玄科技
2026-05-25,2026-12-31,sh.688615,合合信息
2026-05-25,2026-12-31,sh.688617,惠泰医疗
2026-05-25,2026-12-31,sh.688629,华丰科技
2026-05-25,2026-12-31,sh.688676,金盘科技
2026-05-25,2026-12-31,sh.688692,达梦数据
2026-05-25,2026-12-31,sh.688702,盛科通信
2026-05-25,2026-12-31,sh.688709,成都华微
2026-05-25,2026-12-31,sh.688728,格科微
2026-05-25,2026-12-31,sh.688772,珠海冠宇
2026-05-25,2026-12-31,sh.688777,中控技术
2026-05-25,2026-12-31,sh.688778,厦钨新能
2026-05-25,2026-12-31,sh.688819,天能股份
2026-05-25,2026-12-31,sh.689009,九号公司
2026-05-25,2026-12-31,sz.000009,中国宝安
2026-05-25,2026-12-31,sz.000021,深科技
2026-05-25,2026-12-31,sz.000027,深圳能源
2026-05-25,2026-12-31,sz.000032,深桑达A
2026-05-25,2026-12-31,sz.000034,神州数码
2026-05-25,2026-12-31,sz.000039,中集集团
2026-05-25,2026-12-31,sz.000050,深天马A
2026-05-25,2026-12-31,sz.000060,中金岭南
2026-05-25,2026-12-31,sz.000062,深圳华强
2026-05-25,2026-12-31,sz.000088,盐田港
2026-05-25,2026-12-31,sz.000155,川能动力
2026-05-25,2026-12-31,sz.000400,许继电气
2026-05-25,2026-12-31,sz.000415,渤海租赁
2026-05-25,2026-12-31,sz.000423,东阿阿胶
2026-05-25,2026-12-31,sz.000426,兴业银锡
2026-05-25,2026-12-31,sz.000429,粤高速A
2026-05-25,2026-12-31,sz.000513,丽珠集团
2026-05-25,2026-12-31,sz.000519,中兵红箭
2026-05-25,2026-12-31,sz.000528,柳工
2026-05-25,2026-12-31,sz.000537,绿发电力
2026-05-25,2026-12-31,sz.000539,粤电力A
2026-05-25,2026-12-31,sz.000559,万向钱潮
2026-05-25,2026-12-31,sz.000563,陕国投A
2026-05-25,2026-12-31,sz.000582,北部湾港
2026-05-25,2026-12-31,sz.000591,太阳能
2026-05-25,2026-12-31,sz.000598,兴蓉环境
2026-05-25,2026-12-31,sz.000623,吉林敖东
2026-05-25,2026-12-31,sz.000629,钒钛股份
2026-05-25,2026-12-31,sz.000657,中钨高新
2026-05-25,2026-12-31,sz.000683,博源化工
2026-05-25,2026-12-31,sz.000703,恒逸石化
2026-05-25,2026-12-31,sz.000709,河钢股份
2026-05-25,2026-12-31,sz.000723,美锦能源
2026-05-25,2026-12-31,sz.000728,国元证券
2026-05-25,2026-12-31,sz.000729,燕京啤酒
2026-05-25,2026-12-31,sz.000733,振华科技
2026-05-25,2026-12-31,sz.000738,航发控制
2026-05-25,2026-12-31,sz.000739,普洛药业
2026-05-25,2026-12-31,sz.000750,国海证券
2026-05-25,2026-12-31,sz.000783,长江证券
2026-05-25,2026-12-31,sz.000785,居然智家
2026-05-25,2026-12-31,sz.000825,太钢不锈
2026-05-25,2026-12-31,sz.000830,鲁西化工
2026-05-25,2026-12-31,sz.000831,中国稀土
2026-05-25,2026-12-31,sz.000878,云南铜业
2026-05-25,2026-12-31,sz.000883,湖北能源
2026-05-25,2026-12-31,sz.000887,中鼎股份
2026-05-25,2026-12-31,sz.000893,亚钾国际
2026-05-25,2026-12-31,sz.000898,鞍钢股份
2026-05-25,2026-12-31,sz.000921,海信家电
2026-05-25,2026-12-31,sz.000932,华菱钢铁
2026-05-25,2026-12-31,sz.000933,神火股份
2026-05-25,2026-12-31,sz.000937,冀中能源
2026-05-25,2026-12-31,sz.000951,中国重汽
2026-05-25,2026-12-31,sz.000958,电投产融
2026-05-25,2026-12-31,sz.000959,首钢股份
2026-05-25,2026-12-31,sz.000960,锡业股份
2026-05-25,2026-12-31,sz.000967,盈峰环境
2026-05-25,2026-12-31,sz.000987,越秀资本
2026-05-25,2026-12-31,sz.000997,新大陆
2026-05-25,2026-12-31,sz.001213,中铁特货
2026-05-25,2026-12-31,sz.001221,悍高集团
2026-05-25,2026-12-31,sz.001286,陕西能源
2026-05-25,2026-12-31,sz.001389,广合科技
2026-05-25,2026-12-31,sz.001696,宗申动力
2026-05-25,2026-12-31,sz.002007,华兰生物
2026-05-25,2026-12-31,sz.002008,大族激光
2026-05-25,2026-12-31,sz.002025,航天电器
2026-05-25,2026-12-31,sz.002032,苏泊尔
2026-05-25,2026-12-31,sz.002044,美年健康
2026-05-25,2026-12-31,sz.002056,横店东磁
2026-05-25,2026-12-31,sz.002064,华峰化学
2026-05-25,2026-12-31,sz.002065,东华软件
2026-05-25,2026-12-31,sz.002078,太阳纸业
2026-05-25,2026-12-31,sz.002080,中材科技
2026-05-25,2026-12-31,sz.002085,万丰奥威
2026-05-25,2026-12-31,sz.002120,韵达股份
2026-05-25,2026-12-31,sz.002126,银轮股份
2026-05-25,2026-12-31,sz.002128,电投能源
2026-05-25,2026-12-31,sz.002130,沃尔核材
2026-05-25,2026-12-31,sz.002131,利欧股份
2026-05-25,2026-12-31,sz.002138,顺络电子
2026-05-25,2026-12-31,sz.002152,广电运通
2026-05-25,2026-12-31,sz.002153,石基信息
2026-05-25,2026-12-31,sz.002155,湖南黄金
2026-05-25,2026-12-31,sz.002156,通富微电
2026-05-25,2026-12-31,sz.002157,正邦科技
2026-05-25,2026-12-31,sz.002185,华天科技
2026-05-25,2026-12-31,sz.002195,岩山科技
2026-05-25,2026-12-31,sz.002202,金风科技
2026-05-25,2026-12-31,sz.002203,海亮股份
2026-05-25,2026-12-31,sz.002223,鱼跃医疗
2026-05-25,2026-12-31,sz.002244,滨江集团
2026-05-25,2026-12-31,sz.002261,拓维信息
2026-05-25,2026-12-31,sz.002262,恩华药业
2026-05-25,2026-12-31,sz.002265,建设工业
2026-05-25,2026-12-31,sz.002266,浙富控股
2026-05-25,2026-12-31,sz.002271,东方雨虹
2026-05-25,2026-12-31,sz.002273,水晶光电
2026-05-25,2026-12-31,sz.002281,光迅科技
2026-05-25,2026-12-31,sz.002294,信立泰
2026-05-25,2026-12-31,sz.002299,圣农发展
2026-05-25,2026-12-31,sz.002312,川发龙蟒
2026-05-25,2026-12-31,sz.002318,久立特材
2026-05-25,2026-12-31,sz.002335,科华数据
2026-05-25,2026-12-31,sz.002340,格林美
2026-05-25,2026-12-31,sz.002353,杰瑞股份
2026-05-25,2026-12-31,sz.002372,伟星新材
2026-05-25,2026-12-31,sz.002385,大北农
2026-05-25,2026-12-31,sz.002402,和而泰
2026-05-25,2026-12-31,sz.002409,雅克科技
2026-05-25,2026-12-31,sz.002410,广联达
2026-05-25,2026-12-31,sz.002414,高德红外
2026-05-25,2026-12-31,sz.002423,中粮资本
2026-05-25,2026-12-31,sz.002429,兆驰股份
2026-05-25,2026-12-31,sz.002430,杭氧股份
2026-05-25,2026-12-31,sz.002432,九安医疗
2026-05-25,2026-12-31,sz.002436,兴森科技
2026-05-25,2026-12-31,sz.002439,启明星辰
2026-05-25,2026-12-31,sz.002444,巨星科技
2026-05-25,2026-12-31,sz.002461,珠江啤酒
2026-05-25,2026-12-31,sz.002465,海格通信
2026-05-25,2026-12-31,sz.002472,双环传动
2026-05-25,2026-12-31,sz.002500,山西证券
2026-05-25,2026-12-31,sz.002508,老板电器
2026-05-25,2026-12-31,sz.002517,恺英网络
2026-05-25,2026-12-31,sz.002532,天山铝业
2026-05-25,2026-12-31,sz.002558,巨人网络
2026-05-25,2026-12-31,sz.002568,百润股份
2026-05-25,2026-12-31,sz.002583,海能达
2026-05-25,2026-12-31,sz.002595,豪迈科技
2026-05-25,2026-12-31,sz.002603,以岭药业
2026-05-25,2026-12-31,sz.002607,中公教育
2026-05-25,2026-12-31,sz.002608,江苏国信
2026-05-25,2026-12-31,sz.002624,完美世界
2026-05-25,2026-12-31,sz.002670,国盛证券
2026-05-25,2026-12-31,sz.002673,西部证券
2026-05-25,2026-12-31,sz.002683,广东宏大
2026-05-25,2026-12-31,sz.002738,中矿资源
2026-05-25,2026-12-31,sz.002739,儒意电影
2026-05-25,2026-12-31,sz.002756,永兴材料
2026-05-25,2026-12-31,sz.002773,康弘药业
2026-05-25,2026-12-31,sz.002797,第一创业
2026-05-25,2026-12-31,sz.002821,凯莱英
2026-05-25,2026-12-31,sz.002831,裕同科技
2026-05-25,2026-12-31,sz.002837,英维克
2026-05-25,2026-12-31,sz.002841,视源股份
2026-05-25,2026-12-31,sz.002850,科达利
2026-05-25,2026-12-31,sz.002851,麦格米特
2026-05-25,2026-12-31,sz.002926,华西证券
2026-05-25,2026-12-31,sz.002939,长城证券
2026-05-25,2026-12-31,sz.002945,华林证券
2026-05-25,2026-12-31,sz.002958,青农商行
2026-05-25,2026-12-31,sz.002966,苏州银行
2026-05-25,2026-12-31,sz.002984,森麒麟
2026-05-25,2026-12-31,sz.003021,兆威机电
2026-05-25,2026-12-31,sz.003022,联泓新科
2026-05-25,2026-12-31,sz.003031,中瓷电子
2026-05-25,2026-12-31,sz.003035,南网能源
2026-05-25,2026-12-31,sz.300001,特锐德
2026-05-25,2026-12-31,sz.300002,神州泰岳
2026-05-25,2026-12-31,sz.300003,乐普医疗
2026-05-25,2026-12-31,sz.300012,华测检测
2026-05-25,2026-12-31,sz.300017,网宿科技
2026-05-25,2026-12-31,sz.300024,机器人
2026-05-25,2026-12-31,sz.300037,新宙邦
2026-05-25,2026-12-31,sz.300054,鼎龙股份
2026-05-25,2026-12-31,sz.300058,蓝色光标
2026-05-25,2026-12-31,sz.300070,碧水源
2026-05-25,2026-12-31,sz.300073,当升科技
2026-05-25,2026-12-31,sz.300100,双林股份
2026-05-25,2026-12-31,sz.300115,长盈精密
2026-05-25,2026-12-31,sz.300136,信维通信
2026-05-25,2026-12-31,sz.300140,节能环境
2026-05-25,2026-12-31,sz.300142,沃森生物
2026-05-25,2026-12-31,sz.300144,宋城演艺
2026-05-25,2026-12-31,sz.300146,汤臣倍健
2026-05-25,2026-12-31,sz.300207,欣旺达
2026-05-25,2026-12-31,sz.300223,北京君正
2026-05-25,2026-12-31,sz.300285,国瓷材料
2026-05-25,2026-12-31,sz.300339,润和软件
2026-05-25,2026-12-31,sz.300346,南大光电
2026-05-25,2026-12-31,sz.300373,扬杰科技
2026-05-25,2026-12-31,sz.300383,光环新网
2026-05-25,2026-12-31,sz.300390,天华新能
2026-05-25,2026-12-31,sz.300395,菲利华
2026-05-25,2026-12-31,sz.300432,富临精工
2026-05-25,2026-12-31,sz.300450,先导智能
2026-05-25,2026-12-31,sz.300454,深信服
2026-05-25,2026-12-31,sz.300458,全志科技
2026-05-25,2026-12-31,sz.300474,景嘉微
2026-05-25,2026-12-31,sz.300487,蓝晓科技
2026-05-25,2026-12-31,sz.300496,中科创达
2026-05-25,2026-12-31,sz.300529,健帆生物
2026-05-25,2026-12-31,sz.300558,贝达药业
2026-05-25,2026-12-31,sz.300567,精测电子
2026-05-25,2026-12-31,sz.300570,太辰光
2026-05-25,2026-12-31,sz.300601,康泰生物
2026-05-25,2026-12-31,sz.300604,长川科技
2026-05-25,2026-12-31,sz.300623,捷捷微电
2026-05-25,2026-12-31,sz.300627,华测导航
2026-05-25,2026-12-31,sz.300676,华大基因
2026-05-25,2026-12-31,sz.300677,英科医疗
2026-05-25,2026-12-31,sz.300679,电连技术
2026-05-25,2026-12-31,sz.300699,光威复材
2026-05-25,2026-12-31,sz.300718,长盛轴承
2026-05-25,2026-12-31,sz.300724,捷佳伟创
2026-05-25,2026-12-31,sz.300735,光弘科技
2026-05-25,2026-12-31,sz.300748,金力永磁
2026-05-25,2026-12-31,sz.300751,迈为股份
2026-05-25,2026-12-31,sz.300757,罗博特科
2026-05-25,2026-12-31,sz.300763,锦浪科技
2026-05-25,2026-12-31,sz.300857,协创数据
2026-05-25,2026-12-31,sz.300888,稳健医疗
2026-05-25,2026-12-31,sz.300919,中伟新材
2026-05-25,2026-12-31,sz.300957,贝泰妮
2026-05-25,2026-12-31,sz.300972,万辰集团
2026-05-25,2026-12-31,sz.301200,大族数控
2026-05-25,2026-12-31,sz.301301,川宁生物
2026-05-25,2026-12-31,sz.301308,江波龙
2026-05-25,2026-12-31,sz.301358,湖南裕能
2026-05-25,2026-12-31,sz.301498,乖宝宠物
2026-05-25,2026-12-31,sz.301536,星宸科技
2026-05-25,2026-12-31,sz.301611,珂玛科技
