code,effective_date
600000,2006-04-01
600001,2006-04-01
600002,2006-04-01
600004,2006-04-01
600005,2006-04-01
600006,2006-04-01
600007,2006-04-01
600008,2006-04-01
600009,2006-04-01
600010,2006-04-01
600011,2006-04-01
600012,2006-04-01
600015,2006-04-01
600016,2006-04-01
600018,2006-04-01
600019,2006-04-01
600020,2006-04-01
600021,2006-04-01
600022,2006-04-01
600026,2006-04-01
600027,2006-04-01
600028,2006-04-01
600029,2006-04-01
600030,2006-04-01
600031,2006-04-01
600033,2006-04-01
600035,2006-04-01
600036,2006-04-01
600037,2006-04-01
600050,2006-04-01
600057,2006-04-01
600058,2006-04-01
600060,2006-04-01
600062,2006-04-01
600068,2006-04-01
600073,2006-04-01
600078,2006-04-01
600085,2006-04-01
600087,2006-04-01
600088,2006-04-01
600089,2006-04-01
600091,2006-04-01
600096,2006-04-01
600098,2006-04-01
600100,2006-04-01
600102,2006-04-01
600103,2006-04-01
600104,2006-04-01
600108,2006-04-01
600110,2006-04-01
600115,2006-04-01
600117,2006-04-01
600121,2006-04-01
600123,2006-04-01
600125,2006-04-01
600126,2006-04-01
600138,2006-04-01
600153,2006-04-01
600166,2006-04-01
600170,2006-04-01
600171,2006-04-01
600177,2006-04-01
600183,2006-04-01
600188,2006-04-01
600190,2006-04-01
600196,2006-04-01
600198,2006-04-01
600200,2006-04-01
600205,2006-04-01
600207,2006-04-01
600210,2006-04-01
600215,2006-04-01
600220,2006-04-01
600221,2006-04-01
600231,2006-04-01
600236,2006-04-01
600256,2006-04-01
600266,2006-04-01
600267,2006-04-01
600269,2006-04-01
600270,2006-04-01
600282,2006-04-01
600296,2006-04-01
600307,2006-04-01
600308,2006-04-01
600309,2006-04-01
600320,2006-04-01
600331,2006-04-01
600333,2006-04-01
600339,2006-04-01
600348,2006-04-01
600350,2006-04-01
600357,2006-04-01
600362,2006-04-01
600377,2006-04-01
600380,2006-04-01
600383,2006-04-01
600399,2006-04-01
600408,2006-04-01
600418,2006-04-01
600428,2006-04-01
600500,2006-04-01
600508,2006-04-01
600519,2006-04-01
600548,2006-04-01
600550,2006-04-01
600569,2006-04-01
600581,2006-04-01
600583,2006-04-01
600585,2006-04-01
600591,2006-04-01
600597,2006-04-01
600598,2006-04-01
600600,2006-04-01
600601,2006-04-01
600602,2006-04-01
600608,2006-04-01
600621,2006-04-01
600631,2006-04-01
600635,2006-04-01
600637,2006-04-01
600639,2006-04-01
600642,2006-04-01
600643,2006-04-01
600649,2006-04-01
600652,2006-04-01
600653,2006-04-01
600654,2006-04-01
600660,2006-04-01
600662,2006-04-01
600663,2006-04-01
600674,2006-04-01
600675,2006-04-01
600688,2006-04-01
600690,2006-04-01
600694,2006-04-01
600705,2006-04-01
600707,2006-04-01
600717,2006-04-01
600718,2006-04-01
600724,2006-04-01
600726,2006-04-01
600739,2006-04-01
600740,2006-04-01
600741,2006-04-01
600744,2006-04-01
600747,2006-04-01
600770,2006-04-01
600779,2006-04-01
600780,2006-04-01
600786,2006-04-01
600790,2006-04-01
600795,2006-04-01
600797,2006-04-01
600805,2006-04-01
600808,2006-04-01
600811,2006-04-01
600812,2006-04-01
600820,2006-04-01
600832,2006-04-01
600835,2006-04-01
600839,2006-04-01
600851,2006-04-01
600854,2006-04-01
600863,2006-04-01
600866,2006-04-01
600868,2006-04-01
600871,2006-04-01
600874,2006-04-01
600879,2006-04-01
600881,2006-04-01
600884,2006-04-01
600886,2006-04-01
600887,2006-04-01
600894,2006-04-01
600895,2006-04-01
600900,2006-04-01
600997,2006-04-01
601607,2006-04-01
000001,2006-04-01
000002,2006-04-01
000009,2006-04-01
000012,2006-04-01
000016,2006-04-01
000021,2006-04-01
000022,2006-04-01
000024,2006-04-01
000027,2006-04-01
000031,2006-04-01
000036,2006-04-01
000039,2006-04-01
000059,2006-04-01
000060,2006-04-01
000061,2006-04-01
000063,2006-04-01
000066,2006-04-01
000068,2006-04-01
000069,2006-04-01
000088,2006-04-01
000089,2006-04-01
000099,2006-04-01
000100,2006-04-01
000157,2006-04-01
000400,2006-04-01
000401,2006-04-01
000402,2006-04-01
000406,2006-04-01
000410,2006-04-01
000422,2006-04-01
000423,2006-04-01
000425,2006-04-01
000429,2006-04-01
000488,2006-04-01
000503,2006-04-01
000507,2006-04-01
000511,2006-04-01
000518,2006-04-01
000520,2006-04-01
000527,2006-04-01
000528,2006-04-01
000533,2006-04-01
000538,2006-04-01
000539,2006-04-01
000541,2006-04-01
000543,2006-04-01
000550,2006-04-01
000559,2006-04-01
000568,2006-04-01
000571,2006-04-01
000573,2006-04-01
000581,2006-04-01
000599,2006-04-01
000601,2006-04-01
000607,2006-04-01
000623,2006-04-01
000625,2006-04-01
000629,2006-04-01
000630,2006-04-01
000636,2006-04-01
000651,2006-04-01
000652,2006-04-01
000659,2006-04-01
000666,2006-04-01
000680,2006-04-01
000682,2006-04-01
000698,2006-04-01
000707,2006-04-01
000708,2006-04-01
000709,2006-04-01
000717,2006-04-01
000725,2006-04-01
000726,2006-04-01
000727,2006-04-01
000729,2006-04-01
000733,2006-04-01
000735,2006-04-01
000737,2006-04-01
000758,2006-04-01
000767,2006-04-01
000768,2006-04-01
000778,2006-04-01
000780,2006-04-01
000786,2006-04-01
000792,2006-04-01
000800,2006-04-01
000806,2006-04-01
000807,2006-04-01
000822,2006-04-01
000825,2006-04-01
000828,2006-04-01
000839,2006-04-01
000858,2006-04-01
000866,2006-04-01
000875,2006-04-01
000878,2006-04-01
000886,2006-04-01
000895,2006-04-01
000898,2006-04-01
000900,2006-04-01
000912,2006-04-01
000916,2006-04-01
000917,2006-04-01
000920,2006-04-01
000927,2006-04-01
000930,2006-04-01
000932,2006-04-01
000933,2006-04-01
000937,2006-04-01
000939,2006-04-01
000949,2006-04-01
000956,2006-04-01
000959,2006-04-01
000960,2006-04-01
000962,2006-04-01
000968,2006-04-01
000969,2006-04-01
000970,2006-04-01
000975,2006-04-01
000983,2006-04-01
002024,2006-04-01
600000,2006-04-02
600001,2006-04-02
600002,2006-04-02
600004,2006-04-02
600005,2006-04-02
600006,2006-04-02
600007,2006-04-02
600008,2006-04-02
600009,2006-04-02
600010,2006-04-02
600011,2006-04-02
600012,2006-04-02
600015,2006-04-02
600016,2006-04-02
600018,2006-04-02
600019,2006-04-02
600020,2006-04-02
600021,2006-04-02
600022,2006-04-02
600026,2006-04-02
600027,2006-04-02
600028,2006-04-02
600029,2006-04-02
600030,2006-04-02
600031,2006-04-02
600033,2006-04-02
600035,2006-04-02
600036,2006-04-02
600037,2006-04-02
600050,2006-04-02
600057,2006-04-02
600058,2006-04-02
600060,2006-04-02
600062,2006-04-02
600068,2006-04-02
600073,2006-04-02
600078,2006-04-02
600085,2006-04-02
600087,2006-04-02
600088,2006-04-02
600089,2006-04-02
600091,2006-04-02
600096,2006-04-02
600098,2006-04-02
600100,2006-04-02
600102,2006-04-02
600103,2006-04-02
600104,2006-04-02
600108,2006-04-02
600110,2006-04-02
600115,2006-04-02
600117,2006-04-02
600121,2006-04-02
600123,2006-04-02
600125,2006-04-02
600126,2006-04-02
600138,2006-04-02
600153,2006-04-02
600166,2006-04-02
600170,2006-04-02
600171,2006-04-02
600177,2006-04-02
600183,2006-04-02
600188,2006-04-02
600190,2006-04-02
600196,2006-04-02
600198,2006-04-02
600200,2006-04-02
600205,2006-04-02
600207,2006-04-02
600210,2006-04-02
600215,2006-04-02
600220,2006-04-02
600221,2006-04-02
600231,2006-04-02
600236,2006-04-02
600256,2006-04-02
600266,2006-04-02
600267,2006-04-02
600269,2006-04-02
600270,2006-04-02
600282,2006-04-02
600296,2006-04-02
600307,2006-04-02
600308,2006-04-02
600309,2006-04-02
600320,2006-04-02
600331,2006-04-02
600333,2006-04-02
600339,2006-04-02
600348,2006-04-02
600350,2006-04-02
600357,2006-04-02
600362,2006-04-02
600377,2006-04-02
600380,2006-04-02
600383,2006-04-02
600399,2006-04-02
600408,2006-04-02
600418,2006-04-02
600428,2006-04-02
600500,2006-04-02
600508,2006-04-02
600519,2006-04-02
600548,2006-04-02
600550,2006-04-02
600569,2006-04-02
600581,2006-04-02
600583,2006-04-02
600585,2006-04-02
600591,2006-04-02
600597,2006-04-02
600598,2006-04-02
600600,2006-04-02
600601,2006-04-02
600602,2006-04-02
600608,2006-04-02
600621,2006-04-02
600631,2006-04-02
600635,2006-04-02
600637,2006-04-02
600639,2006-04-02
600642,2006-04-02
600643,2006-04-02
600649,2006-04-02
600652,2006-04-02
600653,2006-04-02
600654,2006-04-02
600660,2006-04-02
600662,2006-04-02
600663,2006-04-02
600674,2006-04-02
600675,2006-04-02
600688,2006-04-02
600690,2006-04-02
600694,2006-04-02
600705,2006-04-02
600707,2006-04-02
600717,2006-04-02
600718,2006-04-02
600724,2006-04-02
600726,2006-04-02
600739,2006-04-02
600740,2006-04-02
600741,2006-04-02
600744,2006-04-02
600747,2006-04-02
600770,2006-04-02
600779,2006-04-02
600780,2006-04-02
600786,2006-04-02
600790,2006-04-02
600795,2006-04-02
600797,2006-04-02
600805,2006-04-02
600808,2006-04-02
600811,2006-04-02
600812,2006-04-02
600820,2006-04-02
600832,2006-04-02
600835,2006-04-02
600839,2006-04-02
600851,2006-04-02
600854,2006-04-02
600863,2006-04-02
600866,2006-04-02
600868,2006-04-02
600871,2006-04-02
600874,2006-04-02
600879,2006-04-02
600881,2006-04-02
600884,2006-04-02
600886,2006-04-02
600887,2006-04-02
600894,2006-04-02
600895,2006-04-02
600900,2006-04-02
600997,2006-04-02
601607,2006-04-02
000001,2006-04-02
000002,2006-04-02
000009,2006-04-02
000012,2006-04-02
000016,2006-04-02
000021,2006-04-02
000022,2006-04-02
000024,2006-04-02
000027,2006-04-02
000031,2006-04-02
000036,2006-04-02
000039,2006-04-02
000059,2006-04-02
000060,2006-04-02
000061,2006-04-02
000063,2006-04-02
000066,2006-04-02
000068,2006-04-02
000069,2006-04-02
000088,2006-04-02
000089,2006-04-02
000099,2006-04-02
000100,2006-04-02
000157,2006-04-02
000400,2006-04-02
000401,2006-04-02
000402,2006-04-02
000406,2006-04-02
000410,2006-04-02
000422,2006-04-02
000423,2006-04-02
000425,2006-04-02
000429,2006-04-02
000488,2006-04-02
000503,2006-04-02
000507,2006-04-02
000511,2006-04-02
000518,2006-04-02
000520,2006-04-02
000527,2006-04-02
000528,2006-04-02
000533,2006-04-02
000538,2006-04-02
000539,2006-04-02
000541,2006-04-02
000543,2006-04-02
000550,2006-04-02
000559,2006-04-02
000568,2006-04-02
000571,2006-04-02
000573,2006-04-02
000581,2006-04-02
000599,2006-04-02
000601,2006-04-02
000607,2006-04-02
000623,2006-04-02
000625,2006-04-02
000629,2006-04-02
000630,2006-04-02
000636,2006-04-02
000651,2006-04-02
000652,2006-04-02
000659,2006-04-02
000666,2006-04-02
000680,2006-04-02
000682,2006-04-02
000698,2006-04-02
000707,2006-04-02
000708,2006-04-02
000709,2006-04-02
000717,2006-04-02
000725,2006-04-02
000726,2006-04-02
000727,2006-04-02
000729,2006-04-02
000733,2006-04-02
000735,2006-04-02
000737,2006-04-02
000758,2006-04-02
000767,2006-04-02
000768,2006-04-02
000778,2006-04-02
000780,2006-04-02
000786,2006-04-02
000792,2006-04-02
000800,2006-04-02
000806,2006-04-02
000807,2006-04-02
000822,2006-04-02
000825,2006-04-02
000828,2006-04-02
000839,2006-04-02
000858,2006-04-02
000866,2006-04-02
000875,2006-04-02
000878,2006-04-02
000886,2006-04-02
000895,2006-04-02
000898,2006-04-02
000900,2006-04-02
000912,2006-04-02
000916,2006-04-02
000917,2006-04-02
000920,2006-04-02
000927,2006-04-02
000930,2006-04-02
000932,2006-04-02
000933,2006-04-02
000937,2006-04-02
000939,2006-04-02
000949,2006-04-02
000956,2006-04-02
000959,2006-04-02
000960,2006-04-02
000962,2006-04-02
000968,2006-04-02
000969,2006-04-02
000970,2006-04-02
000975,2006-04-02
000983,2006-04-02
002024,2006-04-02
600000,2006-04-03
600001,2006-04-03
600002,2006-04-03
600004,2006-04-03
600005,2006-04-03
600006,2006-04-03
600007,2006-04-03
600008,2006-04-03
600009,2006-04-03
600010,2006-04-03
600011,2006-04-03
600012,2006-04-03
600015,2006-04-03
600016,2006-04-03
600018,2006-04-03
600019,2006-04-03
600020,2006-04-03
600021,2006-04-03
600022,2006-04-03
600026,2006-04-03
600027,2006-04-03
600028,2006-04-03
600029,2006-04-03
600030,2006-04-03
600031,2006-04-03
600033,2006-04-03
600035,2006-04-03
600036,2006-04-03
600037,2006-04-03
600050,2006-04-03
600057,2006-04-03
600058,2006-04-03
600060,2006-04-03
600062,2006-04-03
600068,2006-04-03
600073,2006-04-03
600078,2006-04-03
600085,2006-04-03
600087,2006-04-03
600088,2006-04-03
600089,2006-04-03
600091,2006-04-03
600096,2006-04-03
600098,2006-04-03
600100,2006-04-03
600102,2006-04-03
600103,2006-04-03
600104,2006-04-03
600108,2006-04-03
600110,2006-04-03
600115,2006-04-03
600117,2006-04-03
600121,2006-04-03
600123,2006-04-03
600125,2006-04-03
600126,2006-04-03
600138,2006-04-03
600153,2006-04-03
600166,2006-04-03
600170,2006-04-03
600171,2006-04-03
600177,2006-04-03
600183,2006-04-03
600188,2006-04-03
600190,2006-04-03
600196,2006-04-03
600198,2006-04-03
600200,2006-04-03
600205,2006-04-03
600207,2006-04-03
600210,2006-04-03
600215,2006-04-03
600220,2006-04-03
600221,2006-04-03
600231,2006-04-03
600236,2006-04-03
600256,2006-04-03
600266,2006-04-03
600267,2006-04-03
600269,2006-04-03
600270,2006-04-03
600282,2006-04-03
600296,2006-04-03
600307,2006-04-03
600308,2006-04-03
600309,2006-04-03
600320,2006-04-03
600331,2006-04-03
600333,2006-04-03
600339,2006-04-03
600348,2006-04-03
600350,2006-04-03
600357,2006-04-03
600362,2006-04-03
600377,2006-04-03
600380,2006-04-03
600383,2006-04-03
600399,2006-04-03
600408,2006-04-03
600418,2006-04-03
600428,2006-04-03
600500,2006-04-03
600508,2006-04-03
600519,2006-04-03
600548,2006-04-03
600550,2006-04-03
600569,2006-04-03
600581,2006-04-03
600583,2006-04-03
600585,2006-04-03
600591,2006-04-03
600597,2006-04-03
600598,2006-04-03
600600,2006-04-03
600601,2006-04-03
600602,2006-04-03
600608,2006-04-03
600621,2006-04-03
600631,2006-04-03
600635,2006-04-03
600637,2006-04-03
600639,2006-04-03
600642,2006-04-03
600643,2006-04-03
600649,2006-04-03
600652,2006-04-03
600653,2006-04-03
600654,2006-04-03
600660,2006-04-03
600662,2006-04-03
600663,2006-04-03
600674,2006-04-03
600675,2006-04-03
600688,2006-04-03
600690,2006-04-03
600694,2006-04-03
600705,2006-04-03
600707,2006-04-03
600717,2006-04-03
600718,2006-04-03
600724,2006-04-03
600726,2006-04-03
600739,2006-04-03
600740,2006-04-03
600741,2006-04-03
600744,2006-04-03
600747,2006-04-03
600770,2006-04-03
600779,2006-04-03
600780,2006-04-03
600786,2006-04-03
600790,2006-04-03
600795,2006-04-03
600797,2006-04-03
600805,2006-04-03
600808,2006-04-03
600811,2006-04-03
600812,2006-04-03
600820,2006-04-03
600832,2006-04-03
600835,2006-04-03
600839,2006-04-03
600851,2006-04-03
600854,2006-04-03
600863,2006-04-03
600866,2006-04-03
600868,2006-04-03
600871,2006-04-03
600874,2006-04-03
600879,2006-04-03
600881,2006-04-03
600884,2006-04-03
600886,2006-04-03
600887,2006-04-03
600894,2006-04-03
600895,2006-04-03
600900,2006-04-03
600997,2006-04-03
601607,2006-04-03
000001,2006-04-03
000002,2006-04-03
000009,2006-04-03
000012,2006-04-03
000016,2006-04-03
000021,2006-04-03
000022,2006-04-03
000024,2006-04-03
000027,2006-04-03
000031,2006-04-03
000036,2006-04-03
000039,2006-04-03
000059,2006-04-03
000060,2006-04-03
000061,2006-04-03
000063,2006-04-03
000066,2006-04-03
000068,2006-04-03
000069,2006-04-03
000088,2006-04-03
000089,2006-04-03
000099,2006-04-03
000100,2006-04-03
000157,2006-04-03
000400,2006-04-03
000401,2006-04-03
000402,2006-04-03
000406,2006-04-03
000410,2006-04-03
000422,2006-04-03
000423,2006-04-03
000425,2006-04-03
000429,2006-04-03
000488,2006-04-03
000503,2006-04-03
000507,2006-04-03
000511,2006-04-03
000518,2006-04-03
000520,2006-04-03
000527,2006-04-03
000528,2006-04-03
000533,2006-04-03
000538,2006-04-03
000539,2006-04-03
000541,2006-04-03
000543,2006-04-03
000550,2006-04-03
000559,2006-04-03
000568,2006-04-03
000571,2006-04-03
000573,2006-04-03
000581,2006-04-03
000599,2006-04-03
000601,2006-04-03
000607,2006-04-03
000623,2006-04-03
000625,2006-04-03
000629,2006-04-03
000630,2006-04-03
000636,2006-04-03
000651,2006-04-03
000652,2006-04-03
000659,2006-04-03
000666,2006-04-03
000680,2006-04-03
000682,2006-04-03
000698,2006-04-03
000707,2006-04-03
000708,2006-04-03
000709,2006-04-03
000717,2006-04-03
000725,2006-04-03
000726,2006-04-03
000727,2006-04-03
000729,2006-04-03
000733,2006-04-03
000735,2006-04-03
000737,2006-04-03
000758,2006-04-03
000767,2006-04-03
000768,2006-04-03
000778,2006-04-03
000780,2006-04-03
000786,2006-04-03
000792,2006-04-03
000800,2006-04-03
000806,2006-04-03
000807,2006-04-03
000822,2006-04-03
000825,2006-04-03
000828,2006-04-03
000839,2006-04-03
000858,2006-04-03
000866,2006-04-03
000875,2006-04-03
000878,2006-04-03
000886,2006-04-03
000895,2006-04-03
000898,2006-04-03
000900,2006-04-03
000912,2006-04-03
000916,2006-04-03
000917,2006-04-03
000920,2006-04-03
000927,2006-04-03
000930,2006-04-03
000932,2006-04-03
000933,2006-04-03
000937,2006-04-03
000939,2006-04-03
000949,2006-04-03
000956,2006-04-03
000959,2006-04-03
000960,2006-04-03
000962,2006-04-03
000968,2006-04-03
000969,2006-04-03
000970,2006-04-03
000975,2006-04-03
000983,2006-04-03
002024,2006-04-03
600000,2006-04-28
600001,2006-04-28
600004,2006-04-28
600005,2006-04-28
600006,2006-04-28
600007,2006-04-28
600008,2006-04-28
600009,2006-04-28
600010,2006-04-28
600011,2006-04-28
600012,2006-04-28
600015,2006-04-28
600016,2006-04-28
600018,2006-04-28
600019,2006-04-28
600020,2006-04-28
600021,2006-04-28
600022,2006-04-28
600026,2006-04-28
600027,2006-04-28
600028,2006-04-28
600029,2006-04-28
600030,2006-04-28
600031,2006-04-28
600033,2006-04-28
600035,2006-04-28
600036,2006-04-28
600037,2006-04-28
600050,2006-04-28
600057,2006-04-28
600058,2006-04-28
600060,2006-04-28
600062,2006-04-28
600068,2006-04-28
600073,2006-04-28
600078,2006-04-28
600085,2006-04-28
600087,2006-04-28
600088,2006-04-28
600089,2006-04-28
600091,2006-04-28
600096,2006-04-28
600098,2006-04-28
600100,2006-04-28
600102,2006-04-28
600103,2006-04-28
600104,2006-04-28
600108,2006-04-28
600110,2006-04-28
600115,2006-04-28
600117,2006-04-28
600121,2006-04-28
600123,2006-04-28
600125,2006-04-28
600126,2006-04-28
600138,2006-04-28
600153,2006-04-28
600166,2006-04-28
600170,2006-04-28
600171,2006-04-28
600177,2006-04-28
600183,2006-04-28
600188,2006-04-28
600190,2006-04-28
600196,2006-04-28
600198,2006-04-28
600200,2006-04-28
600205,2006-04-28
600207,2006-04-28
600210,2006-04-28
600215,2006-04-28
600220,2006-04-28
600221,2006-04-28
600231,2006-04-28
600236,2006-04-28
600256,2006-04-28
600266,2006-04-28
600267,2006-04-28
600269,2006-04-28
600270,2006-04-28
600271,2006-04-28
600282,2006-04-28
600296,2006-04-28
600307,2006-04-28
600308,2006-04-28
600309,2006-04-28
600320,2006-04-28
600331,2006-04-28
600333,2006-04-28
600339,2006-04-28
600348,2006-04-28
600350,2006-04-28
600357,2006-04-28
600362,2006-04-28
600377,2006-04-28
600380,2006-04-28
600383,2006-04-28
600399,2006-04-28
600408,2006-04-28
600418,2006-04-28
600428,2006-04-28
600500,2006-04-28
600508,2006-04-28
600519,2006-04-28
600548,2006-04-28
600550,2006-04-28
600569,2006-04-28
600581,2006-04-28
600583,2006-04-28
600585,2006-04-28
600591,2006-04-28
600597,2006-04-28
600598,2006-04-28
600600,2006-04-28
600601,2006-04-28
600602,2006-04-28
600608,2006-04-28
600621,2006-04-28
600627,2006-04-28
600631,2006-04-28
600635,2006-04-28
600637,2006-04-28
600639,2006-04-28
600642,2006-04-28
600643,2006-04-28
600649,2006-04-28
600652,2006-04-28
600653,2006-04-28
600654,2006-04-28
600660,2006-04-28
600662,2006-04-28
600663,2006-04-28
600674,2006-04-28
600675,2006-04-28
600688,2006-04-28
600690,2006-04-28
600694,2006-04-28
600705,2006-04-28
600707,2006-04-28
600717,2006-04-28
600718,2006-04-28
600724,2006-04-28
600726,2006-04-28
600739,2006-04-28
600740,2006-04-28
600741,2006-04-28
600744,2006-04-28
600747,2006-04-28
600770,2006-04-28
600779,2006-04-28
600780,2006-04-28
600786,2006-04-28
600790,2006-04-28
600795,2006-04-28
600797,2006-04-28
600805,2006-04-28
600808,2006-04-28
600811,2006-04-28
600812,2006-04-28
600820,2006-04-28
600832,2006-04-28
600835,2006-04-28
600839,2006-04-28
600851,2006-04-28
600854,2006-04-28
600863,2006-04-28
600866,2006-04-28
600868,2006-04-28
600871,2006-04-28
600874,2006-04-28
600879,2006-04-28
600881,2006-04-28
600884,2006-04-28
600886,2006-04-28
600887,2006-04-28
600894,2006-04-28
600895,2006-04-28
600900,2006-04-28
600997,2006-04-28
601607,2006-04-28
000001,2006-04-28
000002,2006-04-28
000009,2006-04-28
000012,2006-04-28
000016,2006-04-28
000021,2006-04-28
000022,2006-04-28
000024,2006-04-28
000027,2006-04-28
000031,2006-04-28
000036,2006-04-28
000039,2006-04-28
000059,2006-04-28
000060,2006-04-28
000061,2006-04-28
000063,2006-04-28
000066,2006-04-28
000068,2006-04-28
000069,2006-04-28
000088,2006-04-28
000089,2006-04-28
000099,2006-04-28
000100,2006-04-28
000157,2006-04-28
000400,2006-04-28
000401,2006-04-28
000402,2006-04-28
000410,2006-04-28
000422,2006-04-28
000423,2006-04-28
000425,2006-04-28
000429,2006-04-28
000488,2006-04-28
000503,2006-04-28
000507,2006-04-28
000511,2006-04-28
000518,2006-04-28
000520,2006-04-28
000527,2006-04-28
000528,2006-04-28
000533,2006-04-28
000538,2006-04-28
000539,2006-04-28
000541,2006-04-28
000543,2006-04-28
000550,2006-04-28
000559,2006-04-28
000568,2006-04-28
000571,2006-04-28
000573,2006-04-28
000581,2006-04-28
000599,2006-04-28
000601,2006-04-28
000607,2006-04-28
000623,2006-04-28
000625,2006-04-28
000629,2006-04-28
000630,2006-04-28
000636,2006-04-28
000651,2006-04-28
000652,2006-04-28
000659,2006-04-28
000666,2006-04-28
000680,2006-04-28
000682,2006-04-28
000698,2006-04-28
000707,2006-04-28
000708,2006-04-28
000709,2006-04-28
000717,2006-04-28
000725,2006-04-28
000726,2006-04-28
000727,2006-04-28
000729,2006-04-28
000733,2006-04-28
000735,2006-04-28
000737,2006-04-28
000758,2006-04-28
000767,2006-04-28
000768,2006-04-28
000778,2006-04-28
000780,2006-04-28
000786,2006-04-28
000792,2006-04-28
000793,2006-04-28
000800,2006-04-28
000806,2006-04-28
000807,2006-04-28
000822,2006-04-28
000825,2006-04-28
000828,2006-04-28
000839,2006-04-28
000858,2006-04-28
000869,2006-04-28
000875,2006-04-28
000878,2006-04-28
000886,2006-04-28
000895,2006-04-28
000898,2006-04-28
000900,2006-04-28
000912,2006-04-28
000916,2006-04-28
000917,2006-04-28
000920,2006-04-28
000927,2006-04-28
000930,2006-04-28
000932,2006-04-28
000933,2006-04-28
000937,2006-04-28
000939,2006-04-28
000949,2006-04-28
000959,2006-04-28
000960,2006-04-28
000962,2006-04-28
000968,2006-04-28
000969,2006-04-28
000970,2006-04-28
000975,2006-04-28
000983,2006-04-28
002024,2006-04-28
600000,2006-10-01
600001,2006-10-01
600004,2006-10-01
600005,2006-10-01
600006,2006-10-01
600008,2006-10-01
600009,2006-10-01
600010,2006-10-01
600011,2006-10-01
600012,2006-10-01
600015,2006-10-01
600016,2006-10-01
600018,2006-10-01
600019,2006-10-01
600020,2006-10-01
600021,2006-10-01
600022,2006-10-01
600026,2006-10-01
600027,2006-10-01
600028,2006-10-01
600029,2006-10-01
600030,2006-10-01
600031,2006-10-01
600033,2006-10-01
600035,2006-10-01
600036,2006-10-01
600037,2006-10-01
600050,2006-10-01
600057,2006-10-01
600058,2006-10-01
600060,2006-10-01
600062,2006-10-01
600073,2006-10-01
600078,2006-10-01
600085,2006-10-01
600087,2006-10-01
600088,2006-10-01
600089,2006-10-01
600091,2006-10-01
600096,2006-10-01
600098,2006-10-01
600100,2006-10-01
600102,2006-10-01
600104,2006-10-01
600108,2006-10-01
600110,2006-10-01
600115,2006-10-01
600117,2006-10-01
600121,2006-10-01
600123,2006-10-01
600125,2006-10-01
600126,2006-10-01
600132,2006-10-01
600138,2006-10-01
600143,2006-10-01
600151,2006-10-01
600153,2006-10-01
600166,2006-10-01
600170,2006-10-01
600171,2006-10-01
600177,2006-10-01
600183,2006-10-01
600188,2006-10-01
600196,2006-10-01
600198,2006-10-01
600205,2006-10-01
600207,2006-10-01
600210,2006-10-01
600215,2006-10-01
600220,2006-10-01
600221,2006-10-01
600231,2006-10-01
600236,2006-10-01
600256,2006-10-01
600266,2006-10-01
600267,2006-10-01
600269,2006-10-01
600270,2006-10-01
600271,2006-10-01
600276,2006-10-01
600282,2006-10-01
600296,2006-10-01
600299,2006-10-01
600307,2006-10-01
600308,2006-10-01
600309,2006-10-01
600320,2006-10-01
600331,2006-10-01
600333,2006-10-01
600339,2006-10-01
600348,2006-10-01
600350,2006-10-01
600357,2006-10-01
600361,2006-10-01
600362,2006-10-01
600377,2006-10-01
600383,2006-10-01
600399,2006-10-01
600406,2006-10-01
600408,2006-10-01
600410,2006-10-01
600415,2006-10-01
600418,2006-10-01
600428,2006-10-01
600456,2006-10-01
600460,2006-10-01
600498,2006-10-01
600500,2006-10-01
600508,2006-10-01
600519,2006-10-01
600521,2006-10-01
600535,2006-10-01
600548,2006-10-01
600549,2006-10-01
600550,2006-10-01
600569,2006-10-01
600578,2006-10-01
600581,2006-10-01
600583,2006-10-01
600585,2006-10-01
600588,2006-10-01
600591,2006-10-01
600597,2006-10-01
600598,2006-10-01
600600,2006-10-01
600601,2006-10-01
600602,2006-10-01
600616,2006-10-01
600621,2006-10-01
600627,2006-10-01
600628,2006-10-01
600631,2006-10-01
600635,2006-10-01
600637,2006-10-01
600639,2006-10-01
600642,2006-10-01
600643,2006-10-01
600649,2006-10-01
600652,2006-10-01
600653,2006-10-01
600654,2006-10-01
600655,2006-10-01
600660,2006-10-01
600662,2006-10-01
600663,2006-10-01
600674,2006-10-01
600675,2006-10-01
600688,2006-10-01
600690,2006-10-01
600694,2006-10-01
600717,2006-10-01
600718,2006-10-01
600724,2006-10-01
600739,2006-10-01
600740,2006-10-01
600741,2006-10-01
600747,2006-10-01
600754,2006-10-01
600770,2006-10-01
600779,2006-10-01
600780,2006-10-01
600786,2006-10-01
600795,2006-10-01
600797,2006-10-01
600808,2006-10-01
600809,2006-10-01
600811,2006-10-01
600812,2006-10-01
600820,2006-10-01
600832,2006-10-01
600834,2006-10-01
600835,2006-10-01
600839,2006-10-01
600851,2006-10-01
600854,2006-10-01
600863,2006-10-01
600868,2006-10-01
600871,2006-10-01
600874,2006-10-01
600875,2006-10-01
600879,2006-10-01
600881,2006-10-01
600884,2006-10-01
600886,2006-10-01
600887,2006-10-01
600894,2006-10-01
600895,2006-10-01
600900,2006-10-01
600970,2006-10-01
600997,2006-10-01
601006,2006-10-01
601607,2006-10-01
601988,2006-10-01
000001,2006-10-01
000002,2006-10-01
000009,2006-10-01
000012,2006-10-01
000021,2006-10-01
000022,2006-10-01
000024,2006-10-01
000027,2006-10-01
000029,2006-10-01
000031,2006-10-01
000036,2006-10-01
000039,2006-10-01
000059,2006-10-01
000060,2006-10-01
000061,2006-10-01
000063,2006-10-01
000066,2006-10-01
000068,2006-10-01
000069,2006-10-01
000088,2006-10-01
000089,2006-10-01
000099,2006-10-01
000100,2006-10-01
000157,2006-10-01
000400,2006-10-01
000401,2006-10-01
000402,2006-10-01
000410,2006-10-01
000422,2006-10-01
000423,2006-10-01
000425,2006-10-01
000488,2006-10-01
000503,2006-10-01
000518,2006-10-01
000520,2006-10-01
000527,2006-10-01
000528,2006-10-01
000538,2006-10-01
000539,2006-10-01
000541,2006-10-01
000550,2006-10-01
000559,2006-10-01
000562,2006-10-01
000568,2006-10-01
000581,2006-10-01
000601,2006-10-01
000607,2006-10-01
000617,2006-10-01
000623,2006-10-01
000625,2006-10-01
000629,2006-10-01
000630,2006-10-01
000636,2006-10-01
000651,2006-10-01
000652,2006-10-01
000659,2006-10-01
000680,2006-10-01
000682,2006-10-01
000698,2006-10-01
000707,2006-10-01
000708,2006-10-01
000709,2006-10-01
000717,2006-10-01
000725,2006-10-01
000726,2006-10-01
000729,2006-10-01
000733,2006-10-01
000758,2006-10-01
000761,2006-10-01
000767,2006-10-01
000768,2006-10-01
000778,2006-10-01
000786,2006-10-01
000792,2006-10-01
000793,2006-10-01
000800,2006-10-01
000806,2006-10-01
000807,2006-10-01
000822,2006-10-01
000825,2006-10-01
000828,2006-10-01
000839,2006-10-01
000858,2006-10-01
000869,2006-10-01
000875,2006-10-01
000878,2006-10-01
000895,2006-10-01
000898,2006-10-01
000900,2006-10-01
000912,2006-10-01
000917,2006-10-01
000920,2006-10-01
000927,2006-10-01
000930,2006-10-01
000932,2006-10-01
000933,2006-10-01
000937,2006-10-01
000939,2006-10-01
000959,2006-10-01
000960,2006-10-01
000962,2006-10-01
000968,2006-10-01
000969,2006-10-01
000970,2006-10-01
000983,2006-10-01
000997,2006-10-01
002024,2006-10-01
600000,2006-10-02
600001,2006-10-02
600004,2006-10-02
600005,2006-10-02
600006,2006-10-02
600008,2006-10-02
600009,2006-10-02
600010,2006-10-02
600011,2006-10-02
600012,2006-10-02
600015,2006-10-02
600016,2006-10-02
600018,2006-10-02
600019,2006-10-02
600020,2006-10-02
600021,2006-10-02
600022,2006-10-02
600026,2006-10-02
600027,2006-10-02
600028,2006-10-02
600029,2006-10-02
600030,2006-10-02
600031,2006-10-02
600033,2006-10-02
600035,2006-10-02
600036,2006-10-02
600037,2006-10-02
600050,2006-10-02
600057,2006-10-02
600058,2006-10-02
600060,2006-10-02
600062,2006-10-02
600073,2006-10-02
600078,2006-10-02
600085,2006-10-02
600087,2006-10-02
600088,2006-10-02
600089,2006-10-02
600091,2006-10-02
600096,2006-10-02
600098,2006-10-02
600100,2006-10-02
600102,2006-10-02
600104,2006-10-02
600108,2006-10-02
600110,2006-10-02
600115,2006-10-02
600117,2006-10-02
600121,2006-10-02
600123,2006-10-02
600125,2006-10-02
600126,2006-10-02
600132,2006-10-02
600138,2006-10-02
600143,2006-10-02
600151,2006-10-02
600153,2006-10-02
600166,2006-10-02
600170,2006-10-02
600171,2006-10-02
600177,2006-10-02
600183,2006-10-02
600188,2006-10-02
600196,2006-10-02
600198,2006-10-02
600205,2006-10-02
600207,2006-10-02
600210,2006-10-02
600215,2006-10-02
600220,2006-10-02
600221,2006-10-02
600231,2006-10-02
600236,2006-10-02
600256,2006-10-02
600266,2006-10-02
600267,2006-10-02
600269,2006-10-02
600270,2006-10-02
600271,2006-10-02
600276,2006-10-02
600282,2006-10-02
600296,2006-10-02
600299,2006-10-02
600307,2006-10-02
600308,2006-10-02
600309,2006-10-02
600320,2006-10-02
600331,2006-10-02
600333,2006-10-02
600339,2006-10-02
600348,2006-10-02
600350,2006-10-02
600357,2006-10-02
600361,2006-10-02
600362,2006-10-02
600377,2006-10-02
600383,2006-10-02
600399,2006-10-02
600406,2006-10-02
600408,2006-10-02
600410,2006-10-02
600415,2006-10-02
600418,2006-10-02
600428,2006-10-02
600456,2006-10-02
600460,2006-10-02
600498,2006-10-02
600500,2006-10-02
600508,2006-10-02
600519,2006-10-02
600521,2006-10-02
600535,2006-10-02
600548,2006-10-02
600549,2006-10-02
600550,2006-10-02
600569,2006-10-02
600578,2006-10-02
600581,2006-10-02
600583,2006-10-02
600585,2006-10-02
600588,2006-10-02
600591,2006-10-02
600597,2006-10-02
600598,2006-10-02
600600,2006-10-02
600601,2006-10-02
600602,2006-10-02
600616,2006-10-02
600621,2006-10-02
600627,2006-10-02
600628,2006-10-02
600631,2006-10-02
600635,2006-10-02
600637,2006-10-02
600639,2006-10-02
600642,2006-10-02
600643,2006-10-02
600649,2006-10-02
600652,2006-10-02
600653,2006-10-02
600654,2006-10-02
600655,2006-10-02
600660,2006-10-02
600662,2006-10-02
600663,2006-10-02
600674,2006-10-02
600675,2006-10-02
600688,2006-10-02
600690,2006-10-02
600694,2006-10-02
600717,2006-10-02
600718,2006-10-02
600724,2006-10-02
600739,2006-10-02
600740,2006-10-02
600741,2006-10-02
600747,2006-10-02
600754,2006-10-02
600770,2006-10-02
600779,2006-10-02
600780,2006-10-02
600786,2006-10-02
600795,2006-10-02
600797,2006-10-02
600808,2006-10-02
600809,2006-10-02
600811,2006-10-02
600812,2006-10-02
600820,2006-10-02
600832,2006-10-02
600834,2006-10-02
600835,2006-10-02
600839,2006-10-02
600851,2006-10-02
600854,2006-10-02
600863,2006-10-02
600868,2006-10-02
600871,2006-10-02
600874,2006-10-02
600875,2006-10-02
600879,2006-10-02
600881,2006-10-02
600884,2006-10-02
600886,2006-10-02
600887,2006-10-02
600894,2006-10-02
600895,2006-10-02
600900,2006-10-02
600970,2006-10-02
600997,2006-10-02
601006,2006-10-02
601607,2006-10-02
601988,2006-10-02
000001,2006-10-02
000002,2006-10-02
000009,2006-10-02
000012,2006-10-02
000021,2006-10-02
000022,2006-10-02
000024,2006-10-02
000027,2006-10-02
000029,2006-10-02
000031,2006-10-02
000036,2006-10-02
000039,2006-10-02
000059,2006-10-02
000060,2006-10-02
000061,2006-10-02
000063,2006-10-02
000066,2006-10-02
000068,2006-10-02
000069,2006-10-02
000088,2006-10-02
000089,2006-10-02
000099,2006-10-02
000100,2006-10-02
000157,2006-10-02
000400,2006-10-02
000401,2006-10-02
000402,2006-10-02
000410,2006-10-02
000422,2006-10-02
000423,2006-10-02
000425,2006-10-02
000488,2006-10-02
000503,2006-10-02
000518,2006-10-02
000520,2006-10-02
000527,2006-10-02
000528,2006-10-02
000538,2006-10-02
000539,2006-10-02
000541,2006-10-02
000550,2006-10-02
000559,2006-10-02
000562,2006-10-02
000568,2006-10-02
000581,2006-10-02
000601,2006-10-02
000607,2006-10-02
000617,2006-10-02
000623,2006-10-02
000625,2006-10-02
000629,2006-10-02
000630,2006-10-02
000636,2006-10-02
000651,2006-10-02
000652,2006-10-02
000659,2006-10-02
000680,2006-10-02
000682,2006-10-02
000698,2006-10-02
000707,2006-10-02
000708,2006-10-02
000709,2006-10-02
000717,2006-10-02
000725,2006-10-02
000726,2006-10-02
000729,2006-10-02
000733,2006-10-02
000758,2006-10-02
000761,2006-10-02
000767,2006-10-02
000768,2006-10-02
000778,2006-10-02
000786,2006-10-02
000792,2006-10-02
000793,2006-10-02
000800,2006-10-02
000806,2006-10-02
000807,2006-10-02
000822,2006-10-02
000825,2006-10-02
000828,2006-10-02
000839,2006-10-02
000858,2006-10-02
000869,2006-10-02
000875,2006-10-02
000878,2006-10-02
000895,2006-10-02
000898,2006-10-02
000900,2006-10-02
000912,2006-10-02
000917,2006-10-02
000920,2006-10-02
000927,2006-10-02
000930,2006-10-02
000932,2006-10-02
000933,2006-10-02
000937,2006-10-02
000939,2006-10-02
000959,2006-10-02
000960,2006-10-02
000962,2006-10-02
000968,2006-10-02
000969,2006-10-02
000970,2006-10-02
000983,2006-10-02
000997,2006-10-02
002024,2006-10-02
600000,2006-10-03
600001,2006-10-03
600004,2006-10-03
600005,2006-10-03
600006,2006-10-03
600008,2006-10-03
600009,2006-10-03
600010,2006-10-03
600011,2006-10-03
600012,2006-10-03
600015,2006-10-03
600016,2006-10-03
600018,2006-10-03
600019,2006-10-03
600020,2006-10-03
600021,2006-10-03
600022,2006-10-03
600026,2006-10-03
600027,2006-10-03
600028,2006-10-03
600029,2006-10-03
600030,2006-10-03
600031,2006-10-03
600033,2006-10-03
600035,2006-10-03
600036,2006-10-03
600037,2006-10-03
600050,2006-10-03
600057,2006-10-03
600058,2006-10-03
600060,2006-10-03
600062,2006-10-03
600073,2006-10-03
600078,2006-10-03
600085,2006-10-03
600087,2006-10-03
600088,2006-10-03
600089,2006-10-03
600091,2006-10-03
600096,2006-10-03
600098,2006-10-03
600100,2006-10-03
600102,2006-10-03
600104,2006-10-03
600108,2006-10-03
600110,2006-10-03
600115,2006-10-03
600117,2006-10-03
600121,2006-10-03
600123,2006-10-03
600125,2006-10-03
600126,2006-10-03
600132,2006-10-03
600138,2006-10-03
600143,2006-10-03
600151,2006-10-03
600153,2006-10-03
600166,2006-10-03
600170,2006-10-03
600171,2006-10-03
600177,2006-10-03
600183,2006-10-03
600188,2006-10-03
600196,2006-10-03
600198,2006-10-03
600205,2006-10-03
600207,2006-10-03
600210,2006-10-03
600215,2006-10-03
600220,2006-10-03
600221,2006-10-03
600231,2006-10-03
600236,2006-10-03
600256,2006-10-03
600266,2006-10-03
600267,2006-10-03
600269,2006-10-03
600270,2006-10-03
600271,2006-10-03
600276,2006-10-03
600282,2006-10-03
600296,2006-10-03
600299,2006-10-03
600307,2006-10-03
600308,2006-10-03
600309,2006-10-03
600320,2006-10-03
600331,2006-10-03
600333,2006-10-03
600339,2006-10-03
600348,2006-10-03
600350,2006-10-03
600357,2006-10-03
600361,2006-10-03
600362,2006-10-03
600377,2006-10-03
600383,2006-10-03
600399,2006-10-03
600406,2006-10-03
600408,2006-10-03
600410,2006-10-03
600415,2006-10-03
600418,2006-10-03
600428,2006-10-03
600456,2006-10-03
600460,2006-10-03
600498,2006-10-03
600500,2006-10-03
600508,2006-10-03
600519,2006-10-03
600521,2006-10-03
600535,2006-10-03
600548,2006-10-03
600549,2006-10-03
600550,2006-10-03
600569,2006-10-03
600578,2006-10-03
600581,2006-10-03
600583,2006-10-03
600585,2006-10-03
600588,2006-10-03
600591,2006-10-03
600597,2006-10-03
600598,2006-10-03
600600,2006-10-03
600601,2006-10-03
600602,2006-10-03
600616,2006-10-03
600621,2006-10-03
600627,2006-10-03
600628,2006-10-03
600631,2006-10-03
600635,2006-10-03
600637,2006-10-03
600639,2006-10-03
600642,2006-10-03
600643,2006-10-03
600649,2006-10-03
600652,2006-10-03
600653,2006-10-03
600654,2006-10-03
600655,2006-10-03
600660,2006-10-03
600662,2006-10-03
600663,2006-10-03
600674,2006-10-03
600675,2006-10-03
600688,2006-10-03
600690,2006-10-03
600694,2006-10-03
600717,2006-10-03
600718,2006-10-03
600724,2006-10-03
600739,2006-10-03
600740,2006-10-03
600741,2006-10-03
600747,2006-10-03
600754,2006-10-03
600770,2006-10-03
600779,2006-10-03
600780,2006-10-03
600786,2006-10-03
600795,2006-10-03
600797,2006-10-03
600808,2006-10-03
600809,2006-10-03
600811,2006-10-03
600812,2006-10-03
600820,2006-10-03
600832,2006-10-03
600834,2006-10-03
600835,2006-10-03
600839,2006-10-03
600851,2006-10-03
600854,2006-10-03
600863,2006-10-03
600868,2006-10-03
600871,2006-10-03
600874,2006-10-03
600875,2006-10-03
600879,2006-10-03
600881,2006-10-03
600884,2006-10-03
600886,2006-10-03
600887,2006-10-03
600894,2006-10-03
600895,2006-10-03
600900,2006-10-03
600970,2006-10-03
600997,2006-10-03
601006,2006-10-03
601607,2006-10-03
601988,2006-10-03
000001,2006-10-03
000002,2006-10-03
000009,2006-10-03
000012,2006-10-03
000021,2006-10-03
000022,2006-10-03
000024,2006-10-03
000027,2006-10-03
000029,2006-10-03
000031,2006-10-03
000036,2006-10-03
000039,2006-10-03
000059,2006-10-03
000060,2006-10-03
000061,2006-10-03
000063,2006-10-03
000066,2006-10-03
000068,2006-10-03
000069,2006-10-03
000088,2006-10-03
000089,2006-10-03
000099,2006-10-03
000100,2006-10-03
000157,2006-10-03
000400,2006-10-03
000401,2006-10-03
000402,2006-10-03
000410,2006-10-03
000422,2006-10-03
000423,2006-10-03
000425,2006-10-03
000488,2006-10-03
000503,2006-10-03
000518,2006-10-03
000520,2006-10-03
000527,2006-10-03
000528,2006-10-03
000538,2006-10-03
000539,2006-10-03
000541,2006-10-03
000550,2006-10-03
000559,2006-10-03
000562,2006-10-03
000568,2006-10-03
000581,2006-10-03
000601,2006-10-03
000607,2006-10-03
000617,2006-10-03
000623,2006-10-03
000625,2006-10-03
000629,2006-10-03
000630,2006-10-03
000636,2006-10-03
000651,2006-10-03
000652,2006-10-03
000659,2006-10-03
000680,2006-10-03
000682,2006-10-03
000698,2006-10-03
000707,2006-10-03
000708,2006-10-03
000709,2006-10-03
000717,2006-10-03
000725,2006-10-03
000726,2006-10-03
000729,2006-10-03
000733,2006-10-03
000758,2006-10-03
000761,2006-10-03
000767,2006-10-03
000768,2006-10-03
000778,2006-10-03
000786,2006-10-03
000792,2006-10-03
000793,2006-10-03
000800,2006-10-03
000806,2006-10-03
000807,2006-10-03
000822,2006-10-03
000825,2006-10-03
000828,2006-10-03
000839,2006-10-03
000858,2006-10-03
000869,2006-10-03
000875,2006-10-03
000878,2006-10-03
000895,2006-10-03
000898,2006-10-03
000900,2006-10-03
000912,2006-10-03
000917,2006-10-03
000920,2006-10-03
000927,2006-10-03
000930,2006-10-03
000932,2006-10-03
000933,2006-10-03
000937,2006-10-03
000939,2006-10-03
000959,2006-10-03
000960,2006-10-03
000962,2006-10-03
000968,2006-10-03
000969,2006-10-03
000970,2006-10-03
000983,2006-10-03
000997,2006-10-03
002024,2006-10-03
600000,2006-10-28
600001,2006-10-28
600004,2006-10-28
600005,2006-10-28
600006,2006-10-28
600008,2006-10-28
600009,2006-10-28
600010,2006-10-28
600011,2006-10-28
600012,2006-10-28
600015,2006-10-28
600016,2006-10-28
600018,2006-10-28
600019,2006-10-28
600020,2006-10-28
600021,2006-10-28
600022,2006-10-28
600026,2006-10-28
600027,2006-10-28
600028,2006-10-28
600029,2006-10-28
600030,2006-10-28
600031,2006-10-28
600033,2006-10-28
600035,2006-10-28
600036,2006-10-28
600037,2006-10-28
600050,2006-10-28
600057,2006-10-28
600058,2006-10-28
600060,2006-10-28
600062,2006-10-28
600073,2006-10-28
600078,2006-10-28
600085,2006-10-28
600087,2006-10-28
600088,2006-10-28
600089,2006-10-28
600091,2006-10-28
600096,2006-10-28
600098,2006-10-28
600100,2006-10-28
600102,2006-10-28
600104,2006-10-28
600108,2006-10-28
600110,2006-10-28
600115,2006-10-28
600117,2006-10-28
600121,2006-10-28
600123,2006-10-28
600125,2006-10-28
600126,2006-10-28
600132,2006-10-28
600138,2006-10-28
600143,2006-10-28
600151,2006-10-28
600153,2006-10-28
600166,2006-10-28
600170,2006-10-28
600171,2006-10-28
600177,2006-10-28
600183,2006-10-28
600188,2006-10-28
600196,2006-10-28
600198,2006-10-28
600205,2006-10-28
600207,2006-10-28
600210,2006-10-28
600215,2006-10-28
600220,2006-10-28
600221,2006-10-28
600231,2006-10-28
600236,2006-10-28
600256,2006-10-28
600266,2006-10-28
600267,2006-10-28
600269,2006-10-28
600270,2006-10-28
600271,2006-10-28
600276,2006-10-28
600282,2006-10-28
600296,2006-10-28
600299,2006-10-28
600307,2006-10-28
600308,2006-10-28
600309,2006-10-28
600320,2006-10-28
600331,2006-10-28
600333,2006-10-28
600339,2006-10-28
600348,2006-10-28
600350,2006-10-28
600357,2006-10-28
600361,2006-10-28
600362,2006-10-28
600377,2006-10-28
600383,2006-10-28
600399,2006-10-28
600406,2006-10-28
600408,2006-10-28
600410,2006-10-28
600415,2006-10-28
600418,2006-10-28
600428,2006-10-28
600456,2006-10-28
600460,2006-10-28
600498,2006-10-28
600500,2006-10-28
600508,2006-10-28
600519,2006-10-28
600521,2006-10-28
600535,2006-10-28
600548,2006-10-28
600549,2006-10-28
600550,2006-10-28
600569,2006-10-28
600578,2006-10-28
600581,2006-10-28
600583,2006-10-28
600585,2006-10-28
600588,2006-10-28
600591,2006-10-28
600597,2006-10-28
600598,2006-10-28
600600,2006-10-28
600601,2006-10-28
600602,2006-10-28
600616,2006-10-28
600621,2006-10-28
600627,2006-10-28
600628,2006-10-28
600631,2006-10-28
600635,2006-10-28
600637,2006-10-28
600639,2006-10-28
600642,2006-10-28
600643,2006-10-28
600649,2006-10-28
600652,2006-10-28
600653,2006-10-28
600654,2006-10-28
600655,2006-10-28
600660,2006-10-28
600662,2006-10-28
600663,2006-10-28
600674,2006-10-28
600675,2006-10-28
600688,2006-10-28
600690,2006-10-28
600694,2006-10-28
600717,2006-10-28
600718,2006-10-28
600724,2006-10-28
600739,2006-10-28
600740,2006-10-28
600741,2006-10-28
600747,2006-10-28
600754,2006-10-28
600770,2006-10-28
600779,2006-10-28
600780,2006-10-28
600786,2006-10-28
600795,2006-10-28
600797,2006-10-28
600808,2006-10-28
600809,2006-10-28
600811,2006-10-28
600812,2006-10-28
600820,2006-10-28
600832,2006-10-28
600834,2006-10-28
600835,2006-10-28
600839,2006-10-28
600851,2006-10-28
600854,2006-10-28
600863,2006-10-28
600868,2006-10-28
600871,2006-10-28
600874,2006-10-28
600875,2006-10-28
600879,2006-10-28
600881,2006-10-28
600884,2006-10-28
600886,2006-10-28
600887,2006-10-28
600894,2006-10-28
600895,2006-10-28
600900,2006-10-28
600970,2006-10-28
600997,2006-10-28
601006,2006-10-28
601607,2006-10-28
601988,2006-10-28
000001,2006-10-28
000002,2006-10-28
000009,2006-10-28
000012,2006-10-28
000021,2006-10-28
000022,2006-10-28
000024,2006-10-28
000027,2006-10-28
000029,2006-10-28
000031,2006-10-28
000036,2006-10-28
000039,2006-10-28
000059,2006-10-28
000060,2006-10-28
000061,2006-10-28
000063,2006-10-28
000066,2006-10-28
000068,2006-10-28
000069,2006-10-28
000088,2006-10-28
000089,2006-10-28
000099,2006-10-28
000100,2006-10-28
000157,2006-10-28
000400,2006-10-28
000401,2006-10-28
000402,2006-10-28
000410,2006-10-28
000422,2006-10-28
000423,2006-10-28
000425,2006-10-28
000488,2006-10-28
000503,2006-10-28
000518,2006-10-28
000520,2006-10-28
000527,2006-10-28
000528,2006-10-28
000538,2006-10-28
000539,2006-10-28
000541,2006-10-28
000550,2006-10-28
000559,2006-10-28
000562,2006-10-28
000568,2006-10-28
000581,2006-10-28
000601,2006-10-28
000607,2006-10-28
000617,2006-10-28
000623,2006-10-28
000625,2006-10-28
000629,2006-10-28
000630,2006-10-28
000636,2006-10-28
000651,2006-10-28
000652,2006-10-28
000659,2006-10-28
000680,2006-10-28
000682,2006-10-28
000698,2006-10-28
000707,2006-10-28
000708,2006-10-28
000709,2006-10-28
000717,2006-10-28
000725,2006-10-28
000726,2006-10-28
000729,2006-10-28
000733,2006-10-28
000758,2006-10-28
000761,2006-10-28
000767,2006-10-28
000768,2006-10-28
000778,2006-10-28
000786,2006-10-28
000792,2006-10-28
000793,2006-10-28
000800,2006-10-28
000806,2006-10-28
000807,2006-10-28
000822,2006-10-28
000825,2006-10-28
000828,2006-10-28
000839,2006-10-28
000858,2006-10-28
000869,2006-10-28
000875,2006-10-28
000878,2006-10-28
000895,2006-10-28
000898,2006-10-28
000900,2006-10-28
000912,2006-10-28
000917,2006-10-28
000920,2006-10-28
000927,2006-10-28
000930,2006-10-28
000932,2006-10-28
000933,2006-10-28
000937,2006-10-28
000939,2006-10-28
000959,2006-10-28
000960,2006-10-28
000962,2006-10-28
000968,2006-10-28
000969,2006-10-28
000970,2006-10-28
000983,2006-10-28
000997,2006-10-28
002024,2006-10-28
600000,2007-04-01
600001,2007-04-01
600004,2007-04-01
600005,2007-04-01
600006,2007-04-01
600007,2007-04-01
600008,2007-04-01
600009,2007-04-01
600010,2007-04-01
600011,2007-04-01
600012,2007-04-01
600015,2007-04-01
600016,2007-04-01
600018,2007-04-01
600019,2007-04-01
600020,2007-04-01
600021,2007-04-01
600022,2007-04-01
600026,2007-04-01
600027,2007-04-01
600028,2007-04-01
600029,2007-04-01
600030,2007-04-01
600031,2007-04-01
600033,2007-04-01
600035,2007-04-01
600036,2007-04-01
600037,2007-04-01
600048,2007-04-01
600050,2007-04-01
600058,2007-04-01
600060,2007-04-01
600062,2007-04-01
600066,2007-04-01
600068,2007-04-01
600073,2007-04-01
600078,2007-04-01
600085,2007-04-01
600087,2007-04-01
600088,2007-04-01
600089,2007-04-01
600096,2007-04-01
600098,2007-04-01
600100,2007-04-01
600102,2007-04-01
600104,2007-04-01
600108,2007-04-01
600110,2007-04-01
600117,2007-04-01
600118,2007-04-01
600121,2007-04-01
600123,2007-04-01
600125,2007-04-01
600132,2007-04-01
600143,2007-04-01
600150,2007-04-01
600151,2007-04-01
600153,2007-04-01
600160,2007-04-01
600161,2007-04-01
600170,2007-04-01
600171,2007-04-01
600177,2007-04-01
600183,2007-04-01
600188,2007-04-01
600190,2007-04-01
600196,2007-04-01
600198,2007-04-01
600200,2007-04-01
600205,2007-04-01
600210,2007-04-01
600220,2007-04-01
600221,2007-04-01
600236,2007-04-01
600256,2007-04-01
600266,2007-04-01
600267,2007-04-01
600269,2007-04-01
600270,2007-04-01
600271,2007-04-01
600282,2007-04-01
600296,2007-04-01
600299,2007-04-01
600307,2007-04-01
600308,2007-04-01
600309,2007-04-01
600312,2007-04-01
600316,2007-04-01
600320,2007-04-01
600331,2007-04-01
600332,2007-04-01
600333,2007-04-01
600348,2007-04-01
600350,2007-04-01
600357,2007-04-01
600361,2007-04-01
600362,2007-04-01
600377,2007-04-01
600383,2007-04-01
600410,2007-04-01
600415,2007-04-01
600418,2007-04-01
600428,2007-04-01
600432,2007-04-01
600456,2007-04-01
600460,2007-04-01
600472,2007-04-01
600489,2007-04-01
600497,2007-04-01
600498,2007-04-01
600500,2007-04-01
600508,2007-04-01
600519,2007-04-01
600521,2007-04-01
600535,2007-04-01
600547,2007-04-01
600548,2007-04-01
600549,2007-04-01
600550,2007-04-01
600569,2007-04-01
600583,2007-04-01
600585,2007-04-01
600588,2007-04-01
600591,2007-04-01
600596,2007-04-01
600597,2007-04-01
600598,2007-04-01
600600,2007-04-01
600601,2007-04-01
600602,2007-04-01
600616,2007-04-01
600627,2007-04-01
600628,2007-04-01
600631,2007-04-01
600635,2007-04-01
600637,2007-04-01
600639,2007-04-01
600642,2007-04-01
600643,2007-04-01
600649,2007-04-01
600653,2007-04-01
600655,2007-04-01
600660,2007-04-01
600662,2007-04-01
600663,2007-04-01
600675,2007-04-01
600688,2007-04-01
600690,2007-04-01
600694,2007-04-01
600717,2007-04-01
600718,2007-04-01
600724,2007-04-01
600739,2007-04-01
600741,2007-04-01
600747,2007-04-01
600748,2007-04-01
600754,2007-04-01
600761,2007-04-01
600770,2007-04-01
600779,2007-04-01
600780,2007-04-01
600786,2007-04-01
600787,2007-04-01
600795,2007-04-01
600797,2007-04-01
600808,2007-04-01
600809,2007-04-01
600811,2007-04-01
600812,2007-04-01
600820,2007-04-01
600832,2007-04-01
600834,2007-04-01
600835,2007-04-01
600839,2007-04-01
600851,2007-04-01
600863,2007-04-01
600868,2007-04-01
600871,2007-04-01
600874,2007-04-01
600875,2007-04-01
600879,2007-04-01
600881,2007-04-01
600884,2007-04-01
600886,2007-04-01
600887,2007-04-01
600895,2007-04-01
600900,2007-04-01
600970,2007-04-01
600997,2007-04-01
601001,2007-04-01
601006,2007-04-01
601111,2007-04-01
601166,2007-04-01
601318,2007-04-01
601398,2007-04-01
601607,2007-04-01
601628,2007-04-01
601988,2007-04-01
000001,2007-04-01
000002,2007-04-01
000009,2007-04-01
000012,2007-04-01
000021,2007-04-01
000022,2007-04-01
000024,2007-04-01
000027,2007-04-01
000029,2007-04-01
000031,2007-04-01
000036,2007-04-01
000039,2007-04-01
000059,2007-04-01
000060,2007-04-01
000061,2007-04-01
000063,2007-04-01
000066,2007-04-01
000068,2007-04-01
000069,2007-04-01
000088,2007-04-01
000089,2007-04-01
000099,2007-04-01
000100,2007-04-01
000157,2007-04-01
000400,2007-04-01
000401,2007-04-01
000402,2007-04-01
000410,2007-04-01
000422,2007-04-01
000423,2007-04-01
000425,2007-04-01
000488,2007-04-01
000503,2007-04-01
000520,2007-04-01
000527,2007-04-01
000528,2007-04-01
000538,2007-04-01
000539,2007-04-01
000541,2007-04-01
000550,2007-04-01
000559,2007-04-01
000562,2007-04-01
000568,2007-04-01
000581,2007-04-01
000601,2007-04-01
000617,2007-04-01
000623,2007-04-01
000625,2007-04-01
000629,2007-04-01
000630,2007-04-01
000636,2007-04-01
000651,2007-04-01
000652,2007-04-01
000680,2007-04-01
000682,2007-04-01
000698,2007-04-01
000708,2007-04-01
000709,2007-04-01
000717,2007-04-01
000725,2007-04-01
000729,2007-04-01
000751,2007-04-01
000758,2007-04-01
000761,2007-04-01
000767,2007-04-01
000768,2007-04-01
000778,2007-04-01
000786,2007-04-01
000792,2007-04-01
000793,2007-04-01
000800,2007-04-01
000807,2007-04-01
000822,2007-04-01
000825,2007-04-01
000828,2007-04-01
000839,2007-04-01
000858,2007-04-01
000869,2007-04-01
000875,2007-04-01
000878,2007-04-01
000895,2007-04-01
000897,2007-04-01
000898,2007-04-01
000900,2007-04-01
000912,2007-04-01
000917,2007-04-01
000927,2007-04-01
000930,2007-04-01
000932,2007-04-01
000933,2007-04-01
000937,2007-04-01
000960,2007-04-01
000962,2007-04-01
000969,2007-04-01
000970,2007-04-01
000983,2007-04-01
000997,2007-04-01
002008,2007-04-01
002024,2007-04-01
002025,2007-04-01
002051,2007-04-01
002052,2007-04-01
600000,2007-04-02
600001,2007-04-02
600004,2007-04-02
600005,2007-04-02
600006,2007-04-02
600007,2007-04-02
600008,2007-04-02
600009,2007-04-02
600010,2007-04-02
600011,2007-04-02
600012,2007-04-02
600015,2007-04-02
600016,2007-04-02
600018,2007-04-02
600019,2007-04-02
600020,2007-04-02
600021,2007-04-02
600022,2007-04-02
600026,2007-04-02
600027,2007-04-02
600028,2007-04-02
600029,2007-04-02
600030,2007-04-02
600031,2007-04-02
600033,2007-04-02
600035,2007-04-02
600036,2007-04-02
600037,2007-04-02
600048,2007-04-02
600050,2007-04-02
600058,2007-04-02
600060,2007-04-02
600062,2007-04-02
600066,2007-04-02
600068,2007-04-02
600073,2007-04-02
600078,2007-04-02
600085,2007-04-02
600087,2007-04-02
600088,2007-04-02
600089,2007-04-02
600096,2007-04-02
600098,2007-04-02
600100,2007-04-02
600102,2007-04-02
600104,2007-04-02
600108,2007-04-02
600110,2007-04-02
600117,2007-04-02
600118,2007-04-02
600121,2007-04-02
600123,2007-04-02
600125,2007-04-02
600132,2007-04-02
600143,2007-04-02
600150,2007-04-02
600151,2007-04-02
600153,2007-04-02
600160,2007-04-02
600161,2007-04-02
600170,2007-04-02
600171,2007-04-02
600177,2007-04-02
600183,2007-04-02
600188,2007-04-02
600190,2007-04-02
600196,2007-04-02
600198,2007-04-02
600200,2007-04-02
600205,2007-04-02
600210,2007-04-02
600220,2007-04-02
600221,2007-04-02
600236,2007-04-02
600256,2007-04-02
600266,2007-04-02
600267,2007-04-02
600269,2007-04-02
600270,2007-04-02
600271,2007-04-02
600282,2007-04-02
600296,2007-04-02
600299,2007-04-02
600307,2007-04-02
600308,2007-04-02
600309,2007-04-02
600312,2007-04-02
600316,2007-04-02
600320,2007-04-02
600331,2007-04-02
600332,2007-04-02
600333,2007-04-02
600348,2007-04-02
600350,2007-04-02
600357,2007-04-02
600361,2007-04-02
600362,2007-04-02
600377,2007-04-02
600383,2007-04-02
600410,2007-04-02
600415,2007-04-02
600418,2007-04-02
600428,2007-04-02
600432,2007-04-02
600456,2007-04-02
600460,2007-04-02
600472,2007-04-02
600489,2007-04-02
600497,2007-04-02
600498,2007-04-02
600500,2007-04-02
600508,2007-04-02
600519,2007-04-02
600521,2007-04-02
600535,2007-04-02
600547,2007-04-02
600548,2007-04-02
600549,2007-04-02
600550,2007-04-02
600569,2007-04-02
600583,2007-04-02
600585,2007-04-02
600588,2007-04-02
600591,2007-04-02
600596,2007-04-02
600597,2007-04-02
600598,2007-04-02
600600,2007-04-02
600601,2007-04-02
600602,2007-04-02
600616,2007-04-02
600627,2007-04-02
600628,2007-04-02
600631,2007-04-02
600635,2007-04-02
600637,2007-04-02
600639,2007-04-02
600642,2007-04-02
600643,2007-04-02
600649,2007-04-02
600653,2007-04-02
600655,2007-04-02
600660,2007-04-02
600662,2007-04-02
600663,2007-04-02
600675,2007-04-02
600688,2007-04-02
600690,2007-04-02
600694,2007-04-02
600717,2007-04-02
600718,2007-04-02
600724,2007-04-02
600739,2007-04-02
600741,2007-04-02
600747,2007-04-02
600748,2007-04-02
600754,2007-04-02
600761,2007-04-02
600770,2007-04-02
600779,2007-04-02
600780,2007-04-02
600786,2007-04-02
600787,2007-04-02
600795,2007-04-02
600797,2007-04-02
600808,2007-04-02
600809,2007-04-02
600811,2007-04-02
600812,2007-04-02
600820,2007-04-02
600832,2007-04-02
600834,2007-04-02
600835,2007-04-02
600839,2007-04-02
600851,2007-04-02
600863,2007-04-02
600868,2007-04-02
600871,2007-04-02
600874,2007-04-02
600875,2007-04-02
600879,2007-04-02
600881,2007-04-02
600884,2007-04-02
600886,2007-04-02
600887,2007-04-02
600895,2007-04-02
600900,2007-04-02
600970,2007-04-02
600997,2007-04-02
601001,2007-04-02
601006,2007-04-02
601111,2007-04-02
601166,2007-04-02
601318,2007-04-02
601398,2007-04-02
601607,2007-04-02
601628,2007-04-02
601988,2007-04-02
000001,2007-04-02
000002,2007-04-02
000009,2007-04-02
000012,2007-04-02
000021,2007-04-02
000022,2007-04-02
000024,2007-04-02
000027,2007-04-02
000029,2007-04-02
000031,2007-04-02
000036,2007-04-02
000039,2007-04-02
000059,2007-04-02
000060,2007-04-02
000061,2007-04-02
000063,2007-04-02
000066,2007-04-02
000068,2007-04-02
000069,2007-04-02
000088,2007-04-02
000089,2007-04-02
000099,2007-04-02
000100,2007-04-02
000157,2007-04-02
000400,2007-04-02
000401,2007-04-02
000402,2007-04-02
000410,2007-04-02
000422,2007-04-02
000423,2007-04-02
000425,2007-04-02
000488,2007-04-02
000503,2007-04-02
000520,2007-04-02
000527,2007-04-02
000528,2007-04-02
000538,2007-04-02
000539,2007-04-02
000541,2007-04-02
000550,2007-04-02
000559,2007-04-02
000562,2007-04-02
000568,2007-04-02
000581,2007-04-02
000601,2007-04-02
000617,2007-04-02
000623,2007-04-02
000625,2007-04-02
000629,2007-04-02
000630,2007-04-02
000636,2007-04-02
000651,2007-04-02
000652,2007-04-02
000680,2007-04-02
000682,2007-04-02
000698,2007-04-02
000708,2007-04-02
000709,2007-04-02
000717,2007-04-02
000725,2007-04-02
000729,2007-04-02
000751,2007-04-02
000758,2007-04-02
000761,2007-04-02
000767,2007-04-02
000768,2007-04-02
000778,2007-04-02
000786,2007-04-02
000792,2007-04-02
000793,2007-04-02
000800,2007-04-02
000807,2007-04-02
000822,2007-04-02
000825,2007-04-02
000828,2007-04-02
000839,2007-04-02
000858,2007-04-02
000869,2007-04-02
000875,2007-04-02
000878,2007-04-02
000895,2007-04-02
000897,2007-04-02
000898,2007-04-02
000900,2007-04-02
000912,2007-04-02
000917,2007-04-02
000927,2007-04-02
000930,2007-04-02
000932,2007-04-02
000933,2007-04-02
000937,2007-04-02
000960,2007-04-02
000962,2007-04-02
000969,2007-04-02
000970,2007-04-02
000983,2007-04-02
000997,2007-04-02
002008,2007-04-02
002024,2007-04-02
002025,2007-04-02
002051,2007-04-02
002052,2007-04-02
600000,2007-04-03
600001,2007-04-03
600004,2007-04-03
600005,2007-04-03
600006,2007-04-03
600007,2007-04-03
600008,2007-04-03
600009,2007-04-03
600010,2007-04-03
600011,2007-04-03
600012,2007-04-03
600015,2007-04-03
600016,2007-04-03
600018,2007-04-03
600019,2007-04-03
600020,2007-04-03
600021,2007-04-03
600022,2007-04-03
600026,2007-04-03
600027,2007-04-03
600028,2007-04-03
600029,2007-04-03
600030,2007-04-03
600031,2007-04-03
600033,2007-04-03
600035,2007-04-03
600036,2007-04-03
600037,2007-04-03
600048,2007-04-03
600050,2007-04-03
600058,2007-04-03
600060,2007-04-03
600062,2007-04-03
600066,2007-04-03
600068,2007-04-03
600073,2007-04-03
600078,2007-04-03
600085,2007-04-03
600087,2007-04-03
600088,2007-04-03
600089,2007-04-03
600096,2007-04-03
600098,2007-04-03
600100,2007-04-03
600102,2007-04-03
600104,2007-04-03
600108,2007-04-03
600110,2007-04-03
600117,2007-04-03
600118,2007-04-03
600121,2007-04-03
600123,2007-04-03
600125,2007-04-03
600132,2007-04-03
600143,2007-04-03
600150,2007-04-03
600151,2007-04-03
600153,2007-04-03
600160,2007-04-03
600161,2007-04-03
600170,2007-04-03
600171,2007-04-03
600177,2007-04-03
600183,2007-04-03
600188,2007-04-03
600190,2007-04-03
600196,2007-04-03
600198,2007-04-03
600200,2007-04-03
600205,2007-04-03
600210,2007-04-03
600220,2007-04-03
600221,2007-04-03
600236,2007-04-03
600256,2007-04-03
600266,2007-04-03
600267,2007-04-03
600269,2007-04-03
600270,2007-04-03
600271,2007-04-03
600282,2007-04-03
600296,2007-04-03
600299,2007-04-03
600307,2007-04-03
600308,2007-04-03
600309,2007-04-03
600312,2007-04-03
600316,2007-04-03
600320,2007-04-03
600331,2007-04-03
600332,2007-04-03
600333,2007-04-03
600348,2007-04-03
600350,2007-04-03
600357,2007-04-03
600361,2007-04-03
600362,2007-04-03
600377,2007-04-03
600383,2007-04-03
600410,2007-04-03
600415,2007-04-03
600418,2007-04-03
600428,2007-04-03
600432,2007-04-03
600456,2007-04-03
600460,2007-04-03
600472,2007-04-03
600489,2007-04-03
600497,2007-04-03
600498,2007-04-03
600500,2007-04-03
600508,2007-04-03
600519,2007-04-03
600521,2007-04-03
600535,2007-04-03
600547,2007-04-03
600548,2007-04-03
600549,2007-04-03
600550,2007-04-03
600569,2007-04-03
600583,2007-04-03
600585,2007-04-03
600588,2007-04-03
600591,2007-04-03
600596,2007-04-03
600597,2007-04-03
600598,2007-04-03
600600,2007-04-03
600601,2007-04-03
600602,2007-04-03
600616,2007-04-03
600627,2007-04-03
600628,2007-04-03
600631,2007-04-03
600635,2007-04-03
600637,2007-04-03
600639,2007-04-03
600642,2007-04-03
600643,2007-04-03
600649,2007-04-03
600653,2007-04-03
600655,2007-04-03
600660,2007-04-03
600662,2007-04-03
600663,2007-04-03
600675,2007-04-03
600688,2007-04-03
600690,2007-04-03
600694,2007-04-03
600717,2007-04-03
600718,2007-04-03
600724,2007-04-03
600739,2007-04-03
600741,2007-04-03
600747,2007-04-03
600748,2007-04-03
600754,2007-04-03
600761,2007-04-03
600770,2007-04-03
600779,2007-04-03
600780,2007-04-03
600786,2007-04-03
600787,2007-04-03
600795,2007-04-03
600797,2007-04-03
600808,2007-04-03
600809,2007-04-03
600811,2007-04-03
600812,2007-04-03
600820,2007-04-03
600832,2007-04-03
600834,2007-04-03
600835,2007-04-03
600839,2007-04-03
600851,2007-04-03
600863,2007-04-03
600868,2007-04-03
600871,2007-04-03
600874,2007-04-03
600875,2007-04-03
600879,2007-04-03
600881,2007-04-03
600884,2007-04-03
600886,2007-04-03
600887,2007-04-03
600895,2007-04-03
600900,2007-04-03
600970,2007-04-03
600997,2007-04-03
601001,2007-04-03
601006,2007-04-03
601111,2007-04-03
601166,2007-04-03
601318,2007-04-03
601398,2007-04-03
601607,2007-04-03
601628,2007-04-03
601988,2007-04-03
000001,2007-04-03
000002,2007-04-03
000009,2007-04-03
000012,2007-04-03
000021,2007-04-03
000022,2007-04-03
000024,2007-04-03
000027,2007-04-03
000029,2007-04-03
000031,2007-04-03
000036,2007-04-03
000039,2007-04-03
000059,2007-04-03
000060,2007-04-03
000061,2007-04-03
000063,2007-04-03
000066,2007-04-03
000068,2007-04-03
000069,2007-04-03
000088,2007-04-03
000089,2007-04-03
000099,2007-04-03
000100,2007-04-03
000157,2007-04-03
000400,2007-04-03
000401,2007-04-03
000402,2007-04-03
000410,2007-04-03
000422,2007-04-03
000423,2007-04-03
000425,2007-04-03
000488,2007-04-03
000503,2007-04-03
000520,2007-04-03
000527,2007-04-03
000528,2007-04-03
000538,2007-04-03
000539,2007-04-03
000541,2007-04-03
000550,2007-04-03
000559,2007-04-03
000562,2007-04-03
000568,2007-04-03
000581,2007-04-03
000601,2007-04-03
000617,2007-04-03
000623,2007-04-03
000625,2007-04-03
000629,2007-04-03
000630,2007-04-03
000636,2007-04-03
000651,2007-04-03
000652,2007-04-03
000680,2007-04-03
000682,2007-04-03
000698,2007-04-03
000708,2007-04-03
000709,2007-04-03
000717,2007-04-03
000725,2007-04-03
000729,2007-04-03
000751,2007-04-03
000758,2007-04-03
000761,2007-04-03
000767,2007-04-03
000768,2007-04-03
000778,2007-04-03
000786,2007-04-03
000792,2007-04-03
000793,2007-04-03
000800,2007-04-03
000807,2007-04-03
000822,2007-04-03
000825,2007-04-03
000828,2007-04-03
000839,2007-04-03
000858,2007-04-03
000869,2007-04-03
000875,2007-04-03
000878,2007-04-03
000895,2007-04-03
000897,2007-04-03
000898,2007-04-03
000900,2007-04-03
000912,2007-04-03
000917,2007-04-03
000927,2007-04-03
000930,2007-04-03
000932,2007-04-03
000933,2007-04-03
000937,2007-04-03
000960,2007-04-03
000962,2007-04-03
000969,2007-04-03
000970,2007-04-03
000983,2007-04-03
000997,2007-04-03
002008,2007-04-03
002024,2007-04-03
002025,2007-04-03
002051,2007-04-03
002052,2007-04-03
600000,2007-04-28
600001,2007-04-28
600004,2007-04-28
600005,2007-04-28
600006,2007-04-28
600007,2007-04-28
600008,2007-04-28
600009,2007-04-28
600010,2007-04-28
600011,2007-04-28
600012,2007-04-28
600015,2007-04-28
600016,2007-04-28
600018,2007-04-28
600019,2007-04-28
600020,2007-04-28
600021,2007-04-28
600022,2007-04-28
600026,2007-04-28
600027,2007-04-28
600028,2007-04-28
600029,2007-04-28
600030,2007-04-28
600031,2007-04-28
600033,2007-04-28
600035,2007-04-28
600036,2007-04-28
600037,2007-04-28
600048,2007-04-28
600050,2007-04-28
600058,2007-04-28
600060,2007-04-28
600062,2007-04-28
600066,2007-04-28
600068,2007-04-28
600073,2007-04-28
600078,2007-04-28
600085,2007-04-28
600087,2007-04-28
600088,2007-04-28
600089,2007-04-28
600096,2007-04-28
600098,2007-04-28
600100,2007-04-28
600102,2007-04-28
600104,2007-04-28
600108,2007-04-28
600110,2007-04-28
600117,2007-04-28
600118,2007-04-28
600121,2007-04-28
600123,2007-04-28
600125,2007-04-28
600132,2007-04-28
600143,2007-04-28
600150,2007-04-28
600151,2007-04-28
600153,2007-04-28
600160,2007-04-28
600161,2007-04-28
600170,2007-04-28
600171,2007-04-28
600177,2007-04-28
600183,2007-04-28
600188,2007-04-28
600190,2007-04-28
600196,2007-04-28
600198,2007-04-28
600200,2007-04-28
600205,2007-04-28
600210,2007-04-28
600220,2007-04-28
600221,2007-04-28
600236,2007-04-28
600256,2007-04-28
600266,2007-04-28
600267,2007-04-28
600269,2007-04-28
600270,2007-04-28
600271,2007-04-28
600282,2007-04-28
600296,2007-04-28
600299,2007-04-28
600307,2007-04-28
600308,2007-04-28
600309,2007-04-28
600312,2007-04-28
600316,2007-04-28
600320,2007-04-28
600331,2007-04-28
600332,2007-04-28
600333,2007-04-28
600348,2007-04-28
600350,2007-04-28
600357,2007-04-28
600361,2007-04-28
600362,2007-04-28
600377,2007-04-28
600383,2007-04-28
600410,2007-04-28
600415,2007-04-28
600418,2007-04-28
600428,2007-04-28
600432,2007-04-28
600456,2007-04-28
600460,2007-04-28
600472,2007-04-28
600489,2007-04-28
600497,2007-04-28
600498,2007-04-28
600500,2007-04-28
600508,2007-04-28
600519,2007-04-28
600521,2007-04-28
600535,2007-04-28
600547,2007-04-28
600548,2007-04-28
600549,2007-04-28
600550,2007-04-28
600569,2007-04-28
600583,2007-04-28
600585,2007-04-28
600588,2007-04-28
600591,2007-04-28
600596,2007-04-28
600597,2007-04-28
600598,2007-04-28
600600,2007-04-28
600601,2007-04-28
600602,2007-04-28
600616,2007-04-28
600627,2007-04-28
600628,2007-04-28
600631,2007-04-28
600635,2007-04-28
600637,2007-04-28
600639,2007-04-28
600642,2007-04-28
600643,2007-04-28
600649,2007-04-28
600653,2007-04-28
600655,2007-04-28
600660,2007-04-28
600662,2007-04-28
600663,2007-04-28
600675,2007-04-28
600688,2007-04-28
600690,2007-04-28
600694,2007-04-28
600717,2007-04-28
600718,2007-04-28
600724,2007-04-28
600739,2007-04-28
600741,2007-04-28
600747,2007-04-28
600748,2007-04-28
600754,2007-04-28
600761,2007-04-28
600770,2007-04-28
600779,2007-04-28
600780,2007-04-28
600786,2007-04-28
600787,2007-04-28
600795,2007-04-28
600797,2007-04-28
600808,2007-04-28
600809,2007-04-28
600811,2007-04-28
600812,2007-04-28
600820,2007-04-28
600832,2007-04-28
600834,2007-04-28
600835,2007-04-28
600839,2007-04-28
600851,2007-04-28
600863,2007-04-28
600868,2007-04-28
600871,2007-04-28
600874,2007-04-28
600875,2007-04-28
600879,2007-04-28
600881,2007-04-28
600884,2007-04-28
600886,2007-04-28
600887,2007-04-28
600895,2007-04-28
600900,2007-04-28
600970,2007-04-28
600997,2007-04-28
601001,2007-04-28
601006,2007-04-28
601111,2007-04-28
601166,2007-04-28
601318,2007-04-28
601398,2007-04-28
601607,2007-04-28
601628,2007-04-28
601988,2007-04-28
000001,2007-04-28
000002,2007-04-28
000009,2007-04-28
000012,2007-04-28
000021,2007-04-28
000022,2007-04-28
000024,2007-04-28
000027,2007-04-28
000029,2007-04-28
000031,2007-04-28
000036,2007-04-28
000039,2007-04-28
000059,2007-04-28
000060,2007-04-28
000061,2007-04-28
000063,2007-04-28
000066,2007-04-28
000068,2007-04-28
000069,2007-04-28
000088,2007-04-28
000089,2007-04-28
000099,2007-04-28
000100,2007-04-28
000157,2007-04-28
000400,2007-04-28
000401,2007-04-28
000402,2007-04-28
000410,2007-04-28
000422,2007-04-28
000423,2007-04-28
000425,2007-04-28
000488,2007-04-28
000503,2007-04-28
000520,2007-04-28
000527,2007-04-28
000528,2007-04-28
000538,2007-04-28
000539,2007-04-28
000541,2007-04-28
000550,2007-04-28
000559,2007-04-28
000562,2007-04-28
000568,2007-04-28
000581,2007-04-28
000601,2007-04-28
000617,2007-04-28
000623,2007-04-28
000625,2007-04-28
000629,2007-04-28
000630,2007-04-28
000636,2007-04-28
000651,2007-04-28
000652,2007-04-28
000680,2007-04-28
000682,2007-04-28
000698,2007-04-28
000708,2007-04-28
000709,2007-04-28
000717,2007-04-28
000725,2007-04-28
000729,2007-04-28
000751,2007-04-28
000758,2007-04-28
000761,2007-04-28
000767,2007-04-28
000768,2007-04-28
000778,2007-04-28
000786,2007-04-28
000792,2007-04-28
000793,2007-04-28
000800,2007-04-28
000807,2007-04-28
000822,2007-04-28
000825,2007-04-28
000828,2007-04-28
000839,2007-04-28
000858,2007-04-28
000869,2007-04-28
000875,2007-04-28
000878,2007-04-28
000895,2007-04-28
000897,2007-04-28
000898,2007-04-28
000900,2007-04-28
000912,2007-04-28
000917,2007-04-28
000927,2007-04-28
000930,2007-04-28
000932,2007-04-28
000933,2007-04-28
000937,2007-04-28
000960,2007-04-28
000962,2007-04-28
000969,2007-04-28
000970,2007-04-28
000983,2007-04-28
000997,2007-04-28
002008,2007-04-28
002024,2007-04-28
002025,2007-04-28
002051,2007-04-28
002052,2007-04-28
600000,2007-10-01
600001,2007-10-01
600003,2007-10-01
600004,2007-10-01
600005,2007-10-01
600006,2007-10-01
600007,2007-10-01
600008,2007-10-01
600009,2007-10-01
600010,2007-10-01
600011,2007-10-01
600012,2007-10-01
600015,2007-10-01
600016,2007-10-01
600017,2007-10-01
600018,2007-10-01
600019,2007-10-01
600020,2007-10-01
600021,2007-10-01
600022,2007-10-01
600026,2007-10-01
600027,2007-10-01
600028,2007-10-01
600029,2007-10-01
600030,2007-10-01
600031,2007-10-01
600033,2007-10-01
600035,2007-10-01
600036,2007-10-01
600037,2007-10-01
600048,2007-10-01
600050,2007-10-01
600058,2007-10-01
600060,2007-10-01
600062,2007-10-01
600066,2007-10-01
600068,2007-10-01
600078,2007-10-01
600085,2007-10-01
600087,2007-10-01
600088,2007-10-01
600096,2007-10-01
600098,2007-10-01
600100,2007-10-01
600102,2007-10-01
600104,2007-10-01
600108,2007-10-01
600110,2007-10-01
600117,2007-10-01
600118,2007-10-01
600123,2007-10-01
600125,2007-10-01
600132,2007-10-01
600143,2007-10-01
600150,2007-10-01
600151,2007-10-01
600153,2007-10-01
600160,2007-10-01
600161,2007-10-01
600170,2007-10-01
600171,2007-10-01
600177,2007-10-01
600183,2007-10-01
600188,2007-10-01
600190,2007-10-01
600196,2007-10-01
600200,2007-10-01
600208,2007-10-01
600210,2007-10-01
600219,2007-10-01
600220,2007-10-01
600221,2007-10-01
600236,2007-10-01
600256,2007-10-01
600266,2007-10-01
600269,2007-10-01
600270,2007-10-01
600271,2007-10-01
600282,2007-10-01
600299,2007-10-01
600307,2007-10-01
600308,2007-10-01
600309,2007-10-01
600312,2007-10-01
600316,2007-10-01
600320,2007-10-01
600331,2007-10-01
600348,2007-10-01
600350,2007-10-01
600357,2007-10-01
600361,2007-10-01
600362,2007-10-01
600383,2007-10-01
600410,2007-10-01
600415,2007-10-01
600418,2007-10-01
600428,2007-10-01
600432,2007-10-01
600456,2007-10-01
600460,2007-10-01
600472,2007-10-01
600489,2007-10-01
600497,2007-10-01
600498,2007-10-01
600500,2007-10-01
600501,2007-10-01
600508,2007-10-01
600519,2007-10-01
600521,2007-10-01
600528,2007-10-01
600535,2007-10-01
600547,2007-10-01
600549,2007-10-01
600550,2007-10-01
600569,2007-10-01
600583,2007-10-01
600585,2007-10-01
600588,2007-10-01
600591,2007-10-01
600596,2007-10-01
600597,2007-10-01
600598,2007-10-01
600600,2007-10-01
600601,2007-10-01
600616,2007-10-01
600628,2007-10-01
600631,2007-10-01
600635,2007-10-01
600639,2007-10-01
600642,2007-10-01
600643,2007-10-01
600649,2007-10-01
600653,2007-10-01
600655,2007-10-01
600660,2007-10-01
600662,2007-10-01
600663,2007-10-01
600675,2007-10-01
600685,2007-10-01
600688,2007-10-01
600690,2007-10-01
600694,2007-10-01
600717,2007-10-01
600718,2007-10-01
600739,2007-10-01
600741,2007-10-01
600747,2007-10-01
600748,2007-10-01
600754,2007-10-01
600761,2007-10-01
600770,2007-10-01
600779,2007-10-01
600780,2007-10-01
600786,2007-10-01
600787,2007-10-01
600795,2007-10-01
600797,2007-10-01
600808,2007-10-01
600809,2007-10-01
600811,2007-10-01
600812,2007-10-01
600820,2007-10-01
600832,2007-10-01
600835,2007-10-01
600837,2007-10-01
600839,2007-10-01
600851,2007-10-01
600859,2007-10-01
600863,2007-10-01
600868,2007-10-01
600874,2007-10-01
600875,2007-10-01
600879,2007-10-01
600881,2007-10-01
600886,2007-10-01
600887,2007-10-01
600895,2007-10-01
600900,2007-10-01
600961,2007-10-01
600997,2007-10-01
601001,2007-10-01
601002,2007-10-01
601006,2007-10-01
601111,2007-10-01
601166,2007-10-01
601318,2007-10-01
601328,2007-10-01
601333,2007-10-01
601398,2007-10-01
601588,2007-10-01
601600,2007-10-01
601607,2007-10-01
601628,2007-10-01
601666,2007-10-01
601699,2007-10-01
601872,2007-10-01
601988,2007-10-01
601991,2007-10-01
601998,2007-10-01
000001,2007-10-01
000002,2007-10-01
000009,2007-10-01
000012,2007-10-01
000021,2007-10-01
000024,2007-10-01
000027,2007-10-01
000029,2007-10-01
000031,2007-10-01
000036,2007-10-01
000039,2007-10-01
000046,2007-10-01
000059,2007-10-01
000060,2007-10-01
000061,2007-10-01
000063,2007-10-01
000066,2007-10-01
000068,2007-10-01
000069,2007-10-01
000088,2007-10-01
000089,2007-10-01
000157,2007-10-01
000400,2007-10-01
000401,2007-10-01
000402,2007-10-01
000410,2007-10-01
000422,2007-10-01
000425,2007-10-01
000488,2007-10-01
000503,2007-10-01
000527,2007-10-01
000528,2007-10-01
000538,2007-10-01
000539,2007-10-01
000541,2007-10-01
000550,2007-10-01
000559,2007-10-01
000562,2007-10-01
000568,2007-10-01
000581,2007-10-01
000612,2007-10-01
000617,2007-10-01
000623,2007-10-01
000625,2007-10-01
000629,2007-10-01
000630,2007-10-01
000636,2007-10-01
000651,2007-10-01
000652,2007-10-01
000680,2007-10-01
000682,2007-10-01
000690,2007-10-01
000708,2007-10-01
000709,2007-10-01
000717,2007-10-01
000729,2007-10-01
000751,2007-10-01
000758,2007-10-01
000767,2007-10-01
000768,2007-10-01
000778,2007-10-01
000786,2007-10-01
000792,2007-10-01
000793,2007-10-01
000800,2007-10-01
000807,2007-10-01
000822,2007-10-01
000825,2007-10-01
000828,2007-10-01
000829,2007-10-01
000839,2007-10-01
000858,2007-10-01
000876,2007-10-01
000878,2007-10-01
000897,2007-10-01
000898,2007-10-01
000900,2007-10-01
000912,2007-10-01
000917,2007-10-01
000927,2007-10-01
000930,2007-10-01
000932,2007-10-01
000933,2007-10-01
000937,2007-10-01
000959,2007-10-01
000960,2007-10-01
000962,2007-10-01
000969,2007-10-01
000970,2007-10-01
000983,2007-10-01
000997,2007-10-01
002008,2007-10-01
002024,2007-10-01
002025,2007-10-01
002051,2007-10-01
002069,2007-10-01
002078,2007-10-01
002083,2007-10-01
002097,2007-10-01
002106,2007-10-01
002110,2007-10-01
600000,2007-10-02
600001,2007-10-02
600003,2007-10-02
600004,2007-10-02
600005,2007-10-02
600006,2007-10-02
600007,2007-10-02
600008,2007-10-02
600009,2007-10-02
600010,2007-10-02
600011,2007-10-02
600012,2007-10-02
600015,2007-10-02
600016,2007-10-02
600017,2007-10-02
600018,2007-10-02
600019,2007-10-02
600020,2007-10-02
600021,2007-10-02
600022,2007-10-02
600026,2007-10-02
600027,2007-10-02
600028,2007-10-02
600029,2007-10-02
600030,2007-10-02
600031,2007-10-02
600033,2007-10-02
600035,2007-10-02
600036,2007-10-02
600037,2007-10-02
600048,2007-10-02
600050,2007-10-02
600058,2007-10-02
600060,2007-10-02
600062,2007-10-02
600066,2007-10-02
600068,2007-10-02
600078,2007-10-02
600085,2007-10-02
600087,2007-10-02
600088,2007-10-02
600096,2007-10-02
600098,2007-10-02
600100,2007-10-02
600102,2007-10-02
600104,2007-10-02
600108,2007-10-02
600110,2007-10-02
600117,2007-10-02
600118,2007-10-02
600123,2007-10-02
600125,2007-10-02
600132,2007-10-02
600143,2007-10-02
600150,2007-10-02
600151,2007-10-02
600153,2007-10-02
600160,2007-10-02
600161,2007-10-02
600170,2007-10-02
600171,2007-10-02
600177,2007-10-02
600183,2007-10-02
600188,2007-10-02
600190,2007-10-02
600196,2007-10-02
600200,2007-10-02
600208,2007-10-02
600210,2007-10-02
600219,2007-10-02
600220,2007-10-02
600221,2007-10-02
600236,2007-10-02
600256,2007-10-02
600266,2007-10-02
600269,2007-10-02
600270,2007-10-02
600271,2007-10-02
600282,2007-10-02
600299,2007-10-02
600307,2007-10-02
600308,2007-10-02
600309,2007-10-02
600312,2007-10-02
600316,2007-10-02
600320,2007-10-02
600331,2007-10-02
600348,2007-10-02
600350,2007-10-02
600357,2007-10-02
600361,2007-10-02
600362,2007-10-02
600383,2007-10-02
600410,2007-10-02
600415,2007-10-02
600418,2007-10-02
600428,2007-10-02
600432,2007-10-02
600456,2007-10-02
600460,2007-10-02
600472,2007-10-02
600489,2007-10-02
600497,2007-10-02
600498,2007-10-02
600500,2007-10-02
600501,2007-10-02
600508,2007-10-02
600519,2007-10-02
600521,2007-10-02
600528,2007-10-02
600535,2007-10-02
600547,2007-10-02
600549,2007-10-02
600550,2007-10-02
600569,2007-10-02
600583,2007-10-02
600585,2007-10-02
600588,2007-10-02
600591,2007-10-02
600596,2007-10-02
600597,2007-10-02
600598,2007-10-02
600600,2007-10-02
600601,2007-10-02
600616,2007-10-02
600628,2007-10-02
600631,2007-10-02
600635,2007-10-02
600639,2007-10-02
600642,2007-10-02
600643,2007-10-02
600649,2007-10-02
600653,2007-10-02
600655,2007-10-02
600660,2007-10-02
600662,2007-10-02
600663,2007-10-02
600675,2007-10-02
600685,2007-10-02
600688,2007-10-02
600690,2007-10-02
600694,2007-10-02
600717,2007-10-02
600718,2007-10-02
600739,2007-10-02
600741,2007-10-02
600747,2007-10-02
600748,2007-10-02
600754,2007-10-02
600761,2007-10-02
600770,2007-10-02
600779,2007-10-02
600780,2007-10-02
600786,2007-10-02
600787,2007-10-02
600795,2007-10-02
600797,2007-10-02
600808,2007-10-02
600809,2007-10-02
600811,2007-10-02
600812,2007-10-02
600820,2007-10-02
600832,2007-10-02
600835,2007-10-02
600837,2007-10-02
600839,2007-10-02
600851,2007-10-02
600859,2007-10-02
600863,2007-10-02
600868,2007-10-02
600874,2007-10-02
600875,2007-10-02
600879,2007-10-02
600881,2007-10-02
600886,2007-10-02
600887,2007-10-02
600895,2007-10-02
600900,2007-10-02
600961,2007-10-02
600997,2007-10-02
601001,2007-10-02
601002,2007-10-02
601006,2007-10-02
601111,2007-10-02
601166,2007-10-02
601318,2007-10-02
601328,2007-10-02
601333,2007-10-02
601398,2007-10-02
601588,2007-10-02
601600,2007-10-02
601607,2007-10-02
601628,2007-10-02
601666,2007-10-02
601699,2007-10-02
601872,2007-10-02
601988,2007-10-02
601991,2007-10-02
601998,2007-10-02
000001,2007-10-02
000002,2007-10-02
000009,2007-10-02
000012,2007-10-02
000021,2007-10-02
000024,2007-10-02
000027,2007-10-02
000029,2007-10-02
000031,2007-10-02
000036,2007-10-02
000039,2007-10-02
000046,2007-10-02
000059,2007-10-02
000060,2007-10-02
000061,2007-10-02
000063,2007-10-02
000066,2007-10-02
000068,2007-10-02
000069,2007-10-02
000088,2007-10-02
000089,2007-10-02
000157,2007-10-02
000400,2007-10-02
000401,2007-10-02
000402,2007-10-02
000410,2007-10-02
000422,2007-10-02
000425,2007-10-02
000488,2007-10-02
000503,2007-10-02
000527,2007-10-02
000528,2007-10-02
000538,2007-10-02
000539,2007-10-02
000541,2007-10-02
000550,2007-10-02
000559,2007-10-02
000562,2007-10-02
000568,2007-10-02
000581,2007-10-02
000612,2007-10-02
000617,2007-10-02
000623,2007-10-02
000625,2007-10-02
000629,2007-10-02
000630,2007-10-02
000636,2007-10-02
000651,2007-10-02
000652,2007-10-02
000680,2007-10-02
000682,2007-10-02
000690,2007-10-02
000708,2007-10-02
000709,2007-10-02
000717,2007-10-02
000729,2007-10-02
000751,2007-10-02
000758,2007-10-02
000767,2007-10-02
000768,2007-10-02
000778,2007-10-02
000786,2007-10-02
000792,2007-10-02
000793,2007-10-02
000800,2007-10-02
000807,2007-10-02
000822,2007-10-02
000825,2007-10-02
000828,2007-10-02
000829,2007-10-02
000839,2007-10-02
000858,2007-10-02
000876,2007-10-02
000878,2007-10-02
000897,2007-10-02
000898,2007-10-02
000900,2007-10-02
000912,2007-10-02
000917,2007-10-02
000927,2007-10-02
000930,2007-10-02
000932,2007-10-02
000933,2007-10-02
000937,2007-10-02
000959,2007-10-02
000960,2007-10-02
000962,2007-10-02
000969,2007-10-02
000970,2007-10-02
000983,2007-10-02
000997,2007-10-02
002008,2007-10-02
002024,2007-10-02
002025,2007-10-02
002051,2007-10-02
002069,2007-10-02
002078,2007-10-02
002083,2007-10-02
002097,2007-10-02
002106,2007-10-02
002110,2007-10-02
600000,2007-10-03
600001,2007-10-03
600003,2007-10-03
600004,2007-10-03
600005,2007-10-03
600006,2007-10-03
600007,2007-10-03
600008,2007-10-03
600009,2007-10-03
600010,2007-10-03
600011,2007-10-03
600012,2007-10-03
600015,2007-10-03
600016,2007-10-03
600017,2007-10-03
600018,2007-10-03
600019,2007-10-03
600020,2007-10-03
600021,2007-10-03
600022,2007-10-03
600026,2007-10-03
600027,2007-10-03
600028,2007-10-03
600029,2007-10-03
600030,2007-10-03
600031,2007-10-03
600033,2007-10-03
600035,2007-10-03
600036,2007-10-03
600037,2007-10-03
600048,2007-10-03
600050,2007-10-03
600058,2007-10-03
600060,2007-10-03
600062,2007-10-03
600066,2007-10-03
600068,2007-10-03
600078,2007-10-03
600085,2007-10-03
600087,2007-10-03
600088,2007-10-03
600096,2007-10-03
600098,2007-10-03
600100,2007-10-03
600102,2007-10-03
600104,2007-10-03
600108,2007-10-03
600110,2007-10-03
600117,2007-10-03
600118,2007-10-03
600123,2007-10-03
600125,2007-10-03
600132,2007-10-03
600143,2007-10-03
600150,2007-10-03
600151,2007-10-03
600153,2007-10-03
600160,2007-10-03
600161,2007-10-03
600170,2007-10-03
600171,2007-10-03
600177,2007-10-03
600183,2007-10-03
600188,2007-10-03
600190,2007-10-03
600196,2007-10-03
600200,2007-10-03
600208,2007-10-03
600210,2007-10-03
600219,2007-10-03
600220,2007-10-03
600221,2007-10-03
600236,2007-10-03
600256,2007-10-03
600266,2007-10-03
600269,2007-10-03
600270,2007-10-03
600271,2007-10-03
600282,2007-10-03
600299,2007-10-03
600307,2007-10-03
600308,2007-10-03
600309,2007-10-03
600312,2007-10-03
600316,2007-10-03
600320,2007-10-03
600331,2007-10-03
600348,2007-10-03
600350,2007-10-03
600357,2007-10-03
600361,2007-10-03
600362,2007-10-03
600383,2007-10-03
600410,2007-10-03
600415,2007-10-03
600418,2007-10-03
600428,2007-10-03
600432,2007-10-03
600456,2007-10-03
600460,2007-10-03
600472,2007-10-03
600489,2007-10-03
600497,2007-10-03
600498,2007-10-03
600500,2007-10-03
600501,2007-10-03
600508,2007-10-03
600519,2007-10-03
600521,2007-10-03
600528,2007-10-03
600535,2007-10-03
600547,2007-10-03
600549,2007-10-03
600550,2007-10-03
600569,2007-10-03
600583,2007-10-03
600585,2007-10-03
600588,2007-10-03
600591,2007-10-03
600596,2007-10-03
600597,2007-10-03
600598,2007-10-03
600600,2007-10-03
600601,2007-10-03
600616,2007-10-03
600628,2007-10-03
600631,2007-10-03
600635,2007-10-03
600639,2007-10-03
600642,2007-10-03
600643,2007-10-03
600649,2007-10-03
600653,2007-10-03
600655,2007-10-03
600660,2007-10-03
600662,2007-10-03
600663,2007-10-03
600675,2007-10-03
600685,2007-10-03
600688,2007-10-03
600690,2007-10-03
600694,2007-10-03
600717,2007-10-03
600718,2007-10-03
600739,2007-10-03
600741,2007-10-03
600747,2007-10-03
600748,2007-10-03
600754,2007-10-03
600761,2007-10-03
600770,2007-10-03
600779,2007-10-03
600780,2007-10-03
600786,2007-10-03
600787,2007-10-03
600795,2007-10-03
600797,2007-10-03
600808,2007-10-03
600809,2007-10-03
600811,2007-10-03
600812,2007-10-03
600820,2007-10-03
600832,2007-10-03
600835,2007-10-03
600837,2007-10-03
600839,2007-10-03
600851,2007-10-03
600859,2007-10-03
600863,2007-10-03
600868,2007-10-03
600874,2007-10-03
600875,2007-10-03
600879,2007-10-03
600881,2007-10-03
600886,2007-10-03
600887,2007-10-03
600895,2007-10-03
600900,2007-10-03
600961,2007-10-03
600997,2007-10-03
601001,2007-10-03
601002,2007-10-03
601006,2007-10-03
601111,2007-10-03
601166,2007-10-03
601318,2007-10-03
601328,2007-10-03
601333,2007-10-03
601398,2007-10-03
601588,2007-10-03
601600,2007-10-03
601607,2007-10-03
601628,2007-10-03
601666,2007-10-03
601699,2007-10-03
601872,2007-10-03
601988,2007-10-03
601991,2007-10-03
601998,2007-10-03
000001,2007-10-03
000002,2007-10-03
000009,2007-10-03
000012,2007-10-03
000021,2007-10-03
000024,2007-10-03
000027,2007-10-03
000029,2007-10-03
000031,2007-10-03
000036,2007-10-03
000039,2007-10-03
000046,2007-10-03
000059,2007-10-03
000060,2007-10-03
000061,2007-10-03
000063,2007-10-03
000066,2007-10-03
000068,2007-10-03
000069,2007-10-03
000088,2007-10-03
000089,2007-10-03
000157,2007-10-03
000400,2007-10-03
000401,2007-10-03
000402,2007-10-03
000410,2007-10-03
000422,2007-10-03
000425,2007-10-03
000488,2007-10-03
000503,2007-10-03
000527,2007-10-03
000528,2007-10-03
000538,2007-10-03
000539,2007-10-03
000541,2007-10-03
000550,2007-10-03
000559,2007-10-03
000562,2007-10-03
000568,2007-10-03
000581,2007-10-03
000612,2007-10-03
000617,2007-10-03
000623,2007-10-03
000625,2007-10-03
000629,2007-10-03
000630,2007-10-03
000636,2007-10-03
000651,2007-10-03
000652,2007-10-03
000680,2007-10-03
000682,2007-10-03
000690,2007-10-03
000708,2007-10-03
000709,2007-10-03
000717,2007-10-03
000729,2007-10-03
000751,2007-10-03
000758,2007-10-03
000767,2007-10-03
000768,2007-10-03
000778,2007-10-03
000786,2007-10-03
000792,2007-10-03
000793,2007-10-03
000800,2007-10-03
000807,2007-10-03
000822,2007-10-03
000825,2007-10-03
000828,2007-10-03
000829,2007-10-03
000839,2007-10-03
000858,2007-10-03
000876,2007-10-03
000878,2007-10-03
000897,2007-10-03
000898,2007-10-03
000900,2007-10-03
000912,2007-10-03
000917,2007-10-03
000927,2007-10-03
000930,2007-10-03
000932,2007-10-03
000933,2007-10-03
000937,2007-10-03
000959,2007-10-03
000960,2007-10-03
000962,2007-10-03
000969,2007-10-03
000970,2007-10-03
000983,2007-10-03
000997,2007-10-03
002008,2007-10-03
002024,2007-10-03
002025,2007-10-03
002051,2007-10-03
002069,2007-10-03
002078,2007-10-03
002083,2007-10-03
002097,2007-10-03
002106,2007-10-03
002110,2007-10-03
600000,2007-10-28
600001,2007-10-28
600003,2007-10-28
600004,2007-10-28
600005,2007-10-28
600006,2007-10-28
600007,2007-10-28
600008,2007-10-28
600009,2007-10-28
600010,2007-10-28
600011,2007-10-28
600012,2007-10-28
600015,2007-10-28
600016,2007-10-28
600017,2007-10-28
600018,2007-10-28
600019,2007-10-28
600020,2007-10-28
600021,2007-10-28
600022,2007-10-28
600026,2007-10-28
600027,2007-10-28
600028,2007-10-28
600029,2007-10-28
600030,2007-10-28
600031,2007-10-28
600033,2007-10-28
600035,2007-10-28
600036,2007-10-28
600037,2007-10-28
600048,2007-10-28
600050,2007-10-28
600058,2007-10-28
600060,2007-10-28
600062,2007-10-28
600066,2007-10-28
600068,2007-10-28
600078,2007-10-28
600085,2007-10-28
600087,2007-10-28
600088,2007-10-28
600096,2007-10-28
600098,2007-10-28
600100,2007-10-28
600102,2007-10-28
600104,2007-10-28
600108,2007-10-28
600110,2007-10-28
600117,2007-10-28
600118,2007-10-28
600123,2007-10-28
600125,2007-10-28
600132,2007-10-28
600143,2007-10-28
600150,2007-10-28
600151,2007-10-28
600153,2007-10-28
600160,2007-10-28
600161,2007-10-28
600170,2007-10-28
600171,2007-10-28
600177,2007-10-28
600183,2007-10-28
600188,2007-10-28
600190,2007-10-28
600196,2007-10-28
600200,2007-10-28
600208,2007-10-28
600210,2007-10-28
600219,2007-10-28
600220,2007-10-28
600221,2007-10-28
600236,2007-10-28
600256,2007-10-28
600266,2007-10-28
600269,2007-10-28
600270,2007-10-28
600271,2007-10-28
600282,2007-10-28
600299,2007-10-28
600307,2007-10-28
600308,2007-10-28
600309,2007-10-28
600312,2007-10-28
600316,2007-10-28
600320,2007-10-28
600331,2007-10-28
600348,2007-10-28
600350,2007-10-28
600357,2007-10-28
600361,2007-10-28
600362,2007-10-28
600383,2007-10-28
600410,2007-10-28
600415,2007-10-28
600418,2007-10-28
600428,2007-10-28
600432,2007-10-28
600456,2007-10-28
600460,2007-10-28
600472,2007-10-28
600489,2007-10-28
600497,2007-10-28
600498,2007-10-28
600500,2007-10-28
600501,2007-10-28
600508,2007-10-28
600519,2007-10-28
600521,2007-10-28
600528,2007-10-28
600535,2007-10-28
600547,2007-10-28
600549,2007-10-28
600550,2007-10-28
600569,2007-10-28
600583,2007-10-28
600585,2007-10-28
600588,2007-10-28
600591,2007-10-28
600596,2007-10-28
600597,2007-10-28
600598,2007-10-28
600600,2007-10-28
600601,2007-10-28
600616,2007-10-28
600628,2007-10-28
600631,2007-10-28
600635,2007-10-28
600639,2007-10-28
600642,2007-10-28
600643,2007-10-28
600649,2007-10-28
600653,2007-10-28
600655,2007-10-28
600660,2007-10-28
600662,2007-10-28
600663,2007-10-28
600675,2007-10-28
600685,2007-10-28
600688,2007-10-28
600690,2007-10-28
600694,2007-10-28
600717,2007-10-28
600718,2007-10-28
600739,2007-10-28
600741,2007-10-28
600747,2007-10-28
600748,2007-10-28
600754,2007-10-28
600761,2007-10-28
600770,2007-10-28
600779,2007-10-28
600780,2007-10-28
600786,2007-10-28
600787,2007-10-28
600795,2007-10-28
600797,2007-10-28
600808,2007-10-28
600809,2007-10-28
600811,2007-10-28
600812,2007-10-28
600820,2007-10-28
600832,2007-10-28
600835,2007-10-28
600837,2007-10-28
600839,2007-10-28
600851,2007-10-28
600859,2007-10-28
600863,2007-10-28
600868,2007-10-28
600874,2007-10-28
600875,2007-10-28
600879,2007-10-28
600881,2007-10-28
600886,2007-10-28
600887,2007-10-28
600895,2007-10-28
600900,2007-10-28
600961,2007-10-28
600997,2007-10-28
601001,2007-10-28
601002,2007-10-28
601006,2007-10-28
601111,2007-10-28
601166,2007-10-28
601318,2007-10-28
601328,2007-10-28
601333,2007-10-28
601398,2007-10-28
601588,2007-10-28
601600,2007-10-28
601607,2007-10-28
601628,2007-10-28
601666,2007-10-28
601699,2007-10-28
601872,2007-10-28
601988,2007-10-28
601991,2007-10-28
601998,2007-10-28
000001,2007-10-28
000002,2007-10-28
000009,2007-10-28
000012,2007-10-28
000021,2007-10-28
000024,2007-10-28
000027,2007-10-28
000029,2007-10-28
000031,2007-10-28
000036,2007-10-28
000039,2007-10-28
000046,2007-10-28
000059,2007-10-28
000060,2007-10-28
000061,2007-10-28
000063,2007-10-28
000066,2007-10-28
000068,2007-10-28
000069,2007-10-28
000088,2007-10-28
000089,2007-10-28
000157,2007-10-28
000400,2007-10-28
000401,2007-10-28
000402,2007-10-28
000410,2007-10-28
000422,2007-10-28
000425,2007-10-28
000488,2007-10-28
000503,2007-10-28
000527,2007-10-28
000528,2007-10-28
000538,2007-10-28
000539,2007-10-28
000541,2007-10-28
000550,2007-10-28
000559,2007-10-28
000562,2007-10-28
000568,2007-10-28
000581,2007-10-28
000612,2007-10-28
000617,2007-10-28
000623,2007-10-28
000625,2007-10-28
000629,2007-10-28
000630,2007-10-28
000636,2007-10-28
000651,2007-10-28
000652,2007-10-28
000680,2007-10-28
000682,2007-10-28
000690,2007-10-28
000708,2007-10-28
000709,2007-10-28
000717,2007-10-28
000729,2007-10-28
000751,2007-10-28
000758,2007-10-28
000767,2007-10-28
000768,2007-10-28
000778,2007-10-28
000786,2007-10-28
000792,2007-10-28
000793,2007-10-28
000800,2007-10-28
000807,2007-10-28
000822,2007-10-28
000825,2007-10-28
000828,2007-10-28
000829,2007-10-28
000839,2007-10-28
000858,2007-10-28
000876,2007-10-28
000878,2007-10-28
000897,2007-10-28
000898,2007-10-28
000900,2007-10-28
000912,2007-10-28
000917,2007-10-28
000927,2007-10-28
000930,2007-10-28
000932,2007-10-28
000933,2007-10-28
000937,2007-10-28
000959,2007-10-28
000960,2007-10-28
000962,2007-10-28
000969,2007-10-28
000970,2007-10-28
000983,2007-10-28
000997,2007-10-28
002008,2007-10-28
002024,2007-10-28
002025,2007-10-28
002051,2007-10-28
002069,2007-10-28
002078,2007-10-28
002083,2007-10-28
002097,2007-10-28
002106,2007-10-28
002110,2007-10-28
600000,2008-03-01
600001,2008-03-01
600004,2008-03-01
600005,2008-03-01
600006,2008-03-01
600007,2008-03-01
600008,2008-03-01
600009,2008-03-01
600010,2008-03-01
600011,2008-03-01
600012,2008-03-01
600015,2008-03-01
600016,2008-03-01
600017,2008-03-01
600018,2008-03-01
600019,2008-03-01
600020,2008-03-01
600021,2008-03-01
600022,2008-03-01
600026,2008-03-01
600027,2008-03-01
600028,2008-03-01
600029,2008-03-01
600030,2008-03-01
600031,2008-03-01
600033,2008-03-01
600035,2008-03-01
600036,2008-03-01
600037,2008-03-01
600048,2008-03-01
600050,2008-03-01
600058,2008-03-01
600066,2008-03-01
600068,2008-03-01
600085,2008-03-01
600087,2008-03-01
600088,2008-03-01
600089,2008-03-01
600096,2008-03-01
600098,2008-03-01
600100,2008-03-01
600102,2008-03-01
600104,2008-03-01
600108,2008-03-01
600109,2008-03-01
600110,2008-03-01
600111,2008-03-01
600115,2008-03-01
600117,2008-03-01
600118,2008-03-01
600123,2008-03-01
600125,2008-03-01
600132,2008-03-01
600143,2008-03-01
600150,2008-03-01
600151,2008-03-01
600153,2008-03-01
600158,2008-03-01
600161,2008-03-01
600170,2008-03-01
600177,2008-03-01
600183,2008-03-01
600188,2008-03-01
600190,2008-03-01
600196,2008-03-01
600208,2008-03-01
600210,2008-03-01
600219,2008-03-01
600220,2008-03-01
600221,2008-03-01
600236,2008-03-01
600256,2008-03-01
600266,2008-03-01
600269,2008-03-01
600270,2008-03-01
600271,2008-03-01
600282,2008-03-01
600307,2008-03-01
600308,2008-03-01
600309,2008-03-01
600316,2008-03-01
600320,2008-03-01
600325,2008-03-01
600331,2008-03-01
600348,2008-03-01
600350,2008-03-01
600357,2008-03-01
600362,2008-03-01
600377,2008-03-01
600380,2008-03-01
600383,2008-03-01
600415,2008-03-01
600418,2008-03-01
600428,2008-03-01
600432,2008-03-01
600456,2008-03-01
600489,2008-03-01
600497,2008-03-01
600500,2008-03-01
600501,2008-03-01
600508,2008-03-01
600519,2008-03-01
600528,2008-03-01
600535,2008-03-01
600547,2008-03-01
600548,2008-03-01
600549,2008-03-01
600550,2008-03-01
600569,2008-03-01
600583,2008-03-01
600585,2008-03-01
600591,2008-03-01
600595,2008-03-01
600596,2008-03-01
600597,2008-03-01
600598,2008-03-01
600600,2008-03-01
600601,2008-03-01
600611,2008-03-01
600616,2008-03-01
600628,2008-03-01
600631,2008-03-01
600635,2008-03-01
600638,2008-03-01
600639,2008-03-01
600642,2008-03-01
600643,2008-03-01
600649,2008-03-01
600653,2008-03-01
600655,2008-03-01
600660,2008-03-01
600662,2008-03-01
600663,2008-03-01
600675,2008-03-01
600685,2008-03-01
600688,2008-03-01
600690,2008-03-01
600694,2008-03-01
600717,2008-03-01
600718,2008-03-01
600739,2008-03-01
600741,2008-03-01
600747,2008-03-01
600748,2008-03-01
600754,2008-03-01
600761,2008-03-01
600770,2008-03-01
600779,2008-03-01
600780,2008-03-01
600786,2008-03-01
600787,2008-03-01
600795,2008-03-01
600797,2008-03-01
600808,2008-03-01
600809,2008-03-01
600811,2008-03-01
600812,2008-03-01
600820,2008-03-01
600832,2008-03-01
600835,2008-03-01
600837,2008-03-01
600839,2008-03-01
600851,2008-03-01
600863,2008-03-01
600868,2008-03-01
600874,2008-03-01
600875,2008-03-01
600879,2008-03-01
600881,2008-03-01
600886,2008-03-01
600887,2008-03-01
600895,2008-03-01
600900,2008-03-01
600961,2008-03-01
600978,2008-03-01
600997,2008-03-01
601001,2008-03-01
601002,2008-03-01
601003,2008-03-01
601005,2008-03-01
601006,2008-03-01
601009,2008-03-01
601088,2008-03-01
601111,2008-03-01
601166,2008-03-01
601168,2008-03-01
601169,2008-03-01
601318,2008-03-01
601328,2008-03-01
601333,2008-03-01
601398,2008-03-01
601588,2008-03-01
601600,2008-03-01
601607,2008-03-01
601628,2008-03-01
601666,2008-03-01
601699,2008-03-01
601808,2008-03-01
601857,2008-03-01
601872,2008-03-01
601919,2008-03-01
601988,2008-03-01
601991,2008-03-01
601998,2008-03-01
000001,2008-03-01
000002,2008-03-01
000009,2008-03-01
000012,2008-03-01
000021,2008-03-01
000024,2008-03-01
000027,2008-03-01
000029,2008-03-01
000031,2008-03-01
000036,2008-03-01
000039,2008-03-01
000046,2008-03-01
000059,2008-03-01
000060,2008-03-01
000061,2008-03-01
000063,2008-03-01
000069,2008-03-01
000088,2008-03-01
000089,2008-03-01
000157,2008-03-01
000338,2008-03-01
000400,2008-03-01
000401,2008-03-01
000402,2008-03-01
000410,2008-03-01
000422,2008-03-01
000423,2008-03-01
000425,2008-03-01
000488,2008-03-01
000503,2008-03-01
000527,2008-03-01
000528,2008-03-01
000538,2008-03-01
000539,2008-03-01
000541,2008-03-01
000543,2008-03-01
000550,2008-03-01
000559,2008-03-01
000562,2008-03-01
000568,2008-03-01
000572,2008-03-01
000581,2008-03-01
000612,2008-03-01
000625,2008-03-01
000629,2008-03-01
000630,2008-03-01
000636,2008-03-01
000651,2008-03-01
000652,2008-03-01
000680,2008-03-01
000682,2008-03-01
000708,2008-03-01
000709,2008-03-01
000717,2008-03-01
000718,2008-03-01
000729,2008-03-01
000751,2008-03-01
000758,2008-03-01
000761,2008-03-01
000767,2008-03-01
000768,2008-03-01
000778,2008-03-01
000786,2008-03-01
000792,2008-03-01
000793,2008-03-01
000800,2008-03-01
000807,2008-03-01
000822,2008-03-01
000825,2008-03-01
000828,2008-03-01
000829,2008-03-01
000839,2008-03-01
000858,2008-03-01
000876,2008-03-01
000878,2008-03-01
000895,2008-03-01
000897,2008-03-01
000898,2008-03-01
000900,2008-03-01
000912,2008-03-01
000917,2008-03-01
000927,2008-03-01
000932,2008-03-01
000933,2008-03-01
000937,2008-03-01
000951,2008-03-01
000959,2008-03-01
000960,2008-03-01
000969,2008-03-01
000970,2008-03-01
000983,2008-03-01
002024,2008-03-01
002110,2008-03-01
002122,2008-03-01
002128,2008-03-01
002142,2008-03-01
600000,2008-03-02
600001,2008-03-02
600004,2008-03-02
600005,2008-03-02
600006,2008-03-02
600007,2008-03-02
600008,2008-03-02
600009,2008-03-02
600010,2008-03-02
600011,2008-03-02
600012,2008-03-02
600015,2008-03-02
600016,2008-03-02
600017,2008-03-02
600018,2008-03-02
600019,2008-03-02
600020,2008-03-02
600021,2008-03-02
600022,2008-03-02
600026,2008-03-02
600027,2008-03-02
600028,2008-03-02
600029,2008-03-02
600030,2008-03-02
600031,2008-03-02
600033,2008-03-02
600035,2008-03-02
600036,2008-03-02
600037,2008-03-02
600048,2008-03-02
600050,2008-03-02
600058,2008-03-02
600066,2008-03-02
600068,2008-03-02
600085,2008-03-02
600087,2008-03-02
600088,2008-03-02
600089,2008-03-02
600096,2008-03-02
600098,2008-03-02
600100,2008-03-02
600102,2008-03-02
600104,2008-03-02
600108,2008-03-02
600109,2008-03-02
600110,2008-03-02
600111,2008-03-02
600115,2008-03-02
600117,2008-03-02
600118,2008-03-02
600123,2008-03-02
600125,2008-03-02
600132,2008-03-02
600143,2008-03-02
600150,2008-03-02
600151,2008-03-02
600153,2008-03-02
600158,2008-03-02
600161,2008-03-02
600170,2008-03-02
600177,2008-03-02
600183,2008-03-02
600188,2008-03-02
600190,2008-03-02
600196,2008-03-02
600208,2008-03-02
600210,2008-03-02
600219,2008-03-02
600220,2008-03-02
600221,2008-03-02
600236,2008-03-02
600256,2008-03-02
600266,2008-03-02
600269,2008-03-02
600270,2008-03-02
600271,2008-03-02
600282,2008-03-02
600307,2008-03-02
600308,2008-03-02
600309,2008-03-02
600316,2008-03-02
600320,2008-03-02
600325,2008-03-02
600331,2008-03-02
600348,2008-03-02
600350,2008-03-02
600357,2008-03-02
600362,2008-03-02
600377,2008-03-02
600380,2008-03-02
600383,2008-03-02
600415,2008-03-02
600418,2008-03-02
600428,2008-03-02
600432,2008-03-02
600456,2008-03-02
600489,2008-03-02
600497,2008-03-02
600500,2008-03-02
600501,2008-03-02
600508,2008-03-02
600519,2008-03-02
600528,2008-03-02
600535,2008-03-02
600547,2008-03-02
600548,2008-03-02
600549,2008-03-02
600550,2008-03-02
600569,2008-03-02
600583,2008-03-02
600585,2008-03-02
600591,2008-03-02
600595,2008-03-02
600596,2008-03-02
600597,2008-03-02
600598,2008-03-02
600600,2008-03-02
600601,2008-03-02
600611,2008-03-02
600616,2008-03-02
600628,2008-03-02
600631,2008-03-02
600635,2008-03-02
600638,2008-03-02
600639,2008-03-02
600642,2008-03-02
600643,2008-03-02
600649,2008-03-02
600653,2008-03-02
600655,2008-03-02
600660,2008-03-02
600662,2008-03-02
600663,2008-03-02
600675,2008-03-02
600685,2008-03-02
600688,2008-03-02
600690,2008-03-02
600694,2008-03-02
600717,2008-03-02
600718,2008-03-02
600739,2008-03-02
600741,2008-03-02
600747,2008-03-02
600748,2008-03-02
600754,2008-03-02
600761,2008-03-02
600770,2008-03-02
600779,2008-03-02
600780,2008-03-02
600786,2008-03-02
600787,2008-03-02
600795,2008-03-02
600797,2008-03-02
600808,2008-03-02
600809,2008-03-02
600811,2008-03-02
600812,2008-03-02
600820,2008-03-02
600832,2008-03-02
600835,2008-03-02
600837,2008-03-02
600839,2008-03-02
600851,2008-03-02
600863,2008-03-02
600868,2008-03-02
600874,2008-03-02
600875,2008-03-02
600879,2008-03-02
600881,2008-03-02
600886,2008-03-02
600887,2008-03-02
600895,2008-03-02
600900,2008-03-02
600961,2008-03-02
600978,2008-03-02
600997,2008-03-02
601001,2008-03-02
601002,2008-03-02
601003,2008-03-02
601005,2008-03-02
601006,2008-03-02
601009,2008-03-02
601088,2008-03-02
601111,2008-03-02
601166,2008-03-02
601168,2008-03-02
601169,2008-03-02
601318,2008-03-02
601328,2008-03-02
601333,2008-03-02
601398,2008-03-02
601588,2008-03-02
601600,2008-03-02
601607,2008-03-02
601628,2008-03-02
601666,2008-03-02
601699,2008-03-02
601808,2008-03-02
601857,2008-03-02
601872,2008-03-02
601919,2008-03-02
601988,2008-03-02
601991,2008-03-02
601998,2008-03-02
000001,2008-03-02
000002,2008-03-02
000009,2008-03-02
000012,2008-03-02
000021,2008-03-02
000024,2008-03-02
000027,2008-03-02
000029,2008-03-02
000031,2008-03-02
000036,2008-03-02
000039,2008-03-02
000046,2008-03-02
000059,2008-03-02
000060,2008-03-02
000061,2008-03-02
000063,2008-03-02
000069,2008-03-02
000088,2008-03-02
000089,2008-03-02
000157,2008-03-02
000338,2008-03-02
000400,2008-03-02
000401,2008-03-02
000402,2008-03-02
000410,2008-03-02
000422,2008-03-02
000423,2008-03-02
000425,2008-03-02
000488,2008-03-02
000503,2008-03-02
000527,2008-03-02
000528,2008-03-02
000538,2008-03-02
000539,2008-03-02
000541,2008-03-02
000543,2008-03-02
000550,2008-03-02
000559,2008-03-02
000562,2008-03-02
000568,2008-03-02
000572,2008-03-02
000581,2008-03-02
000612,2008-03-02
000625,2008-03-02
000629,2008-03-02
000630,2008-03-02
000636,2008-03-02
000651,2008-03-02
000652,2008-03-02
000680,2008-03-02
000682,2008-03-02
000708,2008-03-02
000709,2008-03-02
000717,2008-03-02
000718,2008-03-02
000729,2008-03-02
000751,2008-03-02
000758,2008-03-02
000761,2008-03-02
000767,2008-03-02
000768,2008-03-02
000778,2008-03-02
000786,2008-03-02
000792,2008-03-02
000793,2008-03-02
000800,2008-03-02
000807,2008-03-02
000822,2008-03-02
000825,2008-03-02
000828,2008-03-02
000829,2008-03-02
000839,2008-03-02
000858,2008-03-02
000876,2008-03-02
000878,2008-03-02
000895,2008-03-02
000897,2008-03-02
000898,2008-03-02
000900,2008-03-02
000912,2008-03-02
000917,2008-03-02
000927,2008-03-02
000932,2008-03-02
000933,2008-03-02
000937,2008-03-02
000951,2008-03-02
000959,2008-03-02
000960,2008-03-02
000969,2008-03-02
000970,2008-03-02
000983,2008-03-02
002024,2008-03-02
002110,2008-03-02
002122,2008-03-02
002128,2008-03-02
002142,2008-03-02
600000,2008-03-03
600001,2008-03-03
600004,2008-03-03
600005,2008-03-03
600006,2008-03-03
600007,2008-03-03
600008,2008-03-03
600009,2008-03-03
600010,2008-03-03
600011,2008-03-03
600012,2008-03-03
600015,2008-03-03
600016,2008-03-03
600017,2008-03-03
600018,2008-03-03
600019,2008-03-03
600020,2008-03-03
600021,2008-03-03
600022,2008-03-03
600026,2008-03-03
600027,2008-03-03
600028,2008-03-03
600029,2008-03-03
600030,2008-03-03
600031,2008-03-03
600033,2008-03-03
600035,2008-03-03
600036,2008-03-03
600037,2008-03-03
600048,2008-03-03
600050,2008-03-03
600058,2008-03-03
600066,2008-03-03
600068,2008-03-03
600085,2008-03-03
600087,2008-03-03
600088,2008-03-03
600089,2008-03-03
600096,2008-03-03
600098,2008-03-03
600100,2008-03-03
600102,2008-03-03
600104,2008-03-03
600108,2008-03-03
600109,2008-03-03
600110,2008-03-03
600111,2008-03-03
600115,2008-03-03
600117,2008-03-03
600118,2008-03-03
600123,2008-03-03
600125,2008-03-03
600132,2008-03-03
600143,2008-03-03
600150,2008-03-03
600151,2008-03-03
600153,2008-03-03
600158,2008-03-03
600161,2008-03-03
600170,2008-03-03
600177,2008-03-03
600183,2008-03-03
600188,2008-03-03
600190,2008-03-03
600196,2008-03-03
600208,2008-03-03
600210,2008-03-03
600219,2008-03-03
600220,2008-03-03
600221,2008-03-03
600236,2008-03-03
600256,2008-03-03
600266,2008-03-03
600269,2008-03-03
600270,2008-03-03
600271,2008-03-03
600282,2008-03-03
600307,2008-03-03
600308,2008-03-03
600309,2008-03-03
600316,2008-03-03
600320,2008-03-03
600325,2008-03-03
600331,2008-03-03
600348,2008-03-03
600350,2008-03-03
600357,2008-03-03
600362,2008-03-03
600377,2008-03-03
600380,2008-03-03
600383,2008-03-03
600415,2008-03-03
600418,2008-03-03
600428,2008-03-03
600432,2008-03-03
600456,2008-03-03
600489,2008-03-03
600497,2008-03-03
600500,2008-03-03
600501,2008-03-03
600508,2008-03-03
600519,2008-03-03
600528,2008-03-03
600535,2008-03-03
600547,2008-03-03
600548,2008-03-03
600549,2008-03-03
600550,2008-03-03
600569,2008-03-03
600583,2008-03-03
600585,2008-03-03
600591,2008-03-03
600595,2008-03-03
600596,2008-03-03
600597,2008-03-03
600598,2008-03-03
600600,2008-03-03
600601,2008-03-03
600611,2008-03-03
600616,2008-03-03
600628,2008-03-03
600631,2008-03-03
600635,2008-03-03
600638,2008-03-03
600639,2008-03-03
600642,2008-03-03
600643,2008-03-03
600649,2008-03-03
600653,2008-03-03
600655,2008-03-03
600660,2008-03-03
600662,2008-03-03
600663,2008-03-03
600675,2008-03-03
600685,2008-03-03
600688,2008-03-03
600690,2008-03-03
600694,2008-03-03
600717,2008-03-03
600718,2008-03-03
600739,2008-03-03
600741,2008-03-03
600747,2008-03-03
600748,2008-03-03
600754,2008-03-03
600761,2008-03-03
600770,2008-03-03
600779,2008-03-03
600780,2008-03-03
600786,2008-03-03
600787,2008-03-03
600795,2008-03-03
600797,2008-03-03
600808,2008-03-03
600809,2008-03-03
600811,2008-03-03
600812,2008-03-03
600820,2008-03-03
600832,2008-03-03
600835,2008-03-03
600837,2008-03-03
600839,2008-03-03
600851,2008-03-03
600863,2008-03-03
600868,2008-03-03
600874,2008-03-03
600875,2008-03-03
600879,2008-03-03
600881,2008-03-03
600886,2008-03-03
600887,2008-03-03
600895,2008-03-03
600900,2008-03-03
600961,2008-03-03
600978,2008-03-03
600997,2008-03-03
601001,2008-03-03
601002,2008-03-03
601003,2008-03-03
601005,2008-03-03
601006,2008-03-03
601009,2008-03-03
601088,2008-03-03
601111,2008-03-03
601166,2008-03-03
601168,2008-03-03
601169,2008-03-03
601318,2008-03-03
601328,2008-03-03
601333,2008-03-03
601398,2008-03-03
601588,2008-03-03
601600,2008-03-03
601607,2008-03-03
601628,2008-03-03
601666,2008-03-03
601699,2008-03-03
601808,2008-03-03
601857,2008-03-03
601872,2008-03-03
601919,2008-03-03
601988,2008-03-03
601991,2008-03-03
601998,2008-03-03
000001,2008-03-03
000002,2008-03-03
000009,2008-03-03
000012,2008-03-03
000021,2008-03-03
000024,2008-03-03
000027,2008-03-03
000029,2008-03-03
000031,2008-03-03
000036,2008-03-03
000039,2008-03-03
000046,2008-03-03
000059,2008-03-03
000060,2008-03-03
000061,2008-03-03
000063,2008-03-03
000069,2008-03-03
000088,2008-03-03
000089,2008-03-03
000157,2008-03-03
000338,2008-03-03
000400,2008-03-03
000401,2008-03-03
000402,2008-03-03
000410,2008-03-03
000422,2008-03-03
000423,2008-03-03
000425,2008-03-03
000488,2008-03-03
000503,2008-03-03
000527,2008-03-03
000528,2008-03-03
000538,2008-03-03
000539,2008-03-03
000541,2008-03-03
000543,2008-03-03
000550,2008-03-03
000559,2008-03-03
000562,2008-03-03
000568,2008-03-03
000572,2008-03-03
000581,2008-03-03
000612,2008-03-03
000625,2008-03-03
000629,2008-03-03
000630,2008-03-03
000636,2008-03-03
000651,2008-03-03
000652,2008-03-03
000680,2008-03-03
000682,2008-03-03
000708,2008-03-03
000709,2008-03-03
000717,2008-03-03
000718,2008-03-03
000729,2008-03-03
000751,2008-03-03
000758,2008-03-03
000761,2008-03-03
000767,2008-03-03
000768,2008-03-03
000778,2008-03-03
000786,2008-03-03
000792,2008-03-03
000793,2008-03-03
000800,2008-03-03
000807,2008-03-03
000822,2008-03-03
000825,2008-03-03
000828,2008-03-03
000829,2008-03-03
000839,2008-03-03
000858,2008-03-03
000876,2008-03-03
000878,2008-03-03
000895,2008-03-03
000897,2008-03-03
000898,2008-03-03
000900,2008-03-03
000912,2008-03-03
000917,2008-03-03
000927,2008-03-03
000932,2008-03-03
000933,2008-03-03
000937,2008-03-03
000951,2008-03-03
000959,2008-03-03
000960,2008-03-03
000969,2008-03-03
000970,2008-03-03
000983,2008-03-03
002024,2008-03-03
002110,2008-03-03
002122,2008-03-03
002128,2008-03-03
002142,2008-03-03
600000,2008-03-28
600001,2008-03-28
600004,2008-03-28
600005,2008-03-28
600006,2008-03-28
600007,2008-03-28
600008,2008-03-28
600009,2008-03-28
600010,2008-03-28
600011,2008-03-28
600012,2008-03-28
600015,2008-03-28
600016,2008-03-28
600017,2008-03-28
600018,2008-03-28
600019,2008-03-28
600020,2008-03-28
600021,2008-03-28
600022,2008-03-28
600026,2008-03-28
600027,2008-03-28
600028,2008-03-28
600029,2008-03-28
600030,2008-03-28
600031,2008-03-28
600033,2008-03-28
600035,2008-03-28
600036,2008-03-28
600037,2008-03-28
600048,2008-03-28
600050,2008-03-28
600058,2008-03-28
600066,2008-03-28
600068,2008-03-28
600085,2008-03-28
600087,2008-03-28
600088,2008-03-28
600089,2008-03-28
600096,2008-03-28
600098,2008-03-28
600100,2008-03-28
600102,2008-03-28
600104,2008-03-28
600108,2008-03-28
600109,2008-03-28
600110,2008-03-28
600111,2008-03-28
600115,2008-03-28
600117,2008-03-28
600118,2008-03-28
600123,2008-03-28
600125,2008-03-28
600132,2008-03-28
600143,2008-03-28
600150,2008-03-28
600151,2008-03-28
600153,2008-03-28
600158,2008-03-28
600161,2008-03-28
600170,2008-03-28
600177,2008-03-28
600183,2008-03-28
600188,2008-03-28
600190,2008-03-28
600196,2008-03-28
600208,2008-03-28
600210,2008-03-28
600219,2008-03-28
600220,2008-03-28
600221,2008-03-28
600236,2008-03-28
600256,2008-03-28
600266,2008-03-28
600269,2008-03-28
600270,2008-03-28
600271,2008-03-28
600282,2008-03-28
600307,2008-03-28
600308,2008-03-28
600309,2008-03-28
600316,2008-03-28
600320,2008-03-28
600325,2008-03-28
600331,2008-03-28
600348,2008-03-28
600350,2008-03-28
600357,2008-03-28
600362,2008-03-28
600377,2008-03-28
600380,2008-03-28
600383,2008-03-28
600415,2008-03-28
600418,2008-03-28
600428,2008-03-28
600432,2008-03-28
600456,2008-03-28
600489,2008-03-28
600497,2008-03-28
600500,2008-03-28
600501,2008-03-28
600508,2008-03-28
600519,2008-03-28
600528,2008-03-28
600535,2008-03-28
600547,2008-03-28
600548,2008-03-28
600549,2008-03-28
600550,2008-03-28
600569,2008-03-28
600583,2008-03-28
600585,2008-03-28
600591,2008-03-28
600595,2008-03-28
600596,2008-03-28
600597,2008-03-28
600598,2008-03-28
600600,2008-03-28
600601,2008-03-28
600611,2008-03-28
600616,2008-03-28
600628,2008-03-28
600631,2008-03-28
600635,2008-03-28
600638,2008-03-28
600639,2008-03-28
600642,2008-03-28
600643,2008-03-28
600649,2008-03-28
600653,2008-03-28
600655,2008-03-28
600660,2008-03-28
600662,2008-03-28
600663,2008-03-28
600675,2008-03-28
600685,2008-03-28
600688,2008-03-28
600690,2008-03-28
600694,2008-03-28
600717,2008-03-28
600718,2008-03-28
600739,2008-03-28
600741,2008-03-28
600747,2008-03-28
600748,2008-03-28
600754,2008-03-28
600761,2008-03-28
600770,2008-03-28
600779,2008-03-28
600780,2008-03-28
600787,2008-03-28
600795,2008-03-28
600797,2008-03-28
600808,2008-03-28
600809,2008-03-28
600811,2008-03-28
600812,2008-03-28
600820,2008-03-28
600832,2008-03-28
600835,2008-03-28
600837,2008-03-28
600839,2008-03-28
600851,2008-03-28
600863,2008-03-28
600868,2008-03-28
600874,2008-03-28
600875,2008-03-28
600879,2008-03-28
600881,2008-03-28
600886,2008-03-28
600887,2008-03-28
600895,2008-03-28
600900,2008-03-28
600961,2008-03-28
600978,2008-03-28
600997,2008-03-28
601001,2008-03-28
601002,2008-03-28
601003,2008-03-28
601005,2008-03-28
601006,2008-03-28
601009,2008-03-28
601088,2008-03-28
601111,2008-03-28
601166,2008-03-28
601168,2008-03-28
601169,2008-03-28
601318,2008-03-28
601328,2008-03-28
601333,2008-03-28
601398,2008-03-28
601588,2008-03-28
601600,2008-03-28
601607,2008-03-28
601628,2008-03-28
601666,2008-03-28
601699,2008-03-28
601808,2008-03-28
601857,2008-03-28
601872,2008-03-28
601919,2008-03-28
601988,2008-03-28
601991,2008-03-28
601998,2008-03-28
000001,2008-03-28
000002,2008-03-28
000009,2008-03-28
000012,2008-03-28
000021,2008-03-28
000024,2008-03-28
000027,2008-03-28
000029,2008-03-28
000031,2008-03-28
000036,2008-03-28
000039,2008-03-28
000046,2008-03-28
000059,2008-03-28
000060,2008-03-28
000061,2008-03-28
000063,2008-03-28
000069,2008-03-28
000088,2008-03-28
000089,2008-03-28
000157,2008-03-28
000301,2008-03-28
000338,2008-03-28
000400,2008-03-28
000401,2008-03-28
000402,2008-03-28
000410,2008-03-28
000422,2008-03-28
000423,2008-03-28
000425,2008-03-28
000488,2008-03-28
000503,2008-03-28
000527,2008-03-28
000528,2008-03-28
000538,2008-03-28
000539,2008-03-28
000541,2008-03-28
000543,2008-03-28
000550,2008-03-28
000559,2008-03-28
000562,2008-03-28
000568,2008-03-28
000572,2008-03-28
000581,2008-03-28
000612,2008-03-28
000625,2008-03-28
000629,2008-03-28
000630,2008-03-28
000636,2008-03-28
000651,2008-03-28
000652,2008-03-28
000680,2008-03-28
000682,2008-03-28
000708,2008-03-28
000709,2008-03-28
000717,2008-03-28
000718,2008-03-28
000729,2008-03-28
000751,2008-03-28
000758,2008-03-28
000761,2008-03-28
000767,2008-03-28
000768,2008-03-28
000778,2008-03-28
000786,2008-03-28
000792,2008-03-28
000793,2008-03-28
000800,2008-03-28
000807,2008-03-28
000822,2008-03-28
000825,2008-03-28
000828,2008-03-28
000829,2008-03-28
000839,2008-03-28
000858,2008-03-28
000876,2008-03-28
000878,2008-03-28
000895,2008-03-28
000897,2008-03-28
000898,2008-03-28
000900,2008-03-28
000912,2008-03-28
000917,2008-03-28
000927,2008-03-28
000932,2008-03-28
000933,2008-03-28
000937,2008-03-28
000951,2008-03-28
000959,2008-03-28
000960,2008-03-28
000969,2008-03-28
000970,2008-03-28
000983,2008-03-28
002024,2008-03-28
002110,2008-03-28
002122,2008-03-28
002128,2008-03-28
002142,2008-03-28
600000,2008-09-01
600001,2008-09-01
600004,2008-09-01
600005,2008-09-01
600006,2008-09-01
600007,2008-09-01
600008,2008-09-01
600009,2008-09-01
600010,2008-09-01
600011,2008-09-01
600012,2008-09-01
600015,2008-09-01
600016,2008-09-01
600017,2008-09-01
600018,2008-09-01
600019,2008-09-01
600020,2008-09-01
600021,2008-09-01
600022,2008-09-01
600026,2008-09-01
600027,2008-09-01
600028,2008-09-01
600029,2008-09-01
600030,2008-09-01
600031,2008-09-01
600033,2008-09-01
600036,2008-09-01
600037,2008-09-01
600048,2008-09-01
600050,2008-09-01
600058,2008-09-01
600066,2008-09-01
600068,2008-09-01
600085,2008-09-01
600087,2008-09-01
600089,2008-09-01
600096,2008-09-01
600098,2008-09-01
600100,2008-09-01
600102,2008-09-01
600104,2008-09-01
600108,2008-09-01
600109,2008-09-01
600110,2008-09-01
600111,2008-09-01
600115,2008-09-01
600117,2008-09-01
600118,2008-09-01
600123,2008-09-01
600125,2008-09-01
600132,2008-09-01
600143,2008-09-01
600150,2008-09-01
600151,2008-09-01
600153,2008-09-01
600158,2008-09-01
600169,2008-09-01
600170,2008-09-01
600177,2008-09-01
600183,2008-09-01
600188,2008-09-01
600196,2008-09-01
600208,2008-09-01
600210,2008-09-01
600219,2008-09-01
600220,2008-09-01
600221,2008-09-01
600236,2008-09-01
600256,2008-09-01
600266,2008-09-01
600269,2008-09-01
600270,2008-09-01
600271,2008-09-01
600282,2008-09-01
600307,2008-09-01
600308,2008-09-01
600309,2008-09-01
600316,2008-09-01
600320,2008-09-01
600325,2008-09-01
600331,2008-09-01
600348,2008-09-01
600350,2008-09-01
600357,2008-09-01
600362,2008-09-01
600376,2008-09-01
600377,2008-09-01
600380,2008-09-01
600383,2008-09-01
600415,2008-09-01
600418,2008-09-01
600428,2008-09-01
600432,2008-09-01
600456,2008-09-01
600489,2008-09-01
600497,2008-09-01
600500,2008-09-01
600508,2008-09-01
600519,2008-09-01
600528,2008-09-01
600535,2008-09-01
600547,2008-09-01
600548,2008-09-01
600549,2008-09-01
600550,2008-09-01
600569,2008-09-01
600583,2008-09-01
600585,2008-09-01
600591,2008-09-01
600595,2008-09-01
600596,2008-09-01
600597,2008-09-01
600598,2008-09-01
600600,2008-09-01
600601,2008-09-01
600611,2008-09-01
600616,2008-09-01
600628,2008-09-01
600631,2008-09-01
600635,2008-09-01
600638,2008-09-01
600639,2008-09-01
600642,2008-09-01
600643,2008-09-01
600649,2008-09-01
600653,2008-09-01
600655,2008-09-01
600660,2008-09-01
600663,2008-09-01
600675,2008-09-01
600685,2008-09-01
600688,2008-09-01
600690,2008-09-01
600694,2008-09-01
600717,2008-09-01
600718,2008-09-01
600739,2008-09-01
600741,2008-09-01
600747,2008-09-01
600748,2008-09-01
600761,2008-09-01
600770,2008-09-01
600779,2008-09-01
600780,2008-09-01
600787,2008-09-01
600795,2008-09-01
600797,2008-09-01
600804,2008-09-01
600808,2008-09-01
600809,2008-09-01
600811,2008-09-01
600812,2008-09-01
600820,2008-09-01
600832,2008-09-01
600835,2008-09-01
600837,2008-09-01
600839,2008-09-01
600851,2008-09-01
600859,2008-09-01
600863,2008-09-01
600874,2008-09-01
600875,2008-09-01
600879,2008-09-01
600881,2008-09-01
600886,2008-09-01
600887,2008-09-01
600895,2008-09-01
600900,2008-09-01
600961,2008-09-01
600978,2008-09-01
600997,2008-09-01
601001,2008-09-01
601003,2008-09-01
601005,2008-09-01
601006,2008-09-01
601009,2008-09-01
601088,2008-09-01
601111,2008-09-01
601166,2008-09-01
601168,2008-09-01
601169,2008-09-01
601318,2008-09-01
601328,2008-09-01
601333,2008-09-01
601390,2008-09-01
601398,2008-09-01
601588,2008-09-01
601600,2008-09-01
601601,2008-09-01
601628,2008-09-01
601666,2008-09-01
601699,2008-09-01
601808,2008-09-01
601857,2008-09-01
601866,2008-09-01
601872,2008-09-01
601898,2008-09-01
601918,2008-09-01
601919,2008-09-01
601939,2008-09-01
601988,2008-09-01
601991,2008-09-01
601998,2008-09-01
000001,2008-09-01
000002,2008-09-01
000009,2008-09-01
000012,2008-09-01
000021,2008-09-01
000024,2008-09-01
000027,2008-09-01
000031,2008-09-01
000036,2008-09-01
000039,2008-09-01
000046,2008-09-01
000059,2008-09-01
000060,2008-09-01
000061,2008-09-01
000063,2008-09-01
000069,2008-09-01
000088,2008-09-01
000089,2008-09-01
000157,2008-09-01
000301,2008-09-01
000338,2008-09-01
000401,2008-09-01
000402,2008-09-01
000410,2008-09-01
000422,2008-09-01
000423,2008-09-01
000425,2008-09-01
000488,2008-09-01
000503,2008-09-01
000527,2008-09-01
000528,2008-09-01
000538,2008-09-01
000539,2008-09-01
000541,2008-09-01
000543,2008-09-01
000559,2008-09-01
000562,2008-09-01
000568,2008-09-01
000572,2008-09-01
000581,2008-09-01
000612,2008-09-01
000625,2008-09-01
000629,2008-09-01
000630,2008-09-01
000636,2008-09-01
000651,2008-09-01
000652,2008-09-01
000667,2008-09-01
000680,2008-09-01
000686,2008-09-01
000709,2008-09-01
000717,2008-09-01
000718,2008-09-01
000728,2008-09-01
000729,2008-09-01
000751,2008-09-01
000755,2008-09-01
000758,2008-09-01
000761,2008-09-01
000767,2008-09-01
000768,2008-09-01
000778,2008-09-01
000783,2008-09-01
000792,2008-09-01
000793,2008-09-01
000800,2008-09-01
000807,2008-09-01
000822,2008-09-01
000825,2008-09-01
000828,2008-09-01
000829,2008-09-01
000839,2008-09-01
000858,2008-09-01
000876,2008-09-01
000878,2008-09-01
000895,2008-09-01
000897,2008-09-01
000898,2008-09-01
000900,2008-09-01
000912,2008-09-01
000917,2008-09-01
000927,2008-09-01
000932,2008-09-01
000933,2008-09-01
000937,2008-09-01
000951,2008-09-01
000959,2008-09-01
000960,2008-09-01
000969,2008-09-01
000983,2008-09-01
002024,2008-09-01
002097,2008-09-01
002128,2008-09-01
002142,2008-09-01
002146,2008-09-01
002155,2008-09-01
002202,2008-09-01
600000,2008-09-02
600001,2008-09-02
600004,2008-09-02
600005,2008-09-02
600006,2008-09-02
600007,2008-09-02
600008,2008-09-02
600009,2008-09-02
600010,2008-09-02
600011,2008-09-02
600012,2008-09-02
600015,2008-09-02
600016,2008-09-02
600017,2008-09-02
600018,2008-09-02
600019,2008-09-02
600020,2008-09-02
600021,2008-09-02
600022,2008-09-02
600026,2008-09-02
600027,2008-09-02
600028,2008-09-02
600029,2008-09-02
600030,2008-09-02
600031,2008-09-02
600033,2008-09-02
600036,2008-09-02
600037,2008-09-02
600048,2008-09-02
600050,2008-09-02
600058,2008-09-02
600066,2008-09-02
600068,2008-09-02
600085,2008-09-02
600087,2008-09-02
600089,2008-09-02
600096,2008-09-02
600098,2008-09-02
600100,2008-09-02
600102,2008-09-02
600104,2008-09-02
600108,2008-09-02
600109,2008-09-02
600110,2008-09-02
600111,2008-09-02
600115,2008-09-02
600117,2008-09-02
600118,2008-09-02
600123,2008-09-02
600125,2008-09-02
600132,2008-09-02
600143,2008-09-02
600150,2008-09-02
600151,2008-09-02
600153,2008-09-02
600158,2008-09-02
600169,2008-09-02
600170,2008-09-02
600177,2008-09-02
600183,2008-09-02
600188,2008-09-02
600196,2008-09-02
600208,2008-09-02
600210,2008-09-02
600219,2008-09-02
600220,2008-09-02
600221,2008-09-02
600236,2008-09-02
600256,2008-09-02
600266,2008-09-02
600269,2008-09-02
600270,2008-09-02
600271,2008-09-02
600282,2008-09-02
600307,2008-09-02
600308,2008-09-02
600309,2008-09-02
600316,2008-09-02
600320,2008-09-02
600325,2008-09-02
600331,2008-09-02
600348,2008-09-02
600350,2008-09-02
600357,2008-09-02
600362,2008-09-02
600376,2008-09-02
600377,2008-09-02
600380,2008-09-02
600383,2008-09-02
600415,2008-09-02
600418,2008-09-02
600428,2008-09-02
600432,2008-09-02
600456,2008-09-02
600489,2008-09-02
600497,2008-09-02
600500,2008-09-02
600508,2008-09-02
600519,2008-09-02
600528,2008-09-02
600535,2008-09-02
600547,2008-09-02
600548,2008-09-02
600549,2008-09-02
600550,2008-09-02
600569,2008-09-02
600583,2008-09-02
600585,2008-09-02
600591,2008-09-02
600595,2008-09-02
600596,2008-09-02
600597,2008-09-02
600598,2008-09-02
600600,2008-09-02
600601,2008-09-02
600611,2008-09-02
600616,2008-09-02
600628,2008-09-02
600631,2008-09-02
600635,2008-09-02
600638,2008-09-02
600639,2008-09-02
600642,2008-09-02
600643,2008-09-02
600649,2008-09-02
600653,2008-09-02
600655,2008-09-02
600660,2008-09-02
600663,2008-09-02
600675,2008-09-02
600685,2008-09-02
600688,2008-09-02
600690,2008-09-02
600694,2008-09-02
600717,2008-09-02
600718,2008-09-02
600739,2008-09-02
600741,2008-09-02
600747,2008-09-02
600748,2008-09-02
600761,2008-09-02
600770,2008-09-02
600779,2008-09-02
600780,2008-09-02
600787,2008-09-02
600795,2008-09-02
600797,2008-09-02
600804,2008-09-02
600808,2008-09-02
600809,2008-09-02
600811,2008-09-02
600812,2008-09-02
600820,2008-09-02
600832,2008-09-02
600835,2008-09-02
600837,2008-09-02
600839,2008-09-02
600851,2008-09-02
600859,2008-09-02
600863,2008-09-02
600874,2008-09-02
600875,2008-09-02
600879,2008-09-02
600881,2008-09-02
600886,2008-09-02
600887,2008-09-02
600895,2008-09-02
600900,2008-09-02
600961,2008-09-02
600978,2008-09-02
600997,2008-09-02
601001,2008-09-02
601003,2008-09-02
601005,2008-09-02
601006,2008-09-02
601009,2008-09-02
601088,2008-09-02
601111,2008-09-02
601166,2008-09-02
601168,2008-09-02
601169,2008-09-02
601318,2008-09-02
601328,2008-09-02
601333,2008-09-02
601390,2008-09-02
601398,2008-09-02
601588,2008-09-02
601600,2008-09-02
601601,2008-09-02
601628,2008-09-02
601666,2008-09-02
601699,2008-09-02
601808,2008-09-02
601857,2008-09-02
601866,2008-09-02
601872,2008-09-02
601898,2008-09-02
601918,2008-09-02
601919,2008-09-02
601939,2008-09-02
601988,2008-09-02
601991,2008-09-02
601998,2008-09-02
000001,2008-09-02
000002,2008-09-02
000009,2008-09-02
000012,2008-09-02
000021,2008-09-02
000024,2008-09-02
000027,2008-09-02
000031,2008-09-02
000036,2008-09-02
000039,2008-09-02
000046,2008-09-02
000059,2008-09-02
000060,2008-09-02
000061,2008-09-02
000063,2008-09-02
000069,2008-09-02
000088,2008-09-02
000089,2008-09-02
000157,2008-09-02
000301,2008-09-02
000338,2008-09-02
000401,2008-09-02
000402,2008-09-02
000410,2008-09-02
000422,2008-09-02
000423,2008-09-02
000425,2008-09-02
000488,2008-09-02
000503,2008-09-02
000527,2008-09-02
000528,2008-09-02
000538,2008-09-02
000539,2008-09-02
000541,2008-09-02
000543,2008-09-02
000559,2008-09-02
000562,2008-09-02
000568,2008-09-02
000572,2008-09-02
000581,2008-09-02
000612,2008-09-02
000625,2008-09-02
000629,2008-09-02
000630,2008-09-02
000636,2008-09-02
000651,2008-09-02
000652,2008-09-02
000667,2008-09-02
000680,2008-09-02
000686,2008-09-02
000709,2008-09-02
000717,2008-09-02
000718,2008-09-02
000728,2008-09-02
000729,2008-09-02
000751,2008-09-02
000755,2008-09-02
000758,2008-09-02
000761,2008-09-02
000767,2008-09-02
000768,2008-09-02
000778,2008-09-02
000783,2008-09-02
000792,2008-09-02
000793,2008-09-02
000800,2008-09-02
000807,2008-09-02
000822,2008-09-02
000825,2008-09-02
000828,2008-09-02
000829,2008-09-02
000839,2008-09-02
000858,2008-09-02
000876,2008-09-02
000878,2008-09-02
000895,2008-09-02
000897,2008-09-02
000898,2008-09-02
000900,2008-09-02
000912,2008-09-02
000917,2008-09-02
000927,2008-09-02
000932,2008-09-02
000933,2008-09-02
000937,2008-09-02
000951,2008-09-02
000959,2008-09-02
000960,2008-09-02
000969,2008-09-02
000983,2008-09-02
002024,2008-09-02
002097,2008-09-02
002128,2008-09-02
002142,2008-09-02
002146,2008-09-02
002155,2008-09-02
002202,2008-09-02
600000,2008-09-03
600001,2008-09-03
600004,2008-09-03
600005,2008-09-03
600006,2008-09-03
600007,2008-09-03
600008,2008-09-03
600009,2008-09-03
600010,2008-09-03
600011,2008-09-03
600012,2008-09-03
600015,2008-09-03
600016,2008-09-03
600017,2008-09-03
600018,2008-09-03
600019,2008-09-03
600020,2008-09-03
600021,2008-09-03
600022,2008-09-03
600026,2008-09-03
600027,2008-09-03
600028,2008-09-03
600029,2008-09-03
600030,2008-09-03
600031,2008-09-03
600033,2008-09-03
600036,2008-09-03
600037,2008-09-03
600048,2008-09-03
600050,2008-09-03
600058,2008-09-03
600066,2008-09-03
600068,2008-09-03
600085,2008-09-03
600087,2008-09-03
600089,2008-09-03
600096,2008-09-03
600098,2008-09-03
600100,2008-09-03
600102,2008-09-03
600104,2008-09-03
600108,2008-09-03
600109,2008-09-03
600110,2008-09-03
600111,2008-09-03
600115,2008-09-03
600117,2008-09-03
600118,2008-09-03
600123,2008-09-03
600125,2008-09-03
600132,2008-09-03
600143,2008-09-03
600150,2008-09-03
600151,2008-09-03
600153,2008-09-03
600158,2008-09-03
600169,2008-09-03
600170,2008-09-03
600177,2008-09-03
600183,2008-09-03
600188,2008-09-03
600196,2008-09-03
600208,2008-09-03
600210,2008-09-03
600219,2008-09-03
600220,2008-09-03
600221,2008-09-03
600236,2008-09-03
600256,2008-09-03
600266,2008-09-03
600269,2008-09-03
600270,2008-09-03
600271,2008-09-03
600282,2008-09-03
600307,2008-09-03
600308,2008-09-03
600309,2008-09-03
600316,2008-09-03
600320,2008-09-03
600325,2008-09-03
600331,2008-09-03
600348,2008-09-03
600350,2008-09-03
600357,2008-09-03
600362,2008-09-03
600376,2008-09-03
600377,2008-09-03
600380,2008-09-03
600383,2008-09-03
600415,2008-09-03
600418,2008-09-03
600428,2008-09-03
600432,2008-09-03
600456,2008-09-03
600489,2008-09-03
600497,2008-09-03
600500,2008-09-03
600508,2008-09-03
600519,2008-09-03
600528,2008-09-03
600535,2008-09-03
600547,2008-09-03
600548,2008-09-03
600549,2008-09-03
600550,2008-09-03
600569,2008-09-03
600583,2008-09-03
600585,2008-09-03
600591,2008-09-03
600595,2008-09-03
600596,2008-09-03
600597,2008-09-03
600598,2008-09-03
600600,2008-09-03
600601,2008-09-03
600611,2008-09-03
600616,2008-09-03
600628,2008-09-03
600631,2008-09-03
600635,2008-09-03
600638,2008-09-03
600639,2008-09-03
600642,2008-09-03
600643,2008-09-03
600649,2008-09-03
600653,2008-09-03
600655,2008-09-03
600660,2008-09-03
600663,2008-09-03
600675,2008-09-03
600685,2008-09-03
600688,2008-09-03
600690,2008-09-03
600694,2008-09-03
600717,2008-09-03
600718,2008-09-03
600739,2008-09-03
600741,2008-09-03
600747,2008-09-03
600748,2008-09-03
600761,2008-09-03
600770,2008-09-03
600779,2008-09-03
600780,2008-09-03
600787,2008-09-03
600795,2008-09-03
600797,2008-09-03
600804,2008-09-03
600808,2008-09-03
600809,2008-09-03
600811,2008-09-03
600812,2008-09-03
600820,2008-09-03
600832,2008-09-03
600835,2008-09-03
600837,2008-09-03
600839,2008-09-03
600851,2008-09-03
600859,2008-09-03
600863,2008-09-03
600874,2008-09-03
600875,2008-09-03
600879,2008-09-03
600881,2008-09-03
600886,2008-09-03
600887,2008-09-03
600895,2008-09-03
600900,2008-09-03
600961,2008-09-03
600978,2008-09-03
600997,2008-09-03
601001,2008-09-03
601003,2008-09-03
601005,2008-09-03
601006,2008-09-03
601009,2008-09-03
601088,2008-09-03
601111,2008-09-03
601166,2008-09-03
601168,2008-09-03
601169,2008-09-03
601318,2008-09-03
601328,2008-09-03
601333,2008-09-03
601390,2008-09-03
601398,2008-09-03
601588,2008-09-03
601600,2008-09-03
601601,2008-09-03
601628,2008-09-03
601666,2008-09-03
601699,2008-09-03
601808,2008-09-03
601857,2008-09-03
601866,2008-09-03
601872,2008-09-03
601898,2008-09-03
601918,2008-09-03
601919,2008-09-03
601939,2008-09-03
601988,2008-09-03
601991,2008-09-03
601998,2008-09-03
000001,2008-09-03
000002,2008-09-03
000009,2008-09-03
000012,2008-09-03
000021,2008-09-03
000024,2008-09-03
000027,2008-09-03
000031,2008-09-03
000036,2008-09-03
000039,2008-09-03
000046,2008-09-03
000059,2008-09-03
000060,2008-09-03
000061,2008-09-03
000063,2008-09-03
000069,2008-09-03
000088,2008-09-03
000089,2008-09-03
000157,2008-09-03
000301,2008-09-03
000338,2008-09-03
000401,2008-09-03
000402,2008-09-03
000410,2008-09-03
000422,2008-09-03
000423,2008-09-03
000425,2008-09-03
000488,2008-09-03
000503,2008-09-03
000527,2008-09-03
000528,2008-09-03
000538,2008-09-03
000539,2008-09-03
000541,2008-09-03
000543,2008-09-03
000559,2008-09-03
000562,2008-09-03
000568,2008-09-03
000572,2008-09-03
000581,2008-09-03
000612,2008-09-03
000625,2008-09-03
000629,2008-09-03
000630,2008-09-03
000636,2008-09-03
000651,2008-09-03
000652,2008-09-03
000667,2008-09-03
000680,2008-09-03
000686,2008-09-03
000709,2008-09-03
000717,2008-09-03
000718,2008-09-03
000728,2008-09-03
000729,2008-09-03
000751,2008-09-03
000755,2008-09-03
000758,2008-09-03
000761,2008-09-03
000767,2008-09-03
000768,2008-09-03
000778,2008-09-03
000783,2008-09-03
000792,2008-09-03
000793,2008-09-03
000800,2008-09-03
000807,2008-09-03
000822,2008-09-03
000825,2008-09-03
000828,2008-09-03
000829,2008-09-03
000839,2008-09-03
000858,2008-09-03
000876,2008-09-03
000878,2008-09-03
000895,2008-09-03
000897,2008-09-03
000898,2008-09-03
000900,2008-09-03
000912,2008-09-03
000917,2008-09-03
000927,2008-09-03
000932,2008-09-03
000933,2008-09-03
000937,2008-09-03
000951,2008-09-03
000959,2008-09-03
000960,2008-09-03
000969,2008-09-03
000983,2008-09-03
002024,2008-09-03
002097,2008-09-03
002128,2008-09-03
002142,2008-09-03
002146,2008-09-03
002155,2008-09-03
002202,2008-09-03
600000,2008-09-28
600001,2008-09-28
600004,2008-09-28
600005,2008-09-28
600006,2008-09-28
600007,2008-09-28
600008,2008-09-28
600009,2008-09-28
600010,2008-09-28
600011,2008-09-28
600012,2008-09-28
600015,2008-09-28
600016,2008-09-28
600017,2008-09-28
600018,2008-09-28
600019,2008-09-28
600020,2008-09-28
600021,2008-09-28
600022,2008-09-28
600026,2008-09-28
600027,2008-09-28
600028,2008-09-28
600029,2008-09-28
600030,2008-09-28
600031,2008-09-28
600033,2008-09-28
600036,2008-09-28
600037,2008-09-28
600048,2008-09-28
600050,2008-09-28
600058,2008-09-28
600066,2008-09-28
600068,2008-09-28
600085,2008-09-28
600087,2008-09-28
600089,2008-09-28
600096,2008-09-28
600098,2008-09-28
600100,2008-09-28
600102,2008-09-28
600104,2008-09-28
600108,2008-09-28
600109,2008-09-28
600110,2008-09-28
600111,2008-09-28
600115,2008-09-28
600117,2008-09-28
600118,2008-09-28
600123,2008-09-28
600125,2008-09-28
600132,2008-09-28
600143,2008-09-28
600150,2008-09-28
600151,2008-09-28
600153,2008-09-28
600158,2008-09-28
600169,2008-09-28
600170,2008-09-28
600177,2008-09-28
600183,2008-09-28
600188,2008-09-28
600196,2008-09-28
600208,2008-09-28
600210,2008-09-28
600219,2008-09-28
600220,2008-09-28
600221,2008-09-28
600236,2008-09-28
600256,2008-09-28
600266,2008-09-28
600269,2008-09-28
600270,2008-09-28
600271,2008-09-28
600282,2008-09-28
600307,2008-09-28
600308,2008-09-28
600309,2008-09-28
600316,2008-09-28
600320,2008-09-28
600325,2008-09-28
600331,2008-09-28
600348,2008-09-28
600350,2008-09-28
600357,2008-09-28
600362,2008-09-28
600376,2008-09-28
600377,2008-09-28
600380,2008-09-28
600383,2008-09-28
600415,2008-09-28
600418,2008-09-28
600428,2008-09-28
600432,2008-09-28
600456,2008-09-28
600489,2008-09-28
600497,2008-09-28
600500,2008-09-28
600508,2008-09-28
600519,2008-09-28
600528,2008-09-28
600535,2008-09-28
600547,2008-09-28
600548,2008-09-28
600549,2008-09-28
600550,2008-09-28
600569,2008-09-28
600583,2008-09-28
600585,2008-09-28
600591,2008-09-28
600595,2008-09-28
600596,2008-09-28
600597,2008-09-28
600598,2008-09-28
600600,2008-09-28
600601,2008-09-28
600611,2008-09-28
600616,2008-09-28
600628,2008-09-28
600631,2008-09-28
600635,2008-09-28
600638,2008-09-28
600639,2008-09-28
600642,2008-09-28
600643,2008-09-28
600649,2008-09-28
600653,2008-09-28
600655,2008-09-28
600660,2008-09-28
600663,2008-09-28
600675,2008-09-28
600685,2008-09-28
600688,2008-09-28
600690,2008-09-28
600694,2008-09-28
600717,2008-09-28
600718,2008-09-28
600739,2008-09-28
600741,2008-09-28
600747,2008-09-28
600748,2008-09-28
600761,2008-09-28
600770,2008-09-28
600779,2008-09-28
600780,2008-09-28
600787,2008-09-28
600795,2008-09-28
600797,2008-09-28
600804,2008-09-28
600808,2008-09-28
600809,2008-09-28
600811,2008-09-28
600812,2008-09-28
600820,2008-09-28
600832,2008-09-28
600835,2008-09-28
600837,2008-09-28
600839,2008-09-28
600851,2008-09-28
600859,2008-09-28
600863,2008-09-28
600874,2008-09-28
600875,2008-09-28
600879,2008-09-28
600881,2008-09-28
600886,2008-09-28
600887,2008-09-28
600895,2008-09-28
600900,2008-09-28
600961,2008-09-28
600978,2008-09-28
600997,2008-09-28
601001,2008-09-28
601003,2008-09-28
601005,2008-09-28
601006,2008-09-28
601009,2008-09-28
601088,2008-09-28
601111,2008-09-28
601166,2008-09-28
601168,2008-09-28
601169,2008-09-28
601318,2008-09-28
601328,2008-09-28
601333,2008-09-28
601390,2008-09-28
601398,2008-09-28
601588,2008-09-28
601600,2008-09-28
601601,2008-09-28
601628,2008-09-28
601666,2008-09-28
601699,2008-09-28
601808,2008-09-28
601857,2008-09-28
601866,2008-09-28
601872,2008-09-28
601898,2008-09-28
601918,2008-09-28
601919,2008-09-28
601939,2008-09-28
601988,2008-09-28
601991,2008-09-28
601998,2008-09-28
000001,2008-09-28
000002,2008-09-28
000009,2008-09-28
000012,2008-09-28
000021,2008-09-28
000024,2008-09-28
000027,2008-09-28
000031,2008-09-28
000036,2008-09-28
000039,2008-09-28
000046,2008-09-28
000059,2008-09-28
000060,2008-09-28
000061,2008-09-28
000063,2008-09-28
000069,2008-09-28
000088,2008-09-28
000089,2008-09-28
000157,2008-09-28
000301,2008-09-28
000338,2008-09-28
000401,2008-09-28
000402,2008-09-28
000410,2008-09-28
000422,2008-09-28
000423,2008-09-28
000425,2008-09-28
000488,2008-09-28
000503,2008-09-28
000527,2008-09-28
000528,2008-09-28
000538,2008-09-28
000539,2008-09-28
000541,2008-09-28
000543,2008-09-28
000559,2008-09-28
000562,2008-09-28
000568,2008-09-28
000572,2008-09-28
000581,2008-09-28
000612,2008-09-28
000625,2008-09-28
000629,2008-09-28
000630,2008-09-28
000636,2008-09-28
000651,2008-09-28
000652,2008-09-28
000667,2008-09-28
000680,2008-09-28
000686,2008-09-28
000709,2008-09-28
000717,2008-09-28
000718,2008-09-28
000728,2008-09-28
000729,2008-09-28
000751,2008-09-28
000755,2008-09-28
000758,2008-09-28
000761,2008-09-28
000767,2008-09-28
000768,2008-09-28
000778,2008-09-28
000783,2008-09-28
000792,2008-09-28
000793,2008-09-28
000800,2008-09-28
000807,2008-09-28
000822,2008-09-28
000825,2008-09-28
000828,2008-09-28
000829,2008-09-28
000839,2008-09-28
000858,2008-09-28
000876,2008-09-28
000878,2008-09-28
000895,2008-09-28
000897,2008-09-28
000898,2008-09-28
000900,2008-09-28
000912,2008-09-28
000917,2008-09-28
000927,2008-09-28
000932,2008-09-28
000933,2008-09-28
000937,2008-09-28
000951,2008-09-28
000959,2008-09-28
000960,2008-09-28
000969,2008-09-28
000983,2008-09-28
002024,2008-09-28
002097,2008-09-28
002128,2008-09-28
002142,2008-09-28
002146,2008-09-28
002155,2008-09-28
002202,2008-09-28
600000,2009-03-01
600001,2009-03-01
600004,2009-03-01
600005,2009-03-01
600006,2009-03-01
600007,2009-03-01
600008,2009-03-01
600009,2009-03-01
600010,2009-03-01
600011,2009-03-01
600015,2009-03-01
600016,2009-03-01
600017,2009-03-01
600018,2009-03-01
600019,2009-03-01
600020,2009-03-01
600021,2009-03-01
600022,2009-03-01
600026,2009-03-01
600027,2009-03-01
600028,2009-03-01
600029,2009-03-01
600030,2009-03-01
600031,2009-03-01
600033,2009-03-01
600036,2009-03-01
600037,2009-03-01
600048,2009-03-01
600050,2009-03-01
600058,2009-03-01
600062,2009-03-01
600066,2009-03-01
600068,2009-03-01
600085,2009-03-01
600087,2009-03-01
600089,2009-03-01
600096,2009-03-01
600098,2009-03-01
600100,2009-03-01
600102,2009-03-01
600104,2009-03-01
600108,2009-03-01
600109,2009-03-01
600110,2009-03-01
600111,2009-03-01
600115,2009-03-01
600117,2009-03-01
600118,2009-03-01
600123,2009-03-01
600125,2009-03-01
600132,2009-03-01
600143,2009-03-01
600150,2009-03-01
600151,2009-03-01
600153,2009-03-01
600158,2009-03-01
600170,2009-03-01
600177,2009-03-01
600183,2009-03-01
600188,2009-03-01
600196,2009-03-01
600208,2009-03-01
600210,2009-03-01
600219,2009-03-01
600220,2009-03-01
600221,2009-03-01
600236,2009-03-01
600251,2009-03-01
600256,2009-03-01
600266,2009-03-01
600269,2009-03-01
600270,2009-03-01
600271,2009-03-01
600282,2009-03-01
600299,2009-03-01
600307,2009-03-01
600308,2009-03-01
600309,2009-03-01
600316,2009-03-01
600320,2009-03-01
600325,2009-03-01
600331,2009-03-01
600348,2009-03-01
600350,2009-03-01
600357,2009-03-01
600362,2009-03-01
600376,2009-03-01
600380,2009-03-01
600383,2009-03-01
600415,2009-03-01
600418,2009-03-01
600426,2009-03-01
600428,2009-03-01
600432,2009-03-01
600456,2009-03-01
600489,2009-03-01
600497,2009-03-01
600500,2009-03-01
600508,2009-03-01
600519,2009-03-01
600528,2009-03-01
600547,2009-03-01
600548,2009-03-01
600549,2009-03-01
600550,2009-03-01
600569,2009-03-01
600583,2009-03-01
600585,2009-03-01
600588,2009-03-01
600591,2009-03-01
600595,2009-03-01
600596,2009-03-01
600597,2009-03-01
600598,2009-03-01
600600,2009-03-01
600601,2009-03-01
600611,2009-03-01
600616,2009-03-01
600631,2009-03-01
600635,2009-03-01
600638,2009-03-01
600639,2009-03-01
600642,2009-03-01
600643,2009-03-01
600649,2009-03-01
600653,2009-03-01
600655,2009-03-01
600660,2009-03-01
600663,2009-03-01
600664,2009-03-01
600674,2009-03-01
600675,2009-03-01
600685,2009-03-01
600688,2009-03-01
600690,2009-03-01
600694,2009-03-01
600717,2009-03-01
600737,2009-03-01
600739,2009-03-01
600741,2009-03-01
600747,2009-03-01
600748,2009-03-01
600761,2009-03-01
600770,2009-03-01
600779,2009-03-01
600780,2009-03-01
600795,2009-03-01
600804,2009-03-01
600808,2009-03-01
600809,2009-03-01
600811,2009-03-01
600812,2009-03-01
600820,2009-03-01
600832,2009-03-01
600835,2009-03-01
600837,2009-03-01
600839,2009-03-01
600859,2009-03-01
600863,2009-03-01
600874,2009-03-01
600875,2009-03-01
600879,2009-03-01
600881,2009-03-01
600886,2009-03-01
600887,2009-03-01
600895,2009-03-01
600900,2009-03-01
600961,2009-03-01
600978,2009-03-01
600997,2009-03-01
601001,2009-03-01
601003,2009-03-01
601005,2009-03-01
601006,2009-03-01
601009,2009-03-01
601088,2009-03-01
601111,2009-03-01
601166,2009-03-01
601168,2009-03-01
601169,2009-03-01
601186,2009-03-01
601318,2009-03-01
601328,2009-03-01
601333,2009-03-01
601390,2009-03-01
601398,2009-03-01
601588,2009-03-01
601600,2009-03-01
601601,2009-03-01
601628,2009-03-01
601666,2009-03-01
601699,2009-03-01
601808,2009-03-01
601857,2009-03-01
601866,2009-03-01
601872,2009-03-01
601898,2009-03-01
601899,2009-03-01
601918,2009-03-01
601919,2009-03-01
601939,2009-03-01
601958,2009-03-01
601988,2009-03-01
601991,2009-03-01
601998,2009-03-01
000001,2009-03-01
000002,2009-03-01
000009,2009-03-01
000012,2009-03-01
000021,2009-03-01
000024,2009-03-01
000027,2009-03-01
000031,2009-03-01
000039,2009-03-01
000046,2009-03-01
000059,2009-03-01
000060,2009-03-01
000061,2009-03-01
000063,2009-03-01
000069,2009-03-01
000088,2009-03-01
000089,2009-03-01
000100,2009-03-01
000157,2009-03-01
000301,2009-03-01
000338,2009-03-01
000401,2009-03-01
000402,2009-03-01
000422,2009-03-01
000423,2009-03-01
000425,2009-03-01
000488,2009-03-01
000503,2009-03-01
000527,2009-03-01
000528,2009-03-01
000538,2009-03-01
000539,2009-03-01
000543,2009-03-01
000559,2009-03-01
000562,2009-03-01
000568,2009-03-01
000612,2009-03-01
000623,2009-03-01
000625,2009-03-01
000629,2009-03-01
000630,2009-03-01
000651,2009-03-01
000652,2009-03-01
000667,2009-03-01
000680,2009-03-01
000686,2009-03-01
000690,2009-03-01
000709,2009-03-01
000717,2009-03-01
000718,2009-03-01
000725,2009-03-01
000728,2009-03-01
000729,2009-03-01
000755,2009-03-01
000758,2009-03-01
000767,2009-03-01
000768,2009-03-01
000778,2009-03-01
000783,2009-03-01
000792,2009-03-01
000793,2009-03-01
000800,2009-03-01
000807,2009-03-01
000822,2009-03-01
000825,2009-03-01
000829,2009-03-01
000839,2009-03-01
000858,2009-03-01
000876,2009-03-01
000878,2009-03-01
000895,2009-03-01
000897,2009-03-01
000898,2009-03-01
000900,2009-03-01
000912,2009-03-01
000917,2009-03-01
000927,2009-03-01
000932,2009-03-01
000933,2009-03-01
000937,2009-03-01
000951,2009-03-01
000959,2009-03-01
000960,2009-03-01
000968,2009-03-01
000969,2009-03-01
000983,2009-03-01
002001,2009-03-01
002024,2009-03-01
002097,2009-03-01
002128,2009-03-01
002142,2009-03-01
002146,2009-03-01
002152,2009-03-01
002155,2009-03-01
002202,2009-03-01
600000,2009-03-02
600001,2009-03-02
600004,2009-03-02
600005,2009-03-02
600006,2009-03-02
600007,2009-03-02
600008,2009-03-02
600009,2009-03-02
600010,2009-03-02
600011,2009-03-02
600015,2009-03-02
600016,2009-03-02
600017,2009-03-02
600018,2009-03-02
600019,2009-03-02
600020,2009-03-02
600021,2009-03-02
600022,2009-03-02
600026,2009-03-02
600027,2009-03-02
600028,2009-03-02
600029,2009-03-02
600030,2009-03-02
600031,2009-03-02
600033,2009-03-02
600036,2009-03-02
600037,2009-03-02
600048,2009-03-02
600050,2009-03-02
600058,2009-03-02
600062,2009-03-02
600066,2009-03-02
600068,2009-03-02
600085,2009-03-02
600087,2009-03-02
600089,2009-03-02
600096,2009-03-02
600098,2009-03-02
600100,2009-03-02
600102,2009-03-02
600104,2009-03-02
600108,2009-03-02
600109,2009-03-02
600110,2009-03-02
600111,2009-03-02
600115,2009-03-02
600117,2009-03-02
600118,2009-03-02
600123,2009-03-02
600125,2009-03-02
600132,2009-03-02
600143,2009-03-02
600150,2009-03-02
600151,2009-03-02
600153,2009-03-02
600158,2009-03-02
600170,2009-03-02
600177,2009-03-02
600183,2009-03-02
600188,2009-03-02
600196,2009-03-02
600208,2009-03-02
600210,2009-03-02
600219,2009-03-02
600220,2009-03-02
600221,2009-03-02
600236,2009-03-02
600251,2009-03-02
600256,2009-03-02
600266,2009-03-02
600269,2009-03-02
600270,2009-03-02
600271,2009-03-02
600282,2009-03-02
600299,2009-03-02
600307,2009-03-02
600308,2009-03-02
600309,2009-03-02
600316,2009-03-02
600320,2009-03-02
600325,2009-03-02
600331,2009-03-02
600348,2009-03-02
600350,2009-03-02
600357,2009-03-02
600362,2009-03-02
600376,2009-03-02
600380,2009-03-02
600383,2009-03-02
600415,2009-03-02
600418,2009-03-02
600426,2009-03-02
600428,2009-03-02
600432,2009-03-02
600456,2009-03-02
600489,2009-03-02
600497,2009-03-02
600500,2009-03-02
600508,2009-03-02
600519,2009-03-02
600528,2009-03-02
600547,2009-03-02
600548,2009-03-02
600549,2009-03-02
600550,2009-03-02
600569,2009-03-02
600583,2009-03-02
600585,2009-03-02
600588,2009-03-02
600591,2009-03-02
600595,2009-03-02
600596,2009-03-02
600597,2009-03-02
600598,2009-03-02
600600,2009-03-02
600601,2009-03-02
600611,2009-03-02
600616,2009-03-02
600631,2009-03-02
600635,2009-03-02
600638,2009-03-02
600639,2009-03-02
600642,2009-03-02
600643,2009-03-02
600649,2009-03-02
600653,2009-03-02
600655,2009-03-02
600660,2009-03-02
600663,2009-03-02
600664,2009-03-02
600674,2009-03-02
600675,2009-03-02
600685,2009-03-02
600688,2009-03-02
600690,2009-03-02
600694,2009-03-02
600717,2009-03-02
600737,2009-03-02
600739,2009-03-02
600741,2009-03-02
600747,2009-03-02
600748,2009-03-02
600761,2009-03-02
600770,2009-03-02
600779,2009-03-02
600780,2009-03-02
600795,2009-03-02
600804,2009-03-02
600808,2009-03-02
600809,2009-03-02
600811,2009-03-02
600812,2009-03-02
600820,2009-03-02
600832,2009-03-02
600835,2009-03-02
600837,2009-03-02
600839,2009-03-02
600859,2009-03-02
600863,2009-03-02
600874,2009-03-02
600875,2009-03-02
600879,2009-03-02
600881,2009-03-02
600886,2009-03-02
600887,2009-03-02
600895,2009-03-02
600900,2009-03-02
600961,2009-03-02
600978,2009-03-02
600997,2009-03-02
601001,2009-03-02
601003,2009-03-02
601005,2009-03-02
601006,2009-03-02
601009,2009-03-02
601088,2009-03-02
601111,2009-03-02
601166,2009-03-02
601168,2009-03-02
601169,2009-03-02
601186,2009-03-02
601318,2009-03-02
601328,2009-03-02
601333,2009-03-02
601390,2009-03-02
601398,2009-03-02
601588,2009-03-02
601600,2009-03-02
601601,2009-03-02
601628,2009-03-02
601666,2009-03-02
601699,2009-03-02
601808,2009-03-02
601857,2009-03-02
601866,2009-03-02
601872,2009-03-02
601898,2009-03-02
601899,2009-03-02
601918,2009-03-02
601919,2009-03-02
601939,2009-03-02
601958,2009-03-02
601988,2009-03-02
601991,2009-03-02
601998,2009-03-02
000001,2009-03-02
000002,2009-03-02
000009,2009-03-02
000012,2009-03-02
000021,2009-03-02
000024,2009-03-02
000027,2009-03-02
000031,2009-03-02
000039,2009-03-02
000046,2009-03-02
000059,2009-03-02
000060,2009-03-02
000061,2009-03-02
000063,2009-03-02
000069,2009-03-02
000088,2009-03-02
000089,2009-03-02
000100,2009-03-02
000157,2009-03-02
000301,2009-03-02
000338,2009-03-02
000401,2009-03-02
000402,2009-03-02
000422,2009-03-02
000423,2009-03-02
000425,2009-03-02
000488,2009-03-02
000503,2009-03-02
000527,2009-03-02
000528,2009-03-02
000538,2009-03-02
000539,2009-03-02
000543,2009-03-02
000559,2009-03-02
000562,2009-03-02
000568,2009-03-02
000612,2009-03-02
000623,2009-03-02
000625,2009-03-02
000629,2009-03-02
000630,2009-03-02
000651,2009-03-02
000652,2009-03-02
000667,2009-03-02
000680,2009-03-02
000686,2009-03-02
000690,2009-03-02
000709,2009-03-02
000717,2009-03-02
000718,2009-03-02
000725,2009-03-02
000728,2009-03-02
000729,2009-03-02
000755,2009-03-02
000758,2009-03-02
000767,2009-03-02
000768,2009-03-02
000778,2009-03-02
000783,2009-03-02
000792,2009-03-02
000793,2009-03-02
000800,2009-03-02
000807,2009-03-02
000822,2009-03-02
000825,2009-03-02
000829,2009-03-02
000839,2009-03-02
000858,2009-03-02
000876,2009-03-02
000878,2009-03-02
000895,2009-03-02
000897,2009-03-02
000898,2009-03-02
000900,2009-03-02
000912,2009-03-02
000917,2009-03-02
000927,2009-03-02
000932,2009-03-02
000933,2009-03-02
000937,2009-03-02
000951,2009-03-02
000959,2009-03-02
000960,2009-03-02
000968,2009-03-02
000969,2009-03-02
000983,2009-03-02
002001,2009-03-02
002024,2009-03-02
002097,2009-03-02
002128,2009-03-02
002142,2009-03-02
002146,2009-03-02
002152,2009-03-02
002155,2009-03-02
002202,2009-03-02
600000,2009-03-03
600001,2009-03-03
600004,2009-03-03
600005,2009-03-03
600006,2009-03-03
600007,2009-03-03
600008,2009-03-03
600009,2009-03-03
600010,2009-03-03
600011,2009-03-03
600015,2009-03-03
600016,2009-03-03
600017,2009-03-03
600018,2009-03-03
600019,2009-03-03
600020,2009-03-03
600021,2009-03-03
600022,2009-03-03
600026,2009-03-03
600027,2009-03-03
600028,2009-03-03
600029,2009-03-03
600030,2009-03-03
600031,2009-03-03
600033,2009-03-03
600036,2009-03-03
600037,2009-03-03
600048,2009-03-03
600050,2009-03-03
600058,2009-03-03
600062,2009-03-03
600066,2009-03-03
600068,2009-03-03
600085,2009-03-03
600087,2009-03-03
600089,2009-03-03
600096,2009-03-03
600098,2009-03-03
600100,2009-03-03
600102,2009-03-03
600104,2009-03-03
600108,2009-03-03
600109,2009-03-03
600110,2009-03-03
600111,2009-03-03
600115,2009-03-03
600117,2009-03-03
600118,2009-03-03
600123,2009-03-03
600125,2009-03-03
600132,2009-03-03
600143,2009-03-03
600150,2009-03-03
600151,2009-03-03
600153,2009-03-03
600158,2009-03-03
600170,2009-03-03
600177,2009-03-03
600183,2009-03-03
600188,2009-03-03
600196,2009-03-03
600208,2009-03-03
600210,2009-03-03
600219,2009-03-03
600220,2009-03-03
600221,2009-03-03
600236,2009-03-03
600251,2009-03-03
600256,2009-03-03
600266,2009-03-03
600269,2009-03-03
600270,2009-03-03
600271,2009-03-03
600282,2009-03-03
600299,2009-03-03
600307,2009-03-03
600308,2009-03-03
600309,2009-03-03
600316,2009-03-03
600320,2009-03-03
600325,2009-03-03
600331,2009-03-03
600348,2009-03-03
600350,2009-03-03
600357,2009-03-03
600362,2009-03-03
600376,2009-03-03
600380,2009-03-03
600383,2009-03-03
600415,2009-03-03
600418,2009-03-03
600426,2009-03-03
600428,2009-03-03
600432,2009-03-03
600456,2009-03-03
600489,2009-03-03
600497,2009-03-03
600500,2009-03-03
600508,2009-03-03
600519,2009-03-03
600528,2009-03-03
600547,2009-03-03
600548,2009-03-03
600549,2009-03-03
600550,2009-03-03
600569,2009-03-03
600583,2009-03-03
600585,2009-03-03
600588,2009-03-03
600591,2009-03-03
600595,2009-03-03
600596,2009-03-03
600597,2009-03-03
600598,2009-03-03
600600,2009-03-03
600601,2009-03-03
600611,2009-03-03
600616,2009-03-03
600631,2009-03-03
600635,2009-03-03
600638,2009-03-03
600639,2009-03-03
600642,2009-03-03
600643,2009-03-03
600649,2009-03-03
600653,2009-03-03
600655,2009-03-03
600660,2009-03-03
600663,2009-03-03
600664,2009-03-03
600674,2009-03-03
600675,2009-03-03
600685,2009-03-03
600688,2009-03-03
600690,2009-03-03
600694,2009-03-03
600717,2009-03-03
600737,2009-03-03
600739,2009-03-03
600741,2009-03-03
600747,2009-03-03
600748,2009-03-03
600761,2009-03-03
600770,2009-03-03
600779,2009-03-03
600780,2009-03-03
600795,2009-03-03
600804,2009-03-03
600808,2009-03-03
600809,2009-03-03
600811,2009-03-03
600812,2009-03-03
600820,2009-03-03
600832,2009-03-03
600835,2009-03-03
600837,2009-03-03
600839,2009-03-03
600859,2009-03-03
600863,2009-03-03
600874,2009-03-03
600875,2009-03-03
600879,2009-03-03
600881,2009-03-03
600886,2009-03-03
600887,2009-03-03
600895,2009-03-03
600900,2009-03-03
600961,2009-03-03
600978,2009-03-03
600997,2009-03-03
601001,2009-03-03
601003,2009-03-03
601005,2009-03-03
601006,2009-03-03
601009,2009-03-03
601088,2009-03-03
601111,2009-03-03
601166,2009-03-03
601168,2009-03-03
601169,2009-03-03
601186,2009-03-03
601318,2009-03-03
601328,2009-03-03
601333,2009-03-03
601390,2009-03-03
601398,2009-03-03
601588,2009-03-03
601600,2009-03-03
601601,2009-03-03
601628,2009-03-03
601666,2009-03-03
601699,2009-03-03
601808,2009-03-03
601857,2009-03-03
601866,2009-03-03
601872,2009-03-03
601898,2009-03-03
601899,2009-03-03
601918,2009-03-03
601919,2009-03-03
601939,2009-03-03
601958,2009-03-03
601988,2009-03-03
601991,2009-03-03
601998,2009-03-03
000001,2009-03-03
000002,2009-03-03
000009,2009-03-03
000012,2009-03-03
000021,2009-03-03
000024,2009-03-03
000027,2009-03-03
000031,2009-03-03
000039,2009-03-03
000046,2009-03-03
000059,2009-03-03
000060,2009-03-03
000061,2009-03-03
000063,2009-03-03
000069,2009-03-03
000088,2009-03-03
000089,2009-03-03
000100,2009-03-03
000157,2009-03-03
000301,2009-03-03
000338,2009-03-03
000401,2009-03-03
000402,2009-03-03
000422,2009-03-03
000423,2009-03-03
000425,2009-03-03
000488,2009-03-03
000503,2009-03-03
000527,2009-03-03
000528,2009-03-03
000538,2009-03-03
000539,2009-03-03
000543,2009-03-03
000559,2009-03-03
000562,2009-03-03
000568,2009-03-03
000612,2009-03-03
000623,2009-03-03
000625,2009-03-03
000629,2009-03-03
000630,2009-03-03
000651,2009-03-03
000652,2009-03-03
000667,2009-03-03
000680,2009-03-03
000686,2009-03-03
000690,2009-03-03
000709,2009-03-03
000717,2009-03-03
000718,2009-03-03
000725,2009-03-03
000728,2009-03-03
000729,2009-03-03
000755,2009-03-03
000758,2009-03-03
000767,2009-03-03
000768,2009-03-03
000778,2009-03-03
000783,2009-03-03
000792,2009-03-03
000793,2009-03-03
000800,2009-03-03
000807,2009-03-03
000822,2009-03-03
000825,2009-03-03
000829,2009-03-03
000839,2009-03-03
000858,2009-03-03
000876,2009-03-03
000878,2009-03-03
000895,2009-03-03
000897,2009-03-03
000898,2009-03-03
000900,2009-03-03
000912,2009-03-03
000917,2009-03-03
000927,2009-03-03
000932,2009-03-03
000933,2009-03-03
000937,2009-03-03
000951,2009-03-03
000959,2009-03-03
000960,2009-03-03
000968,2009-03-03
000969,2009-03-03
000983,2009-03-03
002001,2009-03-03
002024,2009-03-03
002097,2009-03-03
002128,2009-03-03
002142,2009-03-03
002146,2009-03-03
002152,2009-03-03
002155,2009-03-03
002202,2009-03-03
600000,2009-03-28
600001,2009-03-28
600004,2009-03-28
600005,2009-03-28
600006,2009-03-28
600007,2009-03-28
600008,2009-03-28
600009,2009-03-28
600010,2009-03-28
600011,2009-03-28
600015,2009-03-28
600016,2009-03-28
600017,2009-03-28
600018,2009-03-28
600019,2009-03-28
600020,2009-03-28
600021,2009-03-28
600022,2009-03-28
600026,2009-03-28
600027,2009-03-28
600028,2009-03-28
600029,2009-03-28
600030,2009-03-28
600031,2009-03-28
600033,2009-03-28
600036,2009-03-28
600037,2009-03-28
600048,2009-03-28
600050,2009-03-28
600058,2009-03-28
600062,2009-03-28
600066,2009-03-28
600068,2009-03-28
600085,2009-03-28
600087,2009-03-28
600089,2009-03-28
600096,2009-03-28
600098,2009-03-28
600100,2009-03-28
600102,2009-03-28
600104,2009-03-28
600108,2009-03-28
600109,2009-03-28
600110,2009-03-28
600111,2009-03-28
600115,2009-03-28
600117,2009-03-28
600118,2009-03-28
600123,2009-03-28
600125,2009-03-28
600132,2009-03-28
600143,2009-03-28
600150,2009-03-28
600151,2009-03-28
600153,2009-03-28
600158,2009-03-28
600170,2009-03-28
600177,2009-03-28
600183,2009-03-28
600188,2009-03-28
600196,2009-03-28
600208,2009-03-28
600210,2009-03-28
600219,2009-03-28
600220,2009-03-28
600221,2009-03-28
600236,2009-03-28
600251,2009-03-28
600256,2009-03-28
600266,2009-03-28
600269,2009-03-28
600270,2009-03-28
600271,2009-03-28
600282,2009-03-28
600299,2009-03-28
600307,2009-03-28
600308,2009-03-28
600309,2009-03-28
600316,2009-03-28
600320,2009-03-28
600325,2009-03-28
600331,2009-03-28
600348,2009-03-28
600350,2009-03-28
600357,2009-03-28
600362,2009-03-28
600376,2009-03-28
600380,2009-03-28
600383,2009-03-28
600415,2009-03-28
600418,2009-03-28
600426,2009-03-28
600428,2009-03-28
600432,2009-03-28
600456,2009-03-28
600489,2009-03-28
600497,2009-03-28
600500,2009-03-28
600508,2009-03-28
600519,2009-03-28
600528,2009-03-28
600547,2009-03-28
600548,2009-03-28
600549,2009-03-28
600550,2009-03-28
600569,2009-03-28
600583,2009-03-28
600585,2009-03-28
600588,2009-03-28
600591,2009-03-28
600595,2009-03-28
600596,2009-03-28
600597,2009-03-28
600598,2009-03-28
600600,2009-03-28
600601,2009-03-28
600611,2009-03-28
600616,2009-03-28
600631,2009-03-28
600635,2009-03-28
600638,2009-03-28
600639,2009-03-28
600642,2009-03-28
600643,2009-03-28
600649,2009-03-28
600653,2009-03-28
600655,2009-03-28
600660,2009-03-28
600663,2009-03-28
600664,2009-03-28
600674,2009-03-28
600675,2009-03-28
600685,2009-03-28
600688,2009-03-28
600690,2009-03-28
600694,2009-03-28
600717,2009-03-28
600737,2009-03-28
600739,2009-03-28
600741,2009-03-28
600747,2009-03-28
600748,2009-03-28
600761,2009-03-28
600770,2009-03-28
600779,2009-03-28
600780,2009-03-28
600795,2009-03-28
600804,2009-03-28
600808,2009-03-28
600809,2009-03-28
600811,2009-03-28
600812,2009-03-28
600820,2009-03-28
600832,2009-03-28
600835,2009-03-28
600837,2009-03-28
600839,2009-03-28
600859,2009-03-28
600863,2009-03-28
600874,2009-03-28
600875,2009-03-28
600879,2009-03-28
600881,2009-03-28
600886,2009-03-28
600887,2009-03-28
600895,2009-03-28
600900,2009-03-28
600961,2009-03-28
600978,2009-03-28
600997,2009-03-28
601001,2009-03-28
601003,2009-03-28
601005,2009-03-28
601006,2009-03-28
601009,2009-03-28
601088,2009-03-28
601111,2009-03-28
601166,2009-03-28
601168,2009-03-28
601169,2009-03-28
601186,2009-03-28
601318,2009-03-28
601328,2009-03-28
601333,2009-03-28
601390,2009-03-28
601398,2009-03-28
601588,2009-03-28
601600,2009-03-28
601601,2009-03-28
601628,2009-03-28
601666,2009-03-28
601699,2009-03-28
601808,2009-03-28
601857,2009-03-28
601866,2009-03-28
601872,2009-03-28
601898,2009-03-28
601899,2009-03-28
601918,2009-03-28
601919,2009-03-28
601939,2009-03-28
601958,2009-03-28
601988,2009-03-28
601991,2009-03-28
601998,2009-03-28
000001,2009-03-28
000002,2009-03-28
000009,2009-03-28
000012,2009-03-28
000021,2009-03-28
000024,2009-03-28
000027,2009-03-28
000031,2009-03-28
000039,2009-03-28
000046,2009-03-28
000059,2009-03-28
000060,2009-03-28
000061,2009-03-28
000063,2009-03-28
000069,2009-03-28
000088,2009-03-28
000089,2009-03-28
000100,2009-03-28
000157,2009-03-28
000301,2009-03-28
000338,2009-03-28
000401,2009-03-28
000402,2009-03-28
000422,2009-03-28
000423,2009-03-28
000425,2009-03-28
000488,2009-03-28
000503,2009-03-28
000527,2009-03-28
000528,2009-03-28
000538,2009-03-28
000539,2009-03-28
000543,2009-03-28
000559,2009-03-28
000562,2009-03-28
000568,2009-03-28
000612,2009-03-28
000623,2009-03-28
000625,2009-03-28
000629,2009-03-28
000630,2009-03-28
000651,2009-03-28
000652,2009-03-28
000667,2009-03-28
000680,2009-03-28
000686,2009-03-28
000690,2009-03-28
000709,2009-03-28
000717,2009-03-28
000718,2009-03-28
000725,2009-03-28
000728,2009-03-28
000729,2009-03-28
000755,2009-03-28
000758,2009-03-28
000767,2009-03-28
000768,2009-03-28
000778,2009-03-28
000783,2009-03-28
000792,2009-03-28
000793,2009-03-28
000800,2009-03-28
000807,2009-03-28
000822,2009-03-28
000825,2009-03-28
000829,2009-03-28
000839,2009-03-28
000858,2009-03-28
000876,2009-03-28
000878,2009-03-28
000895,2009-03-28
000897,2009-03-28
000898,2009-03-28
000900,2009-03-28
000912,2009-03-28
000917,2009-03-28
000927,2009-03-28
000932,2009-03-28
000933,2009-03-28
000937,2009-03-28
000951,2009-03-28
000959,2009-03-28
000960,2009-03-28
000968,2009-03-28
000969,2009-03-28
000983,2009-03-28
002001,2009-03-28
002024,2009-03-28
002097,2009-03-28
002128,2009-03-28
002142,2009-03-28
002146,2009-03-28
002152,2009-03-28
002155,2009-03-28
002202,2009-03-28
600000,2009-09-01
600001,2009-09-01
600004,2009-09-01
600005,2009-09-01
600006,2009-09-01
600008,2009-09-01
600009,2009-09-01
600010,2009-09-01
600011,2009-09-01
600015,2009-09-01
600016,2009-09-01
600017,2009-09-01
600018,2009-09-01
600019,2009-09-01
600022,2009-09-01
600026,2009-09-01
600027,2009-09-01
600028,2009-09-01
600029,2009-09-01
600030,2009-09-01
600031,2009-09-01
600033,2009-09-01
600036,2009-09-01
600037,2009-09-01
600048,2009-09-01
600050,2009-09-01
600058,2009-09-01
600066,2009-09-01
600068,2009-09-01
600085,2009-09-01
600087,2009-09-01
600089,2009-09-01
600096,2009-09-01
600100,2009-09-01
600102,2009-09-01
600104,2009-09-01
600108,2009-09-01
600109,2009-09-01
600110,2009-09-01
600111,2009-09-01
600117,2009-09-01
600118,2009-09-01
600123,2009-09-01
600125,2009-09-01
600132,2009-09-01
600143,2009-09-01
600150,2009-09-01
600151,2009-09-01
600153,2009-09-01
600158,2009-09-01
600169,2009-09-01
600170,2009-09-01
600176,2009-09-01
600177,2009-09-01
600183,2009-09-01
600188,2009-09-01
600196,2009-09-01
600208,2009-09-01
600210,2009-09-01
600216,2009-09-01
600219,2009-09-01
600220,2009-09-01
600221,2009-09-01
600236,2009-09-01
600251,2009-09-01
600256,2009-09-01
600266,2009-09-01
600269,2009-09-01
600270,2009-09-01
600271,2009-09-01
600276,2009-09-01
600282,2009-09-01
600299,2009-09-01
600307,2009-09-01
600308,2009-09-01
600309,2009-09-01
600316,2009-09-01
600320,2009-09-01
600325,2009-09-01
600331,2009-09-01
600348,2009-09-01
600350,2009-09-01
600352,2009-09-01
600357,2009-09-01
600362,2009-09-01
600376,2009-09-01
600380,2009-09-01
600383,2009-09-01
600395,2009-09-01
600415,2009-09-01
600418,2009-09-01
600426,2009-09-01
600428,2009-09-01
600432,2009-09-01
600456,2009-09-01
600489,2009-09-01
600497,2009-09-01
600500,2009-09-01
600508,2009-09-01
600516,2009-09-01
600518,2009-09-01
600519,2009-09-01
600528,2009-09-01
600547,2009-09-01
600548,2009-09-01
600549,2009-09-01
600550,2009-09-01
600569,2009-09-01
600582,2009-09-01
600583,2009-09-01
600585,2009-09-01
600588,2009-09-01
600595,2009-09-01
600596,2009-09-01
600597,2009-09-01
600598,2009-09-01
600600,2009-09-01
600601,2009-09-01
600611,2009-09-01
600616,2009-09-01
600631,2009-09-01
600635,2009-09-01
600638,2009-09-01
600639,2009-09-01
600642,2009-09-01
600643,2009-09-01
600649,2009-09-01
600653,2009-09-01
600655,2009-09-01
600660,2009-09-01
600663,2009-09-01
600664,2009-09-01
600674,2009-09-01
600675,2009-09-01
600685,2009-09-01
600688,2009-09-01
600690,2009-09-01
600694,2009-09-01
600717,2009-09-01
600718,2009-09-01
600737,2009-09-01
600739,2009-09-01
600741,2009-09-01
600748,2009-09-01
600770,2009-09-01
600779,2009-09-01
600782,2009-09-01
600795,2009-09-01
600804,2009-09-01
600808,2009-09-01
600809,2009-09-01
600811,2009-09-01
600812,2009-09-01
600816,2009-09-01
600820,2009-09-01
600832,2009-09-01
600835,2009-09-01
600837,2009-09-01
600839,2009-09-01
600859,2009-09-01
600874,2009-09-01
600875,2009-09-01
600879,2009-09-01
600881,2009-09-01
600886,2009-09-01
600895,2009-09-01
600900,2009-09-01
600970,2009-09-01
600997,2009-09-01
601001,2009-09-01
601005,2009-09-01
601006,2009-09-01
601009,2009-09-01
601088,2009-09-01
601111,2009-09-01
601166,2009-09-01
601168,2009-09-01
601169,2009-09-01
601186,2009-09-01
601318,2009-09-01
601328,2009-09-01
601333,2009-09-01
601390,2009-09-01
601398,2009-09-01
601588,2009-09-01
601600,2009-09-01
601601,2009-09-01
601628,2009-09-01
601666,2009-09-01
601699,2009-09-01
601727,2009-09-01
601766,2009-09-01
601808,2009-09-01
601857,2009-09-01
601866,2009-09-01
601872,2009-09-01
601898,2009-09-01
601899,2009-09-01
601918,2009-09-01
601919,2009-09-01
601939,2009-09-01
601958,2009-09-01
601988,2009-09-01
601991,2009-09-01
601998,2009-09-01
000001,2009-09-01
000002,2009-09-01
000009,2009-09-01
000012,2009-09-01
000021,2009-09-01
000024,2009-09-01
000027,2009-09-01
000031,2009-09-01
000039,2009-09-01
000046,2009-09-01
000059,2009-09-01
000060,2009-09-01
000061,2009-09-01
000063,2009-09-01
000069,2009-09-01
000089,2009-09-01
000100,2009-09-01
000157,2009-09-01
000301,2009-09-01
000338,2009-09-01
000401,2009-09-01
000402,2009-09-01
000422,2009-09-01
000423,2009-09-01
000425,2009-09-01
000488,2009-09-01
000527,2009-09-01
000528,2009-09-01
000538,2009-09-01
000543,2009-09-01
000559,2009-09-01
000562,2009-09-01
000568,2009-09-01
000612,2009-09-01
000623,2009-09-01
000625,2009-09-01
000629,2009-09-01
000630,2009-09-01
000651,2009-09-01
000652,2009-09-01
000667,2009-09-01
000680,2009-09-01
000685,2009-09-01
000686,2009-09-01
000690,2009-09-01
000709,2009-09-01
000717,2009-09-01
000718,2009-09-01
000725,2009-09-01
000728,2009-09-01
000729,2009-09-01
000758,2009-09-01
000768,2009-09-01
000778,2009-09-01
000783,2009-09-01
000792,2009-09-01
000793,2009-09-01
000800,2009-09-01
000807,2009-09-01
000822,2009-09-01
000825,2009-09-01
000839,2009-09-01
000858,2009-09-01
000876,2009-09-01
000878,2009-09-01
000895,2009-09-01
000897,2009-09-01
000898,2009-09-01
000900,2009-09-01
000912,2009-09-01
000917,2009-09-01
000927,2009-09-01
000932,2009-09-01
000933,2009-09-01
000937,2009-09-01
000951,2009-09-01
000959,2009-09-01
000960,2009-09-01
000968,2009-09-01
000969,2009-09-01
000983,2009-09-01
000999,2009-09-01
002001,2009-09-01
002024,2009-09-01
002028,2009-09-01
002038,2009-09-01
002122,2009-09-01
002128,2009-09-01
002142,2009-09-01
002155,2009-09-01
002194,2009-09-01
002202,2009-09-01
002242,2009-09-01
002244,2009-09-01
002269,2009-09-01
600000,2009-09-02
600001,2009-09-02
600004,2009-09-02
600005,2009-09-02
600006,2009-09-02
600008,2009-09-02
600009,2009-09-02
600010,2009-09-02
600011,2009-09-02
600015,2009-09-02
600016,2009-09-02
600017,2009-09-02
600018,2009-09-02
600019,2009-09-02
600022,2009-09-02
600026,2009-09-02
600027,2009-09-02
600028,2009-09-02
600029,2009-09-02
600030,2009-09-02
600031,2009-09-02
600033,2009-09-02
600036,2009-09-02
600037,2009-09-02
600048,2009-09-02
600050,2009-09-02
600058,2009-09-02
600066,2009-09-02
600068,2009-09-02
600085,2009-09-02
600087,2009-09-02
600089,2009-09-02
600096,2009-09-02
600100,2009-09-02
600102,2009-09-02
600104,2009-09-02
600108,2009-09-02
600109,2009-09-02
600110,2009-09-02
600111,2009-09-02
600117,2009-09-02
600118,2009-09-02
600123,2009-09-02
600125,2009-09-02
600132,2009-09-02
600143,2009-09-02
600150,2009-09-02
600151,2009-09-02
600153,2009-09-02
600158,2009-09-02
600169,2009-09-02
600170,2009-09-02
600176,2009-09-02
600177,2009-09-02
600183,2009-09-02
600188,2009-09-02
600196,2009-09-02
600208,2009-09-02
600210,2009-09-02
600216,2009-09-02
600219,2009-09-02
600220,2009-09-02
600221,2009-09-02
600236,2009-09-02
600251,2009-09-02
600256,2009-09-02
600266,2009-09-02
600269,2009-09-02
600270,2009-09-02
600271,2009-09-02
600276,2009-09-02
600282,2009-09-02
600299,2009-09-02
600307,2009-09-02
600308,2009-09-02
600309,2009-09-02
600316,2009-09-02
600320,2009-09-02
600325,2009-09-02
600331,2009-09-02
600348,2009-09-02
600350,2009-09-02
600352,2009-09-02
600357,2009-09-02
600362,2009-09-02
600376,2009-09-02
600380,2009-09-02
600383,2009-09-02
600395,2009-09-02
600415,2009-09-02
600418,2009-09-02
600426,2009-09-02
600428,2009-09-02
600432,2009-09-02
600456,2009-09-02
600489,2009-09-02
600497,2009-09-02
600500,2009-09-02
600508,2009-09-02
600516,2009-09-02
600518,2009-09-02
600519,2009-09-02
600528,2009-09-02
600547,2009-09-02
600548,2009-09-02
600549,2009-09-02
600550,2009-09-02
600569,2009-09-02
600582,2009-09-02
600583,2009-09-02
600585,2009-09-02
600588,2009-09-02
600595,2009-09-02
600596,2009-09-02
600597,2009-09-02
600598,2009-09-02
600600,2009-09-02
600601,2009-09-02
600611,2009-09-02
600616,2009-09-02
600631,2009-09-02
600635,2009-09-02
600638,2009-09-02
600639,2009-09-02
600642,2009-09-02
600643,2009-09-02
600649,2009-09-02
600653,2009-09-02
600655,2009-09-02
600660,2009-09-02
600663,2009-09-02
600664,2009-09-02
600674,2009-09-02
600675,2009-09-02
600685,2009-09-02
600688,2009-09-02
600690,2009-09-02
600694,2009-09-02
600717,2009-09-02
600718,2009-09-02
600737,2009-09-02
600739,2009-09-02
600741,2009-09-02
600748,2009-09-02
600770,2009-09-02
600779,2009-09-02
600782,2009-09-02
600795,2009-09-02
600804,2009-09-02
600808,2009-09-02
600809,2009-09-02
600811,2009-09-02
600812,2009-09-02
600816,2009-09-02
600820,2009-09-02
600832,2009-09-02
600835,2009-09-02
600837,2009-09-02
600839,2009-09-02
600859,2009-09-02
600874,2009-09-02
600875,2009-09-02
600879,2009-09-02
600881,2009-09-02
600886,2009-09-02
600895,2009-09-02
600900,2009-09-02
600970,2009-09-02
600997,2009-09-02
601001,2009-09-02
601005,2009-09-02
601006,2009-09-02
601009,2009-09-02
601088,2009-09-02
601111,2009-09-02
601166,2009-09-02
601168,2009-09-02
601169,2009-09-02
601186,2009-09-02
601318,2009-09-02
601328,2009-09-02
601333,2009-09-02
601390,2009-09-02
601398,2009-09-02
601588,2009-09-02
601600,2009-09-02
601601,2009-09-02
601628,2009-09-02
601666,2009-09-02
601699,2009-09-02
601727,2009-09-02
601766,2009-09-02
601808,2009-09-02
601857,2009-09-02
601866,2009-09-02
601872,2009-09-02
601898,2009-09-02
601899,2009-09-02
601918,2009-09-02
601919,2009-09-02
601939,2009-09-02
601958,2009-09-02
601988,2009-09-02
601991,2009-09-02
601998,2009-09-02
000001,2009-09-02
000002,2009-09-02
000009,2009-09-02
000012,2009-09-02
000021,2009-09-02
000024,2009-09-02
000027,2009-09-02
000031,2009-09-02
000039,2009-09-02
000046,2009-09-02
000059,2009-09-02
000060,2009-09-02
000061,2009-09-02
000063,2009-09-02
000069,2009-09-02
000089,2009-09-02
000100,2009-09-02
000157,2009-09-02
000301,2009-09-02
000338,2009-09-02
000401,2009-09-02
000402,2009-09-02
000422,2009-09-02
000423,2009-09-02
000425,2009-09-02
000488,2009-09-02
000527,2009-09-02
000528,2009-09-02
000538,2009-09-02
000543,2009-09-02
000559,2009-09-02
000562,2009-09-02
000568,2009-09-02
000612,2009-09-02
000623,2009-09-02
000625,2009-09-02
000629,2009-09-02
000630,2009-09-02
000651,2009-09-02
000652,2009-09-02
000667,2009-09-02
000680,2009-09-02
000685,2009-09-02
000686,2009-09-02
000690,2009-09-02
000709,2009-09-02
000717,2009-09-02
000718,2009-09-02
000725,2009-09-02
000728,2009-09-02
000729,2009-09-02
000758,2009-09-02
000768,2009-09-02
000778,2009-09-02
000783,2009-09-02
000792,2009-09-02
000793,2009-09-02
000800,2009-09-02
000807,2009-09-02
000822,2009-09-02
000825,2009-09-02
000839,2009-09-02
000858,2009-09-02
000876,2009-09-02
000878,2009-09-02
000895,2009-09-02
000897,2009-09-02
000898,2009-09-02
000900,2009-09-02
000912,2009-09-02
000917,2009-09-02
000927,2009-09-02
000932,2009-09-02
000933,2009-09-02
000937,2009-09-02
000951,2009-09-02
000959,2009-09-02
000960,2009-09-02
000968,2009-09-02
000969,2009-09-02
000983,2009-09-02
000999,2009-09-02
002001,2009-09-02
002024,2009-09-02
002028,2009-09-02
002038,2009-09-02
002122,2009-09-02
002128,2009-09-02
002142,2009-09-02
002155,2009-09-02
002194,2009-09-02
002202,2009-09-02
002242,2009-09-02
002244,2009-09-02
002269,2009-09-02
600000,2009-09-03
600001,2009-09-03
600004,2009-09-03
600005,2009-09-03
600006,2009-09-03
600008,2009-09-03
600009,2009-09-03
600010,2009-09-03
600011,2009-09-03
600015,2009-09-03
600016,2009-09-03
600017,2009-09-03
600018,2009-09-03
600019,2009-09-03
600022,2009-09-03
600026,2009-09-03
600027,2009-09-03
600028,2009-09-03
600029,2009-09-03
600030,2009-09-03
600031,2009-09-03
600033,2009-09-03
600036,2009-09-03
600037,2009-09-03
600048,2009-09-03
600050,2009-09-03
600058,2009-09-03
600066,2009-09-03
600068,2009-09-03
600085,2009-09-03
600087,2009-09-03
600089,2009-09-03
600096,2009-09-03
600100,2009-09-03
600102,2009-09-03
600104,2009-09-03
600108,2009-09-03
600109,2009-09-03
600110,2009-09-03
600111,2009-09-03
600117,2009-09-03
600118,2009-09-03
600123,2009-09-03
600125,2009-09-03
600132,2009-09-03
600143,2009-09-03
600150,2009-09-03
600151,2009-09-03
600153,2009-09-03
600158,2009-09-03
600169,2009-09-03
600170,2009-09-03
600176,2009-09-03
600177,2009-09-03
600183,2009-09-03
600188,2009-09-03
600196,2009-09-03
600208,2009-09-03
600210,2009-09-03
600216,2009-09-03
600219,2009-09-03
600220,2009-09-03
600221,2009-09-03
600236,2009-09-03
600251,2009-09-03
600256,2009-09-03
600266,2009-09-03
600269,2009-09-03
600270,2009-09-03
600271,2009-09-03
600276,2009-09-03
600282,2009-09-03
600299,2009-09-03
600307,2009-09-03
600308,2009-09-03
600309,2009-09-03
600316,2009-09-03
600320,2009-09-03
600325,2009-09-03
600331,2009-09-03
600348,2009-09-03
600350,2009-09-03
600352,2009-09-03
600357,2009-09-03
600362,2009-09-03
600376,2009-09-03
600380,2009-09-03
600383,2009-09-03
600395,2009-09-03
600415,2009-09-03
600418,2009-09-03
600426,2009-09-03
600428,2009-09-03
600432,2009-09-03
600456,2009-09-03
600489,2009-09-03
600497,2009-09-03
600500,2009-09-03
600508,2009-09-03
600516,2009-09-03
600518,2009-09-03
600519,2009-09-03
600528,2009-09-03
600547,2009-09-03
600548,2009-09-03
600549,2009-09-03
600550,2009-09-03
600569,2009-09-03
600582,2009-09-03
600583,2009-09-03
600585,2009-09-03
600588,2009-09-03
600595,2009-09-03
600596,2009-09-03
600597,2009-09-03
600598,2009-09-03
600600,2009-09-03
600601,2009-09-03
600611,2009-09-03
600616,2009-09-03
600631,2009-09-03
600635,2009-09-03
600638,2009-09-03
600639,2009-09-03
600642,2009-09-03
600643,2009-09-03
600649,2009-09-03
600653,2009-09-03
600655,2009-09-03
600660,2009-09-03
600663,2009-09-03
600664,2009-09-03
600674,2009-09-03
600675,2009-09-03
600685,2009-09-03
600688,2009-09-03
600690,2009-09-03
600694,2009-09-03
600717,2009-09-03
600718,2009-09-03
600737,2009-09-03
600739,2009-09-03
600741,2009-09-03
600748,2009-09-03
600770,2009-09-03
600779,2009-09-03
600782,2009-09-03
600795,2009-09-03
600804,2009-09-03
600808,2009-09-03
600809,2009-09-03
600811,2009-09-03
600812,2009-09-03
600816,2009-09-03
600820,2009-09-03
600832,2009-09-03
600835,2009-09-03
600837,2009-09-03
600839,2009-09-03
600859,2009-09-03
600874,2009-09-03
600875,2009-09-03
600879,2009-09-03
600881,2009-09-03
600886,2009-09-03
600895,2009-09-03
600900,2009-09-03
600970,2009-09-03
600997,2009-09-03
601001,2009-09-03
601005,2009-09-03
601006,2009-09-03
601009,2009-09-03
601088,2009-09-03
601111,2009-09-03
601166,2009-09-03
601168,2009-09-03
601169,2009-09-03
601186,2009-09-03
601318,2009-09-03
601328,2009-09-03
601333,2009-09-03
601390,2009-09-03
601398,2009-09-03
601588,2009-09-03
601600,2009-09-03
601601,2009-09-03
601628,2009-09-03
601666,2009-09-03
601699,2009-09-03
601727,2009-09-03
601766,2009-09-03
601808,2009-09-03
601857,2009-09-03
601866,2009-09-03
601872,2009-09-03
601898,2009-09-03
601899,2009-09-03
601918,2009-09-03
601919,2009-09-03
601939,2009-09-03
601958,2009-09-03
601988,2009-09-03
601991,2009-09-03
601998,2009-09-03
000001,2009-09-03
000002,2009-09-03
000009,2009-09-03
000012,2009-09-03
000021,2009-09-03
000024,2009-09-03
000027,2009-09-03
000031,2009-09-03
000039,2009-09-03
000046,2009-09-03
000059,2009-09-03
000060,2009-09-03
000061,2009-09-03
000063,2009-09-03
000069,2009-09-03
000089,2009-09-03
000100,2009-09-03
000157,2009-09-03
000301,2009-09-03
000338,2009-09-03
000401,2009-09-03
000402,2009-09-03
000422,2009-09-03
000423,2009-09-03
000425,2009-09-03
000488,2009-09-03
000527,2009-09-03
000528,2009-09-03
000538,2009-09-03
000543,2009-09-03
000559,2009-09-03
000562,2009-09-03
000568,2009-09-03
000612,2009-09-03
000623,2009-09-03
000625,2009-09-03
000629,2009-09-03
000630,2009-09-03
000651,2009-09-03
000652,2009-09-03
000667,2009-09-03
000680,2009-09-03
000685,2009-09-03
000686,2009-09-03
000690,2009-09-03
000709,2009-09-03
000717,2009-09-03
000718,2009-09-03
000725,2009-09-03
000728,2009-09-03
000729,2009-09-03
000758,2009-09-03
000768,2009-09-03
000778,2009-09-03
000783,2009-09-03
000792,2009-09-03
000793,2009-09-03
000800,2009-09-03
000807,2009-09-03
000822,2009-09-03
000825,2009-09-03
000839,2009-09-03
000858,2009-09-03
000876,2009-09-03
000878,2009-09-03
000895,2009-09-03
000897,2009-09-03
000898,2009-09-03
000900,2009-09-03
000912,2009-09-03
000917,2009-09-03
000927,2009-09-03
000932,2009-09-03
000933,2009-09-03
000937,2009-09-03
000951,2009-09-03
000959,2009-09-03
000960,2009-09-03
000968,2009-09-03
000969,2009-09-03
000983,2009-09-03
000999,2009-09-03
002001,2009-09-03
002024,2009-09-03
002028,2009-09-03
002038,2009-09-03
002122,2009-09-03
002128,2009-09-03
002142,2009-09-03
002155,2009-09-03
002194,2009-09-03
002202,2009-09-03
002242,2009-09-03
002244,2009-09-03
002269,2009-09-03
600000,2009-09-28
600001,2009-09-28
600004,2009-09-28
600005,2009-09-28
600006,2009-09-28
600008,2009-09-28
600009,2009-09-28
600010,2009-09-28
600011,2009-09-28
600015,2009-09-28
600016,2009-09-28
600017,2009-09-28
600018,2009-09-28
600019,2009-09-28
600022,2009-09-28
600026,2009-09-28
600027,2009-09-28
600028,2009-09-28
600029,2009-09-28
600030,2009-09-28
600031,2009-09-28
600033,2009-09-28
600036,2009-09-28
600037,2009-09-28
600048,2009-09-28
600050,2009-09-28
600058,2009-09-28
600066,2009-09-28
600068,2009-09-28
600085,2009-09-28
600087,2009-09-28
600089,2009-09-28
600096,2009-09-28
600100,2009-09-28
600102,2009-09-28
600104,2009-09-28
600108,2009-09-28
600109,2009-09-28
600110,2009-09-28
600111,2009-09-28
600117,2009-09-28
600118,2009-09-28
600123,2009-09-28
600125,2009-09-28
600132,2009-09-28
600143,2009-09-28
600150,2009-09-28
600151,2009-09-28
600153,2009-09-28
600158,2009-09-28
600169,2009-09-28
600170,2009-09-28
600176,2009-09-28
600177,2009-09-28
600183,2009-09-28
600188,2009-09-28
600196,2009-09-28
600208,2009-09-28
600210,2009-09-28
600216,2009-09-28
600219,2009-09-28
600220,2009-09-28
600221,2009-09-28
600236,2009-09-28
600251,2009-09-28
600256,2009-09-28
600266,2009-09-28
600269,2009-09-28
600270,2009-09-28
600271,2009-09-28
600276,2009-09-28
600282,2009-09-28
600299,2009-09-28
600307,2009-09-28
600308,2009-09-28
600309,2009-09-28
600316,2009-09-28
600320,2009-09-28
600325,2009-09-28
600331,2009-09-28
600348,2009-09-28
600350,2009-09-28
600352,2009-09-28
600357,2009-09-28
600362,2009-09-28
600376,2009-09-28
600380,2009-09-28
600383,2009-09-28
600395,2009-09-28
600415,2009-09-28
600418,2009-09-28
600426,2009-09-28
600428,2009-09-28
600432,2009-09-28
600456,2009-09-28
600489,2009-09-28
600497,2009-09-28
600500,2009-09-28
600508,2009-09-28
600516,2009-09-28
600518,2009-09-28
600519,2009-09-28
600528,2009-09-28
600547,2009-09-28
600548,2009-09-28
600549,2009-09-28
600550,2009-09-28
600569,2009-09-28
600582,2009-09-28
600583,2009-09-28
600585,2009-09-28
600588,2009-09-28
600595,2009-09-28
600596,2009-09-28
600597,2009-09-28
600598,2009-09-28
600600,2009-09-28
600601,2009-09-28
600611,2009-09-28
600616,2009-09-28
600631,2009-09-28
600635,2009-09-28
600638,2009-09-28
600639,2009-09-28
600642,2009-09-28
600643,2009-09-28
600649,2009-09-28
600653,2009-09-28
600655,2009-09-28
600660,2009-09-28
600663,2009-09-28
600664,2009-09-28
600674,2009-09-28
600675,2009-09-28
600685,2009-09-28
600688,2009-09-28
600690,2009-09-28
600694,2009-09-28
600717,2009-09-28
600718,2009-09-28
600737,2009-09-28
600739,2009-09-28
600741,2009-09-28
600748,2009-09-28
600770,2009-09-28
600779,2009-09-28
600782,2009-09-28
600795,2009-09-28
600804,2009-09-28
600808,2009-09-28
600809,2009-09-28
600811,2009-09-28
600812,2009-09-28
600816,2009-09-28
600820,2009-09-28
600832,2009-09-28
600835,2009-09-28
600837,2009-09-28
600839,2009-09-28
600859,2009-09-28
600874,2009-09-28
600875,2009-09-28
600879,2009-09-28
600881,2009-09-28
600886,2009-09-28
600895,2009-09-28
600900,2009-09-28
600970,2009-09-28
600997,2009-09-28
601001,2009-09-28
601005,2009-09-28
601006,2009-09-28
601009,2009-09-28
601088,2009-09-28
601111,2009-09-28
601166,2009-09-28
601168,2009-09-28
601169,2009-09-28
601186,2009-09-28
601318,2009-09-28
601328,2009-09-28
601333,2009-09-28
601390,2009-09-28
601398,2009-09-28
601588,2009-09-28
601600,2009-09-28
601601,2009-09-28
601628,2009-09-28
601666,2009-09-28
601699,2009-09-28
601727,2009-09-28
601766,2009-09-28
601808,2009-09-28
601857,2009-09-28
601866,2009-09-28
601872,2009-09-28
601898,2009-09-28
601899,2009-09-28
601918,2009-09-28
601919,2009-09-28
601939,2009-09-28
601958,2009-09-28
601988,2009-09-28
601991,2009-09-28
601998,2009-09-28
000001,2009-09-28
000002,2009-09-28
000009,2009-09-28
000012,2009-09-28
000021,2009-09-28
000024,2009-09-28
000027,2009-09-28
000031,2009-09-28
000039,2009-09-28
000046,2009-09-28
000059,2009-09-28
000060,2009-09-28
000061,2009-09-28
000063,2009-09-28
000069,2009-09-28
000089,2009-09-28
000100,2009-09-28
000157,2009-09-28
000301,2009-09-28
000338,2009-09-28
000401,2009-09-28
000402,2009-09-28
000422,2009-09-28
000423,2009-09-28
000425,2009-09-28
000488,2009-09-28
000527,2009-09-28
000528,2009-09-28
000538,2009-09-28
000543,2009-09-28
000559,2009-09-28
000562,2009-09-28
000568,2009-09-28
000612,2009-09-28
000623,2009-09-28
000625,2009-09-28
000629,2009-09-28
000630,2009-09-28
000651,2009-09-28
000652,2009-09-28
000667,2009-09-28
000680,2009-09-28
000685,2009-09-28
000686,2009-09-28
000690,2009-09-28
000709,2009-09-28
000717,2009-09-28
000718,2009-09-28
000725,2009-09-28
000728,2009-09-28
000729,2009-09-28
000758,2009-09-28
000768,2009-09-28
000778,2009-09-28
000783,2009-09-28
000792,2009-09-28
000793,2009-09-28
000800,2009-09-28
000807,2009-09-28
000822,2009-09-28
000825,2009-09-28
000839,2009-09-28
000858,2009-09-28
000876,2009-09-28
000878,2009-09-28
000895,2009-09-28
000897,2009-09-28
000898,2009-09-28
000900,2009-09-28
000912,2009-09-28
000917,2009-09-28
000927,2009-09-28
000932,2009-09-28
000933,2009-09-28
000937,2009-09-28
000951,2009-09-28
000959,2009-09-28
000960,2009-09-28
000968,2009-09-28
000969,2009-09-28
000983,2009-09-28
000999,2009-09-28
002001,2009-09-28
002024,2009-09-28
002028,2009-09-28
002038,2009-09-28
002122,2009-09-28
002128,2009-09-28
002142,2009-09-28
002155,2009-09-28
002194,2009-09-28
002202,2009-09-28
002242,2009-09-28
002244,2009-09-28
002269,2009-09-28
600000,2010-03-01
600004,2010-03-01
600005,2010-03-01
600006,2010-03-01
600008,2010-03-01
600009,2010-03-01
600010,2010-03-01
600011,2010-03-01
600015,2010-03-01
600016,2010-03-01
600017,2010-03-01
600018,2010-03-01
600019,2010-03-01
600022,2010-03-01
600026,2010-03-01
600027,2010-03-01
600028,2010-03-01
600029,2010-03-01
600030,2010-03-01
600031,2010-03-01
600033,2010-03-01
600036,2010-03-01
600037,2010-03-01
600048,2010-03-01
600050,2010-03-01
600058,2010-03-01
600062,2010-03-01
600066,2010-03-01
600068,2010-03-01
600085,2010-03-01
600087,2010-03-01
600089,2010-03-01
600096,2010-03-01
600100,2010-03-01
600102,2010-03-01
600104,2010-03-01
600108,2010-03-01
600109,2010-03-01
600111,2010-03-01
600118,2010-03-01
600123,2010-03-01
600125,2010-03-01
600132,2010-03-01
600143,2010-03-01
600150,2010-03-01
600151,2010-03-01
600153,2010-03-01
600158,2010-03-01
600161,2010-03-01
600166,2010-03-01
600169,2010-03-01
600170,2010-03-01
600176,2010-03-01
600177,2010-03-01
600183,2010-03-01
600188,2010-03-01
600196,2010-03-01
600208,2010-03-01
600210,2010-03-01
600216,2010-03-01
600219,2010-03-01
600220,2010-03-01
600221,2010-03-01
600236,2010-03-01
600239,2010-03-01
600246,2010-03-01
600251,2010-03-01
600256,2010-03-01
600266,2010-03-01
600269,2010-03-01
600270,2010-03-01
600271,2010-03-01
600276,2010-03-01
600282,2010-03-01
600307,2010-03-01
600309,2010-03-01
600312,2010-03-01
600316,2010-03-01
600320,2010-03-01
600325,2010-03-01
600331,2010-03-01
600348,2010-03-01
600350,2010-03-01
600352,2010-03-01
600362,2010-03-01
600369,2010-03-01
600376,2010-03-01
600380,2010-03-01
600383,2010-03-01
600395,2010-03-01
600415,2010-03-01
600418,2010-03-01
600426,2010-03-01
600428,2010-03-01
600432,2010-03-01
600456,2010-03-01
600489,2010-03-01
600497,2010-03-01
600500,2010-03-01
600508,2010-03-01
600516,2010-03-01
600517,2010-03-01
600518,2010-03-01
600519,2010-03-01
600528,2010-03-01
600547,2010-03-01
600549,2010-03-01
600550,2010-03-01
600569,2010-03-01
600582,2010-03-01
600583,2010-03-01
600585,2010-03-01
600588,2010-03-01
600595,2010-03-01
600596,2010-03-01
600597,2010-03-01
600598,2010-03-01
600600,2010-03-01
600601,2010-03-01
600611,2010-03-01
600631,2010-03-01
600635,2010-03-01
600638,2010-03-01
600639,2010-03-01
600642,2010-03-01
600643,2010-03-01
600648,2010-03-01
600649,2010-03-01
600655,2010-03-01
600657,2010-03-01
600660,2010-03-01
600663,2010-03-01
600664,2010-03-01
600674,2010-03-01
600675,2010-03-01
600685,2010-03-01
600688,2010-03-01
600690,2010-03-01
600694,2010-03-01
600717,2010-03-01
600718,2010-03-01
600737,2010-03-01
600739,2010-03-01
600741,2010-03-01
600748,2010-03-01
600779,2010-03-01
600782,2010-03-01
600795,2010-03-01
600804,2010-03-01
600808,2010-03-01
600809,2010-03-01
600811,2010-03-01
600812,2010-03-01
600816,2010-03-01
600820,2010-03-01
600832,2010-03-01
600835,2010-03-01
600837,2010-03-01
600839,2010-03-01
600859,2010-03-01
600874,2010-03-01
600875,2010-03-01
600879,2010-03-01
600881,2010-03-01
600886,2010-03-01
600895,2010-03-01
600900,2010-03-01
600970,2010-03-01
600997,2010-03-01
601001,2010-03-01
601006,2010-03-01
601009,2010-03-01
601088,2010-03-01
601099,2010-03-01
601107,2010-03-01
601111,2010-03-01
601166,2010-03-01
601168,2010-03-01
601169,2010-03-01
601186,2010-03-01
601318,2010-03-01
601328,2010-03-01
601333,2010-03-01
601390,2010-03-01
601398,2010-03-01
601588,2010-03-01
601600,2010-03-01
601601,2010-03-01
601618,2010-03-01
601628,2010-03-01
601666,2010-03-01
601668,2010-03-01
601699,2010-03-01
601727,2010-03-01
601766,2010-03-01
601808,2010-03-01
601857,2010-03-01
601866,2010-03-01
601872,2010-03-01
601898,2010-03-01
601899,2010-03-01
601918,2010-03-01
601919,2010-03-01
601939,2010-03-01
601958,2010-03-01
601988,2010-03-01
601991,2010-03-01
601998,2010-03-01
000001,2010-03-01
000002,2010-03-01
000009,2010-03-01
000012,2010-03-01
000021,2010-03-01
000024,2010-03-01
000027,2010-03-01
000031,2010-03-01
000039,2010-03-01
000046,2010-03-01
000059,2010-03-01
000060,2010-03-01
000061,2010-03-01
000063,2010-03-01
000069,2010-03-01
000089,2010-03-01
000100,2010-03-01
000157,2010-03-01
000301,2010-03-01
000338,2010-03-01
000401,2010-03-01
000402,2010-03-01
000422,2010-03-01
000423,2010-03-01
000425,2010-03-01
000488,2010-03-01
000527,2010-03-01
000528,2010-03-01
000538,2010-03-01
000559,2010-03-01
000562,2010-03-01
000568,2010-03-01
000612,2010-03-01
000623,2010-03-01
000625,2010-03-01
000630,2010-03-01
000631,2010-03-01
000651,2010-03-01
000652,2010-03-01
000667,2010-03-01
000680,2010-03-01
000685,2010-03-01
000686,2010-03-01
000690,2010-03-01
000709,2010-03-01
000717,2010-03-01
000718,2010-03-01
000728,2010-03-01
000729,2010-03-01
000758,2010-03-01
000768,2010-03-01
000778,2010-03-01
000780,2010-03-01
000783,2010-03-01
000792,2010-03-01
000793,2010-03-01
000800,2010-03-01
000807,2010-03-01
000822,2010-03-01
000825,2010-03-01
000839,2010-03-01
000858,2010-03-01
000876,2010-03-01
000878,2010-03-01
000895,2010-03-01
000897,2010-03-01
000898,2010-03-01
000900,2010-03-01
000917,2010-03-01
000927,2010-03-01
000932,2010-03-01
000933,2010-03-01
000937,2010-03-01
000951,2010-03-01
000959,2010-03-01
000960,2010-03-01
000968,2010-03-01
000969,2010-03-01
000983,2010-03-01
000999,2010-03-01
002001,2010-03-01
002007,2010-03-01
002024,2010-03-01
002028,2010-03-01
002122,2010-03-01
002128,2010-03-01
002142,2010-03-01
002155,2010-03-01
002202,2010-03-01
002242,2010-03-01
002244,2010-03-01
002275,2010-03-01
600000,2010-03-02
600004,2010-03-02
600005,2010-03-02
600006,2010-03-02
600008,2010-03-02
600009,2010-03-02
600010,2010-03-02
600011,2010-03-02
600015,2010-03-02
600016,2010-03-02
600017,2010-03-02
600018,2010-03-02
600019,2010-03-02
600022,2010-03-02
600026,2010-03-02
600027,2010-03-02
600028,2010-03-02
600029,2010-03-02
600030,2010-03-02
600031,2010-03-02
600033,2010-03-02
600036,2010-03-02
600037,2010-03-02
600048,2010-03-02
600050,2010-03-02
600058,2010-03-02
600062,2010-03-02
600066,2010-03-02
600068,2010-03-02
600085,2010-03-02
600087,2010-03-02
600089,2010-03-02
600096,2010-03-02
600100,2010-03-02
600102,2010-03-02
600104,2010-03-02
600108,2010-03-02
600109,2010-03-02
600111,2010-03-02
600118,2010-03-02
600123,2010-03-02
600125,2010-03-02
600132,2010-03-02
600143,2010-03-02
600150,2010-03-02
600151,2010-03-02
600153,2010-03-02
600158,2010-03-02
600161,2010-03-02
600166,2010-03-02
600169,2010-03-02
600170,2010-03-02
600176,2010-03-02
600177,2010-03-02
600183,2010-03-02
600188,2010-03-02
600196,2010-03-02
600208,2010-03-02
600210,2010-03-02
600216,2010-03-02
600219,2010-03-02
600220,2010-03-02
600221,2010-03-02
600236,2010-03-02
600239,2010-03-02
600246,2010-03-02
600251,2010-03-02
600256,2010-03-02
600266,2010-03-02
600269,2010-03-02
600270,2010-03-02
600271,2010-03-02
600276,2010-03-02
600282,2010-03-02
600307,2010-03-02
600309,2010-03-02
600312,2010-03-02
600316,2010-03-02
600320,2010-03-02
600325,2010-03-02
600331,2010-03-02
600348,2010-03-02
600350,2010-03-02
600352,2010-03-02
600362,2010-03-02
600369,2010-03-02
600376,2010-03-02
600380,2010-03-02
600383,2010-03-02
600395,2010-03-02
600415,2010-03-02
600418,2010-03-02
600426,2010-03-02
600428,2010-03-02
600432,2010-03-02
600456,2010-03-02
600489,2010-03-02
600497,2010-03-02
600500,2010-03-02
600508,2010-03-02
600516,2010-03-02
600517,2010-03-02
600518,2010-03-02
600519,2010-03-02
600528,2010-03-02
600547,2010-03-02
600549,2010-03-02
600550,2010-03-02
600569,2010-03-02
600582,2010-03-02
600583,2010-03-02
600585,2010-03-02
600588,2010-03-02
600595,2010-03-02
600596,2010-03-02
600597,2010-03-02
600598,2010-03-02
600600,2010-03-02
600601,2010-03-02
600611,2010-03-02
600631,2010-03-02
600635,2010-03-02
600638,2010-03-02
600639,2010-03-02
600642,2010-03-02
600643,2010-03-02
600648,2010-03-02
600649,2010-03-02
600655,2010-03-02
600657,2010-03-02
600660,2010-03-02
600663,2010-03-02
600664,2010-03-02
600674,2010-03-02
600675,2010-03-02
600685,2010-03-02
600688,2010-03-02
600690,2010-03-02
600694,2010-03-02
600717,2010-03-02
600718,2010-03-02
600737,2010-03-02
600739,2010-03-02
600741,2010-03-02
600748,2010-03-02
600779,2010-03-02
600782,2010-03-02
600795,2010-03-02
600804,2010-03-02
600808,2010-03-02
600809,2010-03-02
600811,2010-03-02
600812,2010-03-02
600816,2010-03-02
600820,2010-03-02
600832,2010-03-02
600835,2010-03-02
600837,2010-03-02
600839,2010-03-02
600859,2010-03-02
600874,2010-03-02
600875,2010-03-02
600879,2010-03-02
600881,2010-03-02
600886,2010-03-02
600895,2010-03-02
600900,2010-03-02
600970,2010-03-02
600997,2010-03-02
601001,2010-03-02
601006,2010-03-02
601009,2010-03-02
601088,2010-03-02
601099,2010-03-02
601107,2010-03-02
601111,2010-03-02
601166,2010-03-02
601168,2010-03-02
601169,2010-03-02
601186,2010-03-02
601318,2010-03-02
601328,2010-03-02
601333,2010-03-02
601390,2010-03-02
601398,2010-03-02
601588,2010-03-02
601600,2010-03-02
601601,2010-03-02
601618,2010-03-02
601628,2010-03-02
601666,2010-03-02
601668,2010-03-02
601699,2010-03-02
601727,2010-03-02
601766,2010-03-02
601808,2010-03-02
601857,2010-03-02
601866,2010-03-02
601872,2010-03-02
601898,2010-03-02
601899,2010-03-02
601918,2010-03-02
601919,2010-03-02
601939,2010-03-02
601958,2010-03-02
601988,2010-03-02
601991,2010-03-02
601998,2010-03-02
000001,2010-03-02
000002,2010-03-02
000009,2010-03-02
000012,2010-03-02
000021,2010-03-02
000024,2010-03-02
000027,2010-03-02
000031,2010-03-02
000039,2010-03-02
000046,2010-03-02
000059,2010-03-02
000060,2010-03-02
000061,2010-03-02
000063,2010-03-02
000069,2010-03-02
000089,2010-03-02
000100,2010-03-02
000157,2010-03-02
000301,2010-03-02
000338,2010-03-02
000401,2010-03-02
000402,2010-03-02
000422,2010-03-02
000423,2010-03-02
000425,2010-03-02
000488,2010-03-02
000527,2010-03-02
000528,2010-03-02
000538,2010-03-02
000559,2010-03-02
000562,2010-03-02
000568,2010-03-02
000612,2010-03-02
000623,2010-03-02
000625,2010-03-02
000630,2010-03-02
000631,2010-03-02
000651,2010-03-02
000652,2010-03-02
000667,2010-03-02
000680,2010-03-02
000685,2010-03-02
000686,2010-03-02
000690,2010-03-02
000709,2010-03-02
000717,2010-03-02
000718,2010-03-02
000728,2010-03-02
000729,2010-03-02
000758,2010-03-02
000768,2010-03-02
000778,2010-03-02
000780,2010-03-02
000783,2010-03-02
000792,2010-03-02
000793,2010-03-02
000800,2010-03-02
000807,2010-03-02
000822,2010-03-02
000825,2010-03-02
000839,2010-03-02
000858,2010-03-02
000876,2010-03-02
000878,2010-03-02
000895,2010-03-02
000897,2010-03-02
000898,2010-03-02
000900,2010-03-02
000917,2010-03-02
000927,2010-03-02
000932,2010-03-02
000933,2010-03-02
000937,2010-03-02
000951,2010-03-02
000959,2010-03-02
000960,2010-03-02
000968,2010-03-02
000969,2010-03-02
000983,2010-03-02
000999,2010-03-02
002001,2010-03-02
002007,2010-03-02
002024,2010-03-02
002028,2010-03-02
002122,2010-03-02
002128,2010-03-02
002142,2010-03-02
002155,2010-03-02
002202,2010-03-02
002242,2010-03-02
002244,2010-03-02
002275,2010-03-02
600000,2010-03-03
600004,2010-03-03
600005,2010-03-03
600006,2010-03-03
600008,2010-03-03
600009,2010-03-03
600010,2010-03-03
600011,2010-03-03
600015,2010-03-03
600016,2010-03-03
600017,2010-03-03
600018,2010-03-03
600019,2010-03-03
600022,2010-03-03
600026,2010-03-03
600027,2010-03-03
600028,2010-03-03
600029,2010-03-03
600030,2010-03-03
600031,2010-03-03
600033,2010-03-03
600036,2010-03-03
600037,2010-03-03
600048,2010-03-03
600050,2010-03-03
600058,2010-03-03
600062,2010-03-03
600066,2010-03-03
600068,2010-03-03
600085,2010-03-03
600087,2010-03-03
600089,2010-03-03
600096,2010-03-03
600100,2010-03-03
600102,2010-03-03
600104,2010-03-03
600108,2010-03-03
600109,2010-03-03
600111,2010-03-03
600118,2010-03-03
600123,2010-03-03
600125,2010-03-03
600132,2010-03-03
600143,2010-03-03
600150,2010-03-03
600151,2010-03-03
600153,2010-03-03
600158,2010-03-03
600161,2010-03-03
600166,2010-03-03
600169,2010-03-03
600170,2010-03-03
600176,2010-03-03
600177,2010-03-03
600183,2010-03-03
600188,2010-03-03
600196,2010-03-03
600208,2010-03-03
600210,2010-03-03
600216,2010-03-03
600219,2010-03-03
600220,2010-03-03
600221,2010-03-03
600236,2010-03-03
600239,2010-03-03
600246,2010-03-03
600251,2010-03-03
600256,2010-03-03
600266,2010-03-03
600269,2010-03-03
600270,2010-03-03
600271,2010-03-03
600276,2010-03-03
600282,2010-03-03
600307,2010-03-03
600309,2010-03-03
600312,2010-03-03
600316,2010-03-03
600320,2010-03-03
600325,2010-03-03
600331,2010-03-03
600348,2010-03-03
600350,2010-03-03
600352,2010-03-03
600362,2010-03-03
600369,2010-03-03
600376,2010-03-03
600380,2010-03-03
600383,2010-03-03
600395,2010-03-03
600415,2010-03-03
600418,2010-03-03
600426,2010-03-03
600428,2010-03-03
600432,2010-03-03
600456,2010-03-03
600489,2010-03-03
600497,2010-03-03
600500,2010-03-03
600508,2010-03-03
600516,2010-03-03
600517,2010-03-03
600518,2010-03-03
600519,2010-03-03
600528,2010-03-03
600547,2010-03-03
600549,2010-03-03
600550,2010-03-03
600569,2010-03-03
600582,2010-03-03
600583,2010-03-03
600585,2010-03-03
600588,2010-03-03
600595,2010-03-03
600596,2010-03-03
600597,2010-03-03
600598,2010-03-03
600600,2010-03-03
600601,2010-03-03
600611,2010-03-03
600631,2010-03-03
600635,2010-03-03
600638,2010-03-03
600639,2010-03-03
600642,2010-03-03
600643,2010-03-03
600648,2010-03-03
600649,2010-03-03
600655,2010-03-03
600657,2010-03-03
600660,2010-03-03
600663,2010-03-03
600664,2010-03-03
600674,2010-03-03
600675,2010-03-03
600685,2010-03-03
600688,2010-03-03
600690,2010-03-03
600694,2010-03-03
600717,2010-03-03
600718,2010-03-03
600737,2010-03-03
600739,2010-03-03
600741,2010-03-03
600748,2010-03-03
600779,2010-03-03
600782,2010-03-03
600795,2010-03-03
600804,2010-03-03
600808,2010-03-03
600809,2010-03-03
600811,2010-03-03
600812,2010-03-03
600816,2010-03-03
600820,2010-03-03
600832,2010-03-03
600835,2010-03-03
600837,2010-03-03
600839,2010-03-03
600859,2010-03-03
600874,2010-03-03
600875,2010-03-03
600879,2010-03-03
600881,2010-03-03
600886,2010-03-03
600895,2010-03-03
600900,2010-03-03
600970,2010-03-03
600997,2010-03-03
601001,2010-03-03
601006,2010-03-03
601009,2010-03-03
601088,2010-03-03
601099,2010-03-03
601107,2010-03-03
601111,2010-03-03
601166,2010-03-03
601168,2010-03-03
601169,2010-03-03
601186,2010-03-03
601318,2010-03-03
601328,2010-03-03
601333,2010-03-03
601390,2010-03-03
601398,2010-03-03
601588,2010-03-03
601600,2010-03-03
601601,2010-03-03
601618,2010-03-03
601628,2010-03-03
601666,2010-03-03
601668,2010-03-03
601699,2010-03-03
601727,2010-03-03
601766,2010-03-03
601808,2010-03-03
601857,2010-03-03
601866,2010-03-03
601872,2010-03-03
601898,2010-03-03
601899,2010-03-03
601918,2010-03-03
601919,2010-03-03
601939,2010-03-03
601958,2010-03-03
601988,2010-03-03
601991,2010-03-03
601998,2010-03-03
000001,2010-03-03
000002,2010-03-03
000009,2010-03-03
000012,2010-03-03
000021,2010-03-03
000024,2010-03-03
000027,2010-03-03
000031,2010-03-03
000039,2010-03-03
000046,2010-03-03
000059,2010-03-03
000060,2010-03-03
000061,2010-03-03
000063,2010-03-03
000069,2010-03-03
000089,2010-03-03
000100,2010-03-03
000157,2010-03-03
000301,2010-03-03
000338,2010-03-03
000401,2010-03-03
000402,2010-03-03
000422,2010-03-03
000423,2010-03-03
000425,2010-03-03
000488,2010-03-03
000527,2010-03-03
000528,2010-03-03
000538,2010-03-03
000559,2010-03-03
000562,2010-03-03
000568,2010-03-03
000612,2010-03-03
000623,2010-03-03
000625,2010-03-03
000630,2010-03-03
000631,2010-03-03
000651,2010-03-03
000652,2010-03-03
000667,2010-03-03
000680,2010-03-03
000685,2010-03-03
000686,2010-03-03
000690,2010-03-03
000709,2010-03-03
000717,2010-03-03
000718,2010-03-03
000728,2010-03-03
000729,2010-03-03
000758,2010-03-03
000768,2010-03-03
000778,2010-03-03
000780,2010-03-03
000783,2010-03-03
000792,2010-03-03
000793,2010-03-03
000800,2010-03-03
000807,2010-03-03
000822,2010-03-03
000825,2010-03-03
000839,2010-03-03
000858,2010-03-03
000876,2010-03-03
000878,2010-03-03
000895,2010-03-03
000897,2010-03-03
000898,2010-03-03
000900,2010-03-03
000917,2010-03-03
000927,2010-03-03
000932,2010-03-03
000933,2010-03-03
000937,2010-03-03
000951,2010-03-03
000959,2010-03-03
000960,2010-03-03
000968,2010-03-03
000969,2010-03-03
000983,2010-03-03
000999,2010-03-03
002001,2010-03-03
002007,2010-03-03
002024,2010-03-03
002028,2010-03-03
002122,2010-03-03
002128,2010-03-03
002142,2010-03-03
002155,2010-03-03
002202,2010-03-03
002242,2010-03-03
002244,2010-03-03
002275,2010-03-03
600000,2010-03-28
600004,2010-03-28
600005,2010-03-28
600006,2010-03-28
600008,2010-03-28
600009,2010-03-28
600010,2010-03-28
600011,2010-03-28
600015,2010-03-28
600016,2010-03-28
600017,2010-03-28
600018,2010-03-28
600019,2010-03-28
600022,2010-03-28
600026,2010-03-28
600027,2010-03-28
600028,2010-03-28
600029,2010-03-28
600030,2010-03-28
600031,2010-03-28
600033,2010-03-28
600036,2010-03-28
600037,2010-03-28
600048,2010-03-28
600050,2010-03-28
600058,2010-03-28
600062,2010-03-28
600066,2010-03-28
600068,2010-03-28
600085,2010-03-28
600087,2010-03-28
600089,2010-03-28
600096,2010-03-28
600100,2010-03-28
600102,2010-03-28
600104,2010-03-28
600108,2010-03-28
600109,2010-03-28
600111,2010-03-28
600118,2010-03-28
600123,2010-03-28
600125,2010-03-28
600132,2010-03-28
600143,2010-03-28
600150,2010-03-28
600151,2010-03-28
600153,2010-03-28
600158,2010-03-28
600161,2010-03-28
600166,2010-03-28
600169,2010-03-28
600170,2010-03-28
600176,2010-03-28
600177,2010-03-28
600183,2010-03-28
600188,2010-03-28
600196,2010-03-28
600208,2010-03-28
600210,2010-03-28
600216,2010-03-28
600219,2010-03-28
600220,2010-03-28
600221,2010-03-28
600236,2010-03-28
600239,2010-03-28
600246,2010-03-28
600251,2010-03-28
600256,2010-03-28
600266,2010-03-28
600269,2010-03-28
600270,2010-03-28
600271,2010-03-28
600276,2010-03-28
600282,2010-03-28
600307,2010-03-28
600309,2010-03-28
600312,2010-03-28
600316,2010-03-28
600320,2010-03-28
600325,2010-03-28
600331,2010-03-28
600348,2010-03-28
600350,2010-03-28
600352,2010-03-28
600362,2010-03-28
600369,2010-03-28
600376,2010-03-28
600380,2010-03-28
600383,2010-03-28
600395,2010-03-28
600415,2010-03-28
600418,2010-03-28
600426,2010-03-28
600428,2010-03-28
600432,2010-03-28
600456,2010-03-28
600489,2010-03-28
600497,2010-03-28
600500,2010-03-28
600508,2010-03-28
600516,2010-03-28
600517,2010-03-28
600518,2010-03-28
600519,2010-03-28
600528,2010-03-28
600547,2010-03-28
600549,2010-03-28
600550,2010-03-28
600569,2010-03-28
600582,2010-03-28
600583,2010-03-28
600585,2010-03-28
600588,2010-03-28
600595,2010-03-28
600596,2010-03-28
600597,2010-03-28
600598,2010-03-28
600600,2010-03-28
600601,2010-03-28
600611,2010-03-28
600631,2010-03-28
600635,2010-03-28
600638,2010-03-28
600639,2010-03-28
600642,2010-03-28
600643,2010-03-28
600648,2010-03-28
600649,2010-03-28
600655,2010-03-28
600657,2010-03-28
600660,2010-03-28
600663,2010-03-28
600664,2010-03-28
600674,2010-03-28
600675,2010-03-28
600685,2010-03-28
600688,2010-03-28
600690,2010-03-28
600694,2010-03-28
600717,2010-03-28
600718,2010-03-28
600737,2010-03-28
600739,2010-03-28
600741,2010-03-28
600748,2010-03-28
600779,2010-03-28
600782,2010-03-28
600795,2010-03-28
600804,2010-03-28
600808,2010-03-28
600809,2010-03-28
600811,2010-03-28
600812,2010-03-28
600816,2010-03-28
600820,2010-03-28
600832,2010-03-28
600835,2010-03-28
600837,2010-03-28
600839,2010-03-28
600859,2010-03-28
600874,2010-03-28
600875,2010-03-28
600879,2010-03-28
600881,2010-03-28
600886,2010-03-28
600895,2010-03-28
600900,2010-03-28
600970,2010-03-28
600997,2010-03-28
601001,2010-03-28
601006,2010-03-28
601009,2010-03-28
601088,2010-03-28
601099,2010-03-28
601107,2010-03-28
601111,2010-03-28
601166,2010-03-28
601168,2010-03-28
601169,2010-03-28
601186,2010-03-28
601318,2010-03-28
601328,2010-03-28
601333,2010-03-28
601390,2010-03-28
601398,2010-03-28
601588,2010-03-28
601600,2010-03-28
601601,2010-03-28
601618,2010-03-28
601628,2010-03-28
601666,2010-03-28
601668,2010-03-28
601699,2010-03-28
601727,2010-03-28
601766,2010-03-28
601808,2010-03-28
601857,2010-03-28
601866,2010-03-28
601872,2010-03-28
601898,2010-03-28
601899,2010-03-28
601918,2010-03-28
601919,2010-03-28
601939,2010-03-28
601958,2010-03-28
601988,2010-03-28
601991,2010-03-28
601998,2010-03-28
000001,2010-03-28
000002,2010-03-28
000009,2010-03-28
000012,2010-03-28
000021,2010-03-28
000024,2010-03-28
000027,2010-03-28
000031,2010-03-28
000039,2010-03-28
000046,2010-03-28
000059,2010-03-28
000060,2010-03-28
000061,2010-03-28
000063,2010-03-28
000069,2010-03-28
000089,2010-03-28
000100,2010-03-28
000157,2010-03-28
000301,2010-03-28
000338,2010-03-28
000401,2010-03-28
000402,2010-03-28
000422,2010-03-28
000423,2010-03-28
000425,2010-03-28
000488,2010-03-28
000527,2010-03-28
000528,2010-03-28
000538,2010-03-28
000559,2010-03-28
000562,2010-03-28
000568,2010-03-28
000612,2010-03-28
000623,2010-03-28
000625,2010-03-28
000630,2010-03-28
000631,2010-03-28
000651,2010-03-28
000652,2010-03-28
000667,2010-03-28
000680,2010-03-28
000685,2010-03-28
000686,2010-03-28
000690,2010-03-28
000709,2010-03-28
000717,2010-03-28
000718,2010-03-28
000728,2010-03-28
000729,2010-03-28
000758,2010-03-28
000768,2010-03-28
000778,2010-03-28
000780,2010-03-28
000783,2010-03-28
000792,2010-03-28
000793,2010-03-28
000800,2010-03-28
000807,2010-03-28
000822,2010-03-28
000825,2010-03-28
000839,2010-03-28
000858,2010-03-28
000876,2010-03-28
000878,2010-03-28
000895,2010-03-28
000897,2010-03-28
000898,2010-03-28
000900,2010-03-28
000917,2010-03-28
000927,2010-03-28
000932,2010-03-28
000933,2010-03-28
000937,2010-03-28
000951,2010-03-28
000959,2010-03-28
000960,2010-03-28
000968,2010-03-28
000969,2010-03-28
000983,2010-03-28
000999,2010-03-28
002001,2010-03-28
002007,2010-03-28
002024,2010-03-28
002028,2010-03-28
002122,2010-03-28
002128,2010-03-28
002142,2010-03-28
002155,2010-03-28
002202,2010-03-28
002242,2010-03-28
002244,2010-03-28
002275,2010-03-28
600000,2010-09-01
600004,2010-09-01
600005,2010-09-01
600006,2010-09-01
600008,2010-09-01
600009,2010-09-01
600010,2010-09-01
600011,2010-09-01
600015,2010-09-01
600016,2010-09-01
600017,2010-09-01
600018,2010-09-01
600019,2010-09-01
600022,2010-09-01
600026,2010-09-01
600027,2010-09-01
600028,2010-09-01
600029,2010-09-01
600030,2010-09-01
600031,2010-09-01
600033,2010-09-01
600036,2010-09-01
600037,2010-09-01
600048,2010-09-01
600050,2010-09-01
600058,2010-09-01
600062,2010-09-01
600066,2010-09-01
600068,2010-09-01
600085,2010-09-01
600087,2010-09-01
600089,2010-09-01
600096,2010-09-01
600100,2010-09-01
600102,2010-09-01
600104,2010-09-01
600108,2010-09-01
600109,2010-09-01
600111,2010-09-01
600118,2010-09-01
600123,2010-09-01
600125,2010-09-01
600132,2010-09-01
600143,2010-09-01
600150,2010-09-01
600151,2010-09-01
600153,2010-09-01
600161,2010-09-01
600166,2010-09-01
600169,2010-09-01
600170,2010-09-01
600177,2010-09-01
600183,2010-09-01
600188,2010-09-01
600196,2010-09-01
600208,2010-09-01
600210,2010-09-01
600216,2010-09-01
600219,2010-09-01
600220,2010-09-01
600221,2010-09-01
600236,2010-09-01
600239,2010-09-01
600246,2010-09-01
600251,2010-09-01
600256,2010-09-01
600266,2010-09-01
600269,2010-09-01
600271,2010-09-01
600282,2010-09-01
600300,2010-09-01
600307,2010-09-01
600309,2010-09-01
600312,2010-09-01
600316,2010-09-01
600320,2010-09-01
600325,2010-09-01
600331,2010-09-01
600348,2010-09-01
600350,2010-09-01
600352,2010-09-01
600362,2010-09-01
600369,2010-09-01
600376,2010-09-01
600380,2010-09-01
600383,2010-09-01
600395,2010-09-01
600415,2010-09-01
600418,2010-09-01
600426,2010-09-01
600428,2010-09-01
600432,2010-09-01
600456,2010-09-01
600489,2010-09-01
600497,2010-09-01
600500,2010-09-01
600508,2010-09-01
600516,2010-09-01
600517,2010-09-01
600518,2010-09-01
600519,2010-09-01
600528,2010-09-01
600547,2010-09-01
600549,2010-09-01
600550,2010-09-01
600569,2010-09-01
600583,2010-09-01
600585,2010-09-01
600588,2010-09-01
600595,2010-09-01
600596,2010-09-01
600597,2010-09-01
600598,2010-09-01
600600,2010-09-01
600601,2010-09-01
600611,2010-09-01
600631,2010-09-01
600635,2010-09-01
600642,2010-09-01
600643,2010-09-01
600649,2010-09-01
600655,2010-09-01
600657,2010-09-01
600660,2010-09-01
600663,2010-09-01
600664,2010-09-01
600674,2010-09-01
600675,2010-09-01
600688,2010-09-01
600690,2010-09-01
600694,2010-09-01
600717,2010-09-01
600718,2010-09-01
600737,2010-09-01
600739,2010-09-01
600741,2010-09-01
600748,2010-09-01
600779,2010-09-01
600795,2010-09-01
600804,2010-09-01
600808,2010-09-01
600809,2010-09-01
600811,2010-09-01
600812,2010-09-01
600820,2010-09-01
600832,2010-09-01
600835,2010-09-01
600837,2010-09-01
600839,2010-09-01
600863,2010-09-01
600875,2010-09-01
600879,2010-09-01
600881,2010-09-01
600886,2010-09-01
600895,2010-09-01
600900,2010-09-01
600970,2010-09-01
600997,2010-09-01
600999,2010-09-01
601001,2010-09-01
601003,2010-09-01
601006,2010-09-01
601009,2010-09-01
601088,2010-09-01
601099,2010-09-01
601107,2010-09-01
601111,2010-09-01
601117,2010-09-01
601139,2010-09-01
601166,2010-09-01
601168,2010-09-01
601169,2010-09-01
601179,2010-09-01
601186,2010-09-01
601288,2010-09-01
601299,2010-09-01
601318,2010-09-01
601328,2010-09-01
601333,2010-09-01
601390,2010-09-01
601398,2010-09-01
601588,2010-09-01
601600,2010-09-01
601601,2010-09-01
601607,2010-09-01
601618,2010-09-01
601628,2010-09-01
601666,2010-09-01
601668,2010-09-01
601688,2010-09-01
601699,2010-09-01
601727,2010-09-01
601766,2010-09-01
601788,2010-09-01
601801,2010-09-01
601808,2010-09-01
601857,2010-09-01
601866,2010-09-01
601872,2010-09-01
601877,2010-09-01
601888,2010-09-01
601898,2010-09-01
601899,2010-09-01
601918,2010-09-01
601919,2010-09-01
601939,2010-09-01
601958,2010-09-01
601988,2010-09-01
601989,2010-09-01
601991,2010-09-01
601998,2010-09-01
000001,2010-09-01
000002,2010-09-01
000009,2010-09-01
000012,2010-09-01
000021,2010-09-01
000024,2010-09-01
000027,2010-09-01
000031,2010-09-01
000039,2010-09-01
000046,2010-09-01
000059,2010-09-01
000060,2010-09-01
000061,2010-09-01
000063,2010-09-01
000069,2010-09-01
000089,2010-09-01
000100,2010-09-01
000157,2010-09-01
000338,2010-09-01
000401,2010-09-01
000402,2010-09-01
000422,2010-09-01
000423,2010-09-01
000425,2010-09-01
000488,2010-09-01
000527,2010-09-01
000528,2010-09-01
000538,2010-09-01
000562,2010-09-01
000568,2010-09-01
000612,2010-09-01
000623,2010-09-01
000625,2010-09-01
000630,2010-09-01
000631,2010-09-01
000651,2010-09-01
000652,2010-09-01
000667,2010-09-01
000680,2010-09-01
000685,2010-09-01
000686,2010-09-01
000690,2010-09-01
000709,2010-09-01
000717,2010-09-01
000718,2010-09-01
000725,2010-09-01
000728,2010-09-01
000729,2010-09-01
000758,2010-09-01
000768,2010-09-01
000778,2010-09-01
000780,2010-09-01
000783,2010-09-01
000792,2010-09-01
000800,2010-09-01
000807,2010-09-01
000825,2010-09-01
000839,2010-09-01
000858,2010-09-01
000876,2010-09-01
000878,2010-09-01
000895,2010-09-01
000897,2010-09-01
000898,2010-09-01
000900,2010-09-01
000927,2010-09-01
000932,2010-09-01
000933,2010-09-01
000937,2010-09-01
000951,2010-09-01
000959,2010-09-01
000960,2010-09-01
000961,2010-09-01
000968,2010-09-01
000969,2010-09-01
000983,2010-09-01
000999,2010-09-01
002001,2010-09-01
002007,2010-09-01
002024,2010-09-01
002028,2010-09-01
002122,2010-09-01
002128,2010-09-01
002142,2010-09-01
002155,2010-09-01
002202,2010-09-01
002242,2010-09-01
002244,2010-09-01
002304,2010-09-01
600000,2010-09-02
600004,2010-09-02
600005,2010-09-02
600006,2010-09-02
600008,2010-09-02
600009,2010-09-02
600010,2010-09-02
600011,2010-09-02
600015,2010-09-02
600016,2010-09-02
600017,2010-09-02
600018,2010-09-02
600019,2010-09-02
600022,2010-09-02
600026,2010-09-02
600027,2010-09-02
600028,2010-09-02
600029,2010-09-02
600030,2010-09-02
600031,2010-09-02
600033,2010-09-02
600036,2010-09-02
600037,2010-09-02
600048,2010-09-02
600050,2010-09-02
600058,2010-09-02
600062,2010-09-02
600066,2010-09-02
600068,2010-09-02
600085,2010-09-02
600087,2010-09-02
600089,2010-09-02
600096,2010-09-02
600100,2010-09-02
600102,2010-09-02
600104,2010-09-02
600108,2010-09-02
600109,2010-09-02
600111,2010-09-02
600118,2010-09-02
600123,2010-09-02
600125,2010-09-02
600132,2010-09-02
600143,2010-09-02
600150,2010-09-02
600151,2010-09-02
600153,2010-09-02
600161,2010-09-02
600166,2010-09-02
600169,2010-09-02
600170,2010-09-02
600177,2010-09-02
600183,2010-09-02
600188,2010-09-02
600196,2010-09-02
600208,2010-09-02
600210,2010-09-02
600216,2010-09-02
600219,2010-09-02
600220,2010-09-02
600221,2010-09-02
600236,2010-09-02
600239,2010-09-02
600246,2010-09-02
600251,2010-09-02
600256,2010-09-02
600266,2010-09-02
600269,2010-09-02
600271,2010-09-02
600282,2010-09-02
600300,2010-09-02
600307,2010-09-02
600309,2010-09-02
600312,2010-09-02
600316,2010-09-02
600320,2010-09-02
600325,2010-09-02
600331,2010-09-02
600348,2010-09-02
600350,2010-09-02
600352,2010-09-02
600362,2010-09-02
600369,2010-09-02
600376,2010-09-02
600380,2010-09-02
600383,2010-09-02
600395,2010-09-02
600415,2010-09-02
600418,2010-09-02
600426,2010-09-02
600428,2010-09-02
600432,2010-09-02
600456,2010-09-02
600489,2010-09-02
600497,2010-09-02
600500,2010-09-02
600508,2010-09-02
600516,2010-09-02
600517,2010-09-02
600518,2010-09-02
600519,2010-09-02
600528,2010-09-02
600547,2010-09-02
600549,2010-09-02
600550,2010-09-02
600569,2010-09-02
600583,2010-09-02
600585,2010-09-02
600588,2010-09-02
600595,2010-09-02
600596,2010-09-02
600597,2010-09-02
600598,2010-09-02
600600,2010-09-02
600601,2010-09-02
600611,2010-09-02
600631,2010-09-02
600635,2010-09-02
600642,2010-09-02
600643,2010-09-02
600649,2010-09-02
600655,2010-09-02
600657,2010-09-02
600660,2010-09-02
600663,2010-09-02
600664,2010-09-02
600674,2010-09-02
600675,2010-09-02
600688,2010-09-02
600690,2010-09-02
600694,2010-09-02
600717,2010-09-02
600718,2010-09-02
600737,2010-09-02
600739,2010-09-02
600741,2010-09-02
600748,2010-09-02
600779,2010-09-02
600795,2010-09-02
600804,2010-09-02
600808,2010-09-02
600809,2010-09-02
600811,2010-09-02
600812,2010-09-02
600820,2010-09-02
600832,2010-09-02
600835,2010-09-02
600837,2010-09-02
600839,2010-09-02
600863,2010-09-02
600875,2010-09-02
600879,2010-09-02
600881,2010-09-02
600886,2010-09-02
600895,2010-09-02
600900,2010-09-02
600970,2010-09-02
600997,2010-09-02
600999,2010-09-02
601001,2010-09-02
601003,2010-09-02
601006,2010-09-02
601009,2010-09-02
601088,2010-09-02
601099,2010-09-02
601107,2010-09-02
601111,2010-09-02
601117,2010-09-02
601139,2010-09-02
601166,2010-09-02
601168,2010-09-02
601169,2010-09-02
601179,2010-09-02
601186,2010-09-02
601288,2010-09-02
601299,2010-09-02
601318,2010-09-02
601328,2010-09-02
601333,2010-09-02
601390,2010-09-02
601398,2010-09-02
601588,2010-09-02
601600,2010-09-02
601601,2010-09-02
601607,2010-09-02
601618,2010-09-02
601628,2010-09-02
601666,2010-09-02
601668,2010-09-02
601688,2010-09-02
601699,2010-09-02
601727,2010-09-02
601766,2010-09-02
601788,2010-09-02
601801,2010-09-02
601808,2010-09-02
601857,2010-09-02
601866,2010-09-02
601872,2010-09-02
601877,2010-09-02
601888,2010-09-02
601898,2010-09-02
601899,2010-09-02
601918,2010-09-02
601919,2010-09-02
601939,2010-09-02
601958,2010-09-02
601988,2010-09-02
601989,2010-09-02
601991,2010-09-02
601998,2010-09-02
000001,2010-09-02
000002,2010-09-02
000009,2010-09-02
000012,2010-09-02
000021,2010-09-02
000024,2010-09-02
000027,2010-09-02
000031,2010-09-02
000039,2010-09-02
000046,2010-09-02
000059,2010-09-02
000060,2010-09-02
000061,2010-09-02
000063,2010-09-02
000069,2010-09-02
000089,2010-09-02
000100,2010-09-02
000157,2010-09-02
000338,2010-09-02
000401,2010-09-02
000402,2010-09-02
000422,2010-09-02
000423,2010-09-02
000425,2010-09-02
000488,2010-09-02
000527,2010-09-02
000528,2010-09-02
000538,2010-09-02
000562,2010-09-02
000568,2010-09-02
000612,2010-09-02
000623,2010-09-02
000625,2010-09-02
000630,2010-09-02
000631,2010-09-02
000651,2010-09-02
000652,2010-09-02
000667,2010-09-02
000680,2010-09-02
000685,2010-09-02
000686,2010-09-02
000690,2010-09-02
000709,2010-09-02
000717,2010-09-02
000718,2010-09-02
000725,2010-09-02
000728,2010-09-02
000729,2010-09-02
000758,2010-09-02
000768,2010-09-02
000778,2010-09-02
000780,2010-09-02
000783,2010-09-02
000792,2010-09-02
000800,2010-09-02
000807,2010-09-02
000825,2010-09-02
000839,2010-09-02
000858,2010-09-02
000876,2010-09-02
000878,2010-09-02
000895,2010-09-02
000897,2010-09-02
000898,2010-09-02
000900,2010-09-02
000927,2010-09-02
000932,2010-09-02
000933,2010-09-02
000937,2010-09-02
000951,2010-09-02
000959,2010-09-02
000960,2010-09-02
000961,2010-09-02
000968,2010-09-02
000969,2010-09-02
000983,2010-09-02
000999,2010-09-02
002001,2010-09-02
002007,2010-09-02
002024,2010-09-02
002028,2010-09-02
002122,2010-09-02
002128,2010-09-02
002142,2010-09-02
002155,2010-09-02
002202,2010-09-02
002242,2010-09-02
002244,2010-09-02
002304,2010-09-02
600000,2010-09-03
600004,2010-09-03
600005,2010-09-03
600006,2010-09-03
600008,2010-09-03
600009,2010-09-03
600010,2010-09-03
600011,2010-09-03
600015,2010-09-03
600016,2010-09-03
600017,2010-09-03
600018,2010-09-03
600019,2010-09-03
600022,2010-09-03
600026,2010-09-03
600027,2010-09-03
600028,2010-09-03
600029,2010-09-03
600030,2010-09-03
600031,2010-09-03
600033,2010-09-03
600036,2010-09-03
600037,2010-09-03
600048,2010-09-03
600050,2010-09-03
600058,2010-09-03
600062,2010-09-03
600066,2010-09-03
600068,2010-09-03
600085,2010-09-03
600087,2010-09-03
600089,2010-09-03
600096,2010-09-03
600100,2010-09-03
600102,2010-09-03
600104,2010-09-03
600108,2010-09-03
600109,2010-09-03
600111,2010-09-03
600118,2010-09-03
600123,2010-09-03
600125,2010-09-03
600132,2010-09-03
600143,2010-09-03
600150,2010-09-03
600151,2010-09-03
600153,2010-09-03
600161,2010-09-03
600166,2010-09-03
600169,2010-09-03
600170,2010-09-03
600177,2010-09-03
600183,2010-09-03
600188,2010-09-03
600196,2010-09-03
600208,2010-09-03
600210,2010-09-03
600216,2010-09-03
600219,2010-09-03
600220,2010-09-03
600221,2010-09-03
600236,2010-09-03
600239,2010-09-03
600246,2010-09-03
600251,2010-09-03
600256,2010-09-03
600266,2010-09-03
600269,2010-09-03
600271,2010-09-03
600282,2010-09-03
600300,2010-09-03
600307,2010-09-03
600309,2010-09-03
600312,2010-09-03
600316,2010-09-03
600320,2010-09-03
600325,2010-09-03
600331,2010-09-03
600348,2010-09-03
600350,2010-09-03
600352,2010-09-03
600362,2010-09-03
600369,2010-09-03
600376,2010-09-03
600380,2010-09-03
600383,2010-09-03
600395,2010-09-03
600415,2010-09-03
600418,2010-09-03
600426,2010-09-03
600428,2010-09-03
600432,2010-09-03
600456,2010-09-03
600489,2010-09-03
600497,2010-09-03
600500,2010-09-03
600508,2010-09-03
600516,2010-09-03
600517,2010-09-03
600518,2010-09-03
600519,2010-09-03
600528,2010-09-03
600547,2010-09-03
600549,2010-09-03
600550,2010-09-03
600569,2010-09-03
600583,2010-09-03
600585,2010-09-03
600588,2010-09-03
600595,2010-09-03
600596,2010-09-03
600597,2010-09-03
600598,2010-09-03
600600,2010-09-03
600601,2010-09-03
600611,2010-09-03
600631,2010-09-03
600635,2010-09-03
600642,2010-09-03
600643,2010-09-03
600649,2010-09-03
600655,2010-09-03
600657,2010-09-03
600660,2010-09-03
600663,2010-09-03
600664,2010-09-03
600674,2010-09-03
600675,2010-09-03
600688,2010-09-03
600690,2010-09-03
600694,2010-09-03
600717,2010-09-03
600718,2010-09-03
600737,2010-09-03
600739,2010-09-03
600741,2010-09-03
600748,2010-09-03
600779,2010-09-03
600795,2010-09-03
600804,2010-09-03
600808,2010-09-03
600809,2010-09-03
600811,2010-09-03
600812,2010-09-03
600820,2010-09-03
600832,2010-09-03
600835,2010-09-03
600837,2010-09-03
600839,2010-09-03
600863,2010-09-03
600875,2010-09-03
600879,2010-09-03
600881,2010-09-03
600886,2010-09-03
600895,2010-09-03
600900,2010-09-03
600970,2010-09-03
600997,2010-09-03
600999,2010-09-03
601001,2010-09-03
601003,2010-09-03
601006,2010-09-03
601009,2010-09-03
601088,2010-09-03
601099,2010-09-03
601107,2010-09-03
601111,2010-09-03
601117,2010-09-03
601139,2010-09-03
601166,2010-09-03
601168,2010-09-03
601169,2010-09-03
601179,2010-09-03
601186,2010-09-03
601288,2010-09-03
601299,2010-09-03
601318,2010-09-03
601328,2010-09-03
601333,2010-09-03
601390,2010-09-03
601398,2010-09-03
601588,2010-09-03
601600,2010-09-03
601601,2010-09-03
601607,2010-09-03
601618,2010-09-03
601628,2010-09-03
601666,2010-09-03
601668,2010-09-03
601688,2010-09-03
601699,2010-09-03
601727,2010-09-03
601766,2010-09-03
601788,2010-09-03
601801,2010-09-03
601808,2010-09-03
601857,2010-09-03
601866,2010-09-03
601872,2010-09-03
601877,2010-09-03
601888,2010-09-03
601898,2010-09-03
601899,2010-09-03
601918,2010-09-03
601919,2010-09-03
601939,2010-09-03
601958,2010-09-03
601988,2010-09-03
601989,2010-09-03
601991,2010-09-03
601998,2010-09-03
000001,2010-09-03
000002,2010-09-03
000009,2010-09-03
000012,2010-09-03
000021,2010-09-03
000024,2010-09-03
000027,2010-09-03
000031,2010-09-03
000039,2010-09-03
000046,2010-09-03
000059,2010-09-03
000060,2010-09-03
000061,2010-09-03
000063,2010-09-03
000069,2010-09-03
000089,2010-09-03
000100,2010-09-03
000157,2010-09-03
000338,2010-09-03
000401,2010-09-03
000402,2010-09-03
000422,2010-09-03
000423,2010-09-03
000425,2010-09-03
000488,2010-09-03
000527,2010-09-03
000528,2010-09-03
000538,2010-09-03
000562,2010-09-03
000568,2010-09-03
000612,2010-09-03
000623,2010-09-03
000625,2010-09-03
000630,2010-09-03
000631,2010-09-03
000651,2010-09-03
000652,2010-09-03
000667,2010-09-03
000680,2010-09-03
000685,2010-09-03
000686,2010-09-03
000690,2010-09-03
000709,2010-09-03
000717,2010-09-03
000718,2010-09-03
000725,2010-09-03
000728,2010-09-03
000729,2010-09-03
000758,2010-09-03
000768,2010-09-03
000778,2010-09-03
000780,2010-09-03
000783,2010-09-03
000792,2010-09-03
000800,2010-09-03
000807,2010-09-03
000825,2010-09-03
000839,2010-09-03
000858,2010-09-03
000876,2010-09-03
000878,2010-09-03
000895,2010-09-03
000897,2010-09-03
000898,2010-09-03
000900,2010-09-03
000927,2010-09-03
000932,2010-09-03
000933,2010-09-03
000937,2010-09-03
000951,2010-09-03
000959,2010-09-03
000960,2010-09-03
000961,2010-09-03
000968,2010-09-03
000969,2010-09-03
000983,2010-09-03
000999,2010-09-03
002001,2010-09-03
002007,2010-09-03
002024,2010-09-03
002028,2010-09-03
002122,2010-09-03
002128,2010-09-03
002142,2010-09-03
002155,2010-09-03
002202,2010-09-03
002242,2010-09-03
002244,2010-09-03
002304,2010-09-03
600000,2010-09-28
600004,2010-09-28
600005,2010-09-28
600006,2010-09-28
600008,2010-09-28
600009,2010-09-28
600010,2010-09-28
600011,2010-09-28
600015,2010-09-28
600016,2010-09-28
600017,2010-09-28
600018,2010-09-28
600019,2010-09-28
600022,2010-09-28
600026,2010-09-28
600027,2010-09-28
600028,2010-09-28
600029,2010-09-28
600030,2010-09-28
600031,2010-09-28
600033,2010-09-28
600036,2010-09-28
600037,2010-09-28
600048,2010-09-28
600050,2010-09-28
600058,2010-09-28
600062,2010-09-28
600066,2010-09-28
600068,2010-09-28
600085,2010-09-28
600087,2010-09-28
600089,2010-09-28
600096,2010-09-28
600100,2010-09-28
600102,2010-09-28
600104,2010-09-28
600108,2010-09-28
600109,2010-09-28
600111,2010-09-28
600118,2010-09-28
600123,2010-09-28
600125,2010-09-28
600132,2010-09-28
600143,2010-09-28
600150,2010-09-28
600151,2010-09-28
600153,2010-09-28
600161,2010-09-28
600166,2010-09-28
600169,2010-09-28
600170,2010-09-28
600177,2010-09-28
600183,2010-09-28
600188,2010-09-28
600196,2010-09-28
600208,2010-09-28
600210,2010-09-28
600216,2010-09-28
600219,2010-09-28
600220,2010-09-28
600221,2010-09-28
600236,2010-09-28
600239,2010-09-28
600246,2010-09-28
600251,2010-09-28
600256,2010-09-28
600266,2010-09-28
600269,2010-09-28
600271,2010-09-28
600282,2010-09-28
600300,2010-09-28
600307,2010-09-28
600309,2010-09-28
600312,2010-09-28
600316,2010-09-28
600320,2010-09-28
600325,2010-09-28
600331,2010-09-28
600348,2010-09-28
600350,2010-09-28
600352,2010-09-28
600362,2010-09-28
600369,2010-09-28
600376,2010-09-28
600380,2010-09-28
600383,2010-09-28
600395,2010-09-28
600415,2010-09-28
600418,2010-09-28
600426,2010-09-28
600428,2010-09-28
600432,2010-09-28
600456,2010-09-28
600489,2010-09-28
600497,2010-09-28
600500,2010-09-28
600508,2010-09-28
600516,2010-09-28
600517,2010-09-28
600518,2010-09-28
600519,2010-09-28
600528,2010-09-28
600547,2010-09-28
600549,2010-09-28
600550,2010-09-28
600569,2010-09-28
600583,2010-09-28
600585,2010-09-28
600588,2010-09-28
600595,2010-09-28
600596,2010-09-28
600597,2010-09-28
600598,2010-09-28
600600,2010-09-28
600601,2010-09-28
600611,2010-09-28
600631,2010-09-28
600635,2010-09-28
600642,2010-09-28
600643,2010-09-28
600649,2010-09-28
600655,2010-09-28
600657,2010-09-28
600660,2010-09-28
600663,2010-09-28
600664,2010-09-28
600674,2010-09-28
600675,2010-09-28
600688,2010-09-28
600690,2010-09-28
600694,2010-09-28
600717,2010-09-28
600718,2010-09-28
600737,2010-09-28
600739,2010-09-28
600741,2010-09-28
600748,2010-09-28
600779,2010-09-28
600795,2010-09-28
600804,2010-09-28
600808,2010-09-28
600809,2010-09-28
600811,2010-09-28
600812,2010-09-28
600820,2010-09-28
600832,2010-09-28
600835,2010-09-28
600837,2010-09-28
600839,2010-09-28
600863,2010-09-28
600875,2010-09-28
600879,2010-09-28
600881,2010-09-28
600886,2010-09-28
600895,2010-09-28
600900,2010-09-28
600970,2010-09-28
600997,2010-09-28
600999,2010-09-28
601001,2010-09-28
601003,2010-09-28
601006,2010-09-28
601009,2010-09-28
601088,2010-09-28
601099,2010-09-28
601107,2010-09-28
601111,2010-09-28
601117,2010-09-28
601139,2010-09-28
601166,2010-09-28
601168,2010-09-28
601169,2010-09-28
601179,2010-09-28
601186,2010-09-28
601288,2010-09-28
601299,2010-09-28
601318,2010-09-28
601328,2010-09-28
601333,2010-09-28
601390,2010-09-28
601398,2010-09-28
601588,2010-09-28
601600,2010-09-28
601601,2010-09-28
601607,2010-09-28
601618,2010-09-28
601628,2010-09-28
601666,2010-09-28
601668,2010-09-28
601688,2010-09-28
601699,2010-09-28
601727,2010-09-28
601766,2010-09-28
601788,2010-09-28
601801,2010-09-28
601808,2010-09-28
601857,2010-09-28
601866,2010-09-28
601872,2010-09-28
601877,2010-09-28
601888,2010-09-28
601898,2010-09-28
601899,2010-09-28
601918,2010-09-28
601919,2010-09-28
601939,2010-09-28
601958,2010-09-28
601988,2010-09-28
601989,2010-09-28
601991,2010-09-28
601998,2010-09-28
000001,2010-09-28
000002,2010-09-28
000009,2010-09-28
000012,2010-09-28
000021,2010-09-28
000024,2010-09-28
000027,2010-09-28
000031,2010-09-28
000039,2010-09-28
000046,2010-09-28
000059,2010-09-28
000060,2010-09-28
000061,2010-09-28
000063,2010-09-28
000069,2010-09-28
000089,2010-09-28
000100,2010-09-28
000157,2010-09-28
000338,2010-09-28
000401,2010-09-28
000402,2010-09-28
000422,2010-09-28
000423,2010-09-28
000425,2010-09-28
000488,2010-09-28
000527,2010-09-28
000528,2010-09-28
000538,2010-09-28
000562,2010-09-28
000568,2010-09-28
000612,2010-09-28
000623,2010-09-28
000625,2010-09-28
000630,2010-09-28
000631,2010-09-28
000651,2010-09-28
000652,2010-09-28
000667,2010-09-28
000680,2010-09-28
000685,2010-09-28
000686,2010-09-28
000690,2010-09-28
000709,2010-09-28
000717,2010-09-28
000718,2010-09-28
000725,2010-09-28
000728,2010-09-28
000729,2010-09-28
000758,2010-09-28
000768,2010-09-28
000778,2010-09-28
000780,2010-09-28
000783,2010-09-28
000792,2010-09-28
000800,2010-09-28
000807,2010-09-28
000825,2010-09-28
000839,2010-09-28
000858,2010-09-28
000876,2010-09-28
000878,2010-09-28
000895,2010-09-28
000897,2010-09-28
000898,2010-09-28
000900,2010-09-28
000927,2010-09-28
000932,2010-09-28
000933,2010-09-28
000937,2010-09-28
000951,2010-09-28
000959,2010-09-28
000960,2010-09-28
000961,2010-09-28
000968,2010-09-28
000969,2010-09-28
000983,2010-09-28
000999,2010-09-28
002001,2010-09-28
002007,2010-09-28
002024,2010-09-28
002028,2010-09-28
002122,2010-09-28
002128,2010-09-28
002142,2010-09-28
002155,2010-09-28
002202,2010-09-28
002242,2010-09-28
002244,2010-09-28
002304,2010-09-28
600000,2011-03-01
600004,2011-03-01
600005,2011-03-01
600006,2011-03-01
600008,2011-03-01
600009,2011-03-01
600010,2011-03-01
600015,2011-03-01
600016,2011-03-01
600017,2011-03-01
600018,2011-03-01
600019,2011-03-01
600026,2011-03-01
600028,2011-03-01
600029,2011-03-01
600030,2011-03-01
600031,2011-03-01
600033,2011-03-01
600036,2011-03-01
600037,2011-03-01
600048,2011-03-01
600050,2011-03-01
600058,2011-03-01
600062,2011-03-01
600066,2011-03-01
600068,2011-03-01
600085,2011-03-01
600087,2011-03-01
600089,2011-03-01
600096,2011-03-01
600100,2011-03-01
600104,2011-03-01
600108,2011-03-01
600109,2011-03-01
600111,2011-03-01
600115,2011-03-01
600118,2011-03-01
600123,2011-03-01
600125,2011-03-01
600132,2011-03-01
600143,2011-03-01
600150,2011-03-01
600151,2011-03-01
600153,2011-03-01
600161,2011-03-01
600166,2011-03-01
600169,2011-03-01
600170,2011-03-01
600177,2011-03-01
600183,2011-03-01
600188,2011-03-01
600196,2011-03-01
600208,2011-03-01
600210,2011-03-01
600216,2011-03-01
600219,2011-03-01
600220,2011-03-01
600221,2011-03-01
600239,2011-03-01
600256,2011-03-01
600266,2011-03-01
600269,2011-03-01
600271,2011-03-01
600276,2011-03-01
600300,2011-03-01
600307,2011-03-01
600309,2011-03-01
600312,2011-03-01
600316,2011-03-01
600320,2011-03-01
600325,2011-03-01
600331,2011-03-01
600348,2011-03-01
600350,2011-03-01
600352,2011-03-01
600362,2011-03-01
600369,2011-03-01
600376,2011-03-01
600380,2011-03-01
600383,2011-03-01
600395,2011-03-01
600406,2011-03-01
600415,2011-03-01
600418,2011-03-01
600428,2011-03-01
600432,2011-03-01
600456,2011-03-01
600481,2011-03-01
600489,2011-03-01
600497,2011-03-01
600500,2011-03-01
600508,2011-03-01
600516,2011-03-01
600517,2011-03-01
600518,2011-03-01
600519,2011-03-01
600528,2011-03-01
600535,2011-03-01
600546,2011-03-01
600547,2011-03-01
600549,2011-03-01
600550,2011-03-01
600582,2011-03-01
600583,2011-03-01
600585,2011-03-01
600588,2011-03-01
600595,2011-03-01
600596,2011-03-01
600597,2011-03-01
600598,2011-03-01
600600,2011-03-01
600601,2011-03-01
600611,2011-03-01
600631,2011-03-01
600635,2011-03-01
600642,2011-03-01
600649,2011-03-01
600655,2011-03-01
600657,2011-03-01
600660,2011-03-01
600663,2011-03-01
600664,2011-03-01
600674,2011-03-01
600675,2011-03-01
600690,2011-03-01
600694,2011-03-01
600703,2011-03-01
600717,2011-03-01
600718,2011-03-01
600737,2011-03-01
600739,2011-03-01
600741,2011-03-01
600748,2011-03-01
600779,2011-03-01
600795,2011-03-01
600804,2011-03-01
600808,2011-03-01
600809,2011-03-01
600811,2011-03-01
600812,2011-03-01
600823,2011-03-01
600832,2011-03-01
600837,2011-03-01
600839,2011-03-01
600863,2011-03-01
600875,2011-03-01
600879,2011-03-01
600881,2011-03-01
600887,2011-03-01
600893,2011-03-01
600895,2011-03-01
600900,2011-03-01
600970,2011-03-01
600997,2011-03-01
600999,2011-03-01
601001,2011-03-01
601006,2011-03-01
601009,2011-03-01
601088,2011-03-01
601099,2011-03-01
601101,2011-03-01
601106,2011-03-01
601107,2011-03-01
601111,2011-03-01
601117,2011-03-01
601139,2011-03-01
601158,2011-03-01
601166,2011-03-01
601168,2011-03-01
601169,2011-03-01
601179,2011-03-01
601186,2011-03-01
601268,2011-03-01
601288,2011-03-01
601299,2011-03-01
601318,2011-03-01
601328,2011-03-01
601333,2011-03-01
601369,2011-03-01
601390,2011-03-01
601398,2011-03-01
601600,2011-03-01
601601,2011-03-01
601607,2011-03-01
601618,2011-03-01
601628,2011-03-01
601666,2011-03-01
601668,2011-03-01
601688,2011-03-01
601699,2011-03-01
601727,2011-03-01
601766,2011-03-01
601788,2011-03-01
601808,2011-03-01
601818,2011-03-01
601857,2011-03-01
601866,2011-03-01
601877,2011-03-01
601888,2011-03-01
601898,2011-03-01
601899,2011-03-01
601918,2011-03-01
601919,2011-03-01
601939,2011-03-01
601958,2011-03-01
601988,2011-03-01
601989,2011-03-01
601998,2011-03-01
000001,2011-03-01
000002,2011-03-01
000009,2011-03-01
000012,2011-03-01
000021,2011-03-01
000024,2011-03-01
000027,2011-03-01
000031,2011-03-01
000039,2011-03-01
000046,2011-03-01
000059,2011-03-01
000060,2011-03-01
000061,2011-03-01
000063,2011-03-01
000069,2011-03-01
000100,2011-03-01
000157,2011-03-01
000338,2011-03-01
000401,2011-03-01
000402,2011-03-01
000422,2011-03-01
000423,2011-03-01
000425,2011-03-01
000527,2011-03-01
000528,2011-03-01
000538,2011-03-01
000562,2011-03-01
000568,2011-03-01
000612,2011-03-01
000623,2011-03-01
000625,2011-03-01
000630,2011-03-01
000651,2011-03-01
000652,2011-03-01
000667,2011-03-01
000680,2011-03-01
000685,2011-03-01
000686,2011-03-01
000690,2011-03-01
000709,2011-03-01
000718,2011-03-01
000725,2011-03-01
000728,2011-03-01
000729,2011-03-01
000758,2011-03-01
000768,2011-03-01
000776,2011-03-01
000778,2011-03-01
000780,2011-03-01
000783,2011-03-01
000792,2011-03-01
000800,2011-03-01
000807,2011-03-01
000825,2011-03-01
000839,2011-03-01
000858,2011-03-01
000876,2011-03-01
000878,2011-03-01
000895,2011-03-01
000898,2011-03-01
000900,2011-03-01
000927,2011-03-01
000933,2011-03-01
000937,2011-03-01
000951,2011-03-01
000959,2011-03-01
000960,2011-03-01
000961,2011-03-01
000968,2011-03-01
000969,2011-03-01
000983,2011-03-01
000999,2011-03-01
002001,2011-03-01
002007,2011-03-01
002024,2011-03-01
002028,2011-03-01
002092,2011-03-01
002122,2011-03-01
002128,2011-03-01
002142,2011-03-01
002146,2011-03-01
002155,2011-03-01
002202,2011-03-01
002242,2011-03-01
002244,2011-03-01
002294,2011-03-01
002304,2011-03-01
002385,2011-03-01
002399,2011-03-01
002405,2011-03-01
002415,2011-03-01
002422,2011-03-01
600000,2011-03-02
600004,2011-03-02
600005,2011-03-02
600006,2011-03-02
600008,2011-03-02
600009,2011-03-02
600010,2011-03-02
600015,2011-03-02
600016,2011-03-02
600017,2011-03-02
600018,2011-03-02
600019,2011-03-02
600026,2011-03-02
600028,2011-03-02
600029,2011-03-02
600030,2011-03-02
600031,2011-03-02
600033,2011-03-02
600036,2011-03-02
600037,2011-03-02
600048,2011-03-02
600050,2011-03-02
600058,2011-03-02
600062,2011-03-02
600066,2011-03-02
600068,2011-03-02
600085,2011-03-02
600087,2011-03-02
600089,2011-03-02
600096,2011-03-02
600100,2011-03-02
600104,2011-03-02
600108,2011-03-02
600109,2011-03-02
600111,2011-03-02
600115,2011-03-02
600118,2011-03-02
600123,2011-03-02
600125,2011-03-02
600132,2011-03-02
600143,2011-03-02
600150,2011-03-02
600151,2011-03-02
600153,2011-03-02
600161,2011-03-02
600166,2011-03-02
600169,2011-03-02
600170,2011-03-02
600177,2011-03-02
600183,2011-03-02
600188,2011-03-02
600196,2011-03-02
600208,2011-03-02
600210,2011-03-02
600216,2011-03-02
600219,2011-03-02
600220,2011-03-02
600221,2011-03-02
600239,2011-03-02
600256,2011-03-02
600266,2011-03-02
600269,2011-03-02
600271,2011-03-02
600276,2011-03-02
600300,2011-03-02
600307,2011-03-02
600309,2011-03-02
600312,2011-03-02
600316,2011-03-02
600320,2011-03-02
600325,2011-03-02
600331,2011-03-02
600348,2011-03-02
600350,2011-03-02
600352,2011-03-02
600362,2011-03-02
600369,2011-03-02
600376,2011-03-02
600380,2011-03-02
600383,2011-03-02
600395,2011-03-02
600406,2011-03-02
600415,2011-03-02
600418,2011-03-02
600428,2011-03-02
600432,2011-03-02
600456,2011-03-02
600481,2011-03-02
600489,2011-03-02
600497,2011-03-02
600500,2011-03-02
600508,2011-03-02
600516,2011-03-02
600517,2011-03-02
600518,2011-03-02
600519,2011-03-02
600528,2011-03-02
600535,2011-03-02
600546,2011-03-02
600547,2011-03-02
600549,2011-03-02
600550,2011-03-02
600582,2011-03-02
600583,2011-03-02
600585,2011-03-02
600588,2011-03-02
600595,2011-03-02
600596,2011-03-02
600597,2011-03-02
600598,2011-03-02
600600,2011-03-02
600601,2011-03-02
600611,2011-03-02
600631,2011-03-02
600635,2011-03-02
600642,2011-03-02
600649,2011-03-02
600655,2011-03-02
600657,2011-03-02
600660,2011-03-02
600663,2011-03-02
600664,2011-03-02
600674,2011-03-02
600675,2011-03-02
600690,2011-03-02
600694,2011-03-02
600703,2011-03-02
600717,2011-03-02
600718,2011-03-02
600737,2011-03-02
600739,2011-03-02
600741,2011-03-02
600748,2011-03-02
600779,2011-03-02
600795,2011-03-02
600804,2011-03-02
600808,2011-03-02
600809,2011-03-02
600811,2011-03-02
600812,2011-03-02
600823,2011-03-02
600832,2011-03-02
600837,2011-03-02
600839,2011-03-02
600863,2011-03-02
600875,2011-03-02
600879,2011-03-02
600881,2011-03-02
600887,2011-03-02
600893,2011-03-02
600895,2011-03-02
600900,2011-03-02
600970,2011-03-02
600997,2011-03-02
600999,2011-03-02
601001,2011-03-02
601006,2011-03-02
601009,2011-03-02
601088,2011-03-02
601099,2011-03-02
601101,2011-03-02
601106,2011-03-02
601107,2011-03-02
601111,2011-03-02
601117,2011-03-02
601139,2011-03-02
601158,2011-03-02
601166,2011-03-02
601168,2011-03-02
601169,2011-03-02
601179,2011-03-02
601186,2011-03-02
601268,2011-03-02
601288,2011-03-02
601299,2011-03-02
601318,2011-03-02
601328,2011-03-02
601333,2011-03-02
601369,2011-03-02
601390,2011-03-02
601398,2011-03-02
601600,2011-03-02
601601,2011-03-02
601607,2011-03-02
601618,2011-03-02
601628,2011-03-02
601666,2011-03-02
601668,2011-03-02
601688,2011-03-02
601699,2011-03-02
601727,2011-03-02
601766,2011-03-02
601788,2011-03-02
601808,2011-03-02
601818,2011-03-02
601857,2011-03-02
601866,2011-03-02
601877,2011-03-02
601888,2011-03-02
601898,2011-03-02
601899,2011-03-02
601918,2011-03-02
601919,2011-03-02
601939,2011-03-02
601958,2011-03-02
601988,2011-03-02
601989,2011-03-02
601998,2011-03-02
000001,2011-03-02
000002,2011-03-02
000009,2011-03-02
000012,2011-03-02
000021,2011-03-02
000024,2011-03-02
000027,2011-03-02
000031,2011-03-02
000039,2011-03-02
000046,2011-03-02
000059,2011-03-02
000060,2011-03-02
000061,2011-03-02
000063,2011-03-02
000069,2011-03-02
000100,2011-03-02
000157,2011-03-02
000338,2011-03-02
000401,2011-03-02
000402,2011-03-02
000422,2011-03-02
000423,2011-03-02
000425,2011-03-02
000527,2011-03-02
000528,2011-03-02
000538,2011-03-02
000562,2011-03-02
000568,2011-03-02
000612,2011-03-02
000623,2011-03-02
000625,2011-03-02
000630,2011-03-02
000651,2011-03-02
000652,2011-03-02
000667,2011-03-02
000680,2011-03-02
000685,2011-03-02
000686,2011-03-02
000690,2011-03-02
000709,2011-03-02
000718,2011-03-02
000725,2011-03-02
000728,2011-03-02
000729,2011-03-02
000758,2011-03-02
000768,2011-03-02
000776,2011-03-02
000778,2011-03-02
000780,2011-03-02
000783,2011-03-02
000792,2011-03-02
000800,2011-03-02
000807,2011-03-02
000825,2011-03-02
000839,2011-03-02
000858,2011-03-02
000876,2011-03-02
000878,2011-03-02
000895,2011-03-02
000898,2011-03-02
000900,2011-03-02
000927,2011-03-02
000933,2011-03-02
000937,2011-03-02
000951,2011-03-02
000959,2011-03-02
000960,2011-03-02
000961,2011-03-02
000968,2011-03-02
000969,2011-03-02
000983,2011-03-02
000999,2011-03-02
002001,2011-03-02
002007,2011-03-02
002024,2011-03-02
002028,2011-03-02
002092,2011-03-02
002122,2011-03-02
002128,2011-03-02
002142,2011-03-02
002146,2011-03-02
002155,2011-03-02
002202,2011-03-02
002242,2011-03-02
002244,2011-03-02
002294,2011-03-02
002304,2011-03-02
002385,2011-03-02
002399,2011-03-02
002405,2011-03-02
002415,2011-03-02
002422,2011-03-02
600000,2011-03-03
600004,2011-03-03
600005,2011-03-03
600006,2011-03-03
600008,2011-03-03
600009,2011-03-03
600010,2011-03-03
600015,2011-03-03
600016,2011-03-03
600017,2011-03-03
600018,2011-03-03
600019,2011-03-03
600026,2011-03-03
600028,2011-03-03
600029,2011-03-03
600030,2011-03-03
600031,2011-03-03
600033,2011-03-03
600036,2011-03-03
600037,2011-03-03
600048,2011-03-03
600050,2011-03-03
600058,2011-03-03
600062,2011-03-03
600066,2011-03-03
600068,2011-03-03
600085,2011-03-03
600087,2011-03-03
600089,2011-03-03
600096,2011-03-03
600100,2011-03-03
600104,2011-03-03
600108,2011-03-03
600109,2011-03-03
600111,2011-03-03
600115,2011-03-03
600118,2011-03-03
600123,2011-03-03
600125,2011-03-03
600132,2011-03-03
600143,2011-03-03
600150,2011-03-03
600151,2011-03-03
600153,2011-03-03
600161,2011-03-03
600166,2011-03-03
600169,2011-03-03
600170,2011-03-03
600177,2011-03-03
600183,2011-03-03
600188,2011-03-03
600196,2011-03-03
600208,2011-03-03
600210,2011-03-03
600216,2011-03-03
600219,2011-03-03
600220,2011-03-03
600221,2011-03-03
600239,2011-03-03
600256,2011-03-03
600266,2011-03-03
600269,2011-03-03
600271,2011-03-03
600276,2011-03-03
600300,2011-03-03
600307,2011-03-03
600309,2011-03-03
600312,2011-03-03
600316,2011-03-03
600320,2011-03-03
600325,2011-03-03
600331,2011-03-03
600348,2011-03-03
600350,2011-03-03
600352,2011-03-03
600362,2011-03-03
600369,2011-03-03
600376,2011-03-03
600380,2011-03-03
600383,2011-03-03
600395,2011-03-03
600406,2011-03-03
600415,2011-03-03
600418,2011-03-03
600428,2011-03-03
600432,2011-03-03
600456,2011-03-03
600481,2011-03-03
600489,2011-03-03
600497,2011-03-03
600500,2011-03-03
600508,2011-03-03
600516,2011-03-03
600517,2011-03-03
600518,2011-03-03
600519,2011-03-03
600528,2011-03-03
600535,2011-03-03
600546,2011-03-03
600547,2011-03-03
600549,2011-03-03
600550,2011-03-03
600582,2011-03-03
600583,2011-03-03
600585,2011-03-03
600588,2011-03-03
600595,2011-03-03
600596,2011-03-03
600597,2011-03-03
600598,2011-03-03
600600,2011-03-03
600601,2011-03-03
600611,2011-03-03
600631,2011-03-03
600635,2011-03-03
600642,2011-03-03
600649,2011-03-03
600655,2011-03-03
600657,2011-03-03
600660,2011-03-03
600663,2011-03-03
600664,2011-03-03
600674,2011-03-03
600675,2011-03-03
600690,2011-03-03
600694,2011-03-03
600703,2011-03-03
600717,2011-03-03
600718,2011-03-03
600737,2011-03-03
600739,2011-03-03
600741,2011-03-03
600748,2011-03-03
600779,2011-03-03
600795,2011-03-03
600804,2011-03-03
600808,2011-03-03
600809,2011-03-03
600811,2011-03-03
600812,2011-03-03
600823,2011-03-03
600832,2011-03-03
600837,2011-03-03
600839,2011-03-03
600863,2011-03-03
600875,2011-03-03
600879,2011-03-03
600881,2011-03-03
600887,2011-03-03
600893,2011-03-03
600895,2011-03-03
600900,2011-03-03
600970,2011-03-03
600997,2011-03-03
600999,2011-03-03
601001,2011-03-03
601006,2011-03-03
601009,2011-03-03
601088,2011-03-03
601099,2011-03-03
601101,2011-03-03
601106,2011-03-03
601107,2011-03-03
601111,2011-03-03
601117,2011-03-03
601139,2011-03-03
601158,2011-03-03
601166,2011-03-03
601168,2011-03-03
601169,2011-03-03
601179,2011-03-03
601186,2011-03-03
601268,2011-03-03
601288,2011-03-03
601299,2011-03-03
601318,2011-03-03
601328,2011-03-03
601333,2011-03-03
601369,2011-03-03
601390,2011-03-03
601398,2011-03-03
601600,2011-03-03
601601,2011-03-03
601607,2011-03-03
601618,2011-03-03
601628,2011-03-03
601666,2011-03-03
601668,2011-03-03
601688,2011-03-03
601699,2011-03-03
601727,2011-03-03
601766,2011-03-03
601788,2011-03-03
601808,2011-03-03
601818,2011-03-03
601857,2011-03-03
601866,2011-03-03
601877,2011-03-03
601888,2011-03-03
601898,2011-03-03
601899,2011-03-03
601918,2011-03-03
601919,2011-03-03
601939,2011-03-03
601958,2011-03-03
601988,2011-03-03
601989,2011-03-03
601998,2011-03-03
000001,2011-03-03
000002,2011-03-03
000009,2011-03-03
000012,2011-03-03
000021,2011-03-03
000024,2011-03-03
000027,2011-03-03
000031,2011-03-03
000039,2011-03-03
000046,2011-03-03
000059,2011-03-03
000060,2011-03-03
000061,2011-03-03
000063,2011-03-03
000069,2011-03-03
000100,2011-03-03
000157,2011-03-03
000338,2011-03-03
000401,2011-03-03
000402,2011-03-03
000422,2011-03-03
000423,2011-03-03
000425,2011-03-03
000527,2011-03-03
000528,2011-03-03
000538,2011-03-03
000562,2011-03-03
000568,2011-03-03
000612,2011-03-03
000623,2011-03-03
000625,2011-03-03
000630,2011-03-03
000651,2011-03-03
000652,2011-03-03
000667,2011-03-03
000680,2011-03-03
000685,2011-03-03
000686,2011-03-03
000690,2011-03-03
000709,2011-03-03
000718,2011-03-03
000725,2011-03-03
000728,2011-03-03
000729,2011-03-03
000758,2011-03-03
000768,2011-03-03
000776,2011-03-03
000778,2011-03-03
000780,2011-03-03
000783,2011-03-03
000792,2011-03-03
000800,2011-03-03
000807,2011-03-03
000825,2011-03-03
000839,2011-03-03
000858,2011-03-03
000876,2011-03-03
000878,2011-03-03
000895,2011-03-03
000898,2011-03-03
000900,2011-03-03
000927,2011-03-03
000933,2011-03-03
000937,2011-03-03
000951,2011-03-03
000959,2011-03-03
000960,2011-03-03
000961,2011-03-03
000968,2011-03-03
000969,2011-03-03
000983,2011-03-03
000999,2011-03-03
002001,2011-03-03
002007,2011-03-03
002024,2011-03-03
002028,2011-03-03
002092,2011-03-03
002122,2011-03-03
002128,2011-03-03
002142,2011-03-03
002146,2011-03-03
002155,2011-03-03
002202,2011-03-03
002242,2011-03-03
002244,2011-03-03
002294,2011-03-03
002304,2011-03-03
002385,2011-03-03
002399,2011-03-03
002405,2011-03-03
002415,2011-03-03
002422,2011-03-03
600000,2011-03-28
600004,2011-03-28
600005,2011-03-28
600006,2011-03-28
600008,2011-03-28
600009,2011-03-28
600010,2011-03-28
600015,2011-03-28
600016,2011-03-28
600017,2011-03-28
600018,2011-03-28
600019,2011-03-28
600026,2011-03-28
600028,2011-03-28
600029,2011-03-28
600030,2011-03-28
600031,2011-03-28
600033,2011-03-28
600036,2011-03-28
600037,2011-03-28
600048,2011-03-28
600050,2011-03-28
600058,2011-03-28
600062,2011-03-28
600066,2011-03-28
600068,2011-03-28
600085,2011-03-28
600087,2011-03-28
600089,2011-03-28
600096,2011-03-28
600100,2011-03-28
600104,2011-03-28
600108,2011-03-28
600109,2011-03-28
600111,2011-03-28
600115,2011-03-28
600118,2011-03-28
600123,2011-03-28
600125,2011-03-28
600132,2011-03-28
600143,2011-03-28
600150,2011-03-28
600151,2011-03-28
600153,2011-03-28
600161,2011-03-28
600166,2011-03-28
600169,2011-03-28
600170,2011-03-28
600177,2011-03-28
600183,2011-03-28
600188,2011-03-28
600196,2011-03-28
600208,2011-03-28
600210,2011-03-28
600216,2011-03-28
600219,2011-03-28
600220,2011-03-28
600221,2011-03-28
600239,2011-03-28
600256,2011-03-28
600266,2011-03-28
600269,2011-03-28
600271,2011-03-28
600276,2011-03-28
600300,2011-03-28
600307,2011-03-28
600309,2011-03-28
600312,2011-03-28
600316,2011-03-28
600320,2011-03-28
600325,2011-03-28
600331,2011-03-28
600348,2011-03-28
600350,2011-03-28
600352,2011-03-28
600362,2011-03-28
600369,2011-03-28
600376,2011-03-28
600380,2011-03-28
600383,2011-03-28
600395,2011-03-28
600406,2011-03-28
600415,2011-03-28
600418,2011-03-28
600428,2011-03-28
600432,2011-03-28
600456,2011-03-28
600481,2011-03-28
600489,2011-03-28
600497,2011-03-28
600500,2011-03-28
600508,2011-03-28
600516,2011-03-28
600517,2011-03-28
600518,2011-03-28
600519,2011-03-28
600528,2011-03-28
600535,2011-03-28
600546,2011-03-28
600547,2011-03-28
600549,2011-03-28
600550,2011-03-28
600582,2011-03-28
600583,2011-03-28
600585,2011-03-28
600588,2011-03-28
600595,2011-03-28
600596,2011-03-28
600597,2011-03-28
600598,2011-03-28
600600,2011-03-28
600601,2011-03-28
600611,2011-03-28
600631,2011-03-28
600635,2011-03-28
600642,2011-03-28
600649,2011-03-28
600655,2011-03-28
600657,2011-03-28
600660,2011-03-28
600663,2011-03-28
600664,2011-03-28
600674,2011-03-28
600675,2011-03-28
600690,2011-03-28
600694,2011-03-28
600703,2011-03-28
600717,2011-03-28
600718,2011-03-28
600737,2011-03-28
600739,2011-03-28
600741,2011-03-28
600748,2011-03-28
600779,2011-03-28
600795,2011-03-28
600804,2011-03-28
600808,2011-03-28
600809,2011-03-28
600811,2011-03-28
600812,2011-03-28
600823,2011-03-28
600832,2011-03-28
600837,2011-03-28
600839,2011-03-28
600863,2011-03-28
600875,2011-03-28
600879,2011-03-28
600881,2011-03-28
600887,2011-03-28
600893,2011-03-28
600895,2011-03-28
600900,2011-03-28
600970,2011-03-28
600997,2011-03-28
600999,2011-03-28
601001,2011-03-28
601006,2011-03-28
601009,2011-03-28
601088,2011-03-28
601099,2011-03-28
601101,2011-03-28
601106,2011-03-28
601107,2011-03-28
601111,2011-03-28
601117,2011-03-28
601139,2011-03-28
601158,2011-03-28
601166,2011-03-28
601168,2011-03-28
601169,2011-03-28
601179,2011-03-28
601186,2011-03-28
601268,2011-03-28
601288,2011-03-28
601299,2011-03-28
601318,2011-03-28
601328,2011-03-28
601333,2011-03-28
601369,2011-03-28
601390,2011-03-28
601398,2011-03-28
601600,2011-03-28
601601,2011-03-28
601607,2011-03-28
601618,2011-03-28
601628,2011-03-28
601666,2011-03-28
601668,2011-03-28
601688,2011-03-28
601699,2011-03-28
601727,2011-03-28
601766,2011-03-28
601788,2011-03-28
601808,2011-03-28
601818,2011-03-28
601857,2011-03-28
601866,2011-03-28
601877,2011-03-28
601888,2011-03-28
601898,2011-03-28
601899,2011-03-28
601918,2011-03-28
601919,2011-03-28
601939,2011-03-28
601958,2011-03-28
601988,2011-03-28
601989,2011-03-28
601998,2011-03-28
000001,2011-03-28
000002,2011-03-28
000009,2011-03-28
000012,2011-03-28
000021,2011-03-28
000024,2011-03-28
000027,2011-03-28
000031,2011-03-28
000039,2011-03-28
000046,2011-03-28
000059,2011-03-28
000060,2011-03-28
000061,2011-03-28
000063,2011-03-28
000069,2011-03-28
000100,2011-03-28
000157,2011-03-28
000338,2011-03-28
000401,2011-03-28
000402,2011-03-28
000422,2011-03-28
000423,2011-03-28
000425,2011-03-28
000527,2011-03-28
000528,2011-03-28
000538,2011-03-28
000562,2011-03-28
000568,2011-03-28
000612,2011-03-28
000623,2011-03-28
000625,2011-03-28
000630,2011-03-28
000651,2011-03-28
000652,2011-03-28
000667,2011-03-28
000680,2011-03-28
000685,2011-03-28
000686,2011-03-28
000690,2011-03-28
000709,2011-03-28
000718,2011-03-28
000725,2011-03-28
000728,2011-03-28
000729,2011-03-28
000758,2011-03-28
000768,2011-03-28
000776,2011-03-28
000778,2011-03-28
000780,2011-03-28
000783,2011-03-28
000792,2011-03-28
000800,2011-03-28
000807,2011-03-28
000825,2011-03-28
000839,2011-03-28
000858,2011-03-28
000876,2011-03-28
000878,2011-03-28
000895,2011-03-28
000898,2011-03-28
000900,2011-03-28
000927,2011-03-28
000933,2011-03-28
000937,2011-03-28
000951,2011-03-28
000959,2011-03-28
000960,2011-03-28
000961,2011-03-28
000968,2011-03-28
000969,2011-03-28
000983,2011-03-28
000999,2011-03-28
002001,2011-03-28
002007,2011-03-28
002024,2011-03-28
002028,2011-03-28
002092,2011-03-28
002122,2011-03-28
002128,2011-03-28
002142,2011-03-28
002146,2011-03-28
002155,2011-03-28
002202,2011-03-28
002242,2011-03-28
002244,2011-03-28
002294,2011-03-28
002304,2011-03-28
002385,2011-03-28
002399,2011-03-28
002405,2011-03-28
002415,2011-03-28
002422,2011-03-28
600000,2011-09-01
600004,2011-09-01
600005,2011-09-01
600008,2011-09-01
600009,2011-09-01
600010,2011-09-01
600015,2011-09-01
600016,2011-09-01
600018,2011-09-01
600019,2011-09-01
600026,2011-09-01
600028,2011-09-01
600029,2011-09-01
600030,2011-09-01
600031,2011-09-01
600036,2011-09-01
600037,2011-09-01
600048,2011-09-01
600050,2011-09-01
600058,2011-09-01
600062,2011-09-01
600066,2011-09-01
600068,2011-09-01
600085,2011-09-01
600089,2011-09-01
600096,2011-09-01
600100,2011-09-01
600104,2011-09-01
600108,2011-09-01
600109,2011-09-01
600111,2011-09-01
600115,2011-09-01
600118,2011-09-01
600123,2011-09-01
600125,2011-09-01
600132,2011-09-01
600143,2011-09-01
600150,2011-09-01
600151,2011-09-01
600153,2011-09-01
600161,2011-09-01
600166,2011-09-01
600169,2011-09-01
600170,2011-09-01
600177,2011-09-01
600183,2011-09-01
600188,2011-09-01
600196,2011-09-01
600208,2011-09-01
600216,2011-09-01
600219,2011-09-01
600220,2011-09-01
600221,2011-09-01
600239,2011-09-01
600256,2011-09-01
600266,2011-09-01
600267,2011-09-01
600269,2011-09-01
600271,2011-09-01
600276,2011-09-01
600300,2011-09-01
600307,2011-09-01
600309,2011-09-01
600312,2011-09-01
600316,2011-09-01
600320,2011-09-01
600331,2011-09-01
600348,2011-09-01
600352,2011-09-01
600362,2011-09-01
600369,2011-09-01
600376,2011-09-01
600380,2011-09-01
600383,2011-09-01
600395,2011-09-01
600406,2011-09-01
600415,2011-09-01
600418,2011-09-01
600428,2011-09-01
600432,2011-09-01
600456,2011-09-01
600481,2011-09-01
600489,2011-09-01
600497,2011-09-01
600500,2011-09-01
600508,2011-09-01
600516,2011-09-01
600517,2011-09-01
600518,2011-09-01
600519,2011-09-01
600528,2011-09-01
600535,2011-09-01
600546,2011-09-01
600547,2011-09-01
600549,2011-09-01
600550,2011-09-01
600582,2011-09-01
600583,2011-09-01
600585,2011-09-01
600588,2011-09-01
600595,2011-09-01
600598,2011-09-01
600600,2011-09-01
600635,2011-09-01
600642,2011-09-01
600649,2011-09-01
600655,2011-09-01
600660,2011-09-01
600664,2011-09-01
600674,2011-09-01
600675,2011-09-01
600690,2011-09-01
600694,2011-09-01
600703,2011-09-01
600717,2011-09-01
600718,2011-09-01
600737,2011-09-01
600739,2011-09-01
600741,2011-09-01
600779,2011-09-01
600795,2011-09-01
600804,2011-09-01
600808,2011-09-01
600809,2011-09-01
600811,2011-09-01
600812,2011-09-01
600823,2011-09-01
600827,2011-09-01
600832,2011-09-01
600837,2011-09-01
600839,2011-09-01
600859,2011-09-01
600863,2011-09-01
600875,2011-09-01
600879,2011-09-01
600881,2011-09-01
600887,2011-09-01
600893,2011-09-01
600895,2011-09-01
600900,2011-09-01
600970,2011-09-01
600971,2011-09-01
600997,2011-09-01
600998,2011-09-01
600999,2011-09-01
601001,2011-09-01
601006,2011-09-01
601009,2011-09-01
601018,2011-09-01
601088,2011-09-01
601098,2011-09-01
601101,2011-09-01
601106,2011-09-01
601107,2011-09-01
601111,2011-09-01
601117,2011-09-01
601118,2011-09-01
601158,2011-09-01
601166,2011-09-01
601168,2011-09-01
601169,2011-09-01
601179,2011-09-01
601186,2011-09-01
601268,2011-09-01
601288,2011-09-01
601299,2011-09-01
601318,2011-09-01
601328,2011-09-01
601333,2011-09-01
601369,2011-09-01
601377,2011-09-01
601390,2011-09-01
601398,2011-09-01
601519,2011-09-01
601558,2011-09-01
601600,2011-09-01
601601,2011-09-01
601607,2011-09-01
601618,2011-09-01
601628,2011-09-01
601666,2011-09-01
601668,2011-09-01
601688,2011-09-01
601699,2011-09-01
601717,2011-09-01
601718,2011-09-01
601727,2011-09-01
601766,2011-09-01
601788,2011-09-01
601808,2011-09-01
601818,2011-09-01
601857,2011-09-01
601866,2011-09-01
601888,2011-09-01
601898,2011-09-01
601899,2011-09-01
601918,2011-09-01
601919,2011-09-01
601933,2011-09-01
601939,2011-09-01
601958,2011-09-01
601988,2011-09-01
601989,2011-09-01
601998,2011-09-01
000001,2011-09-01
000002,2011-09-01
000009,2011-09-01
000012,2011-09-01
000021,2011-09-01
000024,2011-09-01
000027,2011-09-01
000031,2011-09-01
000039,2011-09-01
000059,2011-09-01
000060,2011-09-01
000061,2011-09-01
000063,2011-09-01
000069,2011-09-01
000100,2011-09-01
000157,2011-09-01
000338,2011-09-01
000401,2011-09-01
000402,2011-09-01
000422,2011-09-01
000423,2011-09-01
000425,2011-09-01
000527,2011-09-01
000528,2011-09-01
000536,2011-09-01
000538,2011-09-01
000559,2011-09-01
000562,2011-09-01
000568,2011-09-01
000612,2011-09-01
000623,2011-09-01
000625,2011-09-01
000630,2011-09-01
000651,2011-09-01
000680,2011-09-01
000685,2011-09-01
000686,2011-09-01
000690,2011-09-01
000709,2011-09-01
000718,2011-09-01
000725,2011-09-01
000728,2011-09-01
000729,2011-09-01
000758,2011-09-01
000768,2011-09-01
000776,2011-09-01
000778,2011-09-01
000780,2011-09-01
000783,2011-09-01
000792,2011-09-01
000800,2011-09-01
000807,2011-09-01
000825,2011-09-01
000839,2011-09-01
000858,2011-09-01
000869,2011-09-01
000876,2011-09-01
000878,2011-09-01
000895,2011-09-01
000898,2011-09-01
000927,2011-09-01
000933,2011-09-01
000937,2011-09-01
000951,2011-09-01
000960,2011-09-01
000961,2011-09-01
000968,2011-09-01
000969,2011-09-01
000983,2011-09-01
000999,2011-09-01
002001,2011-09-01
002007,2011-09-01
002024,2011-09-01
002028,2011-09-01
002069,2011-09-01
002073,2011-09-01
002092,2011-09-01
002106,2011-09-01
002122,2011-09-01
002128,2011-09-01
002142,2011-09-01
002146,2011-09-01
002155,2011-09-01
002202,2011-09-01
002244,2011-09-01
002294,2011-09-01
002304,2011-09-01
002310,2011-09-01
002385,2011-09-01
002399,2011-09-01
002405,2011-09-01
002415,2011-09-01
002422,2011-09-01
002493,2011-09-01
002498,2011-09-01
002500,2011-09-01
600000,2011-09-02
600004,2011-09-02
600005,2011-09-02
600008,2011-09-02
600009,2011-09-02
600010,2011-09-02
600015,2011-09-02
600016,2011-09-02
600018,2011-09-02
600019,2011-09-02
600026,2011-09-02
600028,2011-09-02
600029,2011-09-02
600030,2011-09-02
600031,2011-09-02
600036,2011-09-02
600037,2011-09-02
600048,2011-09-02
600050,2011-09-02
600058,2011-09-02
600062,2011-09-02
600066,2011-09-02
600068,2011-09-02
600085,2011-09-02
600089,2011-09-02
600096,2011-09-02
600100,2011-09-02
600104,2011-09-02
600108,2011-09-02
600109,2011-09-02
600111,2011-09-02
600115,2011-09-02
600118,2011-09-02
600123,2011-09-02
600125,2011-09-02
600132,2011-09-02
600143,2011-09-02
600150,2011-09-02
600151,2011-09-02
600153,2011-09-02
600161,2011-09-02
600166,2011-09-02
600169,2011-09-02
600170,2011-09-02
600177,2011-09-02
600183,2011-09-02
600188,2011-09-02
600196,2011-09-02
600208,2011-09-02
600216,2011-09-02
600219,2011-09-02
600220,2011-09-02
600221,2011-09-02
600239,2011-09-02
600256,2011-09-02
600266,2011-09-02
600267,2011-09-02
600269,2011-09-02
600271,2011-09-02
600276,2011-09-02
600300,2011-09-02
600307,2011-09-02
600309,2011-09-02
600312,2011-09-02
600316,2011-09-02
600320,2011-09-02
600331,2011-09-02
600348,2011-09-02
600352,2011-09-02
600362,2011-09-02
600369,2011-09-02
600376,2011-09-02
600380,2011-09-02
600383,2011-09-02
600395,2011-09-02
600406,2011-09-02
600415,2011-09-02
600418,2011-09-02
600428,2011-09-02
600432,2011-09-02
600456,2011-09-02
600481,2011-09-02
600489,2011-09-02
600497,2011-09-02
600500,2011-09-02
600508,2011-09-02
600516,2011-09-02
600517,2011-09-02
600518,2011-09-02
600519,2011-09-02
600528,2011-09-02
600535,2011-09-02
600546,2011-09-02
600547,2011-09-02
600549,2011-09-02
600550,2011-09-02
600582,2011-09-02
600583,2011-09-02
600585,2011-09-02
600588,2011-09-02
600595,2011-09-02
600598,2011-09-02
600600,2011-09-02
600635,2011-09-02
600642,2011-09-02
600649,2011-09-02
600655,2011-09-02
600660,2011-09-02
600664,2011-09-02
600674,2011-09-02
600675,2011-09-02
600690,2011-09-02
600694,2011-09-02
600703,2011-09-02
600717,2011-09-02
600718,2011-09-02
600737,2011-09-02
600739,2011-09-02
600741,2011-09-02
600779,2011-09-02
600795,2011-09-02
600804,2011-09-02
600808,2011-09-02
600809,2011-09-02
600811,2011-09-02
600812,2011-09-02
600823,2011-09-02
600827,2011-09-02
600832,2011-09-02
600837,2011-09-02
600839,2011-09-02
600859,2011-09-02
600863,2011-09-02
600875,2011-09-02
600879,2011-09-02
600881,2011-09-02
600887,2011-09-02
600893,2011-09-02
600895,2011-09-02
600900,2011-09-02
600970,2011-09-02
600971,2011-09-02
600997,2011-09-02
600998,2011-09-02
600999,2011-09-02
601001,2011-09-02
601006,2011-09-02
601009,2011-09-02
601018,2011-09-02
601088,2011-09-02
601098,2011-09-02
601101,2011-09-02
601106,2011-09-02
601107,2011-09-02
601111,2011-09-02
601117,2011-09-02
601118,2011-09-02
601158,2011-09-02
601166,2011-09-02
601168,2011-09-02
601169,2011-09-02
601179,2011-09-02
601186,2011-09-02
601268,2011-09-02
601288,2011-09-02
601299,2011-09-02
601318,2011-09-02
601328,2011-09-02
601333,2011-09-02
601369,2011-09-02
601377,2011-09-02
601390,2011-09-02
601398,2011-09-02
601519,2011-09-02
601558,2011-09-02
601600,2011-09-02
601601,2011-09-02
601607,2011-09-02
601618,2011-09-02
601628,2011-09-02
601666,2011-09-02
601668,2011-09-02
601688,2011-09-02
601699,2011-09-02
601717,2011-09-02
601718,2011-09-02
601727,2011-09-02
601766,2011-09-02
601788,2011-09-02
601808,2011-09-02
601818,2011-09-02
601857,2011-09-02
601866,2011-09-02
601888,2011-09-02
601898,2011-09-02
601899,2011-09-02
601918,2011-09-02
601919,2011-09-02
601933,2011-09-02
601939,2011-09-02
601958,2011-09-02
601988,2011-09-02
601989,2011-09-02
601998,2011-09-02
000001,2011-09-02
000002,2011-09-02
000009,2011-09-02
000012,2011-09-02
000021,2011-09-02
000024,2011-09-02
000027,2011-09-02
000031,2011-09-02
000039,2011-09-02
000059,2011-09-02
000060,2011-09-02
000061,2011-09-02
000063,2011-09-02
000069,2011-09-02
000100,2011-09-02
000157,2011-09-02
000338,2011-09-02
000401,2011-09-02
000402,2011-09-02
000422,2011-09-02
000423,2011-09-02
000425,2011-09-02
000527,2011-09-02
000528,2011-09-02
000536,2011-09-02
000538,2011-09-02
000559,2011-09-02
000562,2011-09-02
000568,2011-09-02
000612,2011-09-02
000623,2011-09-02
000625,2011-09-02
000630,2011-09-02
000651,2011-09-02
000680,2011-09-02
000685,2011-09-02
000686,2011-09-02
000690,2011-09-02
000709,2011-09-02
000718,2011-09-02
000725,2011-09-02
000728,2011-09-02
000729,2011-09-02
000758,2011-09-02
000768,2011-09-02
000776,2011-09-02
000778,2011-09-02
000780,2011-09-02
000783,2011-09-02
000792,2011-09-02
000800,2011-09-02
000807,2011-09-02
000825,2011-09-02
000839,2011-09-02
000858,2011-09-02
000869,2011-09-02
000876,2011-09-02
000878,2011-09-02
000895,2011-09-02
000898,2011-09-02
000927,2011-09-02
000933,2011-09-02
000937,2011-09-02
000951,2011-09-02
000960,2011-09-02
000961,2011-09-02
000968,2011-09-02
000969,2011-09-02
000983,2011-09-02
000999,2011-09-02
002001,2011-09-02
002007,2011-09-02
002024,2011-09-02
002028,2011-09-02
002069,2011-09-02
002073,2011-09-02
002092,2011-09-02
002106,2011-09-02
002122,2011-09-02
002128,2011-09-02
002142,2011-09-02
002146,2011-09-02
002155,2011-09-02
002202,2011-09-02
002244,2011-09-02
002294,2011-09-02
002304,2011-09-02
002310,2011-09-02
002385,2011-09-02
002399,2011-09-02
002405,2011-09-02
002415,2011-09-02
002422,2011-09-02
002493,2011-09-02
002498,2011-09-02
002500,2011-09-02
600000,2011-09-03
600004,2011-09-03
600005,2011-09-03
600008,2011-09-03
600009,2011-09-03
600010,2011-09-03
600015,2011-09-03
600016,2011-09-03
600018,2011-09-03
600019,2011-09-03
600026,2011-09-03
600028,2011-09-03
600029,2011-09-03
600030,2011-09-03
600031,2011-09-03
600036,2011-09-03
600037,2011-09-03
600048,2011-09-03
600050,2011-09-03
600058,2011-09-03
600062,2011-09-03
600066,2011-09-03
600068,2011-09-03
600085,2011-09-03
600089,2011-09-03
600096,2011-09-03
600100,2011-09-03
600104,2011-09-03
600108,2011-09-03
600109,2011-09-03
600111,2011-09-03
600115,2011-09-03
600118,2011-09-03
600123,2011-09-03
600125,2011-09-03
600132,2011-09-03
600143,2011-09-03
600150,2011-09-03
600151,2011-09-03
600153,2011-09-03
600161,2011-09-03
600166,2011-09-03
600169,2011-09-03
600170,2011-09-03
600177,2011-09-03
600183,2011-09-03
600188,2011-09-03
600196,2011-09-03
600208,2011-09-03
600216,2011-09-03
600219,2011-09-03
600220,2011-09-03
600221,2011-09-03
600239,2011-09-03
600256,2011-09-03
600266,2011-09-03
600267,2011-09-03
600269,2011-09-03
600271,2011-09-03
600276,2011-09-03
600300,2011-09-03
600307,2011-09-03
600309,2011-09-03
600312,2011-09-03
600316,2011-09-03
600320,2011-09-03
600331,2011-09-03
600348,2011-09-03
600352,2011-09-03
600362,2011-09-03
600369,2011-09-03
600376,2011-09-03
600380,2011-09-03
600383,2011-09-03
600395,2011-09-03
600406,2011-09-03
600415,2011-09-03
600418,2011-09-03
600428,2011-09-03
600432,2011-09-03
600456,2011-09-03
600481,2011-09-03
600489,2011-09-03
600497,2011-09-03
600500,2011-09-03
600508,2011-09-03
600516,2011-09-03
600517,2011-09-03
600518,2011-09-03
600519,2011-09-03
600528,2011-09-03
600535,2011-09-03
600546,2011-09-03
600547,2011-09-03
600549,2011-09-03
600550,2011-09-03
600582,2011-09-03
600583,2011-09-03
600585,2011-09-03
600588,2011-09-03
600595,2011-09-03
600598,2011-09-03
600600,2011-09-03
600635,2011-09-03
600642,2011-09-03
600649,2011-09-03
600655,2011-09-03
600660,2011-09-03
600664,2011-09-03
600674,2011-09-03
600675,2011-09-03
600690,2011-09-03
600694,2011-09-03
600703,2011-09-03
600717,2011-09-03
600718,2011-09-03
600737,2011-09-03
600739,2011-09-03
600741,2011-09-03
600779,2011-09-03
600795,2011-09-03
600804,2011-09-03
600808,2011-09-03
600809,2011-09-03
600811,2011-09-03
600812,2011-09-03
600823,2011-09-03
600827,2011-09-03
600832,2011-09-03
600837,2011-09-03
600839,2011-09-03
600859,2011-09-03
600863,2011-09-03
600875,2011-09-03
600879,2011-09-03
600881,2011-09-03
600887,2011-09-03
600893,2011-09-03
600895,2011-09-03
600900,2011-09-03
600970,2011-09-03
600971,2011-09-03
600997,2011-09-03
600998,2011-09-03
600999,2011-09-03
601001,2011-09-03
601006,2011-09-03
601009,2011-09-03
601018,2011-09-03
601088,2011-09-03
601098,2011-09-03
601101,2011-09-03
601106,2011-09-03
601107,2011-09-03
601111,2011-09-03
601117,2011-09-03
601118,2011-09-03
601158,2011-09-03
601166,2011-09-03
601168,2011-09-03
601169,2011-09-03
601179,2011-09-03
601186,2011-09-03
601268,2011-09-03
601288,2011-09-03
601299,2011-09-03
601318,2011-09-03
601328,2011-09-03
601333,2011-09-03
601369,2011-09-03
601377,2011-09-03
601390,2011-09-03
601398,2011-09-03
601519,2011-09-03
601558,2011-09-03
601600,2011-09-03
601601,2011-09-03
601607,2011-09-03
601618,2011-09-03
601628,2011-09-03
601666,2011-09-03
601668,2011-09-03
601688,2011-09-03
601699,2011-09-03
601717,2011-09-03
601718,2011-09-03
601727,2011-09-03
601766,2011-09-03
601788,2011-09-03
601808,2011-09-03
601818,2011-09-03
601857,2011-09-03
601866,2011-09-03
601888,2011-09-03
601898,2011-09-03
601899,2011-09-03
601918,2011-09-03
601919,2011-09-03
601933,2011-09-03
601939,2011-09-03
601958,2011-09-03
601988,2011-09-03
601989,2011-09-03
601998,2011-09-03
000001,2011-09-03
000002,2011-09-03
000009,2011-09-03
000012,2011-09-03
000021,2011-09-03
000024,2011-09-03
000027,2011-09-03
000031,2011-09-03
000039,2011-09-03
000059,2011-09-03
000060,2011-09-03
000061,2011-09-03
000063,2011-09-03
000069,2011-09-03
000100,2011-09-03
000157,2011-09-03
000338,2011-09-03
000401,2011-09-03
000402,2011-09-03
000422,2011-09-03
000423,2011-09-03
000425,2011-09-03
000527,2011-09-03
000528,2011-09-03
000536,2011-09-03
000538,2011-09-03
000559,2011-09-03
000562,2011-09-03
000568,2011-09-03
000612,2011-09-03
000623,2011-09-03
000625,2011-09-03
000630,2011-09-03
000651,2011-09-03
000680,2011-09-03
000685,2011-09-03
000686,2011-09-03
000690,2011-09-03
000709,2011-09-03
000718,2011-09-03
000725,2011-09-03
000728,2011-09-03
000729,2011-09-03
000758,2011-09-03
000768,2011-09-03
000776,2011-09-03
000778,2011-09-03
000780,2011-09-03
000783,2011-09-03
000792,2011-09-03
000800,2011-09-03
000807,2011-09-03
000825,2011-09-03
000839,2011-09-03
000858,2011-09-03
000869,2011-09-03
000876,2011-09-03
000878,2011-09-03
000895,2011-09-03
000898,2011-09-03
000927,2011-09-03
000933,2011-09-03
000937,2011-09-03
000951,2011-09-03
000960,2011-09-03
000961,2011-09-03
000968,2011-09-03
000969,2011-09-03
000983,2011-09-03
000999,2011-09-03
002001,2011-09-03
002007,2011-09-03
002024,2011-09-03
002028,2011-09-03
002069,2011-09-03
002073,2011-09-03
002092,2011-09-03
002106,2011-09-03
002122,2011-09-03
002128,2011-09-03
002142,2011-09-03
002146,2011-09-03
002155,2011-09-03
002202,2011-09-03
002244,2011-09-03
002294,2011-09-03
002304,2011-09-03
002310,2011-09-03
002385,2011-09-03
002399,2011-09-03
002405,2011-09-03
002415,2011-09-03
002422,2011-09-03
002493,2011-09-03
002498,2011-09-03
002500,2011-09-03
600000,2011-09-28
600004,2011-09-28
600005,2011-09-28
600008,2011-09-28
600009,2011-09-28
600010,2011-09-28
600015,2011-09-28
600016,2011-09-28
600018,2011-09-28
600019,2011-09-28
600026,2011-09-28
600028,2011-09-28
600029,2011-09-28
600030,2011-09-28
600031,2011-09-28
600036,2011-09-28
600037,2011-09-28
600048,2011-09-28
600050,2011-09-28
600058,2011-09-28
600062,2011-09-28
600066,2011-09-28
600068,2011-09-28
600085,2011-09-28
600089,2011-09-28
600096,2011-09-28
600100,2011-09-28
600104,2011-09-28
600108,2011-09-28
600109,2011-09-28
600111,2011-09-28
600115,2011-09-28
600118,2011-09-28
600123,2011-09-28
600125,2011-09-28
600132,2011-09-28
600143,2011-09-28
600150,2011-09-28
600151,2011-09-28
600153,2011-09-28
600161,2011-09-28
600166,2011-09-28
600169,2011-09-28
600170,2011-09-28
600177,2011-09-28
600183,2011-09-28
600188,2011-09-28
600196,2011-09-28
600208,2011-09-28
600216,2011-09-28
600219,2011-09-28
600220,2011-09-28
600221,2011-09-28
600239,2011-09-28
600256,2011-09-28
600266,2011-09-28
600267,2011-09-28
600269,2011-09-28
600271,2011-09-28
600276,2011-09-28
600300,2011-09-28
600307,2011-09-28
600309,2011-09-28
600312,2011-09-28
600316,2011-09-28
600320,2011-09-28
600331,2011-09-28
600348,2011-09-28
600352,2011-09-28
600362,2011-09-28
600369,2011-09-28
600376,2011-09-28
600380,2011-09-28
600383,2011-09-28
600395,2011-09-28
600406,2011-09-28
600415,2011-09-28
600418,2011-09-28
600428,2011-09-28
600432,2011-09-28
600456,2011-09-28
600481,2011-09-28
600489,2011-09-28
600497,2011-09-28
600500,2011-09-28
600508,2011-09-28
600516,2011-09-28
600517,2011-09-28
600518,2011-09-28
600519,2011-09-28
600528,2011-09-28
600535,2011-09-28
600546,2011-09-28
600547,2011-09-28
600549,2011-09-28
600550,2011-09-28
600582,2011-09-28
600583,2011-09-28
600585,2011-09-28
600588,2011-09-28
600595,2011-09-28
600598,2011-09-28
600600,2011-09-28
600635,2011-09-28
600642,2011-09-28
600649,2011-09-28
600655,2011-09-28
600660,2011-09-28
600664,2011-09-28
600674,2011-09-28
600675,2011-09-28
600690,2011-09-28
600694,2011-09-28
600703,2011-09-28
600717,2011-09-28
600718,2011-09-28
600737,2011-09-28
600739,2011-09-28
600741,2011-09-28
600779,2011-09-28
600795,2011-09-28
600804,2011-09-28
600808,2011-09-28
600809,2011-09-28
600811,2011-09-28
600812,2011-09-28
600823,2011-09-28
600827,2011-09-28
600832,2011-09-28
600837,2011-09-28
600839,2011-09-28
600859,2011-09-28
600863,2011-09-28
600875,2011-09-28
600879,2011-09-28
600881,2011-09-28
600887,2011-09-28
600893,2011-09-28
600895,2011-09-28
600900,2011-09-28
600970,2011-09-28
600971,2011-09-28
600997,2011-09-28
600998,2011-09-28
600999,2011-09-28
601001,2011-09-28
601006,2011-09-28
601009,2011-09-28
601018,2011-09-28
601088,2011-09-28
601098,2011-09-28
601101,2011-09-28
601106,2011-09-28
601107,2011-09-28
601111,2011-09-28
601117,2011-09-28
601118,2011-09-28
601158,2011-09-28
601166,2011-09-28
601168,2011-09-28
601169,2011-09-28
601179,2011-09-28
601186,2011-09-28
601268,2011-09-28
601288,2011-09-28
601299,2011-09-28
601318,2011-09-28
601328,2011-09-28
601333,2011-09-28
601369,2011-09-28
601377,2011-09-28
601390,2011-09-28
601398,2011-09-28
601519,2011-09-28
601558,2011-09-28
601600,2011-09-28
601601,2011-09-28
601607,2011-09-28
601618,2011-09-28
601628,2011-09-28
601666,2011-09-28
601668,2011-09-28
601688,2011-09-28
601699,2011-09-28
601717,2011-09-28
601718,2011-09-28
601727,2011-09-28
601766,2011-09-28
601788,2011-09-28
601808,2011-09-28
601818,2011-09-28
601857,2011-09-28
601866,2011-09-28
601888,2011-09-28
601898,2011-09-28
601899,2011-09-28
601918,2011-09-28
601919,2011-09-28
601933,2011-09-28
601939,2011-09-28
601958,2011-09-28
601988,2011-09-28
601989,2011-09-28
601998,2011-09-28
000001,2011-09-28
000002,2011-09-28
000009,2011-09-28
000012,2011-09-28
000021,2011-09-28
000024,2011-09-28
000027,2011-09-28
000031,2011-09-28
000039,2011-09-28
000059,2011-09-28
000060,2011-09-28
000061,2011-09-28
000063,2011-09-28
000069,2011-09-28
000100,2011-09-28
000157,2011-09-28
000338,2011-09-28
000401,2011-09-28
000402,2011-09-28
000422,2011-09-28
000423,2011-09-28
000425,2011-09-28
000527,2011-09-28
000528,2011-09-28
000536,2011-09-28
000538,2011-09-28
000559,2011-09-28
000562,2011-09-28
000568,2011-09-28
000612,2011-09-28
000623,2011-09-28
000625,2011-09-28
000630,2011-09-28
000651,2011-09-28
000680,2011-09-28
000685,2011-09-28
000686,2011-09-28
000690,2011-09-28
000709,2011-09-28
000718,2011-09-28
000725,2011-09-28
000728,2011-09-28
000729,2011-09-28
000758,2011-09-28
000768,2011-09-28
000776,2011-09-28
000778,2011-09-28
000780,2011-09-28
000783,2011-09-28
000792,2011-09-28
000800,2011-09-28
000807,2011-09-28
000825,2011-09-28
000839,2011-09-28
000858,2011-09-28
000869,2011-09-28
000876,2011-09-28
000878,2011-09-28
000895,2011-09-28
000898,2011-09-28
000927,2011-09-28
000933,2011-09-28
000937,2011-09-28
000951,2011-09-28
000960,2011-09-28
000961,2011-09-28
000968,2011-09-28
000969,2011-09-28
000983,2011-09-28
000999,2011-09-28
002001,2011-09-28
002007,2011-09-28
002024,2011-09-28
002028,2011-09-28
002069,2011-09-28
002073,2011-09-28
002092,2011-09-28
002106,2011-09-28
002122,2011-09-28
002128,2011-09-28
002142,2011-09-28
002146,2011-09-28
002155,2011-09-28
002202,2011-09-28
002244,2011-09-28
002294,2011-09-28
002304,2011-09-28
002310,2011-09-28
002385,2011-09-28
002399,2011-09-28
002405,2011-09-28
002415,2011-09-28
002422,2011-09-28
002493,2011-09-28
002498,2011-09-28
002500,2011-09-28
600000,2012-03-01
600005,2012-03-01
600008,2012-03-01
600009,2012-03-01
600010,2012-03-01
600015,2012-03-01
600016,2012-03-01
600019,2012-03-01
600026,2012-03-01
600028,2012-03-01
600029,2012-03-01
600030,2012-03-01
600031,2012-03-01
600036,2012-03-01
600037,2012-03-01
600048,2012-03-01
600050,2012-03-01
600058,2012-03-01
600062,2012-03-01
600066,2012-03-01
600068,2012-03-01
600085,2012-03-01
600089,2012-03-01
600096,2012-03-01
600098,2012-03-01
600100,2012-03-01
600104,2012-03-01
600108,2012-03-01
600109,2012-03-01
600111,2012-03-01
600115,2012-03-01
600118,2012-03-01
600123,2012-03-01
600125,2012-03-01
600132,2012-03-01
600143,2012-03-01
600150,2012-03-01
600151,2012-03-01
600153,2012-03-01
600160,2012-03-01
600161,2012-03-01
600166,2012-03-01
600169,2012-03-01
600170,2012-03-01
600177,2012-03-01
600183,2012-03-01
600188,2012-03-01
600196,2012-03-01
600208,2012-03-01
600216,2012-03-01
600219,2012-03-01
600221,2012-03-01
600252,2012-03-01
600256,2012-03-01
600259,2012-03-01
600266,2012-03-01
600267,2012-03-01
600271,2012-03-01
600276,2012-03-01
600307,2012-03-01
600309,2012-03-01
600316,2012-03-01
600320,2012-03-01
600331,2012-03-01
600348,2012-03-01
600352,2012-03-01
600362,2012-03-01
600369,2012-03-01
600372,2012-03-01
600376,2012-03-01
600380,2012-03-01
600383,2012-03-01
600395,2012-03-01
600406,2012-03-01
600415,2012-03-01
600418,2012-03-01
600428,2012-03-01
600432,2012-03-01
600456,2012-03-01
600481,2012-03-01
600489,2012-03-01
600497,2012-03-01
600498,2012-03-01
600500,2012-03-01
600508,2012-03-01
600516,2012-03-01
600518,2012-03-01
600519,2012-03-01
600528,2012-03-01
600535,2012-03-01
600546,2012-03-01
600547,2012-03-01
600549,2012-03-01
600550,2012-03-01
600582,2012-03-01
600583,2012-03-01
600585,2012-03-01
600588,2012-03-01
600595,2012-03-01
600598,2012-03-01
600600,2012-03-01
600635,2012-03-01
600642,2012-03-01
600649,2012-03-01
600655,2012-03-01
600660,2012-03-01
600664,2012-03-01
600674,2012-03-01
600690,2012-03-01
600694,2012-03-01
600703,2012-03-01
600718,2012-03-01
600737,2012-03-01
600739,2012-03-01
600741,2012-03-01
600770,2012-03-01
600779,2012-03-01
600783,2012-03-01
600795,2012-03-01
600804,2012-03-01
600808,2012-03-01
600809,2012-03-01
600811,2012-03-01
600812,2012-03-01
600832,2012-03-01
600837,2012-03-01
600839,2012-03-01
600859,2012-03-01
600863,2012-03-01
600873,2012-03-01
600875,2012-03-01
600879,2012-03-01
600881,2012-03-01
600887,2012-03-01
600893,2012-03-01
600895,2012-03-01
600900,2012-03-01
600970,2012-03-01
600971,2012-03-01
600997,2012-03-01
600999,2012-03-01
601001,2012-03-01
601006,2012-03-01
601009,2012-03-01
601018,2012-03-01
601088,2012-03-01
601098,2012-03-01
601099,2012-03-01
601101,2012-03-01
601106,2012-03-01
601111,2012-03-01
601117,2012-03-01
601118,2012-03-01
601158,2012-03-01
601166,2012-03-01
601168,2012-03-01
601169,2012-03-01
601179,2012-03-01
601186,2012-03-01
601216,2012-03-01
601233,2012-03-01
601258,2012-03-01
601268,2012-03-01
601288,2012-03-01
601299,2012-03-01
601318,2012-03-01
601328,2012-03-01
601333,2012-03-01
601369,2012-03-01
601377,2012-03-01
601390,2012-03-01
601398,2012-03-01
601519,2012-03-01
601558,2012-03-01
601600,2012-03-01
601601,2012-03-01
601607,2012-03-01
601618,2012-03-01
601628,2012-03-01
601666,2012-03-01
601668,2012-03-01
601688,2012-03-01
601699,2012-03-01
601717,2012-03-01
601718,2012-03-01
601727,2012-03-01
601766,2012-03-01
601788,2012-03-01
601808,2012-03-01
601818,2012-03-01
601857,2012-03-01
601866,2012-03-01
601888,2012-03-01
601898,2012-03-01
601899,2012-03-01
601918,2012-03-01
601919,2012-03-01
601933,2012-03-01
601939,2012-03-01
601958,2012-03-01
601988,2012-03-01
601989,2012-03-01
601991,2012-03-01
601992,2012-03-01
601998,2012-03-01
000001,2012-03-01
000002,2012-03-01
000009,2012-03-01
000012,2012-03-01
000021,2012-03-01
000024,2012-03-01
000027,2012-03-01
000039,2012-03-01
000059,2012-03-01
000060,2012-03-01
000061,2012-03-01
000063,2012-03-01
000069,2012-03-01
000100,2012-03-01
000157,2012-03-01
000338,2012-03-01
000401,2012-03-01
000402,2012-03-01
000422,2012-03-01
000423,2012-03-01
000425,2012-03-01
000527,2012-03-01
000528,2012-03-01
000538,2012-03-01
000559,2012-03-01
000562,2012-03-01
000568,2012-03-01
000581,2012-03-01
000623,2012-03-01
000625,2012-03-01
000629,2012-03-01
000630,2012-03-01
000651,2012-03-01
000680,2012-03-01
000686,2012-03-01
000709,2012-03-01
000718,2012-03-01
000728,2012-03-01
000729,2012-03-01
000758,2012-03-01
000768,2012-03-01
000776,2012-03-01
000778,2012-03-01
000780,2012-03-01
000783,2012-03-01
000792,2012-03-01
000800,2012-03-01
000807,2012-03-01
000825,2012-03-01
000839,2012-03-01
000858,2012-03-01
000869,2012-03-01
000876,2012-03-01
000878,2012-03-01
000895,2012-03-01
000898,2012-03-01
000933,2012-03-01
000937,2012-03-01
000960,2012-03-01
000961,2012-03-01
000968,2012-03-01
000969,2012-03-01
000983,2012-03-01
000999,2012-03-01
002001,2012-03-01
002007,2012-03-01
002024,2012-03-01
002038,2012-03-01
002069,2012-03-01
002073,2012-03-01
002092,2012-03-01
002106,2012-03-01
002122,2012-03-01
002128,2012-03-01
002142,2012-03-01
002146,2012-03-01
002155,2012-03-01
002202,2012-03-01
002244,2012-03-01
002299,2012-03-01
002304,2012-03-01
002310,2012-03-01
002344,2012-03-01
002378,2012-03-01
002385,2012-03-01
002399,2012-03-01
002405,2012-03-01
002415,2012-03-01
002422,2012-03-01
002431,2012-03-01
002493,2012-03-01
002498,2012-03-01
002500,2012-03-01
002594,2012-03-01
002603,2012-03-01
600000,2012-03-02
600005,2012-03-02
600008,2012-03-02
600009,2012-03-02
600010,2012-03-02
600015,2012-03-02
600016,2012-03-02
600019,2012-03-02
600026,2012-03-02
600028,2012-03-02
600029,2012-03-02
600030,2012-03-02
600031,2012-03-02
600036,2012-03-02
600037,2012-03-02
600048,2012-03-02
600050,2012-03-02
600058,2012-03-02
600062,2012-03-02
600066,2012-03-02
600068,2012-03-02
600085,2012-03-02
600089,2012-03-02
600096,2012-03-02
600098,2012-03-02
600100,2012-03-02
600104,2012-03-02
600108,2012-03-02
600109,2012-03-02
600111,2012-03-02
600115,2012-03-02
600118,2012-03-02
600123,2012-03-02
600125,2012-03-02
600132,2012-03-02
600143,2012-03-02
600150,2012-03-02
600151,2012-03-02
600153,2012-03-02
600160,2012-03-02
600161,2012-03-02
600166,2012-03-02
600169,2012-03-02
600170,2012-03-02
600177,2012-03-02
600183,2012-03-02
600188,2012-03-02
600196,2012-03-02
600208,2012-03-02
600216,2012-03-02
600219,2012-03-02
600221,2012-03-02
600252,2012-03-02
600256,2012-03-02
600259,2012-03-02
600266,2012-03-02
600267,2012-03-02
600271,2012-03-02
600276,2012-03-02
600307,2012-03-02
600309,2012-03-02
600316,2012-03-02
600320,2012-03-02
600331,2012-03-02
600348,2012-03-02
600352,2012-03-02
600362,2012-03-02
600369,2012-03-02
600372,2012-03-02
600376,2012-03-02
600380,2012-03-02
600383,2012-03-02
600395,2012-03-02
600406,2012-03-02
600415,2012-03-02
600418,2012-03-02
600428,2012-03-02
600432,2012-03-02
600456,2012-03-02
600481,2012-03-02
600489,2012-03-02
600497,2012-03-02
600498,2012-03-02
600500,2012-03-02
600508,2012-03-02
600516,2012-03-02
600518,2012-03-02
600519,2012-03-02
600528,2012-03-02
600535,2012-03-02
600546,2012-03-02
600547,2012-03-02
600549,2012-03-02
600550,2012-03-02
600582,2012-03-02
600583,2012-03-02
600585,2012-03-02
600588,2012-03-02
600595,2012-03-02
600598,2012-03-02
600600,2012-03-02
600635,2012-03-02
600642,2012-03-02
600649,2012-03-02
600655,2012-03-02
600660,2012-03-02
600664,2012-03-02
600674,2012-03-02
600690,2012-03-02
600694,2012-03-02
600703,2012-03-02
600718,2012-03-02
600737,2012-03-02
600739,2012-03-02
600741,2012-03-02
600770,2012-03-02
600779,2012-03-02
600783,2012-03-02
600795,2012-03-02
600804,2012-03-02
600808,2012-03-02
600809,2012-03-02
600811,2012-03-02
600812,2012-03-02
600832,2012-03-02
600837,2012-03-02
600839,2012-03-02
600859,2012-03-02
600863,2012-03-02
600873,2012-03-02
600875,2012-03-02
600879,2012-03-02
600881,2012-03-02
600887,2012-03-02
600893,2012-03-02
600895,2012-03-02
600900,2012-03-02
600970,2012-03-02
600971,2012-03-02
600997,2012-03-02
600999,2012-03-02
601001,2012-03-02
601006,2012-03-02
601009,2012-03-02
601018,2012-03-02
601088,2012-03-02
601098,2012-03-02
601099,2012-03-02
601101,2012-03-02
601106,2012-03-02
601111,2012-03-02
601117,2012-03-02
601118,2012-03-02
601158,2012-03-02
601166,2012-03-02
601168,2012-03-02
601169,2012-03-02
601179,2012-03-02
601186,2012-03-02
601216,2012-03-02
601233,2012-03-02
601258,2012-03-02
601268,2012-03-02
601288,2012-03-02
601299,2012-03-02
601318,2012-03-02
601328,2012-03-02
601333,2012-03-02
601369,2012-03-02
601377,2012-03-02
601390,2012-03-02
601398,2012-03-02
601519,2012-03-02
601558,2012-03-02
601600,2012-03-02
601601,2012-03-02
601607,2012-03-02
601618,2012-03-02
601628,2012-03-02
601666,2012-03-02
601668,2012-03-02
601688,2012-03-02
601699,2012-03-02
601717,2012-03-02
601718,2012-03-02
601727,2012-03-02
601766,2012-03-02
601788,2012-03-02
601808,2012-03-02
601818,2012-03-02
601857,2012-03-02
601866,2012-03-02
601888,2012-03-02
601898,2012-03-02
601899,2012-03-02
601918,2012-03-02
601919,2012-03-02
601933,2012-03-02
601939,2012-03-02
601958,2012-03-02
601988,2012-03-02
601989,2012-03-02
601991,2012-03-02
601992,2012-03-02
601998,2012-03-02
000001,2012-03-02
000002,2012-03-02
000009,2012-03-02
000012,2012-03-02
000021,2012-03-02
000024,2012-03-02
000027,2012-03-02
000039,2012-03-02
000059,2012-03-02
000060,2012-03-02
000061,2012-03-02
000063,2012-03-02
000069,2012-03-02
000100,2012-03-02
000157,2012-03-02
000338,2012-03-02
000401,2012-03-02
000402,2012-03-02
000422,2012-03-02
000423,2012-03-02
000425,2012-03-02
000527,2012-03-02
000528,2012-03-02
000538,2012-03-02
000559,2012-03-02
000562,2012-03-02
000568,2012-03-02
000581,2012-03-02
000623,2012-03-02
000625,2012-03-02
000629,2012-03-02
000630,2012-03-02
000651,2012-03-02
000680,2012-03-02
000686,2012-03-02
000709,2012-03-02
000718,2012-03-02
000728,2012-03-02
000729,2012-03-02
000758,2012-03-02
000768,2012-03-02
000776,2012-03-02
000778,2012-03-02
000780,2012-03-02
000783,2012-03-02
000792,2012-03-02
000800,2012-03-02
000807,2012-03-02
000825,2012-03-02
000839,2012-03-02
000858,2012-03-02
000869,2012-03-02
000876,2012-03-02
000878,2012-03-02
000895,2012-03-02
000898,2012-03-02
000933,2012-03-02
000937,2012-03-02
000960,2012-03-02
000961,2012-03-02
000968,2012-03-02
000969,2012-03-02
000983,2012-03-02
000999,2012-03-02
002001,2012-03-02
002007,2012-03-02
002024,2012-03-02
002038,2012-03-02
002069,2012-03-02
002073,2012-03-02
002092,2012-03-02
002106,2012-03-02
002122,2012-03-02
002128,2012-03-02
002142,2012-03-02
002146,2012-03-02
002155,2012-03-02
002202,2012-03-02
002244,2012-03-02
002299,2012-03-02
002304,2012-03-02
002310,2012-03-02
002344,2012-03-02
002378,2012-03-02
002385,2012-03-02
002399,2012-03-02
002405,2012-03-02
002415,2012-03-02
002422,2012-03-02
002431,2012-03-02
002493,2012-03-02
002498,2012-03-02
002500,2012-03-02
002594,2012-03-02
002603,2012-03-02
600000,2012-03-03
600005,2012-03-03
600008,2012-03-03
600009,2012-03-03
600010,2012-03-03
600015,2012-03-03
600016,2012-03-03
600019,2012-03-03
600026,2012-03-03
600028,2012-03-03
600029,2012-03-03
600030,2012-03-03
600031,2012-03-03
600036,2012-03-03
600037,2012-03-03
600048,2012-03-03
600050,2012-03-03
600058,2012-03-03
600062,2012-03-03
600066,2012-03-03
600068,2012-03-03
600085,2012-03-03
600089,2012-03-03
600096,2012-03-03
600098,2012-03-03
600100,2012-03-03
600104,2012-03-03
600108,2012-03-03
600109,2012-03-03
600111,2012-03-03
600115,2012-03-03
600118,2012-03-03
600123,2012-03-03
600125,2012-03-03
600132,2012-03-03
600143,2012-03-03
600150,2012-03-03
600151,2012-03-03
600153,2012-03-03
600160,2012-03-03
600161,2012-03-03
600166,2012-03-03
600169,2012-03-03
600170,2012-03-03
600177,2012-03-03
600183,2012-03-03
600188,2012-03-03
600196,2012-03-03
600208,2012-03-03
600216,2012-03-03
600219,2012-03-03
600221,2012-03-03
600252,2012-03-03
600256,2012-03-03
600259,2012-03-03
600266,2012-03-03
600267,2012-03-03
600271,2012-03-03
600276,2012-03-03
600307,2012-03-03
600309,2012-03-03
600316,2012-03-03
600320,2012-03-03
600331,2012-03-03
600348,2012-03-03
600352,2012-03-03
600362,2012-03-03
600369,2012-03-03
600372,2012-03-03
600376,2012-03-03
600380,2012-03-03
600383,2012-03-03
600395,2012-03-03
600406,2012-03-03
600415,2012-03-03
600418,2012-03-03
600428,2012-03-03
600432,2012-03-03
600456,2012-03-03
600481,2012-03-03
600489,2012-03-03
600497,2012-03-03
600498,2012-03-03
600500,2012-03-03
600508,2012-03-03
600516,2012-03-03
600518,2012-03-03
600519,2012-03-03
600528,2012-03-03
600535,2012-03-03
600546,2012-03-03
600547,2012-03-03
600549,2012-03-03
600550,2012-03-03
600582,2012-03-03
600583,2012-03-03
600585,2012-03-03
600588,2012-03-03
600595,2012-03-03
600598,2012-03-03
600600,2012-03-03
600635,2012-03-03
600642,2012-03-03
600649,2012-03-03
600655,2012-03-03
600660,2012-03-03
600664,2012-03-03
600674,2012-03-03
600690,2012-03-03
600694,2012-03-03
600703,2012-03-03
600718,2012-03-03
600737,2012-03-03
600739,2012-03-03
600741,2012-03-03
600770,2012-03-03
600779,2012-03-03
600783,2012-03-03
600795,2012-03-03
600804,2012-03-03
600808,2012-03-03
600809,2012-03-03
600811,2012-03-03
600812,2012-03-03
600832,2012-03-03
600837,2012-03-03
600839,2012-03-03
600859,2012-03-03
600863,2012-03-03
600873,2012-03-03
600875,2012-03-03
600879,2012-03-03
600881,2012-03-03
600887,2012-03-03
600893,2012-03-03
600895,2012-03-03
600900,2012-03-03
600970,2012-03-03
600971,2012-03-03
600997,2012-03-03
600999,2012-03-03
601001,2012-03-03
601006,2012-03-03
601009,2012-03-03
601018,2012-03-03
601088,2012-03-03
601098,2012-03-03
601099,2012-03-03
601101,2012-03-03
601106,2012-03-03
601111,2012-03-03
601117,2012-03-03
601118,2012-03-03
601158,2012-03-03
601166,2012-03-03
601168,2012-03-03
601169,2012-03-03
601179,2012-03-03
601186,2012-03-03
601216,2012-03-03
601233,2012-03-03
601258,2012-03-03
601268,2012-03-03
601288,2012-03-03
601299,2012-03-03
601318,2012-03-03
601328,2012-03-03
601333,2012-03-03
601369,2012-03-03
601377,2012-03-03
601390,2012-03-03
601398,2012-03-03
601519,2012-03-03
601558,2012-03-03
601600,2012-03-03
601601,2012-03-03
601607,2012-03-03
601618,2012-03-03
601628,2012-03-03
601666,2012-03-03
601668,2012-03-03
601688,2012-03-03
601699,2012-03-03
601717,2012-03-03
601718,2012-03-03
601727,2012-03-03
601766,2012-03-03
601788,2012-03-03
601808,2012-03-03
601818,2012-03-03
601857,2012-03-03
601866,2012-03-03
601888,2012-03-03
601898,2012-03-03
601899,2012-03-03
601918,2012-03-03
601919,2012-03-03
601933,2012-03-03
601939,2012-03-03
601958,2012-03-03
601988,2012-03-03
601989,2012-03-03
601991,2012-03-03
601992,2012-03-03
601998,2012-03-03
000001,2012-03-03
000002,2012-03-03
000009,2012-03-03
000012,2012-03-03
000021,2012-03-03
000024,2012-03-03
000027,2012-03-03
000039,2012-03-03
000059,2012-03-03
000060,2012-03-03
000061,2012-03-03
000063,2012-03-03
000069,2012-03-03
000100,2012-03-03
000157,2012-03-03
000338,2012-03-03
000401,2012-03-03
000402,2012-03-03
000422,2012-03-03
000423,2012-03-03
000425,2012-03-03
000527,2012-03-03
000528,2012-03-03
000538,2012-03-03
000559,2012-03-03
000562,2012-03-03
000568,2012-03-03
000581,2012-03-03
000623,2012-03-03
000625,2012-03-03
000629,2012-03-03
000630,2012-03-03
000651,2012-03-03
000680,2012-03-03
000686,2012-03-03
000709,2012-03-03
000718,2012-03-03
000728,2012-03-03
000729,2012-03-03
000758,2012-03-03
000768,2012-03-03
000776,2012-03-03
000778,2012-03-03
000780,2012-03-03
000783,2012-03-03
000792,2012-03-03
000800,2012-03-03
000807,2012-03-03
000825,2012-03-03
000839,2012-03-03
000858,2012-03-03
000869,2012-03-03
000876,2012-03-03
000878,2012-03-03
000895,2012-03-03
000898,2012-03-03
000933,2012-03-03
000937,2012-03-03
000960,2012-03-03
000961,2012-03-03
000968,2012-03-03
000969,2012-03-03
000983,2012-03-03
000999,2012-03-03
002001,2012-03-03
002007,2012-03-03
002024,2012-03-03
002038,2012-03-03
002069,2012-03-03
002073,2012-03-03
002092,2012-03-03
002106,2012-03-03
002122,2012-03-03
002128,2012-03-03
002142,2012-03-03
002146,2012-03-03
002155,2012-03-03
002202,2012-03-03
002244,2012-03-03
002299,2012-03-03
002304,2012-03-03
002310,2012-03-03
002344,2012-03-03
002378,2012-03-03
002385,2012-03-03
002399,2012-03-03
002405,2012-03-03
002415,2012-03-03
002422,2012-03-03
002431,2012-03-03
002493,2012-03-03
002498,2012-03-03
002500,2012-03-03
002594,2012-03-03
002603,2012-03-03
600000,2012-03-28
600005,2012-03-28
600008,2012-03-28
600009,2012-03-28
600010,2012-03-28
600015,2012-03-28
600016,2012-03-28
600019,2012-03-28
600026,2012-03-28
600028,2012-03-28
600029,2012-03-28
600030,2012-03-28
600031,2012-03-28
600036,2012-03-28
600037,2012-03-28
600048,2012-03-28
600050,2012-03-28
600058,2012-03-28
600062,2012-03-28
600066,2012-03-28
600068,2012-03-28
600085,2012-03-28
600089,2012-03-28
600096,2012-03-28
600098,2012-03-28
600100,2012-03-28
600104,2012-03-28
600108,2012-03-28
600109,2012-03-28
600111,2012-03-28
600115,2012-03-28
600118,2012-03-28
600123,2012-03-28
600125,2012-03-28
600132,2012-03-28
600143,2012-03-28
600150,2012-03-28
600151,2012-03-28
600153,2012-03-28
600160,2012-03-28
600161,2012-03-28
600166,2012-03-28
600169,2012-03-28
600170,2012-03-28
600177,2012-03-28
600183,2012-03-28
600188,2012-03-28
600196,2012-03-28
600208,2012-03-28
600216,2012-03-28
600219,2012-03-28
600221,2012-03-28
600252,2012-03-28
600256,2012-03-28
600259,2012-03-28
600266,2012-03-28
600267,2012-03-28
600271,2012-03-28
600276,2012-03-28
600307,2012-03-28
600309,2012-03-28
600316,2012-03-28
600320,2012-03-28
600331,2012-03-28
600348,2012-03-28
600352,2012-03-28
600362,2012-03-28
600369,2012-03-28
600372,2012-03-28
600376,2012-03-28
600380,2012-03-28
600383,2012-03-28
600395,2012-03-28
600406,2012-03-28
600415,2012-03-28
600418,2012-03-28
600428,2012-03-28
600432,2012-03-28
600456,2012-03-28
600481,2012-03-28
600489,2012-03-28
600497,2012-03-28
600498,2012-03-28
600500,2012-03-28
600508,2012-03-28
600516,2012-03-28
600518,2012-03-28
600519,2012-03-28
600528,2012-03-28
600535,2012-03-28
600546,2012-03-28
600547,2012-03-28
600549,2012-03-28
600550,2012-03-28
600582,2012-03-28
600583,2012-03-28
600585,2012-03-28
600588,2012-03-28
600595,2012-03-28
600598,2012-03-28
600600,2012-03-28
600635,2012-03-28
600642,2012-03-28
600649,2012-03-28
600655,2012-03-28
600660,2012-03-28
600664,2012-03-28
600674,2012-03-28
600690,2012-03-28
600694,2012-03-28
600703,2012-03-28
600718,2012-03-28
600737,2012-03-28
600739,2012-03-28
600741,2012-03-28
600770,2012-03-28
600779,2012-03-28
600783,2012-03-28
600795,2012-03-28
600804,2012-03-28
600808,2012-03-28
600809,2012-03-28
600811,2012-03-28
600812,2012-03-28
600832,2012-03-28
600837,2012-03-28
600839,2012-03-28
600859,2012-03-28
600863,2012-03-28
600873,2012-03-28
600875,2012-03-28
600879,2012-03-28
600881,2012-03-28
600887,2012-03-28
600893,2012-03-28
600895,2012-03-28
600900,2012-03-28
600970,2012-03-28
600971,2012-03-28
600997,2012-03-28
600999,2012-03-28
601001,2012-03-28
601006,2012-03-28
601009,2012-03-28
601018,2012-03-28
601088,2012-03-28
601098,2012-03-28
601099,2012-03-28
601101,2012-03-28
601106,2012-03-28
601111,2012-03-28
601117,2012-03-28
601118,2012-03-28
601158,2012-03-28
601166,2012-03-28
601168,2012-03-28
601169,2012-03-28
601179,2012-03-28
601186,2012-03-28
601216,2012-03-28
601233,2012-03-28
601258,2012-03-28
601268,2012-03-28
601288,2012-03-28
601299,2012-03-28
601318,2012-03-28
601328,2012-03-28
601333,2012-03-28
601369,2012-03-28
601377,2012-03-28
601390,2012-03-28
601398,2012-03-28
601519,2012-03-28
601558,2012-03-28
601600,2012-03-28
601601,2012-03-28
601607,2012-03-28
601618,2012-03-28
601628,2012-03-28
601666,2012-03-28
601668,2012-03-28
601688,2012-03-28
601699,2012-03-28
601717,2012-03-28
601718,2012-03-28
601727,2012-03-28
601766,2012-03-28
601788,2012-03-28
601808,2012-03-28
601818,2012-03-28
601857,2012-03-28
601866,2012-03-28
601888,2012-03-28
601898,2012-03-28
601899,2012-03-28
601918,2012-03-28
601919,2012-03-28
601933,2012-03-28
601939,2012-03-28
601958,2012-03-28
601988,2012-03-28
601989,2012-03-28
601991,2012-03-28
601992,2012-03-28
601998,2012-03-28
000001,2012-03-28
000002,2012-03-28
000009,2012-03-28
000012,2012-03-28
000021,2012-03-28
000024,2012-03-28
000027,2012-03-28
000039,2012-03-28
000059,2012-03-28
000060,2012-03-28
000061,2012-03-28
000063,2012-03-28
000069,2012-03-28
000100,2012-03-28
000157,2012-03-28
000338,2012-03-28
000401,2012-03-28
000402,2012-03-28
000422,2012-03-28
000423,2012-03-28
000425,2012-03-28
000527,2012-03-28
000528,2012-03-28
000538,2012-03-28
000559,2012-03-28
000562,2012-03-28
000568,2012-03-28
000581,2012-03-28
000623,2012-03-28
000625,2012-03-28
000629,2012-03-28
000630,2012-03-28
000651,2012-03-28
000680,2012-03-28
000686,2012-03-28
000709,2012-03-28
000718,2012-03-28
000728,2012-03-28
000729,2012-03-28
000758,2012-03-28
000768,2012-03-28
000776,2012-03-28
000778,2012-03-28
000780,2012-03-28
000783,2012-03-28
000792,2012-03-28
000800,2012-03-28
000807,2012-03-28
000825,2012-03-28
000839,2012-03-28
000858,2012-03-28
000869,2012-03-28
000876,2012-03-28
000878,2012-03-28
000895,2012-03-28
000898,2012-03-28
000933,2012-03-28
000937,2012-03-28
000960,2012-03-28
000961,2012-03-28
000968,2012-03-28
000969,2012-03-28
000983,2012-03-28
000999,2012-03-28
002001,2012-03-28
002007,2012-03-28
002024,2012-03-28
002038,2012-03-28
002069,2012-03-28
002073,2012-03-28
002092,2012-03-28
002106,2012-03-28
002122,2012-03-28
002128,2012-03-28
002142,2012-03-28
002146,2012-03-28
002155,2012-03-28
002202,2012-03-28
002244,2012-03-28
002299,2012-03-28
002304,2012-03-28
002310,2012-03-28
002344,2012-03-28
002378,2012-03-28
002385,2012-03-28
002399,2012-03-28
002405,2012-03-28
002415,2012-03-28
002422,2012-03-28
002431,2012-03-28
002493,2012-03-28
002498,2012-03-28
002500,2012-03-28
002594,2012-03-28
002603,2012-03-28
600000,2012-09-01
600005,2012-09-01
600009,2012-09-01
600010,2012-09-01
600011,2012-09-01
600015,2012-09-01
600016,2012-09-01
600019,2012-09-01
600022,2012-09-01
600028,2012-09-01
600029,2012-09-01
600030,2012-09-01
600031,2012-09-01
600036,2012-09-01
600037,2012-09-01
600048,2012-09-01
600050,2012-09-01
600058,2012-09-01
600062,2012-09-01
600066,2012-09-01
600068,2012-09-01
600085,2012-09-01
600089,2012-09-01
600096,2012-09-01
600100,2012-09-01
600104,2012-09-01
600108,2012-09-01
600109,2012-09-01
600111,2012-09-01
600115,2012-09-01
600118,2012-09-01
600123,2012-09-01
600125,2012-09-01
600132,2012-09-01
600143,2012-09-01
600150,2012-09-01
600153,2012-09-01
600160,2012-09-01
600166,2012-09-01
600169,2012-09-01
600170,2012-09-01
600177,2012-09-01
600183,2012-09-01
600188,2012-09-01
600196,2012-09-01
600208,2012-09-01
600216,2012-09-01
600219,2012-09-01
600221,2012-09-01
600252,2012-09-01
600256,2012-09-01
600259,2012-09-01
600266,2012-09-01
600267,2012-09-01
600271,2012-09-01
600276,2012-09-01
600307,2012-09-01
600309,2012-09-01
600315,2012-09-01
600316,2012-09-01
600320,2012-09-01
600331,2012-09-01
600348,2012-09-01
600352,2012-09-01
600362,2012-09-01
600369,2012-09-01
600372,2012-09-01
600376,2012-09-01
600383,2012-09-01
600395,2012-09-01
600406,2012-09-01
600415,2012-09-01
600418,2012-09-01
600432,2012-09-01
600456,2012-09-01
600489,2012-09-01
600497,2012-09-01
600498,2012-09-01
600500,2012-09-01
600508,2012-09-01
600516,2012-09-01
600518,2012-09-01
600519,2012-09-01
600528,2012-09-01
600535,2012-09-01
600546,2012-09-01
600547,2012-09-01
600549,2012-09-01
600550,2012-09-01
600583,2012-09-01
600585,2012-09-01
600588,2012-09-01
600595,2012-09-01
600598,2012-09-01
600600,2012-09-01
600642,2012-09-01
600649,2012-09-01
600655,2012-09-01
600660,2012-09-01
600664,2012-09-01
600674,2012-09-01
600690,2012-09-01
600694,2012-09-01
600703,2012-09-01
600718,2012-09-01
600739,2012-09-01
600741,2012-09-01
600770,2012-09-01
600779,2012-09-01
600783,2012-09-01
600795,2012-09-01
600804,2012-09-01
600809,2012-09-01
600811,2012-09-01
600812,2012-09-01
600827,2012-09-01
600832,2012-09-01
600837,2012-09-01
600839,2012-09-01
600859,2012-09-01
600863,2012-09-01
600873,2012-09-01
600875,2012-09-01
600881,2012-09-01
600887,2012-09-01
600893,2012-09-01
600895,2012-09-01
600900,2012-09-01
600970,2012-09-01
600971,2012-09-01
600997,2012-09-01
600999,2012-09-01
601001,2012-09-01
601006,2012-09-01
601009,2012-09-01
601018,2012-09-01
601088,2012-09-01
601098,2012-09-01
601099,2012-09-01
601101,2012-09-01
601106,2012-09-01
601111,2012-09-01
601117,2012-09-01
601118,2012-09-01
601158,2012-09-01
601166,2012-09-01
601168,2012-09-01
601169,2012-09-01
601179,2012-09-01
601186,2012-09-01
601216,2012-09-01
601233,2012-09-01
601258,2012-09-01
601268,2012-09-01
601288,2012-09-01
601299,2012-09-01
601318,2012-09-01
601328,2012-09-01
601333,2012-09-01
601336,2012-09-01
601369,2012-09-01
601377,2012-09-01
601390,2012-09-01
601398,2012-09-01
601555,2012-09-01
601558,2012-09-01
601566,2012-09-01
601600,2012-09-01
601601,2012-09-01
601607,2012-09-01
601618,2012-09-01
601628,2012-09-01
601633,2012-09-01
601666,2012-09-01
601668,2012-09-01
601669,2012-09-01
601688,2012-09-01
601699,2012-09-01
601717,2012-09-01
601718,2012-09-01
601766,2012-09-01
601788,2012-09-01
601808,2012-09-01
601818,2012-09-01
601857,2012-09-01
601866,2012-09-01
601888,2012-09-01
601898,2012-09-01
601899,2012-09-01
601901,2012-09-01
601918,2012-09-01
601919,2012-09-01
601928,2012-09-01
601933,2012-09-01
601939,2012-09-01
601958,2012-09-01
601988,2012-09-01
601989,2012-09-01
601991,2012-09-01
601992,2012-09-01
601998,2012-09-01
000001,2012-09-01
000002,2012-09-01
000009,2012-09-01
000012,2012-09-01
000021,2012-09-01
000024,2012-09-01
000039,2012-09-01
000046,2012-09-01
000059,2012-09-01
000060,2012-09-01
000061,2012-09-01
000063,2012-09-01
000069,2012-09-01
000100,2012-09-01
000157,2012-09-01
000338,2012-09-01
000401,2012-09-01
000402,2012-09-01
000422,2012-09-01
000423,2012-09-01
000425,2012-09-01
000527,2012-09-01
000528,2012-09-01
000538,2012-09-01
000559,2012-09-01
000562,2012-09-01
000568,2012-09-01
000581,2012-09-01
000623,2012-09-01
000625,2012-09-01
000629,2012-09-01
000630,2012-09-01
000651,2012-09-01
000680,2012-09-01
000686,2012-09-01
000703,2012-09-01
000709,2012-09-01
000718,2012-09-01
000725,2012-09-01
000728,2012-09-01
000729,2012-09-01
000758,2012-09-01
000768,2012-09-01
000776,2012-09-01
000778,2012-09-01
000780,2012-09-01
000783,2012-09-01
000792,2012-09-01
000800,2012-09-01
000807,2012-09-01
000825,2012-09-01
000839,2012-09-01
000858,2012-09-01
000869,2012-09-01
000876,2012-09-01
000878,2012-09-01
000895,2012-09-01
000898,2012-09-01
000933,2012-09-01
000937,2012-09-01
000960,2012-09-01
000961,2012-09-01
000968,2012-09-01
000969,2012-09-01
000983,2012-09-01
000999,2012-09-01
002001,2012-09-01
002007,2012-09-01
002024,2012-09-01
002038,2012-09-01
002069,2012-09-01
002073,2012-09-01
002081,2012-09-01
002092,2012-09-01
002106,2012-09-01
002122,2012-09-01
002128,2012-09-01
002142,2012-09-01
002146,2012-09-01
002155,2012-09-01
002202,2012-09-01
002241,2012-09-01
002299,2012-09-01
002304,2012-09-01
002310,2012-09-01
002344,2012-09-01
002353,2012-09-01
002378,2012-09-01
002385,2012-09-01
002399,2012-09-01
002405,2012-09-01
002415,2012-09-01
002422,2012-09-01
002431,2012-09-01
002493,2012-09-01
002500,2012-09-01
002570,2012-09-01
002594,2012-09-01
002603,2012-09-01
600000,2012-09-02
600005,2012-09-02
600009,2012-09-02
600010,2012-09-02
600011,2012-09-02
600015,2012-09-02
600016,2012-09-02
600019,2012-09-02
600022,2012-09-02
600028,2012-09-02
600029,2012-09-02
600030,2012-09-02
600031,2012-09-02
600036,2012-09-02
600037,2012-09-02
600048,2012-09-02
600050,2012-09-02
600058,2012-09-02
600062,2012-09-02
600066,2012-09-02
600068,2012-09-02
600085,2012-09-02
600089,2012-09-02
600096,2012-09-02
600100,2012-09-02
600104,2012-09-02
600108,2012-09-02
600109,2012-09-02
600111,2012-09-02
600115,2012-09-02
600118,2012-09-02
600123,2012-09-02
600125,2012-09-02
600132,2012-09-02
600143,2012-09-02
600150,2012-09-02
600153,2012-09-02
600160,2012-09-02
600166,2012-09-02
600169,2012-09-02
600170,2012-09-02
600177,2012-09-02
600183,2012-09-02
600188,2012-09-02
600196,2012-09-02
600208,2012-09-02
600216,2012-09-02
600219,2012-09-02
600221,2012-09-02
600252,2012-09-02
600256,2012-09-02
600259,2012-09-02
600266,2012-09-02
600267,2012-09-02
600271,2012-09-02
600276,2012-09-02
600307,2012-09-02
600309,2012-09-02
600315,2012-09-02
600316,2012-09-02
600320,2012-09-02
600331,2012-09-02
600348,2012-09-02
600352,2012-09-02
600362,2012-09-02
600369,2012-09-02
600372,2012-09-02
600376,2012-09-02
600383,2012-09-02
600395,2012-09-02
600406,2012-09-02
600415,2012-09-02
600418,2012-09-02
600432,2012-09-02
600456,2012-09-02
600489,2012-09-02
600497,2012-09-02
600498,2012-09-02
600500,2012-09-02
600508,2012-09-02
600516,2012-09-02
600518,2012-09-02
600519,2012-09-02
600528,2012-09-02
600535,2012-09-02
600546,2012-09-02
600547,2012-09-02
600549,2012-09-02
600550,2012-09-02
600583,2012-09-02
600585,2012-09-02
600588,2012-09-02
600595,2012-09-02
600598,2012-09-02
600600,2012-09-02
600642,2012-09-02
600649,2012-09-02
600655,2012-09-02
600660,2012-09-02
600664,2012-09-02
600674,2012-09-02
600690,2012-09-02
600694,2012-09-02
600703,2012-09-02
600718,2012-09-02
600739,2012-09-02
600741,2012-09-02
600770,2012-09-02
600779,2012-09-02
600783,2012-09-02
600795,2012-09-02
600804,2012-09-02
600809,2012-09-02
600811,2012-09-02
600812,2012-09-02
600827,2012-09-02
600832,2012-09-02
600837,2012-09-02
600839,2012-09-02
600859,2012-09-02
600863,2012-09-02
600873,2012-09-02
600875,2012-09-02
600881,2012-09-02
600887,2012-09-02
600893,2012-09-02
600895,2012-09-02
600900,2012-09-02
600970,2012-09-02
600971,2012-09-02
600997,2012-09-02
600999,2012-09-02
601001,2012-09-02
601006,2012-09-02
601009,2012-09-02
601018,2012-09-02
601088,2012-09-02
601098,2012-09-02
601099,2012-09-02
601101,2012-09-02
601106,2012-09-02
601111,2012-09-02
601117,2012-09-02
601118,2012-09-02
601158,2012-09-02
601166,2012-09-02
601168,2012-09-02
601169,2012-09-02
601179,2012-09-02
601186,2012-09-02
601216,2012-09-02
601233,2012-09-02
601258,2012-09-02
601268,2012-09-02
601288,2012-09-02
601299,2012-09-02
601318,2012-09-02
601328,2012-09-02
601333,2012-09-02
601336,2012-09-02
601369,2012-09-02
601377,2012-09-02
601390,2012-09-02
601398,2012-09-02
601555,2012-09-02
601558,2012-09-02
601566,2012-09-02
601600,2012-09-02
601601,2012-09-02
601607,2012-09-02
601618,2012-09-02
601628,2012-09-02
601633,2012-09-02
601666,2012-09-02
601668,2012-09-02
601669,2012-09-02
601688,2012-09-02
601699,2012-09-02
601717,2012-09-02
601718,2012-09-02
601766,2012-09-02
601788,2012-09-02
601808,2012-09-02
601818,2012-09-02
601857,2012-09-02
601866,2012-09-02
601888,2012-09-02
601898,2012-09-02
601899,2012-09-02
601901,2012-09-02
601918,2012-09-02
601919,2012-09-02
601928,2012-09-02
601933,2012-09-02
601939,2012-09-02
601958,2012-09-02
601988,2012-09-02
601989,2012-09-02
601991,2012-09-02
601992,2012-09-02
601998,2012-09-02
000001,2012-09-02
000002,2012-09-02
000009,2012-09-02
000012,2012-09-02
000021,2012-09-02
000024,2012-09-02
000039,2012-09-02
000046,2012-09-02
000059,2012-09-02
000060,2012-09-02
000061,2012-09-02
000063,2012-09-02
000069,2012-09-02
000100,2012-09-02
000157,2012-09-02
000338,2012-09-02
000401,2012-09-02
000402,2012-09-02
000422,2012-09-02
000423,2012-09-02
000425,2012-09-02
000527,2012-09-02
000528,2012-09-02
000538,2012-09-02
000559,2012-09-02
000562,2012-09-02
000568,2012-09-02
000581,2012-09-02
000623,2012-09-02
000625,2012-09-02
000629,2012-09-02
000630,2012-09-02
000651,2012-09-02
000680,2012-09-02
000686,2012-09-02
000703,2012-09-02
000709,2012-09-02
000718,2012-09-02
000725,2012-09-02
000728,2012-09-02
000729,2012-09-02
000758,2012-09-02
000768,2012-09-02
000776,2012-09-02
000778,2012-09-02
000780,2012-09-02
000783,2012-09-02
000792,2012-09-02
000800,2012-09-02
000807,2012-09-02
000825,2012-09-02
000839,2012-09-02
000858,2012-09-02
000869,2012-09-02
000876,2012-09-02
000878,2012-09-02
000895,2012-09-02
000898,2012-09-02
000933,2012-09-02
000937,2012-09-02
000960,2012-09-02
000961,2012-09-02
000968,2012-09-02
000969,2012-09-02
000983,2012-09-02
000999,2012-09-02
002001,2012-09-02
002007,2012-09-02
002024,2012-09-02
002038,2012-09-02
002069,2012-09-02
002073,2012-09-02
002081,2012-09-02
002092,2012-09-02
002106,2012-09-02
002122,2012-09-02
002128,2012-09-02
002142,2012-09-02
002146,2012-09-02
002155,2012-09-02
002202,2012-09-02
002241,2012-09-02
002299,2012-09-02
002304,2012-09-02
002310,2012-09-02
002344,2012-09-02
002353,2012-09-02
002378,2012-09-02
002385,2012-09-02
002399,2012-09-02
002405,2012-09-02
002415,2012-09-02
002422,2012-09-02
002431,2012-09-02
002493,2012-09-02
002500,2012-09-02
002570,2012-09-02
002594,2012-09-02
002603,2012-09-02
600000,2012-09-03
600005,2012-09-03
600009,2012-09-03
600010,2012-09-03
600011,2012-09-03
600015,2012-09-03
600016,2012-09-03
600019,2012-09-03
600022,2012-09-03
600028,2012-09-03
600029,2012-09-03
600030,2012-09-03
600031,2012-09-03
600036,2012-09-03
600037,2012-09-03
600048,2012-09-03
600050,2012-09-03
600058,2012-09-03
600062,2012-09-03
600066,2012-09-03
600068,2012-09-03
600085,2012-09-03
600089,2012-09-03
600096,2012-09-03
600100,2012-09-03
600104,2012-09-03
600108,2012-09-03
600109,2012-09-03
600111,2012-09-03
600115,2012-09-03
600118,2012-09-03
600123,2012-09-03
600125,2012-09-03
600132,2012-09-03
600143,2012-09-03
600150,2012-09-03
600153,2012-09-03
600160,2012-09-03
600166,2012-09-03
600169,2012-09-03
600170,2012-09-03
600177,2012-09-03
600183,2012-09-03
600188,2012-09-03
600196,2012-09-03
600208,2012-09-03
600216,2012-09-03
600219,2012-09-03
600221,2012-09-03
600252,2012-09-03
600256,2012-09-03
600259,2012-09-03
600266,2012-09-03
600267,2012-09-03
600271,2012-09-03
600276,2012-09-03
600307,2012-09-03
600309,2012-09-03
600315,2012-09-03
600316,2012-09-03
600320,2012-09-03
600331,2012-09-03
600348,2012-09-03
600352,2012-09-03
600362,2012-09-03
600369,2012-09-03
600372,2012-09-03
600376,2012-09-03
600383,2012-09-03
600395,2012-09-03
600406,2012-09-03
600415,2012-09-03
600418,2012-09-03
600432,2012-09-03
600456,2012-09-03
600489,2012-09-03
600497,2012-09-03
600498,2012-09-03
600500,2012-09-03
600508,2012-09-03
600516,2012-09-03
600518,2012-09-03
600519,2012-09-03
600528,2012-09-03
600535,2012-09-03
600546,2012-09-03
600547,2012-09-03
600549,2012-09-03
600550,2012-09-03
600583,2012-09-03
600585,2012-09-03
600588,2012-09-03
600595,2012-09-03
600598,2012-09-03
600600,2012-09-03
600642,2012-09-03
600649,2012-09-03
600655,2012-09-03
600660,2012-09-03
600664,2012-09-03
600674,2012-09-03
600690,2012-09-03
600694,2012-09-03
600703,2012-09-03
600718,2012-09-03
600739,2012-09-03
600741,2012-09-03
600770,2012-09-03
600779,2012-09-03
600783,2012-09-03
600795,2012-09-03
600804,2012-09-03
600809,2012-09-03
600811,2012-09-03
600812,2012-09-03
600827,2012-09-03
600832,2012-09-03
600837,2012-09-03
600839,2012-09-03
600859,2012-09-03
600863,2012-09-03
600873,2012-09-03
600875,2012-09-03
600881,2012-09-03
600887,2012-09-03
600893,2012-09-03
600895,2012-09-03
600900,2012-09-03
600970,2012-09-03
600971,2012-09-03
600997,2012-09-03
600999,2012-09-03
601001,2012-09-03
601006,2012-09-03
601009,2012-09-03
601018,2012-09-03
601088,2012-09-03
601098,2012-09-03
601099,2012-09-03
601101,2012-09-03
601106,2012-09-03
601111,2012-09-03
601117,2012-09-03
601118,2012-09-03
601158,2012-09-03
601166,2012-09-03
601168,2012-09-03
601169,2012-09-03
601179,2012-09-03
601186,2012-09-03
601216,2012-09-03
601233,2012-09-03
601258,2012-09-03
601268,2012-09-03
601288,2012-09-03
601299,2012-09-03
601318,2012-09-03
601328,2012-09-03
601333,2012-09-03
601336,2012-09-03
601369,2012-09-03
601377,2012-09-03
601390,2012-09-03
601398,2012-09-03
601555,2012-09-03
601558,2012-09-03
601566,2012-09-03
601600,2012-09-03
601601,2012-09-03
601607,2012-09-03
601618,2012-09-03
601628,2012-09-03
601633,2012-09-03
601666,2012-09-03
601668,2012-09-03
601669,2012-09-03
601688,2012-09-03
601699,2012-09-03
601717,2012-09-03
601718,2012-09-03
601766,2012-09-03
601788,2012-09-03
601808,2012-09-03
601818,2012-09-03
601857,2012-09-03
601866,2012-09-03
601888,2012-09-03
601898,2012-09-03
601899,2012-09-03
601901,2012-09-03
601918,2012-09-03
601919,2012-09-03
601928,2012-09-03
601933,2012-09-03
601939,2012-09-03
601958,2012-09-03
601988,2012-09-03
601989,2012-09-03
601991,2012-09-03
601992,2012-09-03
601998,2012-09-03
000001,2012-09-03
000002,2012-09-03
000009,2012-09-03
000012,2012-09-03
000021,2012-09-03
000024,2012-09-03
000039,2012-09-03
000046,2012-09-03
000059,2012-09-03
000060,2012-09-03
000061,2012-09-03
000063,2012-09-03
000069,2012-09-03
000100,2012-09-03
000157,2012-09-03
000338,2012-09-03
000401,2012-09-03
000402,2012-09-03
000422,2012-09-03
000423,2012-09-03
000425,2012-09-03
000527,2012-09-03
000528,2012-09-03
000538,2012-09-03
000559,2012-09-03
000562,2012-09-03
000568,2012-09-03
000581,2012-09-03
000623,2012-09-03
000625,2012-09-03
000629,2012-09-03
000630,2012-09-03
000651,2012-09-03
000680,2012-09-03
000686,2012-09-03
000703,2012-09-03
000709,2012-09-03
000718,2012-09-03
000725,2012-09-03
000728,2012-09-03
000729,2012-09-03
000758,2012-09-03
000768,2012-09-03
000776,2012-09-03
000778,2012-09-03
000780,2012-09-03
000783,2012-09-03
000792,2012-09-03
000800,2012-09-03
000807,2012-09-03
000825,2012-09-03
000839,2012-09-03
000858,2012-09-03
000869,2012-09-03
000876,2012-09-03
000878,2012-09-03
000895,2012-09-03
000898,2012-09-03
000933,2012-09-03
000937,2012-09-03
000960,2012-09-03
000961,2012-09-03
000968,2012-09-03
000969,2012-09-03
000983,2012-09-03
000999,2012-09-03
002001,2012-09-03
002007,2012-09-03
002024,2012-09-03
002038,2012-09-03
002069,2012-09-03
002073,2012-09-03
002081,2012-09-03
002092,2012-09-03
002106,2012-09-03
002122,2012-09-03
002128,2012-09-03
002142,2012-09-03
002146,2012-09-03
002155,2012-09-03
002202,2012-09-03
002241,2012-09-03
002299,2012-09-03
002304,2012-09-03
002310,2012-09-03
002344,2012-09-03
002353,2012-09-03
002378,2012-09-03
002385,2012-09-03
002399,2012-09-03
002405,2012-09-03
002415,2012-09-03
002422,2012-09-03
002431,2012-09-03
002493,2012-09-03
002500,2012-09-03
002570,2012-09-03
002594,2012-09-03
002603,2012-09-03
600000,2012-09-28
600005,2012-09-28
600009,2012-09-28
600010,2012-09-28
600011,2012-09-28
600015,2012-09-28
600016,2012-09-28
600019,2012-09-28
600022,2012-09-28
600028,2012-09-28
600029,2012-09-28
600030,2012-09-28
600031,2012-09-28
600036,2012-09-28
600037,2012-09-28
600048,2012-09-28
600050,2012-09-28
600058,2012-09-28
600062,2012-09-28
600066,2012-09-28
600068,2012-09-28
600085,2012-09-28
600089,2012-09-28
600096,2012-09-28
600100,2012-09-28
600104,2012-09-28
600108,2012-09-28
600109,2012-09-28
600111,2012-09-28
600115,2012-09-28
600118,2012-09-28
600123,2012-09-28
600125,2012-09-28
600132,2012-09-28
600143,2012-09-28
600150,2012-09-28
600153,2012-09-28
600160,2012-09-28
600166,2012-09-28
600169,2012-09-28
600170,2012-09-28
600177,2012-09-28
600183,2012-09-28
600188,2012-09-28
600196,2012-09-28
600208,2012-09-28
600216,2012-09-28
600219,2012-09-28
600221,2012-09-28
600252,2012-09-28
600256,2012-09-28
600259,2012-09-28
600266,2012-09-28
600267,2012-09-28
600271,2012-09-28
600276,2012-09-28
600307,2012-09-28
600309,2012-09-28
600315,2012-09-28
600316,2012-09-28
600320,2012-09-28
600331,2012-09-28
600348,2012-09-28
600352,2012-09-28
600362,2012-09-28
600369,2012-09-28
600372,2012-09-28
600376,2012-09-28
600383,2012-09-28
600395,2012-09-28
600406,2012-09-28
600415,2012-09-28
600418,2012-09-28
600432,2012-09-28
600456,2012-09-28
600489,2012-09-28
600497,2012-09-28
600498,2012-09-28
600500,2012-09-28
600508,2012-09-28
600516,2012-09-28
600518,2012-09-28
600519,2012-09-28
600528,2012-09-28
600535,2012-09-28
600546,2012-09-28
600547,2012-09-28
600549,2012-09-28
600550,2012-09-28
600583,2012-09-28
600585,2012-09-28
600588,2012-09-28
600595,2012-09-28
600598,2012-09-28
600600,2012-09-28
600642,2012-09-28
600649,2012-09-28
600655,2012-09-28
600660,2012-09-28
600664,2012-09-28
600674,2012-09-28
600690,2012-09-28
600694,2012-09-28
600703,2012-09-28
600718,2012-09-28
600739,2012-09-28
600741,2012-09-28
600770,2012-09-28
600779,2012-09-28
600783,2012-09-28
600795,2012-09-28
600804,2012-09-28
600809,2012-09-28
600811,2012-09-28
600812,2012-09-28
600827,2012-09-28
600832,2012-09-28
600837,2012-09-28
600839,2012-09-28
600859,2012-09-28
600863,2012-09-28
600873,2012-09-28
600875,2012-09-28
600881,2012-09-28
600887,2012-09-28
600893,2012-09-28
600895,2012-09-28
600900,2012-09-28
600970,2012-09-28
600971,2012-09-28
600997,2012-09-28
600999,2012-09-28
601001,2012-09-28
601006,2012-09-28
601009,2012-09-28
601018,2012-09-28
601088,2012-09-28
601098,2012-09-28
601099,2012-09-28
601101,2012-09-28
601106,2012-09-28
601111,2012-09-28
601117,2012-09-28
601118,2012-09-28
601158,2012-09-28
601166,2012-09-28
601168,2012-09-28
601169,2012-09-28
601179,2012-09-28
601186,2012-09-28
601216,2012-09-28
601233,2012-09-28
601258,2012-09-28
601268,2012-09-28
601288,2012-09-28
601299,2012-09-28
601318,2012-09-28
601328,2012-09-28
601333,2012-09-28
601336,2012-09-28
601369,2012-09-28
601377,2012-09-28
601390,2012-09-28
601398,2012-09-28
601555,2012-09-28
601558,2012-09-28
601566,2012-09-28
601600,2012-09-28
601601,2012-09-28
601607,2012-09-28
601618,2012-09-28
601628,2012-09-28
601633,2012-09-28
601666,2012-09-28
601668,2012-09-28
601669,2012-09-28
601688,2012-09-28
601699,2012-09-28
601717,2012-09-28
601718,2012-09-28
601766,2012-09-28
601788,2012-09-28
601808,2012-09-28
601818,2012-09-28
601857,2012-09-28
601866,2012-09-28
601888,2012-09-28
601898,2012-09-28
601899,2012-09-28
601901,2012-09-28
601918,2012-09-28
601919,2012-09-28
601928,2012-09-28
601933,2012-09-28
601939,2012-09-28
601958,2012-09-28
601988,2012-09-28
601989,2012-09-28
601991,2012-09-28
601992,2012-09-28
601998,2012-09-28
000001,2012-09-28
000002,2012-09-28
000009,2012-09-28
000012,2012-09-28
000021,2012-09-28
000024,2012-09-28
000039,2012-09-28
000046,2012-09-28
000059,2012-09-28
000060,2012-09-28
000061,2012-09-28
000063,2012-09-28
000069,2012-09-28
000100,2012-09-28
000157,2012-09-28
000338,2012-09-28
000401,2012-09-28
000402,2012-09-28
000422,2012-09-28
000423,2012-09-28
000425,2012-09-28
000527,2012-09-28
000528,2012-09-28
000538,2012-09-28
000559,2012-09-28
000562,2012-09-28
000568,2012-09-28
000581,2012-09-28
000623,2012-09-28
000625,2012-09-28
000629,2012-09-28
000630,2012-09-28
000651,2012-09-28
000680,2012-09-28
000686,2012-09-28
000703,2012-09-28
000709,2012-09-28
000718,2012-09-28
000725,2012-09-28
000728,2012-09-28
000729,2012-09-28
000758,2012-09-28
000768,2012-09-28
000776,2012-09-28
000778,2012-09-28
000780,2012-09-28
000783,2012-09-28
000792,2012-09-28
000800,2012-09-28
000807,2012-09-28
000825,2012-09-28
000839,2012-09-28
000858,2012-09-28
000869,2012-09-28
000876,2012-09-28
000878,2012-09-28
000895,2012-09-28
000898,2012-09-28
000933,2012-09-28
000937,2012-09-28
000960,2012-09-28
000961,2012-09-28
000968,2012-09-28
000969,2012-09-28
000983,2012-09-28
000999,2012-09-28
002001,2012-09-28
002007,2012-09-28
002024,2012-09-28
002038,2012-09-28
002069,2012-09-28
002073,2012-09-28
002081,2012-09-28
002092,2012-09-28
002106,2012-09-28
002122,2012-09-28
002128,2012-09-28
002142,2012-09-28
002146,2012-09-28
002155,2012-09-28
002202,2012-09-28
002241,2012-09-28
002299,2012-09-28
002304,2012-09-28
002310,2012-09-28
002344,2012-09-28
002353,2012-09-28
002378,2012-09-28
002385,2012-09-28
002399,2012-09-28
002405,2012-09-28
002415,2012-09-28
002422,2012-09-28
002431,2012-09-28
002493,2012-09-28
002500,2012-09-28
002570,2012-09-28
002594,2012-09-28
002603,2012-09-28
600000,2013-03-01
600005,2013-03-01
600009,2013-03-01
600010,2013-03-01
600011,2013-03-01
600015,2013-03-01
600016,2013-03-01
600019,2013-03-01
600022,2013-03-01
600027,2013-03-01
600028,2013-03-01
600029,2013-03-01
600030,2013-03-01
600031,2013-03-01
600036,2013-03-01
600037,2013-03-01
600048,2013-03-01
600050,2013-03-01
600058,2013-03-01
600062,2013-03-01
600066,2013-03-01
600068,2013-03-01
600085,2013-03-01
600089,2013-03-01
600096,2013-03-01
600100,2013-03-01
600104,2013-03-01
600108,2013-03-01
600109,2013-03-01
600111,2013-03-01
600115,2013-03-01
600118,2013-03-01
600123,2013-03-01
600125,2013-03-01
600132,2013-03-01
600143,2013-03-01
600150,2013-03-01
600153,2013-03-01
600157,2013-03-01
600160,2013-03-01
600166,2013-03-01
600169,2013-03-01
600170,2013-03-01
600177,2013-03-01
600188,2013-03-01
600196,2013-03-01
600208,2013-03-01
600216,2013-03-01
600219,2013-03-01
600221,2013-03-01
600252,2013-03-01
600256,2013-03-01
600259,2013-03-01
600266,2013-03-01
600267,2013-03-01
600271,2013-03-01
600276,2013-03-01
600309,2013-03-01
600315,2013-03-01
600316,2013-03-01
600331,2013-03-01
600340,2013-03-01
600348,2013-03-01
600352,2013-03-01
600362,2013-03-01
600369,2013-03-01
600372,2013-03-01
600376,2013-03-01
600383,2013-03-01
600395,2013-03-01
600406,2013-03-01
600415,2013-03-01
600432,2013-03-01
600456,2013-03-01
600489,2013-03-01
600497,2013-03-01
600498,2013-03-01
600508,2013-03-01
600516,2013-03-01
600518,2013-03-01
600519,2013-03-01
600528,2013-03-01
600535,2013-03-01
600546,2013-03-01
600547,2013-03-01
600549,2013-03-01
600550,2013-03-01
600582,2013-03-01
600583,2013-03-01
600585,2013-03-01
600588,2013-03-01
600598,2013-03-01
600600,2013-03-01
600637,2013-03-01
600642,2013-03-01
600649,2013-03-01
600655,2013-03-01
600660,2013-03-01
600664,2013-03-01
600674,2013-03-01
600690,2013-03-01
600694,2013-03-01
600703,2013-03-01
600718,2013-03-01
600739,2013-03-01
600741,2013-03-01
600770,2013-03-01
600779,2013-03-01
600783,2013-03-01
600795,2013-03-01
600804,2013-03-01
600809,2013-03-01
600811,2013-03-01
600827,2013-03-01
600832,2013-03-01
600837,2013-03-01
600839,2013-03-01
600859,2013-03-01
600863,2013-03-01
600873,2013-03-01
600875,2013-03-01
600881,2013-03-01
600886,2013-03-01
600887,2013-03-01
600893,2013-03-01
600895,2013-03-01
600900,2013-03-01
600970,2013-03-01
600971,2013-03-01
600997,2013-03-01
600999,2013-03-01
601001,2013-03-01
601006,2013-03-01
601009,2013-03-01
601018,2013-03-01
601088,2013-03-01
601098,2013-03-01
601099,2013-03-01
601101,2013-03-01
601106,2013-03-01
601111,2013-03-01
601117,2013-03-01
601118,2013-03-01
601158,2013-03-01
601166,2013-03-01
601168,2013-03-01
601169,2013-03-01
601179,2013-03-01
601186,2013-03-01
601216,2013-03-01
601233,2013-03-01
601238,2013-03-01
601258,2013-03-01
601288,2013-03-01
601299,2013-03-01
601318,2013-03-01
601328,2013-03-01
601333,2013-03-01
601336,2013-03-01
601369,2013-03-01
601377,2013-03-01
601390,2013-03-01
601398,2013-03-01
601555,2013-03-01
601558,2013-03-01
601600,2013-03-01
601601,2013-03-01
601607,2013-03-01
601618,2013-03-01
601628,2013-03-01
601633,2013-03-01
601666,2013-03-01
601668,2013-03-01
601669,2013-03-01
601688,2013-03-01
601699,2013-03-01
601717,2013-03-01
601766,2013-03-01
601788,2013-03-01
601800,2013-03-01
601808,2013-03-01
601818,2013-03-01
601857,2013-03-01
601866,2013-03-01
601888,2013-03-01
601898,2013-03-01
601899,2013-03-01
601901,2013-03-01
601918,2013-03-01
601928,2013-03-01
601933,2013-03-01
601939,2013-03-01
601958,2013-03-01
601988,2013-03-01
601989,2013-03-01
601992,2013-03-01
601998,2013-03-01
000001,2013-03-01
000002,2013-03-01
000009,2013-03-01
000012,2013-03-01
000024,2013-03-01
000039,2013-03-01
000046,2013-03-01
000059,2013-03-01
000060,2013-03-01
000061,2013-03-01
000063,2013-03-01
000069,2013-03-01
000100,2013-03-01
000157,2013-03-01
000338,2013-03-01
000401,2013-03-01
000402,2013-03-01
000422,2013-03-01
000423,2013-03-01
000425,2013-03-01
000527,2013-03-01
000528,2013-03-01
000538,2013-03-01
000559,2013-03-01
000562,2013-03-01
000568,2013-03-01
000581,2013-03-01
000596,2013-03-01
000623,2013-03-01
000625,2013-03-01
000629,2013-03-01
000630,2013-03-01
000651,2013-03-01
000686,2013-03-01
000703,2013-03-01
000709,2013-03-01
000718,2013-03-01
000725,2013-03-01
000728,2013-03-01
000729,2013-03-01
000750,2013-03-01
000758,2013-03-01
000768,2013-03-01
000776,2013-03-01
000778,2013-03-01
000780,2013-03-01
000783,2013-03-01
000792,2013-03-01
000800,2013-03-01
000807,2013-03-01
000825,2013-03-01
000839,2013-03-01
000858,2013-03-01
000869,2013-03-01
000876,2013-03-01
000878,2013-03-01
000883,2013-03-01
000895,2013-03-01
000898,2013-03-01
000933,2013-03-01
000937,2013-03-01
000960,2013-03-01
000961,2013-03-01
000968,2013-03-01
000969,2013-03-01
000970,2013-03-01
000983,2013-03-01
000999,2013-03-01
002001,2013-03-01
002007,2013-03-01
002024,2013-03-01
002038,2013-03-01
002069,2013-03-01
002073,2013-03-01
002081,2013-03-01
002092,2013-03-01
002106,2013-03-01
002122,2013-03-01
002128,2013-03-01
002142,2013-03-01
002146,2013-03-01
002155,2013-03-01
002202,2013-03-01
002236,2013-03-01
002241,2013-03-01
002299,2013-03-01
002304,2013-03-01
002310,2013-03-01
002344,2013-03-01
002353,2013-03-01
002375,2013-03-01
002378,2013-03-01
002385,2013-03-01
002399,2013-03-01
002405,2013-03-01
002415,2013-03-01
002422,2013-03-01
002431,2013-03-01
002500,2013-03-01
002570,2013-03-01
002594,2013-03-01
002603,2013-03-01
002673,2013-03-01
600000,2013-03-02
600005,2013-03-02
600009,2013-03-02
600010,2013-03-02
600011,2013-03-02
600015,2013-03-02
600016,2013-03-02
600019,2013-03-02
600022,2013-03-02
600027,2013-03-02
600028,2013-03-02
600029,2013-03-02
600030,2013-03-02
600031,2013-03-02
600036,2013-03-02
600037,2013-03-02
600048,2013-03-02
600050,2013-03-02
600058,2013-03-02
600062,2013-03-02
600066,2013-03-02
600068,2013-03-02
600085,2013-03-02
600089,2013-03-02
600096,2013-03-02
600100,2013-03-02
600104,2013-03-02
600108,2013-03-02
600109,2013-03-02
600111,2013-03-02
600115,2013-03-02
600118,2013-03-02
600123,2013-03-02
600125,2013-03-02
600132,2013-03-02
600143,2013-03-02
600150,2013-03-02
600153,2013-03-02
600157,2013-03-02
600160,2013-03-02
600166,2013-03-02
600169,2013-03-02
600170,2013-03-02
600177,2013-03-02
600188,2013-03-02
600196,2013-03-02
600208,2013-03-02
600216,2013-03-02
600219,2013-03-02
600221,2013-03-02
600252,2013-03-02
600256,2013-03-02
600259,2013-03-02
600266,2013-03-02
600267,2013-03-02
600271,2013-03-02
600276,2013-03-02
600309,2013-03-02
600315,2013-03-02
600316,2013-03-02
600331,2013-03-02
600340,2013-03-02
600348,2013-03-02
600352,2013-03-02
600362,2013-03-02
600369,2013-03-02
600372,2013-03-02
600376,2013-03-02
600383,2013-03-02
600395,2013-03-02
600406,2013-03-02
600415,2013-03-02
600432,2013-03-02
600456,2013-03-02
600489,2013-03-02
600497,2013-03-02
600498,2013-03-02
600508,2013-03-02
600516,2013-03-02
600518,2013-03-02
600519,2013-03-02
600528,2013-03-02
600535,2013-03-02
600546,2013-03-02
600547,2013-03-02
600549,2013-03-02
600550,2013-03-02
600582,2013-03-02
600583,2013-03-02
600585,2013-03-02
600588,2013-03-02
600598,2013-03-02
600600,2013-03-02
600637,2013-03-02
600642,2013-03-02
600649,2013-03-02
600655,2013-03-02
600660,2013-03-02
600664,2013-03-02
600674,2013-03-02
600690,2013-03-02
600694,2013-03-02
600703,2013-03-02
600718,2013-03-02
600739,2013-03-02
600741,2013-03-02
600770,2013-03-02
600779,2013-03-02
600783,2013-03-02
600795,2013-03-02
600804,2013-03-02
600809,2013-03-02
600811,2013-03-02
600827,2013-03-02
600832,2013-03-02
600837,2013-03-02
600839,2013-03-02
600859,2013-03-02
600863,2013-03-02
600873,2013-03-02
600875,2013-03-02
600881,2013-03-02
600886,2013-03-02
600887,2013-03-02
600893,2013-03-02
600895,2013-03-02
600900,2013-03-02
600970,2013-03-02
600971,2013-03-02
600997,2013-03-02
600999,2013-03-02
601001,2013-03-02
601006,2013-03-02
601009,2013-03-02
601018,2013-03-02
601088,2013-03-02
601098,2013-03-02
601099,2013-03-02
601101,2013-03-02
601106,2013-03-02
601111,2013-03-02
601117,2013-03-02
601118,2013-03-02
601158,2013-03-02
601166,2013-03-02
601168,2013-03-02
601169,2013-03-02
601179,2013-03-02
601186,2013-03-02
601216,2013-03-02
601233,2013-03-02
601238,2013-03-02
601258,2013-03-02
601288,2013-03-02
601299,2013-03-02
601318,2013-03-02
601328,2013-03-02
601333,2013-03-02
601336,2013-03-02
601369,2013-03-02
601377,2013-03-02
601390,2013-03-02
601398,2013-03-02
601555,2013-03-02
601558,2013-03-02
601600,2013-03-02
601601,2013-03-02
601607,2013-03-02
601618,2013-03-02
601628,2013-03-02
601633,2013-03-02
601666,2013-03-02
601668,2013-03-02
601669,2013-03-02
601688,2013-03-02
601699,2013-03-02
601717,2013-03-02
601766,2013-03-02
601788,2013-03-02
601800,2013-03-02
601808,2013-03-02
601818,2013-03-02
601857,2013-03-02
601866,2013-03-02
601888,2013-03-02
601898,2013-03-02
601899,2013-03-02
601901,2013-03-02
601918,2013-03-02
601928,2013-03-02
601933,2013-03-02
601939,2013-03-02
601958,2013-03-02
601988,2013-03-02
601989,2013-03-02
601992,2013-03-02
601998,2013-03-02
000001,2013-03-02
000002,2013-03-02
000009,2013-03-02
000012,2013-03-02
000024,2013-03-02
000039,2013-03-02
000046,2013-03-02
000059,2013-03-02
000060,2013-03-02
000061,2013-03-02
000063,2013-03-02
000069,2013-03-02
000100,2013-03-02
000157,2013-03-02
000338,2013-03-02
000401,2013-03-02
000402,2013-03-02
000422,2013-03-02
000423,2013-03-02
000425,2013-03-02
000527,2013-03-02
000528,2013-03-02
000538,2013-03-02
000559,2013-03-02
000562,2013-03-02
000568,2013-03-02
000581,2013-03-02
000596,2013-03-02
000623,2013-03-02
000625,2013-03-02
000629,2013-03-02
000630,2013-03-02
000651,2013-03-02
000686,2013-03-02
000703,2013-03-02
000709,2013-03-02
000718,2013-03-02
000725,2013-03-02
000728,2013-03-02
000729,2013-03-02
000750,2013-03-02
000758,2013-03-02
000768,2013-03-02
000776,2013-03-02
000778,2013-03-02
000780,2013-03-02
000783,2013-03-02
000792,2013-03-02
000800,2013-03-02
000807,2013-03-02
000825,2013-03-02
000839,2013-03-02
000858,2013-03-02
000869,2013-03-02
000876,2013-03-02
000878,2013-03-02
000883,2013-03-02
000895,2013-03-02
000898,2013-03-02
000933,2013-03-02
000937,2013-03-02
000960,2013-03-02
000961,2013-03-02
000968,2013-03-02
000969,2013-03-02
000970,2013-03-02
000983,2013-03-02
000999,2013-03-02
002001,2013-03-02
002007,2013-03-02
002024,2013-03-02
002038,2013-03-02
002069,2013-03-02
002073,2013-03-02
002081,2013-03-02
002092,2013-03-02
002106,2013-03-02
002122,2013-03-02
002128,2013-03-02
002142,2013-03-02
002146,2013-03-02
002155,2013-03-02
002202,2013-03-02
002236,2013-03-02
002241,2013-03-02
002299,2013-03-02
002304,2013-03-02
002310,2013-03-02
002344,2013-03-02
002353,2013-03-02
002375,2013-03-02
002378,2013-03-02
002385,2013-03-02
002399,2013-03-02
002405,2013-03-02
002415,2013-03-02
002422,2013-03-02
002431,2013-03-02
002500,2013-03-02
002570,2013-03-02
002594,2013-03-02
002603,2013-03-02
002673,2013-03-02
600000,2013-03-03
600005,2013-03-03
600009,2013-03-03
600010,2013-03-03
600011,2013-03-03
600015,2013-03-03
600016,2013-03-03
600019,2013-03-03
600022,2013-03-03
600027,2013-03-03
600028,2013-03-03
600029,2013-03-03
600030,2013-03-03
600031,2013-03-03
600036,2013-03-03
600037,2013-03-03
600048,2013-03-03
600050,2013-03-03
600058,2013-03-03
600062,2013-03-03
600066,2013-03-03
600068,2013-03-03
600085,2013-03-03
600089,2013-03-03
600096,2013-03-03
600100,2013-03-03
600104,2013-03-03
600108,2013-03-03
600109,2013-03-03
600111,2013-03-03
600115,2013-03-03
600118,2013-03-03
600123,2013-03-03
600125,2013-03-03
600132,2013-03-03
600143,2013-03-03
600150,2013-03-03
600153,2013-03-03
600157,2013-03-03
600160,2013-03-03
600166,2013-03-03
600169,2013-03-03
600170,2013-03-03
600177,2013-03-03
600188,2013-03-03
600196,2013-03-03
600208,2013-03-03
600216,2013-03-03
600219,2013-03-03
600221,2013-03-03
600252,2013-03-03
600256,2013-03-03
600259,2013-03-03
600266,2013-03-03
600267,2013-03-03
600271,2013-03-03
600276,2013-03-03
600309,2013-03-03
600315,2013-03-03
600316,2013-03-03
600331,2013-03-03
600340,2013-03-03
600348,2013-03-03
600352,2013-03-03
600362,2013-03-03
600369,2013-03-03
600372,2013-03-03
600376,2013-03-03
600383,2013-03-03
600395,2013-03-03
600406,2013-03-03
600415,2013-03-03
600432,2013-03-03
600456,2013-03-03
600489,2013-03-03
600497,2013-03-03
600498,2013-03-03
600508,2013-03-03
600516,2013-03-03
600518,2013-03-03
600519,2013-03-03
600528,2013-03-03
600535,2013-03-03
600546,2013-03-03
600547,2013-03-03
600549,2013-03-03
600550,2013-03-03
600582,2013-03-03
600583,2013-03-03
600585,2013-03-03
600588,2013-03-03
600598,2013-03-03
600600,2013-03-03
600637,2013-03-03
600642,2013-03-03
600649,2013-03-03
600655,2013-03-03
600660,2013-03-03
600664,2013-03-03
600674,2013-03-03
600690,2013-03-03
600694,2013-03-03
600703,2013-03-03
600718,2013-03-03
600739,2013-03-03
600741,2013-03-03
600770,2013-03-03
600779,2013-03-03
600783,2013-03-03
600795,2013-03-03
600804,2013-03-03
600809,2013-03-03
600811,2013-03-03
600827,2013-03-03
600832,2013-03-03
600837,2013-03-03
600839,2013-03-03
600859,2013-03-03
600863,2013-03-03
600873,2013-03-03
600875,2013-03-03
600881,2013-03-03
600886,2013-03-03
600887,2013-03-03
600893,2013-03-03
600895,2013-03-03
600900,2013-03-03
600970,2013-03-03
600971,2013-03-03
600997,2013-03-03
600999,2013-03-03
601001,2013-03-03
601006,2013-03-03
601009,2013-03-03
601018,2013-03-03
601088,2013-03-03
601098,2013-03-03
601099,2013-03-03
601101,2013-03-03
601106,2013-03-03
601111,2013-03-03
601117,2013-03-03
601118,2013-03-03
601158,2013-03-03
601166,2013-03-03
601168,2013-03-03
601169,2013-03-03
601179,2013-03-03
601186,2013-03-03
601216,2013-03-03
601233,2013-03-03
601238,2013-03-03
601258,2013-03-03
601288,2013-03-03
601299,2013-03-03
601318,2013-03-03
601328,2013-03-03
601333,2013-03-03
601336,2013-03-03
601369,2013-03-03
601377,2013-03-03
601390,2013-03-03
601398,2013-03-03
601555,2013-03-03
601558,2013-03-03
601600,2013-03-03
601601,2013-03-03
601607,2013-03-03
601618,2013-03-03
601628,2013-03-03
601633,2013-03-03
601666,2013-03-03
601668,2013-03-03
601669,2013-03-03
601688,2013-03-03
601699,2013-03-03
601717,2013-03-03
601766,2013-03-03
601788,2013-03-03
601800,2013-03-03
601808,2013-03-03
601818,2013-03-03
601857,2013-03-03
601866,2013-03-03
601888,2013-03-03
601898,2013-03-03
601899,2013-03-03
601901,2013-03-03
601918,2013-03-03
601928,2013-03-03
601933,2013-03-03
601939,2013-03-03
601958,2013-03-03
601988,2013-03-03
601989,2013-03-03
601992,2013-03-03
601998,2013-03-03
000001,2013-03-03
000002,2013-03-03
000009,2013-03-03
000012,2013-03-03
000024,2013-03-03
000039,2013-03-03
000046,2013-03-03
000059,2013-03-03
000060,2013-03-03
000061,2013-03-03
000063,2013-03-03
000069,2013-03-03
000100,2013-03-03
000157,2013-03-03
000338,2013-03-03
000401,2013-03-03
000402,2013-03-03
000422,2013-03-03
000423,2013-03-03
000425,2013-03-03
000527,2013-03-03
000528,2013-03-03
000538,2013-03-03
000559,2013-03-03
000562,2013-03-03
000568,2013-03-03
000581,2013-03-03
000596,2013-03-03
000623,2013-03-03
000625,2013-03-03
000629,2013-03-03
000630,2013-03-03
000651,2013-03-03
000686,2013-03-03
000703,2013-03-03
000709,2013-03-03
000718,2013-03-03
000725,2013-03-03
000728,2013-03-03
000729,2013-03-03
000750,2013-03-03
000758,2013-03-03
000768,2013-03-03
000776,2013-03-03
000778,2013-03-03
000780,2013-03-03
000783,2013-03-03
000792,2013-03-03
000800,2013-03-03
000807,2013-03-03
000825,2013-03-03
000839,2013-03-03
000858,2013-03-03
000869,2013-03-03
000876,2013-03-03
000878,2013-03-03
000883,2013-03-03
000895,2013-03-03
000898,2013-03-03
000933,2013-03-03
000937,2013-03-03
000960,2013-03-03
000961,2013-03-03
000968,2013-03-03
000969,2013-03-03
000970,2013-03-03
000983,2013-03-03
000999,2013-03-03
002001,2013-03-03
002007,2013-03-03
002024,2013-03-03
002038,2013-03-03
002069,2013-03-03
002073,2013-03-03
002081,2013-03-03
002092,2013-03-03
002106,2013-03-03
002122,2013-03-03
002128,2013-03-03
002142,2013-03-03
002146,2013-03-03
002155,2013-03-03
002202,2013-03-03
002236,2013-03-03
002241,2013-03-03
002299,2013-03-03
002304,2013-03-03
002310,2013-03-03
002344,2013-03-03
002353,2013-03-03
002375,2013-03-03
002378,2013-03-03
002385,2013-03-03
002399,2013-03-03
002405,2013-03-03
002415,2013-03-03
002422,2013-03-03
002431,2013-03-03
002500,2013-03-03
002570,2013-03-03
002594,2013-03-03
002603,2013-03-03
002673,2013-03-03
600000,2013-03-28
600005,2013-03-28
600009,2013-03-28
600010,2013-03-28
600011,2013-03-28
600015,2013-03-28
600016,2013-03-28
600019,2013-03-28
600022,2013-03-28
600027,2013-03-28
600028,2013-03-28
600029,2013-03-28
600030,2013-03-28
600031,2013-03-28
600036,2013-03-28
600037,2013-03-28
600048,2013-03-28
600050,2013-03-28
600058,2013-03-28
600062,2013-03-28
600066,2013-03-28
600068,2013-03-28
600085,2013-03-28
600089,2013-03-28
600096,2013-03-28
600100,2013-03-28
600104,2013-03-28
600108,2013-03-28
600109,2013-03-28
600111,2013-03-28
600115,2013-03-28
600118,2013-03-28
600123,2013-03-28
600125,2013-03-28
600132,2013-03-28
600143,2013-03-28
600150,2013-03-28
600153,2013-03-28
600157,2013-03-28
600160,2013-03-28
600166,2013-03-28
600169,2013-03-28
600170,2013-03-28
600177,2013-03-28
600188,2013-03-28
600196,2013-03-28
600208,2013-03-28
600216,2013-03-28
600219,2013-03-28
600221,2013-03-28
600252,2013-03-28
600256,2013-03-28
600259,2013-03-28
600266,2013-03-28
600267,2013-03-28
600271,2013-03-28
600276,2013-03-28
600309,2013-03-28
600315,2013-03-28
600316,2013-03-28
600331,2013-03-28
600340,2013-03-28
600348,2013-03-28
600352,2013-03-28
600362,2013-03-28
600369,2013-03-28
600372,2013-03-28
600376,2013-03-28
600383,2013-03-28
600395,2013-03-28
600406,2013-03-28
600415,2013-03-28
600432,2013-03-28
600456,2013-03-28
600489,2013-03-28
600497,2013-03-28
600498,2013-03-28
600508,2013-03-28
600516,2013-03-28
600518,2013-03-28
600519,2013-03-28
600528,2013-03-28
600535,2013-03-28
600546,2013-03-28
600547,2013-03-28
600549,2013-03-28
600550,2013-03-28
600582,2013-03-28
600583,2013-03-28
600585,2013-03-28
600588,2013-03-28
600598,2013-03-28
600600,2013-03-28
600637,2013-03-28
600642,2013-03-28
600649,2013-03-28
600655,2013-03-28
600660,2013-03-28
600664,2013-03-28
600674,2013-03-28
600690,2013-03-28
600694,2013-03-28
600703,2013-03-28
600718,2013-03-28
600739,2013-03-28
600741,2013-03-28
600770,2013-03-28
600779,2013-03-28
600783,2013-03-28
600795,2013-03-28
600804,2013-03-28
600809,2013-03-28
600811,2013-03-28
600827,2013-03-28
600832,2013-03-28
600837,2013-03-28
600839,2013-03-28
600859,2013-03-28
600863,2013-03-28
600873,2013-03-28
600875,2013-03-28
600881,2013-03-28
600886,2013-03-28
600887,2013-03-28
600893,2013-03-28
600895,2013-03-28
600900,2013-03-28
600970,2013-03-28
600971,2013-03-28
600997,2013-03-28
600999,2013-03-28
601001,2013-03-28
601006,2013-03-28
601009,2013-03-28
601018,2013-03-28
601088,2013-03-28
601098,2013-03-28
601099,2013-03-28
601101,2013-03-28
601106,2013-03-28
601111,2013-03-28
601117,2013-03-28
601118,2013-03-28
601158,2013-03-28
601166,2013-03-28
601168,2013-03-28
601169,2013-03-28
601179,2013-03-28
601186,2013-03-28
601216,2013-03-28
601233,2013-03-28
601238,2013-03-28
601258,2013-03-28
601288,2013-03-28
601299,2013-03-28
601318,2013-03-28
601328,2013-03-28
601333,2013-03-28
601336,2013-03-28
601369,2013-03-28
601377,2013-03-28
601390,2013-03-28
601398,2013-03-28
601555,2013-03-28
601558,2013-03-28
601600,2013-03-28
601601,2013-03-28
601607,2013-03-28
601618,2013-03-28
601628,2013-03-28
601633,2013-03-28
601666,2013-03-28
601668,2013-03-28
601669,2013-03-28
601688,2013-03-28
601699,2013-03-28
601717,2013-03-28
601766,2013-03-28
601788,2013-03-28
601800,2013-03-28
601808,2013-03-28
601818,2013-03-28
601857,2013-03-28
601866,2013-03-28
601888,2013-03-28
601898,2013-03-28
601899,2013-03-28
601901,2013-03-28
601918,2013-03-28
601928,2013-03-28
601933,2013-03-28
601939,2013-03-28
601958,2013-03-28
601988,2013-03-28
601989,2013-03-28
601992,2013-03-28
601998,2013-03-28
000001,2013-03-28
000002,2013-03-28
000009,2013-03-28
000012,2013-03-28
000024,2013-03-28
000039,2013-03-28
000046,2013-03-28
000059,2013-03-28
000060,2013-03-28
000061,2013-03-28
000063,2013-03-28
000069,2013-03-28
000100,2013-03-28
000157,2013-03-28
000338,2013-03-28
000401,2013-03-28
000402,2013-03-28
000422,2013-03-28
000423,2013-03-28
000425,2013-03-28
000527,2013-03-28
000528,2013-03-28
000538,2013-03-28
000559,2013-03-28
000562,2013-03-28
000568,2013-03-28
000581,2013-03-28
000596,2013-03-28
000623,2013-03-28
000625,2013-03-28
000629,2013-03-28
000630,2013-03-28
000651,2013-03-28
000686,2013-03-28
000703,2013-03-28
000709,2013-03-28
000718,2013-03-28
000725,2013-03-28
000728,2013-03-28
000729,2013-03-28
000750,2013-03-28
000758,2013-03-28
000768,2013-03-28
000776,2013-03-28
000778,2013-03-28
000780,2013-03-28
000783,2013-03-28
000792,2013-03-28
000800,2013-03-28
000807,2013-03-28
000825,2013-03-28
000839,2013-03-28
000858,2013-03-28
000869,2013-03-28
000876,2013-03-28
000878,2013-03-28
000883,2013-03-28
000895,2013-03-28
000898,2013-03-28
000933,2013-03-28
000937,2013-03-28
000960,2013-03-28
000961,2013-03-28
000968,2013-03-28
000969,2013-03-28
000970,2013-03-28
000983,2013-03-28
000999,2013-03-28
002001,2013-03-28
002007,2013-03-28
002024,2013-03-28
002038,2013-03-28
002069,2013-03-28
002073,2013-03-28
002081,2013-03-28
002092,2013-03-28
002106,2013-03-28
002122,2013-03-28
002128,2013-03-28
002142,2013-03-28
002146,2013-03-28
002155,2013-03-28
002202,2013-03-28
002236,2013-03-28
002241,2013-03-28
002299,2013-03-28
002304,2013-03-28
002310,2013-03-28
002344,2013-03-28
002353,2013-03-28
002375,2013-03-28
002378,2013-03-28
002385,2013-03-28
002399,2013-03-28
002405,2013-03-28
002415,2013-03-28
002422,2013-03-28
002431,2013-03-28
002500,2013-03-28
002570,2013-03-28
002594,2013-03-28
002603,2013-03-28
002673,2013-03-28
600000,2013-08-01
600005,2013-08-01
600009,2013-08-01
600010,2013-08-01
600011,2013-08-01
600015,2013-08-01
600016,2013-08-01
600019,2013-08-01
600027,2013-08-01
600028,2013-08-01
600029,2013-08-01
600030,2013-08-01
600031,2013-08-01
600036,2013-08-01
600048,2013-08-01
600050,2013-08-01
600058,2013-08-01
600060,2013-08-01
600062,2013-08-01
600066,2013-08-01
600068,2013-08-01
600085,2013-08-01
600089,2013-08-01
600096,2013-08-01
600100,2013-08-01
600104,2013-08-01
600108,2013-08-01
600109,2013-08-01
600111,2013-08-01
600115,2013-08-01
600118,2013-08-01
600123,2013-08-01
600125,2013-08-01
600132,2013-08-01
600143,2013-08-01
600150,2013-08-01
600153,2013-08-01
600157,2013-08-01
600160,2013-08-01
600166,2013-08-01
600169,2013-08-01
600170,2013-08-01
600177,2013-08-01
600188,2013-08-01
600196,2013-08-01
600208,2013-08-01
600216,2013-08-01
600219,2013-08-01
600221,2013-08-01
600252,2013-08-01
600256,2013-08-01
600259,2013-08-01
600266,2013-08-01
600267,2013-08-01
600271,2013-08-01
600276,2013-08-01
600309,2013-08-01
600315,2013-08-01
600316,2013-08-01
600332,2013-08-01
600340,2013-08-01
600348,2013-08-01
600352,2013-08-01
600362,2013-08-01
600369,2013-08-01
600372,2013-08-01
600376,2013-08-01
600383,2013-08-01
600395,2013-08-01
600403,2013-08-01
600406,2013-08-01
600415,2013-08-01
600432,2013-08-01
600436,2013-08-01
600489,2013-08-01
600497,2013-08-01
600498,2013-08-01
600508,2013-08-01
600516,2013-08-01
600518,2013-08-01
600519,2013-08-01
600528,2013-08-01
600535,2013-08-01
600546,2013-08-01
600547,2013-08-01
600549,2013-08-01
600550,2013-08-01
600582,2013-08-01
600583,2013-08-01
600585,2013-08-01
600588,2013-08-01
600598,2013-08-01
600600,2013-08-01
600637,2013-08-01
600642,2013-08-01
600649,2013-08-01
600655,2013-08-01
600660,2013-08-01
600664,2013-08-01
600674,2013-08-01
600690,2013-08-01
600694,2013-08-01
600703,2013-08-01
600718,2013-08-01
600739,2013-08-01
600741,2013-08-01
600779,2013-08-01
600783,2013-08-01
600795,2013-08-01
600804,2013-08-01
600809,2013-08-01
600811,2013-08-01
600827,2013-08-01
600832,2013-08-01
600837,2013-08-01
600839,2013-08-01
600859,2013-08-01
600863,2013-08-01
600873,2013-08-01
600875,2013-08-01
600881,2013-08-01
600886,2013-08-01
600887,2013-08-01
600893,2013-08-01
600895,2013-08-01
600900,2013-08-01
600970,2013-08-01
600971,2013-08-01
600997,2013-08-01
600999,2013-08-01
601001,2013-08-01
601006,2013-08-01
601009,2013-08-01
601018,2013-08-01
601088,2013-08-01
601098,2013-08-01
601099,2013-08-01
601101,2013-08-01
601106,2013-08-01
601111,2013-08-01
601117,2013-08-01
601118,2013-08-01
601139,2013-08-01
601158,2013-08-01
601166,2013-08-01
601168,2013-08-01
601169,2013-08-01
601186,2013-08-01
601238,2013-08-01
601258,2013-08-01
601288,2013-08-01
601299,2013-08-01
601318,2013-08-01
601328,2013-08-01
601333,2013-08-01
601336,2013-08-01
601369,2013-08-01
601377,2013-08-01
601390,2013-08-01
601398,2013-08-01
601555,2013-08-01
601600,2013-08-01
601601,2013-08-01
601607,2013-08-01
601618,2013-08-01
601628,2013-08-01
601633,2013-08-01
601666,2013-08-01
601668,2013-08-01
601669,2013-08-01
601688,2013-08-01
601699,2013-08-01
601717,2013-08-01
601766,2013-08-01
601788,2013-08-01
601800,2013-08-01
601808,2013-08-01
601818,2013-08-01
601857,2013-08-01
601866,2013-08-01
601888,2013-08-01
601898,2013-08-01
601899,2013-08-01
601901,2013-08-01
601918,2013-08-01
601928,2013-08-01
601933,2013-08-01
601939,2013-08-01
601958,2013-08-01
601988,2013-08-01
601989,2013-08-01
601991,2013-08-01
601992,2013-08-01
601998,2013-08-01
603993,2013-08-01
000001,2013-08-01
000002,2013-08-01
000009,2013-08-01
000012,2013-08-01
000024,2013-08-01
000027,2013-08-01
000039,2013-08-01
000046,2013-08-01
000059,2013-08-01
000060,2013-08-01
000061,2013-08-01
000063,2013-08-01
000069,2013-08-01
000100,2013-08-01
000156,2013-08-01
000157,2013-08-01
000338,2013-08-01
000401,2013-08-01
000402,2013-08-01
000422,2013-08-01
000423,2013-08-01
000425,2013-08-01
000527,2013-08-01
000528,2013-08-01
000538,2013-08-01
000539,2013-08-01
000562,2013-08-01
000568,2013-08-01
000581,2013-08-01
000596,2013-08-01
000623,2013-08-01
000625,2013-08-01
000629,2013-08-01
000630,2013-08-01
000651,2013-08-01
000656,2013-08-01
000686,2013-08-01
000703,2013-08-01
000709,2013-08-01
000718,2013-08-01
000725,2013-08-01
000728,2013-08-01
000729,2013-08-01
000750,2013-08-01
000758,2013-08-01
000768,2013-08-01
000776,2013-08-01
000778,2013-08-01
000780,2013-08-01
000783,2013-08-01
000792,2013-08-01
000800,2013-08-01
000807,2013-08-01
000839,2013-08-01
000858,2013-08-01
000869,2013-08-01
000876,2013-08-01
000878,2013-08-01
000883,2013-08-01
000895,2013-08-01
000933,2013-08-01
000937,2013-08-01
000960,2013-08-01
000961,2013-08-01
000963,2013-08-01
000969,2013-08-01
000970,2013-08-01
000983,2013-08-01
000999,2013-08-01
002001,2013-08-01
002007,2013-08-01
002024,2013-08-01
002038,2013-08-01
002051,2013-08-01
002069,2013-08-01
002081,2013-08-01
002092,2013-08-01
002106,2013-08-01
002128,2013-08-01
002142,2013-08-01
002146,2013-08-01
002155,2013-08-01
002202,2013-08-01
002236,2013-08-01
002241,2013-08-01
002269,2013-08-01
002294,2013-08-01
002299,2013-08-01
002304,2013-08-01
002310,2013-08-01
002344,2013-08-01
002353,2013-08-01
002375,2013-08-01
002378,2013-08-01
002385,2013-08-01
002399,2013-08-01
002415,2013-08-01
002422,2013-08-01
002431,2013-08-01
002450,2013-08-01
002500,2013-08-01
002570,2013-08-01
002594,2013-08-01
002603,2013-08-01
002673,2013-08-01
600000,2013-08-02
600005,2013-08-02
600009,2013-08-02
600010,2013-08-02
600011,2013-08-02
600015,2013-08-02
600016,2013-08-02
600019,2013-08-02
600027,2013-08-02
600028,2013-08-02
600029,2013-08-02
600030,2013-08-02
600031,2013-08-02
600036,2013-08-02
600048,2013-08-02
600050,2013-08-02
600058,2013-08-02
600060,2013-08-02
600062,2013-08-02
600066,2013-08-02
600068,2013-08-02
600085,2013-08-02
600089,2013-08-02
600096,2013-08-02
600100,2013-08-02
600104,2013-08-02
600108,2013-08-02
600109,2013-08-02
600111,2013-08-02
600115,2013-08-02
600118,2013-08-02
600123,2013-08-02
600125,2013-08-02
600132,2013-08-02
600143,2013-08-02
600150,2013-08-02
600153,2013-08-02
600157,2013-08-02
600160,2013-08-02
600166,2013-08-02
600169,2013-08-02
600170,2013-08-02
600177,2013-08-02
600188,2013-08-02
600196,2013-08-02
600208,2013-08-02
600216,2013-08-02
600219,2013-08-02
600221,2013-08-02
600252,2013-08-02
600256,2013-08-02
600259,2013-08-02
600266,2013-08-02
600267,2013-08-02
600271,2013-08-02
600276,2013-08-02
600309,2013-08-02
600315,2013-08-02
600316,2013-08-02
600332,2013-08-02
600340,2013-08-02
600348,2013-08-02
600352,2013-08-02
600362,2013-08-02
600369,2013-08-02
600372,2013-08-02
600376,2013-08-02
600383,2013-08-02
600395,2013-08-02
600403,2013-08-02
600406,2013-08-02
600415,2013-08-02
600432,2013-08-02
600436,2013-08-02
600489,2013-08-02
600497,2013-08-02
600498,2013-08-02
600508,2013-08-02
600516,2013-08-02
600518,2013-08-02
600519,2013-08-02
600528,2013-08-02
600535,2013-08-02
600546,2013-08-02
600547,2013-08-02
600549,2013-08-02
600550,2013-08-02
600582,2013-08-02
600583,2013-08-02
600585,2013-08-02
600588,2013-08-02
600598,2013-08-02
600600,2013-08-02
600637,2013-08-02
600642,2013-08-02
600649,2013-08-02
600655,2013-08-02
600660,2013-08-02
600664,2013-08-02
600674,2013-08-02
600690,2013-08-02
600694,2013-08-02
600703,2013-08-02
600718,2013-08-02
600739,2013-08-02
600741,2013-08-02
600779,2013-08-02
600783,2013-08-02
600795,2013-08-02
600804,2013-08-02
600809,2013-08-02
600811,2013-08-02
600827,2013-08-02
600832,2013-08-02
600837,2013-08-02
600839,2013-08-02
600859,2013-08-02
600863,2013-08-02
600873,2013-08-02
600875,2013-08-02
600881,2013-08-02
600886,2013-08-02
600887,2013-08-02
600893,2013-08-02
600895,2013-08-02
600900,2013-08-02
600970,2013-08-02
600971,2013-08-02
600997,2013-08-02
600999,2013-08-02
601001,2013-08-02
601006,2013-08-02
601009,2013-08-02
601018,2013-08-02
601088,2013-08-02
601098,2013-08-02
601099,2013-08-02
601101,2013-08-02
601106,2013-08-02
601111,2013-08-02
601117,2013-08-02
601118,2013-08-02
601139,2013-08-02
601158,2013-08-02
601166,2013-08-02
601168,2013-08-02
601169,2013-08-02
601186,2013-08-02
601238,2013-08-02
601258,2013-08-02
601288,2013-08-02
601299,2013-08-02
601318,2013-08-02
601328,2013-08-02
601333,2013-08-02
601336,2013-08-02
601369,2013-08-02
601377,2013-08-02
601390,2013-08-02
601398,2013-08-02
601555,2013-08-02
601600,2013-08-02
601601,2013-08-02
601607,2013-08-02
601618,2013-08-02
601628,2013-08-02
601633,2013-08-02
601666,2013-08-02
601668,2013-08-02
601669,2013-08-02
601688,2013-08-02
601699,2013-08-02
601717,2013-08-02
601766,2013-08-02
601788,2013-08-02
601800,2013-08-02
601808,2013-08-02
601818,2013-08-02
601857,2013-08-02
601866,2013-08-02
601888,2013-08-02
601898,2013-08-02
601899,2013-08-02
601901,2013-08-02
601918,2013-08-02
601928,2013-08-02
601933,2013-08-02
601939,2013-08-02
601958,2013-08-02
601988,2013-08-02
601989,2013-08-02
601991,2013-08-02
601992,2013-08-02
601998,2013-08-02
603993,2013-08-02
000001,2013-08-02
000002,2013-08-02
000009,2013-08-02
000012,2013-08-02
000024,2013-08-02
000027,2013-08-02
000039,2013-08-02
000046,2013-08-02
000059,2013-08-02
000060,2013-08-02
000061,2013-08-02
000063,2013-08-02
000069,2013-08-02
000100,2013-08-02
000156,2013-08-02
000157,2013-08-02
000338,2013-08-02
000401,2013-08-02
000402,2013-08-02
000422,2013-08-02
000423,2013-08-02
000425,2013-08-02
000527,2013-08-02
000528,2013-08-02
000538,2013-08-02
000539,2013-08-02
000562,2013-08-02
000568,2013-08-02
000581,2013-08-02
000596,2013-08-02
000623,2013-08-02
000625,2013-08-02
000629,2013-08-02
000630,2013-08-02
000651,2013-08-02
000656,2013-08-02
000686,2013-08-02
000703,2013-08-02
000709,2013-08-02
000718,2013-08-02
000725,2013-08-02
000728,2013-08-02
000729,2013-08-02
000750,2013-08-02
000758,2013-08-02
000768,2013-08-02
000776,2013-08-02
000778,2013-08-02
000780,2013-08-02
000783,2013-08-02
000792,2013-08-02
000800,2013-08-02
000807,2013-08-02
000839,2013-08-02
000858,2013-08-02
000869,2013-08-02
000876,2013-08-02
000878,2013-08-02
000883,2013-08-02
000895,2013-08-02
000933,2013-08-02
000937,2013-08-02
000960,2013-08-02
000961,2013-08-02
000963,2013-08-02
000969,2013-08-02
000970,2013-08-02
000983,2013-08-02
000999,2013-08-02
002001,2013-08-02
002007,2013-08-02
002024,2013-08-02
002038,2013-08-02
002051,2013-08-02
002069,2013-08-02
002081,2013-08-02
002092,2013-08-02
002106,2013-08-02
002128,2013-08-02
002142,2013-08-02
002146,2013-08-02
002155,2013-08-02
002202,2013-08-02
002236,2013-08-02
002241,2013-08-02
002269,2013-08-02
002294,2013-08-02
002299,2013-08-02
002304,2013-08-02
002310,2013-08-02
002344,2013-08-02
002353,2013-08-02
002375,2013-08-02
002378,2013-08-02
002385,2013-08-02
002399,2013-08-02
002415,2013-08-02
002422,2013-08-02
002431,2013-08-02
002450,2013-08-02
002500,2013-08-02
002570,2013-08-02
002594,2013-08-02
002603,2013-08-02
002673,2013-08-02
600000,2013-08-03
600005,2013-08-03
600009,2013-08-03
600010,2013-08-03
600011,2013-08-03
600015,2013-08-03
600016,2013-08-03
600019,2013-08-03
600027,2013-08-03
600028,2013-08-03
600029,2013-08-03
600030,2013-08-03
600031,2013-08-03
600036,2013-08-03
600048,2013-08-03
600050,2013-08-03
600058,2013-08-03
600060,2013-08-03
600062,2013-08-03
600066,2013-08-03
600068,2013-08-03
600085,2013-08-03
600089,2013-08-03
600096,2013-08-03
600100,2013-08-03
600104,2013-08-03
600108,2013-08-03
600109,2013-08-03
600111,2013-08-03
600115,2013-08-03
600118,2013-08-03
600123,2013-08-03
600125,2013-08-03
600132,2013-08-03
600143,2013-08-03
600150,2013-08-03
600153,2013-08-03
600157,2013-08-03
600160,2013-08-03
600166,2013-08-03
600169,2013-08-03
600170,2013-08-03
600177,2013-08-03
600188,2013-08-03
600196,2013-08-03
600208,2013-08-03
600216,2013-08-03
600219,2013-08-03
600221,2013-08-03
600252,2013-08-03
600256,2013-08-03
600259,2013-08-03
600266,2013-08-03
600267,2013-08-03
600271,2013-08-03
600276,2013-08-03
600309,2013-08-03
600315,2013-08-03
600316,2013-08-03
600332,2013-08-03
600340,2013-08-03
600348,2013-08-03
600352,2013-08-03
600362,2013-08-03
600369,2013-08-03
600372,2013-08-03
600376,2013-08-03
600383,2013-08-03
600395,2013-08-03
600403,2013-08-03
600406,2013-08-03
600415,2013-08-03
600432,2013-08-03
600436,2013-08-03
600489,2013-08-03
600497,2013-08-03
600498,2013-08-03
600508,2013-08-03
600516,2013-08-03
600518,2013-08-03
600519,2013-08-03
600528,2013-08-03
600535,2013-08-03
600546,2013-08-03
600547,2013-08-03
600549,2013-08-03
600550,2013-08-03
600582,2013-08-03
600583,2013-08-03
600585,2013-08-03
600588,2013-08-03
600598,2013-08-03
600600,2013-08-03
600637,2013-08-03
600642,2013-08-03
600649,2013-08-03
600655,2013-08-03
600660,2013-08-03
600664,2013-08-03
600674,2013-08-03
600690,2013-08-03
600694,2013-08-03
600703,2013-08-03
600718,2013-08-03
600739,2013-08-03
600741,2013-08-03
600779,2013-08-03
600783,2013-08-03
600795,2013-08-03
600804,2013-08-03
600809,2013-08-03
600811,2013-08-03
600827,2013-08-03
600832,2013-08-03
600837,2013-08-03
600839,2013-08-03
600859,2013-08-03
600863,2013-08-03
600873,2013-08-03
600875,2013-08-03
600881,2013-08-03
600886,2013-08-03
600887,2013-08-03
600893,2013-08-03
600895,2013-08-03
600900,2013-08-03
600970,2013-08-03
600971,2013-08-03
600997,2013-08-03
600999,2013-08-03
601001,2013-08-03
601006,2013-08-03
601009,2013-08-03
601018,2013-08-03
601088,2013-08-03
601098,2013-08-03
601099,2013-08-03
601101,2013-08-03
601106,2013-08-03
601111,2013-08-03
601117,2013-08-03
601118,2013-08-03
601139,2013-08-03
601158,2013-08-03
601166,2013-08-03
601168,2013-08-03
601169,2013-08-03
601186,2013-08-03
601238,2013-08-03
601258,2013-08-03
601288,2013-08-03
601299,2013-08-03
601318,2013-08-03
601328,2013-08-03
601333,2013-08-03
601336,2013-08-03
601369,2013-08-03
601377,2013-08-03
601390,2013-08-03
601398,2013-08-03
601555,2013-08-03
601600,2013-08-03
601601,2013-08-03
601607,2013-08-03
601618,2013-08-03
601628,2013-08-03
601633,2013-08-03
601666,2013-08-03
601668,2013-08-03
601669,2013-08-03
601688,2013-08-03
601699,2013-08-03
601717,2013-08-03
601766,2013-08-03
601788,2013-08-03
601800,2013-08-03
601808,2013-08-03
601818,2013-08-03
601857,2013-08-03
601866,2013-08-03
601888,2013-08-03
601898,2013-08-03
601899,2013-08-03
601901,2013-08-03
601918,2013-08-03
601928,2013-08-03
601933,2013-08-03
601939,2013-08-03
601958,2013-08-03
601988,2013-08-03
601989,2013-08-03
601991,2013-08-03
601992,2013-08-03
601998,2013-08-03
603993,2013-08-03
000001,2013-08-03
000002,2013-08-03
000009,2013-08-03
000012,2013-08-03
000024,2013-08-03
000027,2013-08-03
000039,2013-08-03
000046,2013-08-03
000059,2013-08-03
000060,2013-08-03
000061,2013-08-03
000063,2013-08-03
000069,2013-08-03
000100,2013-08-03
000156,2013-08-03
000157,2013-08-03
000338,2013-08-03
000401,2013-08-03
000402,2013-08-03
000422,2013-08-03
000423,2013-08-03
000425,2013-08-03
000527,2013-08-03
000528,2013-08-03
000538,2013-08-03
000539,2013-08-03
000562,2013-08-03
000568,2013-08-03
000581,2013-08-03
000596,2013-08-03
000623,2013-08-03
000625,2013-08-03
000629,2013-08-03
000630,2013-08-03
000651,2013-08-03
000656,2013-08-03
000686,2013-08-03
000703,2013-08-03
000709,2013-08-03
000718,2013-08-03
000725,2013-08-03
000728,2013-08-03
000729,2013-08-03
000750,2013-08-03
000758,2013-08-03
000768,2013-08-03
000776,2013-08-03
000778,2013-08-03
000780,2013-08-03
000783,2013-08-03
000792,2013-08-03
000800,2013-08-03
000807,2013-08-03
000839,2013-08-03
000858,2013-08-03
000869,2013-08-03
000876,2013-08-03
000878,2013-08-03
000883,2013-08-03
000895,2013-08-03
000933,2013-08-03
000937,2013-08-03
000960,2013-08-03
000961,2013-08-03
000963,2013-08-03
000969,2013-08-03
000970,2013-08-03
000983,2013-08-03
000999,2013-08-03
002001,2013-08-03
002007,2013-08-03
002024,2013-08-03
002038,2013-08-03
002051,2013-08-03
002069,2013-08-03
002081,2013-08-03
002092,2013-08-03
002106,2013-08-03
002128,2013-08-03
002142,2013-08-03
002146,2013-08-03
002155,2013-08-03
002202,2013-08-03
002236,2013-08-03
002241,2013-08-03
002269,2013-08-03
002294,2013-08-03
002299,2013-08-03
002304,2013-08-03
002310,2013-08-03
002344,2013-08-03
002353,2013-08-03
002375,2013-08-03
002378,2013-08-03
002385,2013-08-03
002399,2013-08-03
002415,2013-08-03
002422,2013-08-03
002431,2013-08-03
002450,2013-08-03
002500,2013-08-03
002570,2013-08-03
002594,2013-08-03
002603,2013-08-03
002673,2013-08-03
600000,2013-08-28
600005,2013-08-28
600009,2013-08-28
600010,2013-08-28
600011,2013-08-28
600015,2013-08-28
600016,2013-08-28
600019,2013-08-28
600027,2013-08-28
600028,2013-08-28
600029,2013-08-28
600030,2013-08-28
600031,2013-08-28
600036,2013-08-28
600048,2013-08-28
600050,2013-08-28
600058,2013-08-28
600060,2013-08-28
600062,2013-08-28
600066,2013-08-28
600068,2013-08-28
600085,2013-08-28
600089,2013-08-28
600096,2013-08-28
600100,2013-08-28
600104,2013-08-28
600108,2013-08-28
600109,2013-08-28
600111,2013-08-28
600115,2013-08-28
600118,2013-08-28
600123,2013-08-28
600125,2013-08-28
600132,2013-08-28
600143,2013-08-28
600150,2013-08-28
600153,2013-08-28
600157,2013-08-28
600160,2013-08-28
600166,2013-08-28
600169,2013-08-28
600170,2013-08-28
600177,2013-08-28
600188,2013-08-28
600196,2013-08-28
600208,2013-08-28
600216,2013-08-28
600219,2013-08-28
600221,2013-08-28
600252,2013-08-28
600256,2013-08-28
600259,2013-08-28
600266,2013-08-28
600267,2013-08-28
600271,2013-08-28
600276,2013-08-28
600309,2013-08-28
600315,2013-08-28
600316,2013-08-28
600332,2013-08-28
600340,2013-08-28
600348,2013-08-28
600352,2013-08-28
600362,2013-08-28
600369,2013-08-28
600372,2013-08-28
600376,2013-08-28
600383,2013-08-28
600395,2013-08-28
600403,2013-08-28
600406,2013-08-28
600415,2013-08-28
600432,2013-08-28
600436,2013-08-28
600489,2013-08-28
600497,2013-08-28
600498,2013-08-28
600508,2013-08-28
600516,2013-08-28
600518,2013-08-28
600519,2013-08-28
600528,2013-08-28
600535,2013-08-28
600546,2013-08-28
600547,2013-08-28
600549,2013-08-28
600550,2013-08-28
600582,2013-08-28
600583,2013-08-28
600585,2013-08-28
600588,2013-08-28
600598,2013-08-28
600600,2013-08-28
600637,2013-08-28
600642,2013-08-28
600649,2013-08-28
600655,2013-08-28
600660,2013-08-28
600664,2013-08-28
600674,2013-08-28
600690,2013-08-28
600694,2013-08-28
600703,2013-08-28
600718,2013-08-28
600739,2013-08-28
600741,2013-08-28
600779,2013-08-28
600783,2013-08-28
600795,2013-08-28
600804,2013-08-28
600809,2013-08-28
600811,2013-08-28
600827,2013-08-28
600832,2013-08-28
600837,2013-08-28
600839,2013-08-28
600859,2013-08-28
600863,2013-08-28
600873,2013-08-28
600875,2013-08-28
600881,2013-08-28
600886,2013-08-28
600887,2013-08-28
600893,2013-08-28
600895,2013-08-28
600900,2013-08-28
600970,2013-08-28
600971,2013-08-28
600997,2013-08-28
600999,2013-08-28
601001,2013-08-28
601006,2013-08-28
601009,2013-08-28
601018,2013-08-28
601088,2013-08-28
601098,2013-08-28
601099,2013-08-28
601101,2013-08-28
601106,2013-08-28
601111,2013-08-28
601117,2013-08-28
601118,2013-08-28
601139,2013-08-28
601158,2013-08-28
601166,2013-08-28
601168,2013-08-28
601169,2013-08-28
601186,2013-08-28
601238,2013-08-28
601258,2013-08-28
601288,2013-08-28
601299,2013-08-28
601318,2013-08-28
601328,2013-08-28
601333,2013-08-28
601336,2013-08-28
601369,2013-08-28
601377,2013-08-28
601390,2013-08-28
601398,2013-08-28
601555,2013-08-28
601600,2013-08-28
601601,2013-08-28
601607,2013-08-28
601618,2013-08-28
601628,2013-08-28
601633,2013-08-28
601666,2013-08-28
601668,2013-08-28
601669,2013-08-28
601688,2013-08-28
601699,2013-08-28
601717,2013-08-28
601766,2013-08-28
601788,2013-08-28
601800,2013-08-28
601808,2013-08-28
601818,2013-08-28
601857,2013-08-28
601866,2013-08-28
601888,2013-08-28
601898,2013-08-28
601899,2013-08-28
601901,2013-08-28
601918,2013-08-28
601928,2013-08-28
601933,2013-08-28
601939,2013-08-28
601958,2013-08-28
601988,2013-08-28
601989,2013-08-28
601991,2013-08-28
601992,2013-08-28
601998,2013-08-28
603993,2013-08-28
000001,2013-08-28
000002,2013-08-28
000009,2013-08-28
000012,2013-08-28
000024,2013-08-28
000027,2013-08-28
000039,2013-08-28
000046,2013-08-28
000059,2013-08-28
000060,2013-08-28
000061,2013-08-28
000063,2013-08-28
000069,2013-08-28
000100,2013-08-28
000156,2013-08-28
000157,2013-08-28
000338,2013-08-28
000401,2013-08-28
000402,2013-08-28
000422,2013-08-28
000423,2013-08-28
000425,2013-08-28
000527,2013-08-28
000528,2013-08-28
000538,2013-08-28
000539,2013-08-28
000562,2013-08-28
000568,2013-08-28
000581,2013-08-28
000596,2013-08-28
000623,2013-08-28
000625,2013-08-28
000629,2013-08-28
000630,2013-08-28
000651,2013-08-28
000656,2013-08-28
000686,2013-08-28
000703,2013-08-28
000709,2013-08-28
000718,2013-08-28
000725,2013-08-28
000728,2013-08-28
000729,2013-08-28
000750,2013-08-28
000758,2013-08-28
000768,2013-08-28
000776,2013-08-28
000778,2013-08-28
000780,2013-08-28
000783,2013-08-28
000792,2013-08-28
000800,2013-08-28
000807,2013-08-28
000839,2013-08-28
000858,2013-08-28
000869,2013-08-28
000876,2013-08-28
000878,2013-08-28
000883,2013-08-28
000895,2013-08-28
000933,2013-08-28
000937,2013-08-28
000960,2013-08-28
000961,2013-08-28
000963,2013-08-28
000969,2013-08-28
000970,2013-08-28
000983,2013-08-28
000999,2013-08-28
002001,2013-08-28
002007,2013-08-28
002024,2013-08-28
002038,2013-08-28
002051,2013-08-28
002069,2013-08-28
002081,2013-08-28
002092,2013-08-28
002106,2013-08-28
002128,2013-08-28
002142,2013-08-28
002146,2013-08-28
002155,2013-08-28
002202,2013-08-28
002236,2013-08-28
002241,2013-08-28
002269,2013-08-28
002294,2013-08-28
002299,2013-08-28
002304,2013-08-28
002310,2013-08-28
002344,2013-08-28
002353,2013-08-28
002375,2013-08-28
002378,2013-08-28
002385,2013-08-28
002399,2013-08-28
002415,2013-08-28
002422,2013-08-28
002431,2013-08-28
002450,2013-08-28
002500,2013-08-28
002570,2013-08-28
002594,2013-08-28
002603,2013-08-28
002673,2013-08-28
600000,2014-02-01
600008,2014-02-01
600009,2014-02-01
600010,2014-02-01
600011,2014-02-01
600015,2014-02-01
600016,2014-02-01
600018,2014-02-01
600019,2014-02-01
600027,2014-02-01
600028,2014-02-01
600029,2014-02-01
600030,2014-02-01
600031,2014-02-01
600036,2014-02-01
600048,2014-02-01
600050,2014-02-01
600058,2014-02-01
600060,2014-02-01
600062,2014-02-01
600066,2014-02-01
600068,2014-02-01
600079,2014-02-01
600085,2014-02-01
600089,2014-02-01
600096,2014-02-01
600100,2014-02-01
600104,2014-02-01
600108,2014-02-01
600109,2014-02-01
600111,2014-02-01
600115,2014-02-01
600118,2014-02-01
600123,2014-02-01
600143,2014-02-01
600150,2014-02-01
600153,2014-02-01
600157,2014-02-01
600160,2014-02-01
600166,2014-02-01
600170,2014-02-01
600177,2014-02-01
600188,2014-02-01
600196,2014-02-01
600208,2014-02-01
600216,2014-02-01
600219,2014-02-01
600221,2014-02-01
600252,2014-02-01
600256,2014-02-01
600259,2014-02-01
600266,2014-02-01
600267,2014-02-01
600271,2014-02-01
600276,2014-02-01
600309,2014-02-01
600315,2014-02-01
600316,2014-02-01
600332,2014-02-01
600340,2014-02-01
600348,2014-02-01
600352,2014-02-01
600362,2014-02-01
600369,2014-02-01
600372,2014-02-01
600376,2014-02-01
600383,2014-02-01
600395,2014-02-01
600403,2014-02-01
600406,2014-02-01
600415,2014-02-01
600436,2014-02-01
600489,2014-02-01
600497,2014-02-01
600498,2014-02-01
600516,2014-02-01
600518,2014-02-01
600519,2014-02-01
600528,2014-02-01
600535,2014-02-01
600546,2014-02-01
600547,2014-02-01
600549,2014-02-01
600582,2014-02-01
600583,2014-02-01
600585,2014-02-01
600588,2014-02-01
600597,2014-02-01
600598,2014-02-01
600600,2014-02-01
600637,2014-02-01
600642,2014-02-01
600648,2014-02-01
600649,2014-02-01
600655,2014-02-01
600660,2014-02-01
600663,2014-02-01
600664,2014-02-01
600674,2014-02-01
600688,2014-02-01
600690,2014-02-01
600694,2014-02-01
600703,2014-02-01
600705,2014-02-01
600718,2014-02-01
600739,2014-02-01
600741,2014-02-01
600783,2014-02-01
600795,2014-02-01
600804,2014-02-01
600809,2014-02-01
600811,2014-02-01
600827,2014-02-01
600832,2014-02-01
600837,2014-02-01
600839,2014-02-01
600859,2014-02-01
600863,2014-02-01
600873,2014-02-01
600875,2014-02-01
600886,2014-02-01
600887,2014-02-01
600893,2014-02-01
600895,2014-02-01
600900,2014-02-01
600970,2014-02-01
600971,2014-02-01
600997,2014-02-01
600999,2014-02-01
601001,2014-02-01
601006,2014-02-01
601009,2014-02-01
601018,2014-02-01
601088,2014-02-01
601098,2014-02-01
601099,2014-02-01
601101,2014-02-01
601106,2014-02-01
601111,2014-02-01
601117,2014-02-01
601118,2014-02-01
601139,2014-02-01
601158,2014-02-01
601166,2014-02-01
601168,2014-02-01
601169,2014-02-01
601186,2014-02-01
601231,2014-02-01
601238,2014-02-01
601258,2014-02-01
601288,2014-02-01
601299,2014-02-01
601318,2014-02-01
601328,2014-02-01
601333,2014-02-01
601336,2014-02-01
601369,2014-02-01
601377,2014-02-01
601390,2014-02-01
601398,2014-02-01
601555,2014-02-01
601600,2014-02-01
601601,2014-02-01
601607,2014-02-01
601618,2014-02-01
601628,2014-02-01
601633,2014-02-01
601666,2014-02-01
601668,2014-02-01
601669,2014-02-01
601688,2014-02-01
601699,2014-02-01
601717,2014-02-01
601766,2014-02-01
601800,2014-02-01
601808,2014-02-01
601818,2014-02-01
601857,2014-02-01
601866,2014-02-01
601888,2014-02-01
601898,2014-02-01
601899,2014-02-01
601901,2014-02-01
601918,2014-02-01
601928,2014-02-01
601933,2014-02-01
601939,2014-02-01
601958,2014-02-01
601988,2014-02-01
601989,2014-02-01
601991,2014-02-01
601992,2014-02-01
601998,2014-02-01
603000,2014-02-01
603993,2014-02-01
000001,2014-02-01
000002,2014-02-01
000009,2014-02-01
000012,2014-02-01
000024,2014-02-01
000039,2014-02-01
000046,2014-02-01
000060,2014-02-01
000061,2014-02-01
000063,2014-02-01
000069,2014-02-01
000100,2014-02-01
000156,2014-02-01
000157,2014-02-01
000333,2014-02-01
000338,2014-02-01
000400,2014-02-01
000401,2014-02-01
000402,2014-02-01
000423,2014-02-01
000425,2014-02-01
000528,2014-02-01
000536,2014-02-01
000538,2014-02-01
000562,2014-02-01
000568,2014-02-01
000581,2014-02-01
000596,2014-02-01
000598,2014-02-01
000623,2014-02-01
000625,2014-02-01
000629,2014-02-01
000630,2014-02-01
000651,2014-02-01
000656,2014-02-01
000686,2014-02-01
000703,2014-02-01
000709,2014-02-01
000718,2014-02-01
000725,2014-02-01
000728,2014-02-01
000729,2014-02-01
000750,2014-02-01
000758,2014-02-01
000768,2014-02-01
000776,2014-02-01
000778,2014-02-01
000783,2014-02-01
000792,2014-02-01
000793,2014-02-01
000800,2014-02-01
000826,2014-02-01
000831,2014-02-01
000839,2014-02-01
000858,2014-02-01
000869,2014-02-01
000876,2014-02-01
000878,2014-02-01
000895,2014-02-01
000933,2014-02-01
000937,2014-02-01
000960,2014-02-01
000961,2014-02-01
000963,2014-02-01
000970,2014-02-01
000983,2014-02-01
000999,2014-02-01
002001,2014-02-01
002007,2014-02-01
002024,2014-02-01
002038,2014-02-01
002051,2014-02-01
002065,2014-02-01
002069,2014-02-01
002081,2014-02-01
002106,2014-02-01
002129,2014-02-01
002142,2014-02-01
002146,2014-02-01
002155,2014-02-01
002202,2014-02-01
002230,2014-02-01
002236,2014-02-01
002241,2014-02-01
002269,2014-02-01
002294,2014-02-01
002299,2014-02-01
002304,2014-02-01
002310,2014-02-01
002344,2014-02-01
002353,2014-02-01
002375,2014-02-01
002385,2014-02-01
002399,2014-02-01
002415,2014-02-01
002422,2014-02-01
002431,2014-02-01
002450,2014-02-01
002456,2014-02-01
002500,2014-02-01
002570,2014-02-01
002594,2014-02-01
002603,2014-02-01
002653,2014-02-01
002673,2014-02-01
600000,2014-02-02
600008,2014-02-02
600009,2014-02-02
600010,2014-02-02
600011,2014-02-02
600015,2014-02-02
600016,2014-02-02
600018,2014-02-02
600019,2014-02-02
600027,2014-02-02
600028,2014-02-02
600029,2014-02-02
600030,2014-02-02
600031,2014-02-02
600036,2014-02-02
600048,2014-02-02
600050,2014-02-02
600058,2014-02-02
600060,2014-02-02
600062,2014-02-02
600066,2014-02-02
600068,2014-02-02
600079,2014-02-02
600085,2014-02-02
600089,2014-02-02
600096,2014-02-02
600100,2014-02-02
600104,2014-02-02
600108,2014-02-02
600109,2014-02-02
600111,2014-02-02
600115,2014-02-02
600118,2014-02-02
600123,2014-02-02
600143,2014-02-02
600150,2014-02-02
600153,2014-02-02
600157,2014-02-02
600160,2014-02-02
600166,2014-02-02
600170,2014-02-02
600177,2014-02-02
600188,2014-02-02
600196,2014-02-02
600208,2014-02-02
600216,2014-02-02
600219,2014-02-02
600221,2014-02-02
600252,2014-02-02
600256,2014-02-02
600259,2014-02-02
600266,2014-02-02
600267,2014-02-02
600271,2014-02-02
600276,2014-02-02
600309,2014-02-02
600315,2014-02-02
600316,2014-02-02
600332,2014-02-02
600340,2014-02-02
600348,2014-02-02
600352,2014-02-02
600362,2014-02-02
600369,2014-02-02
600372,2014-02-02
600376,2014-02-02
600383,2014-02-02
600395,2014-02-02
600403,2014-02-02
600406,2014-02-02
600415,2014-02-02
600436,2014-02-02
600489,2014-02-02
600497,2014-02-02
600498,2014-02-02
600516,2014-02-02
600518,2014-02-02
600519,2014-02-02
600528,2014-02-02
600535,2014-02-02
600546,2014-02-02
600547,2014-02-02
600549,2014-02-02
600582,2014-02-02
600583,2014-02-02
600585,2014-02-02
600588,2014-02-02
600597,2014-02-02
600598,2014-02-02
600600,2014-02-02
600637,2014-02-02
600642,2014-02-02
600648,2014-02-02
600649,2014-02-02
600655,2014-02-02
600660,2014-02-02
600663,2014-02-02
600664,2014-02-02
600674,2014-02-02
600688,2014-02-02
600690,2014-02-02
600694,2014-02-02
600703,2014-02-02
600705,2014-02-02
600718,2014-02-02
600739,2014-02-02
600741,2014-02-02
600783,2014-02-02
600795,2014-02-02
600804,2014-02-02
600809,2014-02-02
600811,2014-02-02
600827,2014-02-02
600832,2014-02-02
600837,2014-02-02
600839,2014-02-02
600859,2014-02-02
600863,2014-02-02
600873,2014-02-02
600875,2014-02-02
600886,2014-02-02
600887,2014-02-02
600893,2014-02-02
600895,2014-02-02
600900,2014-02-02
600970,2014-02-02
600971,2014-02-02
600997,2014-02-02
600999,2014-02-02
601001,2014-02-02
601006,2014-02-02
601009,2014-02-02
601018,2014-02-02
601088,2014-02-02
601098,2014-02-02
601099,2014-02-02
601101,2014-02-02
601106,2014-02-02
601111,2014-02-02
601117,2014-02-02
601118,2014-02-02
601139,2014-02-02
601158,2014-02-02
601166,2014-02-02
601168,2014-02-02
601169,2014-02-02
601186,2014-02-02
601231,2014-02-02
601238,2014-02-02
601258,2014-02-02
601288,2014-02-02
601299,2014-02-02
601318,2014-02-02
601328,2014-02-02
601333,2014-02-02
601336,2014-02-02
601369,2014-02-02
601377,2014-02-02
601390,2014-02-02
601398,2014-02-02
601555,2014-02-02
601600,2014-02-02
601601,2014-02-02
601607,2014-02-02
601618,2014-02-02
601628,2014-02-02
601633,2014-02-02
601666,2014-02-02
601668,2014-02-02
601669,2014-02-02
601688,2014-02-02
601699,2014-02-02
601717,2014-02-02
601766,2014-02-02
601800,2014-02-02
601808,2014-02-02
601818,2014-02-02
601857,2014-02-02
601866,2014-02-02
601888,2014-02-02
601898,2014-02-02
601899,2014-02-02
601901,2014-02-02
601918,2014-02-02
601928,2014-02-02
601933,2014-02-02
601939,2014-02-02
601958,2014-02-02
601988,2014-02-02
601989,2014-02-02
601991,2014-02-02
601992,2014-02-02
601998,2014-02-02
603000,2014-02-02
603993,2014-02-02
000001,2014-02-02
000002,2014-02-02
000009,2014-02-02
000012,2014-02-02
000024,2014-02-02
000039,2014-02-02
000046,2014-02-02
000060,2014-02-02
000061,2014-02-02
000063,2014-02-02
000069,2014-02-02
000100,2014-02-02
000156,2014-02-02
000157,2014-02-02
000333,2014-02-02
000338,2014-02-02
000400,2014-02-02
000401,2014-02-02
000402,2014-02-02
000423,2014-02-02
000425,2014-02-02
000528,2014-02-02
000536,2014-02-02
000538,2014-02-02
000562,2014-02-02
000568,2014-02-02
000581,2014-02-02
000596,2014-02-02
000598,2014-02-02
000623,2014-02-02
000625,2014-02-02
000629,2014-02-02
000630,2014-02-02
000651,2014-02-02
000656,2014-02-02
000686,2014-02-02
000703,2014-02-02
000709,2014-02-02
000718,2014-02-02
000725,2014-02-02
000728,2014-02-02
000729,2014-02-02
000750,2014-02-02
000758,2014-02-02
000768,2014-02-02
000776,2014-02-02
000778,2014-02-02
000783,2014-02-02
000792,2014-02-02
000793,2014-02-02
000800,2014-02-02
000826,2014-02-02
000831,2014-02-02
000839,2014-02-02
000858,2014-02-02
000869,2014-02-02
000876,2014-02-02
000878,2014-02-02
000895,2014-02-02
000933,2014-02-02
000937,2014-02-02
000960,2014-02-02
000961,2014-02-02
000963,2014-02-02
000970,2014-02-02
000983,2014-02-02
000999,2014-02-02
002001,2014-02-02
002007,2014-02-02
002024,2014-02-02
002038,2014-02-02
002051,2014-02-02
002065,2014-02-02
002069,2014-02-02
002081,2014-02-02
002106,2014-02-02
002129,2014-02-02
002142,2014-02-02
002146,2014-02-02
002155,2014-02-02
002202,2014-02-02
002230,2014-02-02
002236,2014-02-02
002241,2014-02-02
002269,2014-02-02
002294,2014-02-02
002299,2014-02-02
002304,2014-02-02
002310,2014-02-02
002344,2014-02-02
002353,2014-02-02
002375,2014-02-02
002385,2014-02-02
002399,2014-02-02
002415,2014-02-02
002422,2014-02-02
002431,2014-02-02
002450,2014-02-02
002456,2014-02-02
002500,2014-02-02
002570,2014-02-02
002594,2014-02-02
002603,2014-02-02
002653,2014-02-02
002673,2014-02-02
600000,2014-02-03
600008,2014-02-03
600009,2014-02-03
600010,2014-02-03
600011,2014-02-03
600015,2014-02-03
600016,2014-02-03
600018,2014-02-03
600019,2014-02-03
600027,2014-02-03
600028,2014-02-03
600029,2014-02-03
600030,2014-02-03
600031,2014-02-03
600036,2014-02-03
600048,2014-02-03
600050,2014-02-03
600058,2014-02-03
600060,2014-02-03
600062,2014-02-03
600066,2014-02-03
600068,2014-02-03
600079,2014-02-03
600085,2014-02-03
600089,2014-02-03
600096,2014-02-03
600100,2014-02-03
600104,2014-02-03
600108,2014-02-03
600109,2014-02-03
600111,2014-02-03
600115,2014-02-03
600118,2014-02-03
600123,2014-02-03
600143,2014-02-03
600150,2014-02-03
600153,2014-02-03
600157,2014-02-03
600160,2014-02-03
600166,2014-02-03
600170,2014-02-03
600177,2014-02-03
600188,2014-02-03
600196,2014-02-03
600208,2014-02-03
600216,2014-02-03
600219,2014-02-03
600221,2014-02-03
600252,2014-02-03
600256,2014-02-03
600259,2014-02-03
600266,2014-02-03
600267,2014-02-03
600271,2014-02-03
600276,2014-02-03
600309,2014-02-03
600315,2014-02-03
600316,2014-02-03
600332,2014-02-03
600340,2014-02-03
600348,2014-02-03
600352,2014-02-03
600362,2014-02-03
600369,2014-02-03
600372,2014-02-03
600376,2014-02-03
600383,2014-02-03
600395,2014-02-03
600403,2014-02-03
600406,2014-02-03
600415,2014-02-03
600436,2014-02-03
600489,2014-02-03
600497,2014-02-03
600498,2014-02-03
600516,2014-02-03
600518,2014-02-03
600519,2014-02-03
600528,2014-02-03
600535,2014-02-03
600546,2014-02-03
600547,2014-02-03
600549,2014-02-03
600582,2014-02-03
600583,2014-02-03
600585,2014-02-03
600588,2014-02-03
600597,2014-02-03
600598,2014-02-03
600600,2014-02-03
600637,2014-02-03
600642,2014-02-03
600648,2014-02-03
600649,2014-02-03
600655,2014-02-03
600660,2014-02-03
600663,2014-02-03
600664,2014-02-03
600674,2014-02-03
600688,2014-02-03
600690,2014-02-03
600694,2014-02-03
600703,2014-02-03
600705,2014-02-03
600718,2014-02-03
600739,2014-02-03
600741,2014-02-03
600783,2014-02-03
600795,2014-02-03
600804,2014-02-03
600809,2014-02-03
600811,2014-02-03
600827,2014-02-03
600832,2014-02-03
600837,2014-02-03
600839,2014-02-03
600859,2014-02-03
600863,2014-02-03
600873,2014-02-03
600875,2014-02-03
600886,2014-02-03
600887,2014-02-03
600893,2014-02-03
600895,2014-02-03
600900,2014-02-03
600970,2014-02-03
600971,2014-02-03
600997,2014-02-03
600999,2014-02-03
601001,2014-02-03
601006,2014-02-03
601009,2014-02-03
601018,2014-02-03
601088,2014-02-03
601098,2014-02-03
601099,2014-02-03
601101,2014-02-03
601106,2014-02-03
601111,2014-02-03
601117,2014-02-03
601118,2014-02-03
601139,2014-02-03
601158,2014-02-03
601166,2014-02-03
601168,2014-02-03
601169,2014-02-03
601186,2014-02-03
601231,2014-02-03
601238,2014-02-03
601258,2014-02-03
601288,2014-02-03
601299,2014-02-03
601318,2014-02-03
601328,2014-02-03
601333,2014-02-03
601336,2014-02-03
601369,2014-02-03
601377,2014-02-03
601390,2014-02-03
601398,2014-02-03
601555,2014-02-03
601600,2014-02-03
601601,2014-02-03
601607,2014-02-03
601618,2014-02-03
601628,2014-02-03
601633,2014-02-03
601666,2014-02-03
601668,2014-02-03
601669,2014-02-03
601688,2014-02-03
601699,2014-02-03
601717,2014-02-03
601766,2014-02-03
601800,2014-02-03
601808,2014-02-03
601818,2014-02-03
601857,2014-02-03
601866,2014-02-03
601888,2014-02-03
601898,2014-02-03
601899,2014-02-03
601901,2014-02-03
601918,2014-02-03
601928,2014-02-03
601933,2014-02-03
601939,2014-02-03
601958,2014-02-03
601988,2014-02-03
601989,2014-02-03
601991,2014-02-03
601992,2014-02-03
601998,2014-02-03
603000,2014-02-03
603993,2014-02-03
000001,2014-02-03
000002,2014-02-03
000009,2014-02-03
000012,2014-02-03
000024,2014-02-03
000039,2014-02-03
000046,2014-02-03
000060,2014-02-03
000061,2014-02-03
000063,2014-02-03
000069,2014-02-03
000100,2014-02-03
000156,2014-02-03
000157,2014-02-03
000333,2014-02-03
000338,2014-02-03
000400,2014-02-03
000401,2014-02-03
000402,2014-02-03
000423,2014-02-03
000425,2014-02-03
000528,2014-02-03
000536,2014-02-03
000538,2014-02-03
000562,2014-02-03
000568,2014-02-03
000581,2014-02-03
000596,2014-02-03
000598,2014-02-03
000623,2014-02-03
000625,2014-02-03
000629,2014-02-03
000630,2014-02-03
000651,2014-02-03
000656,2014-02-03
000686,2014-02-03
000703,2014-02-03
000709,2014-02-03
000718,2014-02-03
000725,2014-02-03
000728,2014-02-03
000729,2014-02-03
000750,2014-02-03
000758,2014-02-03
000768,2014-02-03
000776,2014-02-03
000778,2014-02-03
000783,2014-02-03
000792,2014-02-03
000793,2014-02-03
000800,2014-02-03
000826,2014-02-03
000831,2014-02-03
000839,2014-02-03
000858,2014-02-03
000869,2014-02-03
000876,2014-02-03
000878,2014-02-03
000895,2014-02-03
000933,2014-02-03
000937,2014-02-03
000960,2014-02-03
000961,2014-02-03
000963,2014-02-03
000970,2014-02-03
000983,2014-02-03
000999,2014-02-03
002001,2014-02-03
002007,2014-02-03
002024,2014-02-03
002038,2014-02-03
002051,2014-02-03
002065,2014-02-03
002069,2014-02-03
002081,2014-02-03
002106,2014-02-03
002129,2014-02-03
002142,2014-02-03
002146,2014-02-03
002155,2014-02-03
002202,2014-02-03
002230,2014-02-03
002236,2014-02-03
002241,2014-02-03
002269,2014-02-03
002294,2014-02-03
002299,2014-02-03
002304,2014-02-03
002310,2014-02-03
002344,2014-02-03
002353,2014-02-03
002375,2014-02-03
002385,2014-02-03
002399,2014-02-03
002415,2014-02-03
002422,2014-02-03
002431,2014-02-03
002450,2014-02-03
002456,2014-02-03
002500,2014-02-03
002570,2014-02-03
002594,2014-02-03
002603,2014-02-03
002653,2014-02-03
002673,2014-02-03
600000,2014-02-28
600008,2014-02-28
600009,2014-02-28
600010,2014-02-28
600011,2014-02-28
600015,2014-02-28
600016,2014-02-28
600018,2014-02-28
600019,2014-02-28
600027,2014-02-28
600028,2014-02-28
600029,2014-02-28
600030,2014-02-28
600031,2014-02-28
600036,2014-02-28
600048,2014-02-28
600050,2014-02-28
600058,2014-02-28
600060,2014-02-28
600062,2014-02-28
600066,2014-02-28
600068,2014-02-28
600079,2014-02-28
600085,2014-02-28
600089,2014-02-28
600096,2014-02-28
600100,2014-02-28
600104,2014-02-28
600108,2014-02-28
600109,2014-02-28
600111,2014-02-28
600115,2014-02-28
600118,2014-02-28
600123,2014-02-28
600143,2014-02-28
600150,2014-02-28
600153,2014-02-28
600157,2014-02-28
600160,2014-02-28
600166,2014-02-28
600170,2014-02-28
600177,2014-02-28
600188,2014-02-28
600196,2014-02-28
600208,2014-02-28
600216,2014-02-28
600219,2014-02-28
600221,2014-02-28
600252,2014-02-28
600256,2014-02-28
600259,2014-02-28
600266,2014-02-28
600267,2014-02-28
600271,2014-02-28
600276,2014-02-28
600309,2014-02-28
600315,2014-02-28
600316,2014-02-28
600332,2014-02-28
600340,2014-02-28
600348,2014-02-28
600352,2014-02-28
600362,2014-02-28
600369,2014-02-28
600372,2014-02-28
600376,2014-02-28
600383,2014-02-28
600395,2014-02-28
600403,2014-02-28
600406,2014-02-28
600415,2014-02-28
600436,2014-02-28
600489,2014-02-28
600497,2014-02-28
600498,2014-02-28
600516,2014-02-28
600518,2014-02-28
600519,2014-02-28
600528,2014-02-28
600535,2014-02-28
600546,2014-02-28
600547,2014-02-28
600549,2014-02-28
600582,2014-02-28
600583,2014-02-28
600585,2014-02-28
600588,2014-02-28
600597,2014-02-28
600598,2014-02-28
600600,2014-02-28
600637,2014-02-28
600642,2014-02-28
600648,2014-02-28
600649,2014-02-28
600655,2014-02-28
600660,2014-02-28
600663,2014-02-28
600664,2014-02-28
600674,2014-02-28
600688,2014-02-28
600690,2014-02-28
600694,2014-02-28
600703,2014-02-28
600705,2014-02-28
600718,2014-02-28
600739,2014-02-28
600741,2014-02-28
600783,2014-02-28
600795,2014-02-28
600804,2014-02-28
600809,2014-02-28
600811,2014-02-28
600827,2014-02-28
600832,2014-02-28
600837,2014-02-28
600839,2014-02-28
600859,2014-02-28
600863,2014-02-28
600873,2014-02-28
600875,2014-02-28
600886,2014-02-28
600887,2014-02-28
600893,2014-02-28
600895,2014-02-28
600900,2014-02-28
600970,2014-02-28
600971,2014-02-28
600997,2014-02-28
600999,2014-02-28
601001,2014-02-28
601006,2014-02-28
601009,2014-02-28
601018,2014-02-28
601088,2014-02-28
601098,2014-02-28
601099,2014-02-28
601101,2014-02-28
601106,2014-02-28
601111,2014-02-28
601117,2014-02-28
601118,2014-02-28
601139,2014-02-28
601158,2014-02-28
601166,2014-02-28
601168,2014-02-28
601169,2014-02-28
601186,2014-02-28
601231,2014-02-28
601238,2014-02-28
601258,2014-02-28
601288,2014-02-28
601299,2014-02-28
601318,2014-02-28
601328,2014-02-28
601333,2014-02-28
601336,2014-02-28
601369,2014-02-28
601377,2014-02-28
601390,2014-02-28
601398,2014-02-28
601555,2014-02-28
601600,2014-02-28
601601,2014-02-28
601607,2014-02-28
601618,2014-02-28
601628,2014-02-28
601633,2014-02-28
601666,2014-02-28
601668,2014-02-28
601669,2014-02-28
601688,2014-02-28
601699,2014-02-28
601717,2014-02-28
601766,2014-02-28
601800,2014-02-28
601808,2014-02-28
601818,2014-02-28
601857,2014-02-28
601866,2014-02-28
601888,2014-02-28
601898,2014-02-28
601899,2014-02-28
601901,2014-02-28
601918,2014-02-28
601928,2014-02-28
601933,2014-02-28
601939,2014-02-28
601958,2014-02-28
601988,2014-02-28
601989,2014-02-28
601991,2014-02-28
601992,2014-02-28
601998,2014-02-28
603000,2014-02-28
603993,2014-02-28
000001,2014-02-28
000002,2014-02-28
000009,2014-02-28
000012,2014-02-28
000024,2014-02-28
000039,2014-02-28
000046,2014-02-28
000060,2014-02-28
000061,2014-02-28
000063,2014-02-28
000069,2014-02-28
000100,2014-02-28
000156,2014-02-28
000157,2014-02-28
000333,2014-02-28
000338,2014-02-28
000400,2014-02-28
000401,2014-02-28
000402,2014-02-28
000423,2014-02-28
000425,2014-02-28
000528,2014-02-28
000536,2014-02-28
000538,2014-02-28
000562,2014-02-28
000568,2014-02-28
000581,2014-02-28
000596,2014-02-28
000598,2014-02-28
000623,2014-02-28
000625,2014-02-28
000629,2014-02-28
000630,2014-02-28
000651,2014-02-28
000656,2014-02-28
000686,2014-02-28
000703,2014-02-28
000709,2014-02-28
000718,2014-02-28
000725,2014-02-28
000728,2014-02-28
000729,2014-02-28
000750,2014-02-28
000758,2014-02-28
000768,2014-02-28
000776,2014-02-28
000778,2014-02-28
000783,2014-02-28
000792,2014-02-28
000793,2014-02-28
000800,2014-02-28
000826,2014-02-28
000831,2014-02-28
000839,2014-02-28
000858,2014-02-28
000869,2014-02-28
000876,2014-02-28
000878,2014-02-28
000895,2014-02-28
000933,2014-02-28
000937,2014-02-28
000960,2014-02-28
000961,2014-02-28
000963,2014-02-28
000970,2014-02-28
000983,2014-02-28
000999,2014-02-28
002001,2014-02-28
002007,2014-02-28
002024,2014-02-28
002038,2014-02-28
002051,2014-02-28
002065,2014-02-28
002069,2014-02-28
002081,2014-02-28
002106,2014-02-28
002129,2014-02-28
002142,2014-02-28
002146,2014-02-28
002155,2014-02-28
002202,2014-02-28
002230,2014-02-28
002236,2014-02-28
002241,2014-02-28
002269,2014-02-28
002294,2014-02-28
002299,2014-02-28
002304,2014-02-28
002310,2014-02-28
002344,2014-02-28
002353,2014-02-28
002375,2014-02-28
002385,2014-02-28
002399,2014-02-28
002415,2014-02-28
002422,2014-02-28
002431,2014-02-28
002450,2014-02-28
002456,2014-02-28
002500,2014-02-28
002570,2014-02-28
002594,2014-02-28
002603,2014-02-28
002653,2014-02-28
002673,2014-02-28
600000,2014-08-01
600008,2014-08-01
600009,2014-08-01
600010,2014-08-01
600011,2014-08-01
600015,2014-08-01
600016,2014-08-01
600018,2014-08-01
600019,2014-08-01
600023,2014-08-01
600027,2014-08-01
600028,2014-08-01
600029,2014-08-01
600030,2014-08-01
600031,2014-08-01
600036,2014-08-01
600048,2014-08-01
600050,2014-08-01
600058,2014-08-01
600060,2014-08-01
600062,2014-08-01
600066,2014-08-01
600068,2014-08-01
600079,2014-08-01
600085,2014-08-01
600089,2014-08-01
600096,2014-08-01
600100,2014-08-01
600104,2014-08-01
600108,2014-08-01
600109,2014-08-01
600111,2014-08-01
600115,2014-08-01
600118,2014-08-01
600123,2014-08-01
600143,2014-08-01
600150,2014-08-01
600153,2014-08-01
600157,2014-08-01
600166,2014-08-01
600170,2014-08-01
600177,2014-08-01
600188,2014-08-01
600196,2014-08-01
600208,2014-08-01
600216,2014-08-01
600219,2014-08-01
600221,2014-08-01
600252,2014-08-01
600256,2014-08-01
600259,2014-08-01
600267,2014-08-01
600271,2014-08-01
600276,2014-08-01
600277,2014-08-01
600309,2014-08-01
600315,2014-08-01
600316,2014-08-01
600332,2014-08-01
600340,2014-08-01
600348,2014-08-01
600352,2014-08-01
600362,2014-08-01
600369,2014-08-01
600372,2014-08-01
600376,2014-08-01
600383,2014-08-01
600395,2014-08-01
600403,2014-08-01
600406,2014-08-01
600415,2014-08-01
600436,2014-08-01
600489,2014-08-01
600497,2014-08-01
600498,2014-08-01
600516,2014-08-01
600518,2014-08-01
600519,2014-08-01
600535,2014-08-01
600546,2014-08-01
600547,2014-08-01
600549,2014-08-01
600583,2014-08-01
600585,2014-08-01
600588,2014-08-01
600597,2014-08-01
600600,2014-08-01
600633,2014-08-01
600637,2014-08-01
600642,2014-08-01
600648,2014-08-01
600649,2014-08-01
600655,2014-08-01
600660,2014-08-01
600663,2014-08-01
600664,2014-08-01
600674,2014-08-01
600688,2014-08-01
600690,2014-08-01
600703,2014-08-01
600705,2014-08-01
600718,2014-08-01
600739,2014-08-01
600741,2014-08-01
600783,2014-08-01
600795,2014-08-01
600804,2014-08-01
600809,2014-08-01
600827,2014-08-01
600832,2014-08-01
600837,2014-08-01
600839,2014-08-01
600863,2014-08-01
600867,2014-08-01
600873,2014-08-01
600875,2014-08-01
600880,2014-08-01
600886,2014-08-01
600887,2014-08-01
600893,2014-08-01
600895,2014-08-01
600900,2014-08-01
600998,2014-08-01
600999,2014-08-01
601006,2014-08-01
601009,2014-08-01
601018,2014-08-01
601088,2014-08-01
601098,2014-08-01
601111,2014-08-01
601117,2014-08-01
601118,2014-08-01
601139,2014-08-01
601158,2014-08-01
601166,2014-08-01
601168,2014-08-01
601169,2014-08-01
601179,2014-08-01
601186,2014-08-01
601216,2014-08-01
601225,2014-08-01
601231,2014-08-01
601238,2014-08-01
601258,2014-08-01
601288,2014-08-01
601299,2014-08-01
601318,2014-08-01
601328,2014-08-01
601333,2014-08-01
601336,2014-08-01
601377,2014-08-01
601390,2014-08-01
601398,2014-08-01
601555,2014-08-01
601600,2014-08-01
601601,2014-08-01
601607,2014-08-01
601618,2014-08-01
601628,2014-08-01
601633,2014-08-01
601666,2014-08-01
601668,2014-08-01
601669,2014-08-01
601688,2014-08-01
601699,2014-08-01
601766,2014-08-01
601800,2014-08-01
601808,2014-08-01
601818,2014-08-01
601857,2014-08-01
601866,2014-08-01
601888,2014-08-01
601898,2014-08-01
601899,2014-08-01
601901,2014-08-01
601918,2014-08-01
601928,2014-08-01
601929,2014-08-01
601933,2014-08-01
601939,2014-08-01
601958,2014-08-01
601988,2014-08-01
601989,2014-08-01
601991,2014-08-01
601992,2014-08-01
601998,2014-08-01
603000,2014-08-01
603699,2014-08-01
603993,2014-08-01
000001,2014-08-01
000002,2014-08-01
000009,2014-08-01
000012,2014-08-01
000024,2014-08-01
000027,2014-08-01
000039,2014-08-01
000060,2014-08-01
000061,2014-08-01
000063,2014-08-01
000069,2014-08-01
000100,2014-08-01
000156,2014-08-01
000157,2014-08-01
000333,2014-08-01
000338,2014-08-01
000400,2014-08-01
000401,2014-08-01
000402,2014-08-01
000413,2014-08-01
000423,2014-08-01
000425,2014-08-01
000503,2014-08-01
000536,2014-08-01
000538,2014-08-01
000562,2014-08-01
000568,2014-08-01
000581,2014-08-01
000598,2014-08-01
000623,2014-08-01
000625,2014-08-01
000629,2014-08-01
000630,2014-08-01
000651,2014-08-01
000656,2014-08-01
000686,2014-08-01
000709,2014-08-01
000718,2014-08-01
000725,2014-08-01
000728,2014-08-01
000729,2014-08-01
000750,2014-08-01
000758,2014-08-01
000768,2014-08-01
000776,2014-08-01
000778,2014-08-01
000783,2014-08-01
000792,2014-08-01
000793,2014-08-01
000800,2014-08-01
000826,2014-08-01
000831,2014-08-01
000839,2014-08-01
000858,2014-08-01
000869,2014-08-01
000876,2014-08-01
000878,2014-08-01
000883,2014-08-01
000895,2014-08-01
000917,2014-08-01
000937,2014-08-01
000960,2014-08-01
000961,2014-08-01
000963,2014-08-01
000970,2014-08-01
000983,2014-08-01
000999,2014-08-01
002001,2014-08-01
002007,2014-08-01
002008,2014-08-01
002024,2014-08-01
002038,2014-08-01
002051,2014-08-01
002065,2014-08-01
002081,2014-08-01
002106,2014-08-01
002129,2014-08-01
002142,2014-08-01
002146,2014-08-01
002202,2014-08-01
002230,2014-08-01
002236,2014-08-01
002241,2014-08-01
002252,2014-08-01
002269,2014-08-01
002292,2014-08-01
002294,2014-08-01
002304,2014-08-01
002310,2014-08-01
002344,2014-08-01
002353,2014-08-01
002375,2014-08-01
002385,2014-08-01
002399,2014-08-01
002400,2014-08-01
002410,2014-08-01
002415,2014-08-01
002416,2014-08-01
002422,2014-08-01
002429,2014-08-01
002450,2014-08-01
002456,2014-08-01
002465,2014-08-01
002470,2014-08-01
002475,2014-08-01
002500,2014-08-01
002570,2014-08-01
002594,2014-08-01
002603,2014-08-01
002653,2014-08-01
002673,2014-08-01
600000,2014-08-02
600008,2014-08-02
600009,2014-08-02
600010,2014-08-02
600011,2014-08-02
600015,2014-08-02
600016,2014-08-02
600018,2014-08-02
600019,2014-08-02
600023,2014-08-02
600027,2014-08-02
600028,2014-08-02
600029,2014-08-02
600030,2014-08-02
600031,2014-08-02
600036,2014-08-02
600048,2014-08-02
600050,2014-08-02
600058,2014-08-02
600060,2014-08-02
600062,2014-08-02
600066,2014-08-02
600068,2014-08-02
600079,2014-08-02
600085,2014-08-02
600089,2014-08-02
600096,2014-08-02
600100,2014-08-02
600104,2014-08-02
600108,2014-08-02
600109,2014-08-02
600111,2014-08-02
600115,2014-08-02
600118,2014-08-02
600123,2014-08-02
600143,2014-08-02
600150,2014-08-02
600153,2014-08-02
600157,2014-08-02
600166,2014-08-02
600170,2014-08-02
600177,2014-08-02
600188,2014-08-02
600196,2014-08-02
600208,2014-08-02
600216,2014-08-02
600219,2014-08-02
600221,2014-08-02
600252,2014-08-02
600256,2014-08-02
600259,2014-08-02
600267,2014-08-02
600271,2014-08-02
600276,2014-08-02
600277,2014-08-02
600309,2014-08-02
600315,2014-08-02
600316,2014-08-02
600332,2014-08-02
600340,2014-08-02
600348,2014-08-02
600352,2014-08-02
600362,2014-08-02
600369,2014-08-02
600372,2014-08-02
600376,2014-08-02
600383,2014-08-02
600395,2014-08-02
600403,2014-08-02
600406,2014-08-02
600415,2014-08-02
600436,2014-08-02
600489,2014-08-02
600497,2014-08-02
600498,2014-08-02
600516,2014-08-02
600518,2014-08-02
600519,2014-08-02
600535,2014-08-02
600546,2014-08-02
600547,2014-08-02
600549,2014-08-02
600583,2014-08-02
600585,2014-08-02
600588,2014-08-02
600597,2014-08-02
600600,2014-08-02
600633,2014-08-02
600637,2014-08-02
600642,2014-08-02
600648,2014-08-02
600649,2014-08-02
600655,2014-08-02
600660,2014-08-02
600663,2014-08-02
600664,2014-08-02
600674,2014-08-02
600688,2014-08-02
600690,2014-08-02
600703,2014-08-02
600705,2014-08-02
600718,2014-08-02
600739,2014-08-02
600741,2014-08-02
600783,2014-08-02
600795,2014-08-02
600804,2014-08-02
600809,2014-08-02
600827,2014-08-02
600832,2014-08-02
600837,2014-08-02
600839,2014-08-02
600863,2014-08-02
600867,2014-08-02
600873,2014-08-02
600875,2014-08-02
600880,2014-08-02
600886,2014-08-02
600887,2014-08-02
600893,2014-08-02
600895,2014-08-02
600900,2014-08-02
600998,2014-08-02
600999,2014-08-02
601006,2014-08-02
601009,2014-08-02
601018,2014-08-02
601088,2014-08-02
601098,2014-08-02
601111,2014-08-02
601117,2014-08-02
601118,2014-08-02
601139,2014-08-02
601158,2014-08-02
601166,2014-08-02
601168,2014-08-02
601169,2014-08-02
601179,2014-08-02
601186,2014-08-02
601216,2014-08-02
601225,2014-08-02
601231,2014-08-02
601238,2014-08-02
601258,2014-08-02
601288,2014-08-02
601299,2014-08-02
601318,2014-08-02
601328,2014-08-02
601333,2014-08-02
601336,2014-08-02
601377,2014-08-02
601390,2014-08-02
601398,2014-08-02
601555,2014-08-02
601600,2014-08-02
601601,2014-08-02
601607,2014-08-02
601618,2014-08-02
601628,2014-08-02
601633,2014-08-02
601666,2014-08-02
601668,2014-08-02
601669,2014-08-02
601688,2014-08-02
601699,2014-08-02
601766,2014-08-02
601800,2014-08-02
601808,2014-08-02
601818,2014-08-02
601857,2014-08-02
601866,2014-08-02
601888,2014-08-02
601898,2014-08-02
601899,2014-08-02
601901,2014-08-02
601918,2014-08-02
601928,2014-08-02
601929,2014-08-02
601933,2014-08-02
601939,2014-08-02
601958,2014-08-02
601988,2014-08-02
601989,2014-08-02
601991,2014-08-02
601992,2014-08-02
601998,2014-08-02
603000,2014-08-02
603699,2014-08-02
603993,2014-08-02
000001,2014-08-02
000002,2014-08-02
000009,2014-08-02
000012,2014-08-02
000024,2014-08-02
000027,2014-08-02
000039,2014-08-02
000060,2014-08-02
000061,2014-08-02
000063,2014-08-02
000069,2014-08-02
000100,2014-08-02
000156,2014-08-02
000157,2014-08-02
000333,2014-08-02
000338,2014-08-02
000400,2014-08-02
000401,2014-08-02
000402,2014-08-02
000413,2014-08-02
000423,2014-08-02
000425,2014-08-02
000503,2014-08-02
000536,2014-08-02
000538,2014-08-02
000562,2014-08-02
000568,2014-08-02
000581,2014-08-02
000598,2014-08-02
000623,2014-08-02
000625,2014-08-02
000629,2014-08-02
000630,2014-08-02
000651,2014-08-02
000656,2014-08-02
000686,2014-08-02
000709,2014-08-02
000718,2014-08-02
000725,2014-08-02
000728,2014-08-02
000729,2014-08-02
000750,2014-08-02
000758,2014-08-02
000768,2014-08-02
000776,2014-08-02
000778,2014-08-02
000783,2014-08-02
000792,2014-08-02
000793,2014-08-02
000800,2014-08-02
000826,2014-08-02
000831,2014-08-02
000839,2014-08-02
000858,2014-08-02
000869,2014-08-02
000876,2014-08-02
000878,2014-08-02
000883,2014-08-02
000895,2014-08-02
000917,2014-08-02
000937,2014-08-02
000960,2014-08-02
000961,2014-08-02
000963,2014-08-02
000970,2014-08-02
000983,2014-08-02
000999,2014-08-02
002001,2014-08-02
002007,2014-08-02
002008,2014-08-02
002024,2014-08-02
002038,2014-08-02
002051,2014-08-02
002065,2014-08-02
002081,2014-08-02
002106,2014-08-02
002129,2014-08-02
002142,2014-08-02
002146,2014-08-02
002202,2014-08-02
002230,2014-08-02
002236,2014-08-02
002241,2014-08-02
002252,2014-08-02
002269,2014-08-02
002292,2014-08-02
002294,2014-08-02
002304,2014-08-02
002310,2014-08-02
002344,2014-08-02
002353,2014-08-02
002375,2014-08-02
002385,2014-08-02
002399,2014-08-02
002400,2014-08-02
002410,2014-08-02
002415,2014-08-02
002416,2014-08-02
002422,2014-08-02
002429,2014-08-02
002450,2014-08-02
002456,2014-08-02
002465,2014-08-02
002470,2014-08-02
002475,2014-08-02
002500,2014-08-02
002570,2014-08-02
002594,2014-08-02
002603,2014-08-02
002653,2014-08-02
002673,2014-08-02
600000,2014-08-03
600008,2014-08-03
600009,2014-08-03
600010,2014-08-03
600011,2014-08-03
600015,2014-08-03
600016,2014-08-03
600018,2014-08-03
600019,2014-08-03
600023,2014-08-03
600027,2014-08-03
600028,2014-08-03
600029,2014-08-03
600030,2014-08-03
600031,2014-08-03
600036,2014-08-03
600048,2014-08-03
600050,2014-08-03
600058,2014-08-03
600060,2014-08-03
600062,2014-08-03
600066,2014-08-03
600068,2014-08-03
600079,2014-08-03
600085,2014-08-03
600089,2014-08-03
600096,2014-08-03
600100,2014-08-03
600104,2014-08-03
600108,2014-08-03
600109,2014-08-03
600111,2014-08-03
600115,2014-08-03
600118,2014-08-03
600123,2014-08-03
600143,2014-08-03
600150,2014-08-03
600153,2014-08-03
600157,2014-08-03
600166,2014-08-03
600170,2014-08-03
600177,2014-08-03
600188,2014-08-03
600196,2014-08-03
600208,2014-08-03
600216,2014-08-03
600219,2014-08-03
600221,2014-08-03
600252,2014-08-03
600256,2014-08-03
600259,2014-08-03
600267,2014-08-03
600271,2014-08-03
600276,2014-08-03
600277,2014-08-03
600309,2014-08-03
600315,2014-08-03
600316,2014-08-03
600332,2014-08-03
600340,2014-08-03
600348,2014-08-03
600352,2014-08-03
600362,2014-08-03
600369,2014-08-03
600372,2014-08-03
600376,2014-08-03
600383,2014-08-03
600395,2014-08-03
600403,2014-08-03
600406,2014-08-03
600415,2014-08-03
600436,2014-08-03
600489,2014-08-03
600497,2014-08-03
600498,2014-08-03
600516,2014-08-03
600518,2014-08-03
600519,2014-08-03
600535,2014-08-03
600546,2014-08-03
600547,2014-08-03
600549,2014-08-03
600583,2014-08-03
600585,2014-08-03
600588,2014-08-03
600597,2014-08-03
600600,2014-08-03
600633,2014-08-03
600637,2014-08-03
600642,2014-08-03
600648,2014-08-03
600649,2014-08-03
600655,2014-08-03
600660,2014-08-03
600663,2014-08-03
600664,2014-08-03
600674,2014-08-03
600688,2014-08-03
600690,2014-08-03
600703,2014-08-03
600705,2014-08-03
600718,2014-08-03
600739,2014-08-03
600741,2014-08-03
600783,2014-08-03
600795,2014-08-03
600804,2014-08-03
600809,2014-08-03
600827,2014-08-03
600832,2014-08-03
600837,2014-08-03
600839,2014-08-03
600863,2014-08-03
600867,2014-08-03
600873,2014-08-03
600875,2014-08-03
600880,2014-08-03
600886,2014-08-03
600887,2014-08-03
600893,2014-08-03
600895,2014-08-03
600900,2014-08-03
600998,2014-08-03
600999,2014-08-03
601006,2014-08-03
601009,2014-08-03
601018,2014-08-03
601088,2014-08-03
601098,2014-08-03
601111,2014-08-03
601117,2014-08-03
601118,2014-08-03
601139,2014-08-03
601158,2014-08-03
601166,2014-08-03
601168,2014-08-03
601169,2014-08-03
601179,2014-08-03
601186,2014-08-03
601216,2014-08-03
601225,2014-08-03
601231,2014-08-03
601238,2014-08-03
601258,2014-08-03
601288,2014-08-03
601299,2014-08-03
601318,2014-08-03
601328,2014-08-03
601333,2014-08-03
601336,2014-08-03
601377,2014-08-03
601390,2014-08-03
601398,2014-08-03
601555,2014-08-03
601600,2014-08-03
601601,2014-08-03
601607,2014-08-03
601618,2014-08-03
601628,2014-08-03
601633,2014-08-03
601666,2014-08-03
601668,2014-08-03
601669,2014-08-03
601688,2014-08-03
601699,2014-08-03
601766,2014-08-03
601800,2014-08-03
601808,2014-08-03
601818,2014-08-03
601857,2014-08-03
601866,2014-08-03
601888,2014-08-03
601898,2014-08-03
601899,2014-08-03
601901,2014-08-03
601918,2014-08-03
601928,2014-08-03
601929,2014-08-03
601933,2014-08-03
601939,2014-08-03
601958,2014-08-03
601988,2014-08-03
601989,2014-08-03
601991,2014-08-03
601992,2014-08-03
601998,2014-08-03
603000,2014-08-03
603699,2014-08-03
603993,2014-08-03
000001,2014-08-03
000002,2014-08-03
000009,2014-08-03
000012,2014-08-03
000024,2014-08-03
000027,2014-08-03
000039,2014-08-03
000060,2014-08-03
000061,2014-08-03
000063,2014-08-03
000069,2014-08-03
000100,2014-08-03
000156,2014-08-03
000157,2014-08-03
000333,2014-08-03
000338,2014-08-03
000400,2014-08-03
000401,2014-08-03
000402,2014-08-03
000413,2014-08-03
000423,2014-08-03
000425,2014-08-03
000503,2014-08-03
000536,2014-08-03
000538,2014-08-03
000562,2014-08-03
000568,2014-08-03
000581,2014-08-03
000598,2014-08-03
000623,2014-08-03
000625,2014-08-03
000629,2014-08-03
000630,2014-08-03
000651,2014-08-03
000656,2014-08-03
000686,2014-08-03
000709,2014-08-03
000718,2014-08-03
000725,2014-08-03
000728,2014-08-03
000729,2014-08-03
000750,2014-08-03
000758,2014-08-03
000768,2014-08-03
000776,2014-08-03
000778,2014-08-03
000783,2014-08-03
000792,2014-08-03
000793,2014-08-03
000800,2014-08-03
000826,2014-08-03
000831,2014-08-03
000839,2014-08-03
000858,2014-08-03
000869,2014-08-03
000876,2014-08-03
000878,2014-08-03
000883,2014-08-03
000895,2014-08-03
000917,2014-08-03
000937,2014-08-03
000960,2014-08-03
000961,2014-08-03
000963,2014-08-03
000970,2014-08-03
000983,2014-08-03
000999,2014-08-03
002001,2014-08-03
002007,2014-08-03
002008,2014-08-03
002024,2014-08-03
002038,2014-08-03
002051,2014-08-03
002065,2014-08-03
002081,2014-08-03
002106,2014-08-03
002129,2014-08-03
002142,2014-08-03
002146,2014-08-03
002202,2014-08-03
002230,2014-08-03
002236,2014-08-03
002241,2014-08-03
002252,2014-08-03
002269,2014-08-03
002292,2014-08-03
002294,2014-08-03
002304,2014-08-03
002310,2014-08-03
002344,2014-08-03
002353,2014-08-03
002375,2014-08-03
002385,2014-08-03
002399,2014-08-03
002400,2014-08-03
002410,2014-08-03
002415,2014-08-03
002416,2014-08-03
002422,2014-08-03
002429,2014-08-03
002450,2014-08-03
002456,2014-08-03
002465,2014-08-03
002470,2014-08-03
002475,2014-08-03
002500,2014-08-03
002570,2014-08-03
002594,2014-08-03
002603,2014-08-03
002653,2014-08-03
002673,2014-08-03
600000,2014-08-28
600008,2014-08-28
600009,2014-08-28
600010,2014-08-28
600011,2014-08-28
600015,2014-08-28
600016,2014-08-28
600018,2014-08-28
600019,2014-08-28
600023,2014-08-28
600027,2014-08-28
600028,2014-08-28
600029,2014-08-28
600030,2014-08-28
600031,2014-08-28
600036,2014-08-28
600048,2014-08-28
600050,2014-08-28
600058,2014-08-28
600060,2014-08-28
600062,2014-08-28
600066,2014-08-28
600068,2014-08-28
600079,2014-08-28
600085,2014-08-28
600089,2014-08-28
600096,2014-08-28
600100,2014-08-28
600104,2014-08-28
600108,2014-08-28
600109,2014-08-28
600111,2014-08-28
600115,2014-08-28
600118,2014-08-28
600123,2014-08-28
600143,2014-08-28
600150,2014-08-28
600153,2014-08-28
600157,2014-08-28
600166,2014-08-28
600170,2014-08-28
600177,2014-08-28
600188,2014-08-28
600196,2014-08-28
600208,2014-08-28
600216,2014-08-28
600219,2014-08-28
600221,2014-08-28
600252,2014-08-28
600256,2014-08-28
600259,2014-08-28
600267,2014-08-28
600271,2014-08-28
600276,2014-08-28
600277,2014-08-28
600309,2014-08-28
600315,2014-08-28
600316,2014-08-28
600332,2014-08-28
600340,2014-08-28
600348,2014-08-28
600352,2014-08-28
600362,2014-08-28
600369,2014-08-28
600372,2014-08-28
600376,2014-08-28
600383,2014-08-28
600395,2014-08-28
600403,2014-08-28
600406,2014-08-28
600415,2014-08-28
600436,2014-08-28
600489,2014-08-28
600497,2014-08-28
600498,2014-08-28
600516,2014-08-28
600518,2014-08-28
600519,2014-08-28
600535,2014-08-28
600546,2014-08-28
600547,2014-08-28
600549,2014-08-28
600583,2014-08-28
600585,2014-08-28
600588,2014-08-28
600597,2014-08-28
600600,2014-08-28
600633,2014-08-28
600637,2014-08-28
600642,2014-08-28
600648,2014-08-28
600649,2014-08-28
600655,2014-08-28
600660,2014-08-28
600663,2014-08-28
600664,2014-08-28
600674,2014-08-28
600688,2014-08-28
600690,2014-08-28
600703,2014-08-28
600705,2014-08-28
600718,2014-08-28
600739,2014-08-28
600741,2014-08-28
600783,2014-08-28
600795,2014-08-28
600804,2014-08-28
600809,2014-08-28
600827,2014-08-28
600832,2014-08-28
600837,2014-08-28
600839,2014-08-28
600863,2014-08-28
600867,2014-08-28
600873,2014-08-28
600875,2014-08-28
600880,2014-08-28
600886,2014-08-28
600887,2014-08-28
600893,2014-08-28
600895,2014-08-28
600900,2014-08-28
600998,2014-08-28
600999,2014-08-28
601006,2014-08-28
601009,2014-08-28
601018,2014-08-28
601088,2014-08-28
601098,2014-08-28
601111,2014-08-28
601117,2014-08-28
601118,2014-08-28
601139,2014-08-28
601158,2014-08-28
601166,2014-08-28
601168,2014-08-28
601169,2014-08-28
601179,2014-08-28
601186,2014-08-28
601216,2014-08-28
601225,2014-08-28
601231,2014-08-28
601238,2014-08-28
601258,2014-08-28
601288,2014-08-28
601299,2014-08-28
601318,2014-08-28
601328,2014-08-28
601333,2014-08-28
601336,2014-08-28
601377,2014-08-28
601390,2014-08-28
601398,2014-08-28
601555,2014-08-28
601600,2014-08-28
601601,2014-08-28
601607,2014-08-28
601618,2014-08-28
601628,2014-08-28
601633,2014-08-28
601666,2014-08-28
601668,2014-08-28
601669,2014-08-28
601688,2014-08-28
601699,2014-08-28
601766,2014-08-28
601800,2014-08-28
601808,2014-08-28
601818,2014-08-28
601857,2014-08-28
601866,2014-08-28
601888,2014-08-28
601898,2014-08-28
601899,2014-08-28
601901,2014-08-28
601918,2014-08-28
601928,2014-08-28
601929,2014-08-28
601933,2014-08-28
601939,2014-08-28
601958,2014-08-28
601988,2014-08-28
601989,2014-08-28
601991,2014-08-28
601992,2014-08-28
601998,2014-08-28
603000,2014-08-28
603699,2014-08-28
603993,2014-08-28
000001,2014-08-28
000002,2014-08-28
000009,2014-08-28
000012,2014-08-28
000024,2014-08-28
000027,2014-08-28
000039,2014-08-28
000060,2014-08-28
000061,2014-08-28
000063,2014-08-28
000069,2014-08-28
000100,2014-08-28
000156,2014-08-28
000157,2014-08-28
000333,2014-08-28
000338,2014-08-28
000400,2014-08-28
000401,2014-08-28
000402,2014-08-28
000413,2014-08-28
000423,2014-08-28
000425,2014-08-28
000503,2014-08-28
000536,2014-08-28
000538,2014-08-28
000562,2014-08-28
000568,2014-08-28
000581,2014-08-28
000598,2014-08-28
000623,2014-08-28
000625,2014-08-28
000629,2014-08-28
000630,2014-08-28
000651,2014-08-28
000656,2014-08-28
000686,2014-08-28
000709,2014-08-28
000718,2014-08-28
000725,2014-08-28
000728,2014-08-28
000729,2014-08-28
000750,2014-08-28
000758,2014-08-28
000768,2014-08-28
000776,2014-08-28
000778,2014-08-28
000783,2014-08-28
000792,2014-08-28
000793,2014-08-28
000800,2014-08-28
000826,2014-08-28
000831,2014-08-28
000839,2014-08-28
000858,2014-08-28
000869,2014-08-28
000876,2014-08-28
000878,2014-08-28
000883,2014-08-28
000895,2014-08-28
000917,2014-08-28
000937,2014-08-28
000960,2014-08-28
000961,2014-08-28
000963,2014-08-28
000970,2014-08-28
000983,2014-08-28
000999,2014-08-28
002001,2014-08-28
002007,2014-08-28
002008,2014-08-28
002024,2014-08-28
002038,2014-08-28
002051,2014-08-28
002065,2014-08-28
002081,2014-08-28
002106,2014-08-28
002129,2014-08-28
002142,2014-08-28
002146,2014-08-28
002202,2014-08-28
002230,2014-08-28
002236,2014-08-28
002241,2014-08-28
002252,2014-08-28
002269,2014-08-28
002292,2014-08-28
002294,2014-08-28
002304,2014-08-28
002310,2014-08-28
002344,2014-08-28
002353,2014-08-28
002375,2014-08-28
002385,2014-08-28
002399,2014-08-28
002400,2014-08-28
002410,2014-08-28
002415,2014-08-28
002416,2014-08-28
002422,2014-08-28
002429,2014-08-28
002450,2014-08-28
002456,2014-08-28
002465,2014-08-28
002470,2014-08-28
002475,2014-08-28
002500,2014-08-28
002570,2014-08-28
002594,2014-08-28
002603,2014-08-28
002653,2014-08-28
002673,2014-08-28
600000,2015-02-01
600008,2015-02-01
600009,2015-02-01
600010,2015-02-01
600011,2015-02-01
600015,2015-02-01
600016,2015-02-01
600018,2015-02-01
600019,2015-02-01
600023,2015-02-01
600027,2015-02-01
600028,2015-02-01
600029,2015-02-01
600030,2015-02-01
600031,2015-02-01
600036,2015-02-01
600038,2015-02-01
600048,2015-02-01
600050,2015-02-01
600058,2015-02-01
600060,2015-02-01
600066,2015-02-01
600068,2015-02-01
600079,2015-02-01
600085,2015-02-01
600089,2015-02-01
600100,2015-02-01
600104,2015-02-01
600108,2015-02-01
600109,2015-02-01
600111,2015-02-01
600115,2015-02-01
600118,2015-02-01
600143,2015-02-01
600150,2015-02-01
600153,2015-02-01
600157,2015-02-01
600166,2015-02-01
600170,2015-02-01
600177,2015-02-01
600188,2015-02-01
600196,2015-02-01
600208,2015-02-01
600221,2015-02-01
600252,2015-02-01
600256,2015-02-01
600267,2015-02-01
600271,2015-02-01
600276,2015-02-01
600277,2015-02-01
600309,2015-02-01
600315,2015-02-01
600316,2015-02-01
600332,2015-02-01
600340,2015-02-01
600348,2015-02-01
600352,2015-02-01
600362,2015-02-01
600369,2015-02-01
600372,2015-02-01
600373,2015-02-01
600383,2015-02-01
600395,2015-02-01
600398,2015-02-01
600406,2015-02-01
600415,2015-02-01
600436,2015-02-01
600485,2015-02-01
600489,2015-02-01
600497,2015-02-01
600498,2015-02-01
600516,2015-02-01
600518,2015-02-01
600519,2015-02-01
600535,2015-02-01
600547,2015-02-01
600549,2015-02-01
600570,2015-02-01
600578,2015-02-01
600583,2015-02-01
600585,2015-02-01
600588,2015-02-01
600597,2015-02-01
600600,2015-02-01
600633,2015-02-01
600637,2015-02-01
600642,2015-02-01
600648,2015-02-01
600649,2015-02-01
600655,2015-02-01
600660,2015-02-01
600663,2015-02-01
600664,2015-02-01
600674,2015-02-01
600688,2015-02-01
600690,2015-02-01
600703,2015-02-01
600705,2015-02-01
600718,2015-02-01
600739,2015-02-01
600741,2015-02-01
600783,2015-02-01
600795,2015-02-01
600804,2015-02-01
600809,2015-02-01
600827,2015-02-01
600832,2015-02-01
600837,2015-02-01
600839,2015-02-01
600863,2015-02-01
600867,2015-02-01
600873,2015-02-01
600875,2015-02-01
600880,2015-02-01
600886,2015-02-01
600887,2015-02-01
600893,2015-02-01
600900,2015-02-01
600998,2015-02-01
600999,2015-02-01
601006,2015-02-01
601009,2015-02-01
601018,2015-02-01
601088,2015-02-01
601098,2015-02-01
601111,2015-02-01
601117,2015-02-01
601118,2015-02-01
601158,2015-02-01
601166,2015-02-01
601168,2015-02-01
601169,2015-02-01
601179,2015-02-01
601186,2015-02-01
601216,2015-02-01
601225,2015-02-01
601231,2015-02-01
601258,2015-02-01
601288,2015-02-01
601299,2015-02-01
601318,2015-02-01
601328,2015-02-01
601333,2015-02-01
601336,2015-02-01
601377,2015-02-01
601390,2015-02-01
601398,2015-02-01
601555,2015-02-01
601600,2015-02-01
601601,2015-02-01
601607,2015-02-01
601618,2015-02-01
601628,2015-02-01
601633,2015-02-01
601668,2015-02-01
601669,2015-02-01
601688,2015-02-01
601699,2015-02-01
601727,2015-02-01
601766,2015-02-01
601800,2015-02-01
601808,2015-02-01
601818,2015-02-01
601857,2015-02-01
601866,2015-02-01
601888,2015-02-01
601898,2015-02-01
601899,2015-02-01
601901,2015-02-01
601928,2015-02-01
601929,2015-02-01
601933,2015-02-01
601939,2015-02-01
601958,2015-02-01
601988,2015-02-01
601989,2015-02-01
601992,2015-02-01
601998,2015-02-01
603000,2015-02-01
603288,2015-02-01
603699,2015-02-01
603993,2015-02-01
000001,2015-02-01
000002,2015-02-01
000009,2015-02-01
000024,2015-02-01
000027,2015-02-01
000039,2015-02-01
000060,2015-02-01
000061,2015-02-01
000063,2015-02-01
000069,2015-02-01
000100,2015-02-01
000156,2015-02-01
000157,2015-02-01
000166,2015-02-01
000333,2015-02-01
000338,2015-02-01
000400,2015-02-01
000401,2015-02-01
000402,2015-02-01
000413,2015-02-01
000423,2015-02-01
000425,2015-02-01
000503,2015-02-01
000536,2015-02-01
000538,2015-02-01
000559,2015-02-01
000568,2015-02-01
000581,2015-02-01
000598,2015-02-01
000623,2015-02-01
000625,2015-02-01
000629,2015-02-01
000630,2015-02-01
000651,2015-02-01
000686,2015-02-01
000709,2015-02-01
000725,2015-02-01
000728,2015-02-01
000729,2015-02-01
000750,2015-02-01
000768,2015-02-01
000776,2015-02-01
000778,2015-02-01
000783,2015-02-01
000792,2015-02-01
000793,2015-02-01
000800,2015-02-01
000825,2015-02-01
000826,2015-02-01
000831,2015-02-01
000839,2015-02-01
000858,2015-02-01
000869,2015-02-01
000876,2015-02-01
000878,2015-02-01
000883,2015-02-01
000895,2015-02-01
000898,2015-02-01
000917,2015-02-01
000937,2015-02-01
000960,2015-02-01
000963,2015-02-01
000970,2015-02-01
000983,2015-02-01
000999,2015-02-01
002001,2015-02-01
002007,2015-02-01
002008,2015-02-01
002024,2015-02-01
002038,2015-02-01
002051,2015-02-01
002065,2015-02-01
002081,2015-02-01
002129,2015-02-01
002142,2015-02-01
002146,2015-02-01
002153,2015-02-01
002202,2015-02-01
002230,2015-02-01
002236,2015-02-01
002241,2015-02-01
002252,2015-02-01
002292,2015-02-01
002294,2015-02-01
002304,2015-02-01
002310,2015-02-01
002344,2015-02-01
002353,2015-02-01
002375,2015-02-01
002385,2015-02-01
002399,2015-02-01
002400,2015-02-01
002410,2015-02-01
002415,2015-02-01
002416,2015-02-01
002422,2015-02-01
002429,2015-02-01
002450,2015-02-01
002456,2015-02-01
002465,2015-02-01
002470,2015-02-01
002475,2015-02-01
002500,2015-02-01
002570,2015-02-01
002594,2015-02-01
002603,2015-02-01
002653,2015-02-01
002673,2015-02-01
300015,2015-02-01
300017,2015-02-01
300024,2015-02-01
300027,2015-02-01
300058,2015-02-01
300070,2015-02-01
300124,2015-02-01
300133,2015-02-01
300146,2015-02-01
300251,2015-02-01
600000,2015-02-02
600008,2015-02-02
600009,2015-02-02
600010,2015-02-02
600011,2015-02-02
600015,2015-02-02
600016,2015-02-02
600018,2015-02-02
600019,2015-02-02
600023,2015-02-02
600027,2015-02-02
600028,2015-02-02
600029,2015-02-02
600030,2015-02-02
600031,2015-02-02
600036,2015-02-02
600038,2015-02-02
600048,2015-02-02
600050,2015-02-02
600058,2015-02-02
600060,2015-02-02
600066,2015-02-02
600068,2015-02-02
600079,2015-02-02
600085,2015-02-02
600089,2015-02-02
600100,2015-02-02
600104,2015-02-02
600108,2015-02-02
600109,2015-02-02
600111,2015-02-02
600115,2015-02-02
600118,2015-02-02
600143,2015-02-02
600150,2015-02-02
600153,2015-02-02
600157,2015-02-02
600166,2015-02-02
600170,2015-02-02
600177,2015-02-02
600188,2015-02-02
600196,2015-02-02
600208,2015-02-02
600221,2015-02-02
600252,2015-02-02
600256,2015-02-02
600267,2015-02-02
600271,2015-02-02
600276,2015-02-02
600277,2015-02-02
600309,2015-02-02
600315,2015-02-02
600316,2015-02-02
600332,2015-02-02
600340,2015-02-02
600348,2015-02-02
600352,2015-02-02
600362,2015-02-02
600369,2015-02-02
600372,2015-02-02
600373,2015-02-02
600383,2015-02-02
600395,2015-02-02
600398,2015-02-02
600406,2015-02-02
600415,2015-02-02
600436,2015-02-02
600485,2015-02-02
600489,2015-02-02
600497,2015-02-02
600498,2015-02-02
600516,2015-02-02
600518,2015-02-02
600519,2015-02-02
600535,2015-02-02
600547,2015-02-02
600549,2015-02-02
600570,2015-02-02
600578,2015-02-02
600583,2015-02-02
600585,2015-02-02
600588,2015-02-02
600597,2015-02-02
600600,2015-02-02
600633,2015-02-02
600637,2015-02-02
600642,2015-02-02
600648,2015-02-02
600649,2015-02-02
600655,2015-02-02
600660,2015-02-02
600663,2015-02-02
600664,2015-02-02
600674,2015-02-02
600688,2015-02-02
600690,2015-02-02
600703,2015-02-02
600705,2015-02-02
600718,2015-02-02
600739,2015-02-02
600741,2015-02-02
600783,2015-02-02
600795,2015-02-02
600804,2015-02-02
600809,2015-02-02
600827,2015-02-02
600832,2015-02-02
600837,2015-02-02
600839,2015-02-02
600863,2015-02-02
600867,2015-02-02
600873,2015-02-02
600875,2015-02-02
600880,2015-02-02
600886,2015-02-02
600887,2015-02-02
600893,2015-02-02
600900,2015-02-02
600998,2015-02-02
600999,2015-02-02
601006,2015-02-02
601009,2015-02-02
601018,2015-02-02
601088,2015-02-02
601098,2015-02-02
601111,2015-02-02
601117,2015-02-02
601118,2015-02-02
601158,2015-02-02
601166,2015-02-02
601168,2015-02-02
601169,2015-02-02
601179,2015-02-02
601186,2015-02-02
601216,2015-02-02
601225,2015-02-02
601231,2015-02-02
601258,2015-02-02
601288,2015-02-02
601299,2015-02-02
601318,2015-02-02
601328,2015-02-02
601333,2015-02-02
601336,2015-02-02
601377,2015-02-02
601390,2015-02-02
601398,2015-02-02
601555,2015-02-02
601600,2015-02-02
601601,2015-02-02
601607,2015-02-02
601618,2015-02-02
601628,2015-02-02
601633,2015-02-02
601668,2015-02-02
601669,2015-02-02
601688,2015-02-02
601699,2015-02-02
601727,2015-02-02
601766,2015-02-02
601800,2015-02-02
601808,2015-02-02
601818,2015-02-02
601857,2015-02-02
601866,2015-02-02
601888,2015-02-02
601898,2015-02-02
601899,2015-02-02
601901,2015-02-02
601928,2015-02-02
601929,2015-02-02
601933,2015-02-02
601939,2015-02-02
601958,2015-02-02
601988,2015-02-02
601989,2015-02-02
601992,2015-02-02
601998,2015-02-02
603000,2015-02-02
603288,2015-02-02
603699,2015-02-02
603993,2015-02-02
000001,2015-02-02
000002,2015-02-02
000009,2015-02-02
000024,2015-02-02
000027,2015-02-02
000039,2015-02-02
000060,2015-02-02
000061,2015-02-02
000063,2015-02-02
000069,2015-02-02
000100,2015-02-02
000156,2015-02-02
000157,2015-02-02
000166,2015-02-02
000333,2015-02-02
000338,2015-02-02
000400,2015-02-02
000401,2015-02-02
000402,2015-02-02
000413,2015-02-02
000423,2015-02-02
000425,2015-02-02
000503,2015-02-02
000536,2015-02-02
000538,2015-02-02
000559,2015-02-02
000568,2015-02-02
000581,2015-02-02
000598,2015-02-02
000623,2015-02-02
000625,2015-02-02
000629,2015-02-02
000630,2015-02-02
000651,2015-02-02
000686,2015-02-02
000709,2015-02-02
000725,2015-02-02
000728,2015-02-02
000729,2015-02-02
000750,2015-02-02
000768,2015-02-02
000776,2015-02-02
000778,2015-02-02
000783,2015-02-02
000792,2015-02-02
000793,2015-02-02
000800,2015-02-02
000825,2015-02-02
000826,2015-02-02
000831,2015-02-02
000839,2015-02-02
000858,2015-02-02
000869,2015-02-02
000876,2015-02-02
000878,2015-02-02
000883,2015-02-02
000895,2015-02-02
000898,2015-02-02
000917,2015-02-02
000937,2015-02-02
000960,2015-02-02
000963,2015-02-02
000970,2015-02-02
000983,2015-02-02
000999,2015-02-02
002001,2015-02-02
002007,2015-02-02
002008,2015-02-02
002024,2015-02-02
002038,2015-02-02
002051,2015-02-02
002065,2015-02-02
002081,2015-02-02
002129,2015-02-02
002142,2015-02-02
002146,2015-02-02
002153,2015-02-02
002202,2015-02-02
002230,2015-02-02
002236,2015-02-02
002241,2015-02-02
002252,2015-02-02
002292,2015-02-02
002294,2015-02-02
002304,2015-02-02
002310,2015-02-02
002344,2015-02-02
002353,2015-02-02
002375,2015-02-02
002385,2015-02-02
002399,2015-02-02
002400,2015-02-02
002410,2015-02-02
002415,2015-02-02
002416,2015-02-02
002422,2015-02-02
002429,2015-02-02
002450,2015-02-02
002456,2015-02-02
002465,2015-02-02
002470,2015-02-02
002475,2015-02-02
002500,2015-02-02
002570,2015-02-02
002594,2015-02-02
002603,2015-02-02
002653,2015-02-02
002673,2015-02-02
300015,2015-02-02
300017,2015-02-02
300024,2015-02-02
300027,2015-02-02
300058,2015-02-02
300070,2015-02-02
300124,2015-02-02
300133,2015-02-02
300146,2015-02-02
300251,2015-02-02
600000,2015-02-03
600008,2015-02-03
600009,2015-02-03
600010,2015-02-03
600011,2015-02-03
600015,2015-02-03
600016,2015-02-03
600018,2015-02-03
600019,2015-02-03
600023,2015-02-03
600027,2015-02-03
600028,2015-02-03
600029,2015-02-03
600030,2015-02-03
600031,2015-02-03
600036,2015-02-03
600038,2015-02-03
600048,2015-02-03
600050,2015-02-03
600058,2015-02-03
600060,2015-02-03
600066,2015-02-03
600068,2015-02-03
600079,2015-02-03
600085,2015-02-03
600089,2015-02-03
600100,2015-02-03
600104,2015-02-03
600108,2015-02-03
600109,2015-02-03
600111,2015-02-03
600115,2015-02-03
600118,2015-02-03
600143,2015-02-03
600150,2015-02-03
600153,2015-02-03
600157,2015-02-03
600166,2015-02-03
600170,2015-02-03
600177,2015-02-03
600188,2015-02-03
600196,2015-02-03
600208,2015-02-03
600221,2015-02-03
600252,2015-02-03
600256,2015-02-03
600267,2015-02-03
600271,2015-02-03
600276,2015-02-03
600277,2015-02-03
600309,2015-02-03
600315,2015-02-03
600316,2015-02-03
600332,2015-02-03
600340,2015-02-03
600348,2015-02-03
600352,2015-02-03
600362,2015-02-03
600369,2015-02-03
600372,2015-02-03
600373,2015-02-03
600383,2015-02-03
600395,2015-02-03
600398,2015-02-03
600406,2015-02-03
600415,2015-02-03
600436,2015-02-03
600485,2015-02-03
600489,2015-02-03
600497,2015-02-03
600498,2015-02-03
600516,2015-02-03
600518,2015-02-03
600519,2015-02-03
600535,2015-02-03
600547,2015-02-03
600549,2015-02-03
600570,2015-02-03
600578,2015-02-03
600583,2015-02-03
600585,2015-02-03
600588,2015-02-03
600597,2015-02-03
600600,2015-02-03
600633,2015-02-03
600637,2015-02-03
600642,2015-02-03
600648,2015-02-03
600649,2015-02-03
600655,2015-02-03
600660,2015-02-03
600663,2015-02-03
600664,2015-02-03
600674,2015-02-03
600688,2015-02-03
600690,2015-02-03
600703,2015-02-03
600705,2015-02-03
600718,2015-02-03
600739,2015-02-03
600741,2015-02-03
600783,2015-02-03
600795,2015-02-03
600804,2015-02-03
600809,2015-02-03
600827,2015-02-03
600832,2015-02-03
600837,2015-02-03
600839,2015-02-03
600863,2015-02-03
600867,2015-02-03
600873,2015-02-03
600875,2015-02-03
600880,2015-02-03
600886,2015-02-03
600887,2015-02-03
600893,2015-02-03
600900,2015-02-03
600998,2015-02-03
600999,2015-02-03
601006,2015-02-03
601009,2015-02-03
601018,2015-02-03
601088,2015-02-03
601098,2015-02-03
601111,2015-02-03
601117,2015-02-03
601118,2015-02-03
601158,2015-02-03
601166,2015-02-03
601168,2015-02-03
601169,2015-02-03
601179,2015-02-03
601186,2015-02-03
601216,2015-02-03
601225,2015-02-03
601231,2015-02-03
601258,2015-02-03
601288,2015-02-03
601299,2015-02-03
601318,2015-02-03
601328,2015-02-03
601333,2015-02-03
601336,2015-02-03
601377,2015-02-03
601390,2015-02-03
601398,2015-02-03
601555,2015-02-03
601600,2015-02-03
601601,2015-02-03
601607,2015-02-03
601618,2015-02-03
601628,2015-02-03
601633,2015-02-03
601668,2015-02-03
601669,2015-02-03
601688,2015-02-03
601699,2015-02-03
601727,2015-02-03
601766,2015-02-03
601800,2015-02-03
601808,2015-02-03
601818,2015-02-03
601857,2015-02-03
601866,2015-02-03
601888,2015-02-03
601898,2015-02-03
601899,2015-02-03
601901,2015-02-03
601928,2015-02-03
601929,2015-02-03
601933,2015-02-03
601939,2015-02-03
601958,2015-02-03
601988,2015-02-03
601989,2015-02-03
601992,2015-02-03
601998,2015-02-03
603000,2015-02-03
603288,2015-02-03
603699,2015-02-03
603993,2015-02-03
000001,2015-02-03
000002,2015-02-03
000009,2015-02-03
000024,2015-02-03
000027,2015-02-03
000039,2015-02-03
000060,2015-02-03
000061,2015-02-03
000063,2015-02-03
000069,2015-02-03
000100,2015-02-03
000156,2015-02-03
000157,2015-02-03
000166,2015-02-03
000333,2015-02-03
000338,2015-02-03
000400,2015-02-03
000401,2015-02-03
000402,2015-02-03
000413,2015-02-03
000423,2015-02-03
000425,2015-02-03
000503,2015-02-03
000536,2015-02-03
000538,2015-02-03
000559,2015-02-03
000568,2015-02-03
000581,2015-02-03
000598,2015-02-03
000623,2015-02-03
000625,2015-02-03
000629,2015-02-03
000630,2015-02-03
000651,2015-02-03
000686,2015-02-03
000709,2015-02-03
000725,2015-02-03
000728,2015-02-03
000729,2015-02-03
000750,2015-02-03
000768,2015-02-03
000776,2015-02-03
000778,2015-02-03
000783,2015-02-03
000792,2015-02-03
000793,2015-02-03
000800,2015-02-03
000825,2015-02-03
000826,2015-02-03
000831,2015-02-03
000839,2015-02-03
000858,2015-02-03
000869,2015-02-03
000876,2015-02-03
000878,2015-02-03
000883,2015-02-03
000895,2015-02-03
000898,2015-02-03
000917,2015-02-03
000937,2015-02-03
000960,2015-02-03
000963,2015-02-03
000970,2015-02-03
000983,2015-02-03
000999,2015-02-03
002001,2015-02-03
002007,2015-02-03
002008,2015-02-03
002024,2015-02-03
002038,2015-02-03
002051,2015-02-03
002065,2015-02-03
002081,2015-02-03
002129,2015-02-03
002142,2015-02-03
002146,2015-02-03
002153,2015-02-03
002202,2015-02-03
002230,2015-02-03
002236,2015-02-03
002241,2015-02-03
002252,2015-02-03
002292,2015-02-03
002294,2015-02-03
002304,2015-02-03
002310,2015-02-03
002344,2015-02-03
002353,2015-02-03
002375,2015-02-03
002385,2015-02-03
002399,2015-02-03
002400,2015-02-03
002410,2015-02-03
002415,2015-02-03
002416,2015-02-03
002422,2015-02-03
002429,2015-02-03
002450,2015-02-03
002456,2015-02-03
002465,2015-02-03
002470,2015-02-03
002475,2015-02-03
002500,2015-02-03
002570,2015-02-03
002594,2015-02-03
002603,2015-02-03
002653,2015-02-03
002673,2015-02-03
300015,2015-02-03
300017,2015-02-03
300024,2015-02-03
300027,2015-02-03
300058,2015-02-03
300070,2015-02-03
300124,2015-02-03
300133,2015-02-03
300146,2015-02-03
300251,2015-02-03
600000,2015-02-28
600008,2015-02-28
600009,2015-02-28
600010,2015-02-28
600011,2015-02-28
600015,2015-02-28
600016,2015-02-28
600018,2015-02-28
600019,2015-02-28
600023,2015-02-28
600027,2015-02-28
600028,2015-02-28
600029,2015-02-28
600030,2015-02-28
600031,2015-02-28
600036,2015-02-28
600038,2015-02-28
600048,2015-02-28
600050,2015-02-28
600058,2015-02-28
600060,2015-02-28
600066,2015-02-28
600068,2015-02-28
600079,2015-02-28
600085,2015-02-28
600089,2015-02-28
600100,2015-02-28
600104,2015-02-28
600108,2015-02-28
600109,2015-02-28
600111,2015-02-28
600115,2015-02-28
600118,2015-02-28
600143,2015-02-28
600150,2015-02-28
600153,2015-02-28
600157,2015-02-28
600166,2015-02-28
600170,2015-02-28
600177,2015-02-28
600188,2015-02-28
600196,2015-02-28
600208,2015-02-28
600221,2015-02-28
600252,2015-02-28
600256,2015-02-28
600267,2015-02-28
600271,2015-02-28
600276,2015-02-28
600277,2015-02-28
600309,2015-02-28
600315,2015-02-28
600316,2015-02-28
600332,2015-02-28
600340,2015-02-28
600348,2015-02-28
600352,2015-02-28
600362,2015-02-28
600369,2015-02-28
600372,2015-02-28
600373,2015-02-28
600383,2015-02-28
600395,2015-02-28
600398,2015-02-28
600406,2015-02-28
600415,2015-02-28
600436,2015-02-28
600485,2015-02-28
600489,2015-02-28
600497,2015-02-28
600498,2015-02-28
600516,2015-02-28
600518,2015-02-28
600519,2015-02-28
600535,2015-02-28
600547,2015-02-28
600549,2015-02-28
600570,2015-02-28
600578,2015-02-28
600583,2015-02-28
600585,2015-02-28
600588,2015-02-28
600597,2015-02-28
600600,2015-02-28
600633,2015-02-28
600637,2015-02-28
600642,2015-02-28
600648,2015-02-28
600649,2015-02-28
600655,2015-02-28
600660,2015-02-28
600663,2015-02-28
600664,2015-02-28
600674,2015-02-28
600688,2015-02-28
600690,2015-02-28
600703,2015-02-28
600705,2015-02-28
600718,2015-02-28
600739,2015-02-28
600741,2015-02-28
600783,2015-02-28
600795,2015-02-28
600804,2015-02-28
600809,2015-02-28
600827,2015-02-28
600832,2015-02-28
600837,2015-02-28
600839,2015-02-28
600863,2015-02-28
600867,2015-02-28
600873,2015-02-28
600875,2015-02-28
600880,2015-02-28
600886,2015-02-28
600887,2015-02-28
600893,2015-02-28
600900,2015-02-28
600998,2015-02-28
600999,2015-02-28
601006,2015-02-28
601009,2015-02-28
601018,2015-02-28
601088,2015-02-28
601098,2015-02-28
601111,2015-02-28
601117,2015-02-28
601118,2015-02-28
601158,2015-02-28
601166,2015-02-28
601168,2015-02-28
601169,2015-02-28
601179,2015-02-28
601186,2015-02-28
601216,2015-02-28
601225,2015-02-28
601231,2015-02-28
601258,2015-02-28
601288,2015-02-28
601299,2015-02-28
601318,2015-02-28
601328,2015-02-28
601333,2015-02-28
601336,2015-02-28
601377,2015-02-28
601390,2015-02-28
601398,2015-02-28
601555,2015-02-28
601600,2015-02-28
601601,2015-02-28
601607,2015-02-28
601618,2015-02-28
601628,2015-02-28
601633,2015-02-28
601668,2015-02-28
601669,2015-02-28
601688,2015-02-28
601699,2015-02-28
601727,2015-02-28
601766,2015-02-28
601800,2015-02-28
601808,2015-02-28
601818,2015-02-28
601857,2015-02-28
601866,2015-02-28
601888,2015-02-28
601898,2015-02-28
601899,2015-02-28
601901,2015-02-28
601928,2015-02-28
601929,2015-02-28
601933,2015-02-28
601939,2015-02-28
601958,2015-02-28
601988,2015-02-28
601989,2015-02-28
601992,2015-02-28
601998,2015-02-28
603000,2015-02-28
603288,2015-02-28
603699,2015-02-28
603993,2015-02-28
000001,2015-02-28
000002,2015-02-28
000009,2015-02-28
000024,2015-02-28
000027,2015-02-28
000039,2015-02-28
000060,2015-02-28
000061,2015-02-28
000063,2015-02-28
000069,2015-02-28
000100,2015-02-28
000156,2015-02-28
000157,2015-02-28
000166,2015-02-28
000333,2015-02-28
000338,2015-02-28
000400,2015-02-28
000401,2015-02-28
000402,2015-02-28
000413,2015-02-28
000423,2015-02-28
000425,2015-02-28
000503,2015-02-28
000536,2015-02-28
000538,2015-02-28
000559,2015-02-28
000568,2015-02-28
000581,2015-02-28
000598,2015-02-28
000623,2015-02-28
000625,2015-02-28
000629,2015-02-28
000630,2015-02-28
000651,2015-02-28
000686,2015-02-28
000709,2015-02-28
000725,2015-02-28
000728,2015-02-28
000729,2015-02-28
000750,2015-02-28
000768,2015-02-28
000776,2015-02-28
000778,2015-02-28
000783,2015-02-28
000792,2015-02-28
000793,2015-02-28
000800,2015-02-28
000825,2015-02-28
000826,2015-02-28
000831,2015-02-28
000839,2015-02-28
000858,2015-02-28
000869,2015-02-28
000876,2015-02-28
000878,2015-02-28
000883,2015-02-28
000895,2015-02-28
000898,2015-02-28
000917,2015-02-28
000937,2015-02-28
000960,2015-02-28
000963,2015-02-28
000970,2015-02-28
000983,2015-02-28
000999,2015-02-28
002001,2015-02-28
002007,2015-02-28
002008,2015-02-28
002024,2015-02-28
002038,2015-02-28
002051,2015-02-28
002065,2015-02-28
002081,2015-02-28
002129,2015-02-28
002142,2015-02-28
002146,2015-02-28
002153,2015-02-28
002202,2015-02-28
002230,2015-02-28
002236,2015-02-28
002241,2015-02-28
002252,2015-02-28
002292,2015-02-28
002294,2015-02-28
002304,2015-02-28
002310,2015-02-28
002344,2015-02-28
002353,2015-02-28
002375,2015-02-28
002385,2015-02-28
002399,2015-02-28
002400,2015-02-28
002410,2015-02-28
002415,2015-02-28
002416,2015-02-28
002422,2015-02-28
002429,2015-02-28
002450,2015-02-28
002456,2015-02-28
002465,2015-02-28
002470,2015-02-28
002475,2015-02-28
002500,2015-02-28
002570,2015-02-28
002594,2015-02-28
002603,2015-02-28
002653,2015-02-28
002673,2015-02-28
300015,2015-02-28
300017,2015-02-28
300024,2015-02-28
300027,2015-02-28
300058,2015-02-28
300070,2015-02-28
300124,2015-02-28
300133,2015-02-28
300146,2015-02-28
300251,2015-02-28
600000,2015-08-01
600005,2015-08-01
600008,2015-08-01
600009,2015-08-01
600010,2015-08-01
600011,2015-08-01
600015,2015-08-01
600016,2015-08-01
600018,2015-08-01
600019,2015-08-01
600023,2015-08-01
600027,2015-08-01
600028,2015-08-01
600029,2015-08-01
600030,2015-08-01
600031,2015-08-01
600036,2015-08-01
600038,2015-08-01
600048,2015-08-01
600050,2015-08-01
600060,2015-08-01
600066,2015-08-01
600068,2015-08-01
600085,2015-08-01
600089,2015-08-01
600100,2015-08-01
600104,2015-08-01
600108,2015-08-01
600109,2015-08-01
600111,2015-08-01
600115,2015-08-01
600118,2015-08-01
600150,2015-08-01
600153,2015-08-01
600157,2015-08-01
600166,2015-08-01
600170,2015-08-01
600177,2015-08-01
600188,2015-08-01
600196,2015-08-01
600208,2015-08-01
600221,2015-08-01
600252,2015-08-01
600256,2015-08-01
600271,2015-08-01
600276,2015-08-01
600277,2015-08-01
600309,2015-08-01
600315,2015-08-01
600316,2015-08-01
600317,2015-08-01
600332,2015-08-01
600340,2015-08-01
600348,2015-08-01
600352,2015-08-01
600362,2015-08-01
600369,2015-08-01
600372,2015-08-01
600373,2015-08-01
600383,2015-08-01
600398,2015-08-01
600406,2015-08-01
600415,2015-08-01
600485,2015-08-01
600489,2015-08-01
600497,2015-08-01
600516,2015-08-01
600518,2015-08-01
600519,2015-08-01
600535,2015-08-01
600547,2015-08-01
600549,2015-08-01
600570,2015-08-01
600578,2015-08-01
600583,2015-08-01
600585,2015-08-01
600588,2015-08-01
600597,2015-08-01
600600,2015-08-01
600633,2015-08-01
600637,2015-08-01
600642,2015-08-01
600648,2015-08-01
600649,2015-08-01
600660,2015-08-01
600663,2015-08-01
600674,2015-08-01
600688,2015-08-01
600690,2015-08-01
600703,2015-08-01
600705,2015-08-01
600717,2015-08-01
600718,2015-08-01
600739,2015-08-01
600741,2015-08-01
600783,2015-08-01
600795,2015-08-01
600804,2015-08-01
600809,2015-08-01
600827,2015-08-01
600837,2015-08-01
600839,2015-08-01
600863,2015-08-01
600867,2015-08-01
600873,2015-08-01
600875,2015-08-01
600886,2015-08-01
600887,2015-08-01
600893,2015-08-01
600900,2015-08-01
600958,2015-08-01
600998,2015-08-01
600999,2015-08-01
601006,2015-08-01
601009,2015-08-01
601018,2015-08-01
601021,2015-08-01
601088,2015-08-01
601098,2015-08-01
601099,2015-08-01
601106,2015-08-01
601111,2015-08-01
601117,2015-08-01
601118,2015-08-01
601158,2015-08-01
601166,2015-08-01
601168,2015-08-01
601169,2015-08-01
601179,2015-08-01
601186,2015-08-01
601216,2015-08-01
601225,2015-08-01
601231,2015-08-01
601258,2015-08-01
601288,2015-08-01
601318,2015-08-01
601328,2015-08-01
601333,2015-08-01
601336,2015-08-01
601377,2015-08-01
601390,2015-08-01
601398,2015-08-01
601555,2015-08-01
601600,2015-08-01
601601,2015-08-01
601607,2015-08-01
601618,2015-08-01
601628,2015-08-01
601633,2015-08-01
601668,2015-08-01
601669,2015-08-01
601688,2015-08-01
601699,2015-08-01
601727,2015-08-01
601766,2015-08-01
601788,2015-08-01
601800,2015-08-01
601808,2015-08-01
601818,2015-08-01
601857,2015-08-01
601866,2015-08-01
601888,2015-08-01
601898,2015-08-01
601899,2015-08-01
601901,2015-08-01
601919,2015-08-01
601928,2015-08-01
601929,2015-08-01
601933,2015-08-01
601939,2015-08-01
601958,2015-08-01
601969,2015-08-01
601988,2015-08-01
601989,2015-08-01
601991,2015-08-01
601992,2015-08-01
601998,2015-08-01
603000,2015-08-01
603288,2015-08-01
603993,2015-08-01
000001,2015-08-01
000002,2015-08-01
000009,2015-08-01
000024,2015-08-01
000027,2015-08-01
000039,2015-08-01
000046,2015-08-01
000060,2015-08-01
000061,2015-08-01
000063,2015-08-01
000069,2015-08-01
000100,2015-08-01
000156,2015-08-01
000157,2015-08-01
000166,2015-08-01
000333,2015-08-01
000338,2015-08-01
000400,2015-08-01
000402,2015-08-01
000413,2015-08-01
000423,2015-08-01
000425,2015-08-01
000503,2015-08-01
000538,2015-08-01
000539,2015-08-01
000559,2015-08-01
000568,2015-08-01
000581,2015-08-01
000598,2015-08-01
000623,2015-08-01
000625,2015-08-01
000629,2015-08-01
000630,2015-08-01
000651,2015-08-01
000686,2015-08-01
000709,2015-08-01
000712,2015-08-01
000725,2015-08-01
000728,2015-08-01
000729,2015-08-01
000738,2015-08-01
000750,2015-08-01
000768,2015-08-01
000776,2015-08-01
000778,2015-08-01
000783,2015-08-01
000792,2015-08-01
000793,2015-08-01
000800,2015-08-01
000825,2015-08-01
000826,2015-08-01
000831,2015-08-01
000839,2015-08-01
000858,2015-08-01
000876,2015-08-01
000878,2015-08-01
000883,2015-08-01
000895,2015-08-01
000898,2015-08-01
000917,2015-08-01
000937,2015-08-01
000960,2015-08-01
000963,2015-08-01
000970,2015-08-01
000983,2015-08-01
000999,2015-08-01
002001,2015-08-01
002007,2015-08-01
002008,2015-08-01
002024,2015-08-01
002038,2015-08-01
002051,2015-08-01
002065,2015-08-01
002081,2015-08-01
002129,2015-08-01
002142,2015-08-01
002146,2015-08-01
002153,2015-08-01
002202,2015-08-01
002230,2015-08-01
002236,2015-08-01
002241,2015-08-01
002252,2015-08-01
002292,2015-08-01
002294,2015-08-01
002304,2015-08-01
002310,2015-08-01
002344,2015-08-01
002353,2015-08-01
002375,2015-08-01
002385,2015-08-01
002399,2015-08-01
002410,2015-08-01
002415,2015-08-01
002422,2015-08-01
002450,2015-08-01
002456,2015-08-01
002465,2015-08-01
002470,2015-08-01
002475,2015-08-01
002500,2015-08-01
002570,2015-08-01
002594,2015-08-01
002653,2015-08-01
002673,2015-08-01
002736,2015-08-01
300002,2015-08-01
300003,2015-08-01
300015,2015-08-01
300017,2015-08-01
300024,2015-08-01
300027,2015-08-01
300058,2015-08-01
300059,2015-08-01
300070,2015-08-01
300104,2015-08-01
300124,2015-08-01
300133,2015-08-01
300146,2015-08-01
300251,2015-08-01
600000,2015-08-02
600005,2015-08-02
600008,2015-08-02
600009,2015-08-02
600010,2015-08-02
600011,2015-08-02
600015,2015-08-02
600016,2015-08-02
600018,2015-08-02
600019,2015-08-02
600023,2015-08-02
600027,2015-08-02
600028,2015-08-02
600029,2015-08-02
600030,2015-08-02
600031,2015-08-02
600036,2015-08-02
600038,2015-08-02
600048,2015-08-02
600050,2015-08-02
600060,2015-08-02
600066,2015-08-02
600068,2015-08-02
600085,2015-08-02
600089,2015-08-02
600100,2015-08-02
600104,2015-08-02
600108,2015-08-02
600109,2015-08-02
600111,2015-08-02
600115,2015-08-02
600118,2015-08-02
600150,2015-08-02
600153,2015-08-02
600157,2015-08-02
600166,2015-08-02
600170,2015-08-02
600177,2015-08-02
600188,2015-08-02
600196,2015-08-02
600208,2015-08-02
600221,2015-08-02
600252,2015-08-02
600256,2015-08-02
600271,2015-08-02
600276,2015-08-02
600277,2015-08-02
600309,2015-08-02
600315,2015-08-02
600316,2015-08-02
600317,2015-08-02
600332,2015-08-02
600340,2015-08-02
600348,2015-08-02
600352,2015-08-02
600362,2015-08-02
600369,2015-08-02
600372,2015-08-02
600373,2015-08-02
600383,2015-08-02
600398,2015-08-02
600406,2015-08-02
600415,2015-08-02
600485,2015-08-02
600489,2015-08-02
600497,2015-08-02
600516,2015-08-02
600518,2015-08-02
600519,2015-08-02
600535,2015-08-02
600547,2015-08-02
600549,2015-08-02
600570,2015-08-02
600578,2015-08-02
600583,2015-08-02
600585,2015-08-02
600588,2015-08-02
600597,2015-08-02
600600,2015-08-02
600633,2015-08-02
600637,2015-08-02
600642,2015-08-02
600648,2015-08-02
600649,2015-08-02
600660,2015-08-02
600663,2015-08-02
600674,2015-08-02
600688,2015-08-02
600690,2015-08-02
600703,2015-08-02
600705,2015-08-02
600717,2015-08-02
600718,2015-08-02
600739,2015-08-02
600741,2015-08-02
600783,2015-08-02
600795,2015-08-02
600804,2015-08-02
600809,2015-08-02
600827,2015-08-02
600837,2015-08-02
600839,2015-08-02
600863,2015-08-02
600867,2015-08-02
600873,2015-08-02
600875,2015-08-02
600886,2015-08-02
600887,2015-08-02
600893,2015-08-02
600900,2015-08-02
600958,2015-08-02
600998,2015-08-02
600999,2015-08-02
601006,2015-08-02
601009,2015-08-02
601018,2015-08-02
601021,2015-08-02
601088,2015-08-02
601098,2015-08-02
601099,2015-08-02
601106,2015-08-02
601111,2015-08-02
601117,2015-08-02
601118,2015-08-02
601158,2015-08-02
601166,2015-08-02
601168,2015-08-02
601169,2015-08-02
601179,2015-08-02
601186,2015-08-02
601216,2015-08-02
601225,2015-08-02
601231,2015-08-02
601258,2015-08-02
601288,2015-08-02
601318,2015-08-02
601328,2015-08-02
601333,2015-08-02
601336,2015-08-02
601377,2015-08-02
601390,2015-08-02
601398,2015-08-02
601555,2015-08-02
601600,2015-08-02
601601,2015-08-02
601607,2015-08-02
601618,2015-08-02
601628,2015-08-02
601633,2015-08-02
601668,2015-08-02
601669,2015-08-02
601688,2015-08-02
601699,2015-08-02
601727,2015-08-02
601766,2015-08-02
601788,2015-08-02
601800,2015-08-02
601808,2015-08-02
601818,2015-08-02
601857,2015-08-02
601866,2015-08-02
601888,2015-08-02
601898,2015-08-02
601899,2015-08-02
601901,2015-08-02
601919,2015-08-02
601928,2015-08-02
601929,2015-08-02
601933,2015-08-02
601939,2015-08-02
601958,2015-08-02
601969,2015-08-02
601988,2015-08-02
601989,2015-08-02
601991,2015-08-02
601992,2015-08-02
601998,2015-08-02
603000,2015-08-02
603288,2015-08-02
603993,2015-08-02
000001,2015-08-02
000002,2015-08-02
000009,2015-08-02
000024,2015-08-02
000027,2015-08-02
000039,2015-08-02
000046,2015-08-02
000060,2015-08-02
000061,2015-08-02
000063,2015-08-02
000069,2015-08-02
000100,2015-08-02
000156,2015-08-02
000157,2015-08-02
000166,2015-08-02
000333,2015-08-02
000338,2015-08-02
000400,2015-08-02
000402,2015-08-02
000413,2015-08-02
000423,2015-08-02
000425,2015-08-02
000503,2015-08-02
000538,2015-08-02
000539,2015-08-02
000559,2015-08-02
000568,2015-08-02
000581,2015-08-02
000598,2015-08-02
000623,2015-08-02
000625,2015-08-02
000629,2015-08-02
000630,2015-08-02
000651,2015-08-02
000686,2015-08-02
000709,2015-08-02
000712,2015-08-02
000725,2015-08-02
000728,2015-08-02
000729,2015-08-02
000738,2015-08-02
000750,2015-08-02
000768,2015-08-02
000776,2015-08-02
000778,2015-08-02
000783,2015-08-02
000792,2015-08-02
000793,2015-08-02
000800,2015-08-02
000825,2015-08-02
000826,2015-08-02
000831,2015-08-02
000839,2015-08-02
000858,2015-08-02
000876,2015-08-02
000878,2015-08-02
000883,2015-08-02
000895,2015-08-02
000898,2015-08-02
000917,2015-08-02
000937,2015-08-02
000960,2015-08-02
000963,2015-08-02
000970,2015-08-02
000983,2015-08-02
000999,2015-08-02
002001,2015-08-02
002007,2015-08-02
002008,2015-08-02
002024,2015-08-02
002038,2015-08-02
002051,2015-08-02
002065,2015-08-02
002081,2015-08-02
002129,2015-08-02
002142,2015-08-02
002146,2015-08-02
002153,2015-08-02
002202,2015-08-02
002230,2015-08-02
002236,2015-08-02
002241,2015-08-02
002252,2015-08-02
002292,2015-08-02
002294,2015-08-02
002304,2015-08-02
002310,2015-08-02
002344,2015-08-02
002353,2015-08-02
002375,2015-08-02
002385,2015-08-02
002399,2015-08-02
002410,2015-08-02
002415,2015-08-02
002422,2015-08-02
002450,2015-08-02
002456,2015-08-02
002465,2015-08-02
002470,2015-08-02
002475,2015-08-02
002500,2015-08-02
002570,2015-08-02
002594,2015-08-02
002653,2015-08-02
002673,2015-08-02
002736,2015-08-02
300002,2015-08-02
300003,2015-08-02
300015,2015-08-02
300017,2015-08-02
300024,2015-08-02
300027,2015-08-02
300058,2015-08-02
300059,2015-08-02
300070,2015-08-02
300104,2015-08-02
300124,2015-08-02
300133,2015-08-02
300146,2015-08-02
300251,2015-08-02
600000,2015-08-03
600005,2015-08-03
600008,2015-08-03
600009,2015-08-03
600010,2015-08-03
600011,2015-08-03
600015,2015-08-03
600016,2015-08-03
600018,2015-08-03
600019,2015-08-03
600023,2015-08-03
600027,2015-08-03
600028,2015-08-03
600029,2015-08-03
600030,2015-08-03
600031,2015-08-03
600036,2015-08-03
600038,2015-08-03
600048,2015-08-03
600050,2015-08-03
600060,2015-08-03
600066,2015-08-03
600068,2015-08-03
600085,2015-08-03
600089,2015-08-03
600100,2015-08-03
600104,2015-08-03
600108,2015-08-03
600109,2015-08-03
600111,2015-08-03
600115,2015-08-03
600118,2015-08-03
600150,2015-08-03
600153,2015-08-03
600157,2015-08-03
600166,2015-08-03
600170,2015-08-03
600177,2015-08-03
600188,2015-08-03
600196,2015-08-03
600208,2015-08-03
600221,2015-08-03
600252,2015-08-03
600256,2015-08-03
600271,2015-08-03
600276,2015-08-03
600277,2015-08-03
600309,2015-08-03
600315,2015-08-03
600316,2015-08-03
600317,2015-08-03
600332,2015-08-03
600340,2015-08-03
600348,2015-08-03
600352,2015-08-03
600362,2015-08-03
600369,2015-08-03
600372,2015-08-03
600373,2015-08-03
600383,2015-08-03
600398,2015-08-03
600406,2015-08-03
600415,2015-08-03
600485,2015-08-03
600489,2015-08-03
600497,2015-08-03
600516,2015-08-03
600518,2015-08-03
600519,2015-08-03
600535,2015-08-03
600547,2015-08-03
600549,2015-08-03
600570,2015-08-03
600578,2015-08-03
600583,2015-08-03
600585,2015-08-03
600588,2015-08-03
600597,2015-08-03
600600,2015-08-03
600633,2015-08-03
600637,2015-08-03
600642,2015-08-03
600648,2015-08-03
600649,2015-08-03
600660,2015-08-03
600663,2015-08-03
600674,2015-08-03
600688,2015-08-03
600690,2015-08-03
600703,2015-08-03
600705,2015-08-03
600717,2015-08-03
600718,2015-08-03
600739,2015-08-03
600741,2015-08-03
600783,2015-08-03
600795,2015-08-03
600804,2015-08-03
600809,2015-08-03
600827,2015-08-03
600837,2015-08-03
600839,2015-08-03
600863,2015-08-03
600867,2015-08-03
600873,2015-08-03
600875,2015-08-03
600886,2015-08-03
600887,2015-08-03
600893,2015-08-03
600900,2015-08-03
600958,2015-08-03
600998,2015-08-03
600999,2015-08-03
601006,2015-08-03
601009,2015-08-03
601018,2015-08-03
601021,2015-08-03
601088,2015-08-03
601098,2015-08-03
601099,2015-08-03
601106,2015-08-03
601111,2015-08-03
601117,2015-08-03
601118,2015-08-03
601158,2015-08-03
601166,2015-08-03
601168,2015-08-03
601169,2015-08-03
601179,2015-08-03
601186,2015-08-03
601216,2015-08-03
601225,2015-08-03
601231,2015-08-03
601258,2015-08-03
601288,2015-08-03
601318,2015-08-03
601328,2015-08-03
601333,2015-08-03
601336,2015-08-03
601377,2015-08-03
601390,2015-08-03
601398,2015-08-03
601555,2015-08-03
601600,2015-08-03
601601,2015-08-03
601607,2015-08-03
601618,2015-08-03
601628,2015-08-03
601633,2015-08-03
601668,2015-08-03
601669,2015-08-03
601688,2015-08-03
601699,2015-08-03
601727,2015-08-03
601766,2015-08-03
601788,2015-08-03
601800,2015-08-03
601808,2015-08-03
601818,2015-08-03
601857,2015-08-03
601866,2015-08-03
601888,2015-08-03
601898,2015-08-03
601899,2015-08-03
601901,2015-08-03
601919,2015-08-03
601928,2015-08-03
601929,2015-08-03
601933,2015-08-03
601939,2015-08-03
601958,2015-08-03
601969,2015-08-03
601988,2015-08-03
601989,2015-08-03
601991,2015-08-03
601992,2015-08-03
601998,2015-08-03
603000,2015-08-03
603288,2015-08-03
603993,2015-08-03
000001,2015-08-03
000002,2015-08-03
000009,2015-08-03
000024,2015-08-03
000027,2015-08-03
000039,2015-08-03
000046,2015-08-03
000060,2015-08-03
000061,2015-08-03
000063,2015-08-03
000069,2015-08-03
000100,2015-08-03
000156,2015-08-03
000157,2015-08-03
000166,2015-08-03
000333,2015-08-03
000338,2015-08-03
000400,2015-08-03
000402,2015-08-03
000413,2015-08-03
000423,2015-08-03
000425,2015-08-03
000503,2015-08-03
000538,2015-08-03
000539,2015-08-03
000559,2015-08-03
000568,2015-08-03
000581,2015-08-03
000598,2015-08-03
000623,2015-08-03
000625,2015-08-03
000629,2015-08-03
000630,2015-08-03
000651,2015-08-03
000686,2015-08-03
000709,2015-08-03
000712,2015-08-03
000725,2015-08-03
000728,2015-08-03
000729,2015-08-03
000738,2015-08-03
000750,2015-08-03
000768,2015-08-03
000776,2015-08-03
000778,2015-08-03
000783,2015-08-03
000792,2015-08-03
000793,2015-08-03
000800,2015-08-03
000825,2015-08-03
000826,2015-08-03
000831,2015-08-03
000839,2015-08-03
000858,2015-08-03
000876,2015-08-03
000878,2015-08-03
000883,2015-08-03
000895,2015-08-03
000898,2015-08-03
000917,2015-08-03
000937,2015-08-03
000960,2015-08-03
000963,2015-08-03
000970,2015-08-03
000983,2015-08-03
000999,2015-08-03
002001,2015-08-03
002007,2015-08-03
002008,2015-08-03
002024,2015-08-03
002038,2015-08-03
002051,2015-08-03
002065,2015-08-03
002081,2015-08-03
002129,2015-08-03
002142,2015-08-03
002146,2015-08-03
002153,2015-08-03
002202,2015-08-03
002230,2015-08-03
002236,2015-08-03
002241,2015-08-03
002252,2015-08-03
002292,2015-08-03
002294,2015-08-03
002304,2015-08-03
002310,2015-08-03
002344,2015-08-03
002353,2015-08-03
002375,2015-08-03
002385,2015-08-03
002399,2015-08-03
002410,2015-08-03
002415,2015-08-03
002422,2015-08-03
002450,2015-08-03
002456,2015-08-03
002465,2015-08-03
002470,2015-08-03
002475,2015-08-03
002500,2015-08-03
002570,2015-08-03
002594,2015-08-03
002653,2015-08-03
002673,2015-08-03
002736,2015-08-03
300002,2015-08-03
300003,2015-08-03
300015,2015-08-03
300017,2015-08-03
300024,2015-08-03
300027,2015-08-03
300058,2015-08-03
300059,2015-08-03
300070,2015-08-03
300104,2015-08-03
300124,2015-08-03
300133,2015-08-03
300146,2015-08-03
300251,2015-08-03
600000,2015-08-28
600005,2015-08-28
600008,2015-08-28
600009,2015-08-28
600010,2015-08-28
600011,2015-08-28
600015,2015-08-28
600016,2015-08-28
600018,2015-08-28
600019,2015-08-28
600023,2015-08-28
600027,2015-08-28
600028,2015-08-28
600029,2015-08-28
600030,2015-08-28
600031,2015-08-28
600036,2015-08-28
600038,2015-08-28
600048,2015-08-28
600050,2015-08-28
600060,2015-08-28
600066,2015-08-28
600068,2015-08-28
600085,2015-08-28
600089,2015-08-28
600100,2015-08-28
600104,2015-08-28
600108,2015-08-28
600109,2015-08-28
600111,2015-08-28
600115,2015-08-28
600118,2015-08-28
600150,2015-08-28
600153,2015-08-28
600157,2015-08-28
600166,2015-08-28
600170,2015-08-28
600177,2015-08-28
600188,2015-08-28
600196,2015-08-28
600208,2015-08-28
600221,2015-08-28
600252,2015-08-28
600256,2015-08-28
600271,2015-08-28
600276,2015-08-28
600277,2015-08-28
600309,2015-08-28
600315,2015-08-28
600316,2015-08-28
600317,2015-08-28
600332,2015-08-28
600340,2015-08-28
600348,2015-08-28
600352,2015-08-28
600362,2015-08-28
600369,2015-08-28
600372,2015-08-28
600373,2015-08-28
600383,2015-08-28
600398,2015-08-28
600406,2015-08-28
600415,2015-08-28
600485,2015-08-28
600489,2015-08-28
600497,2015-08-28
600516,2015-08-28
600518,2015-08-28
600519,2015-08-28
600535,2015-08-28
600547,2015-08-28
600549,2015-08-28
600570,2015-08-28
600578,2015-08-28
600583,2015-08-28
600585,2015-08-28
600588,2015-08-28
600597,2015-08-28
600600,2015-08-28
600633,2015-08-28
600637,2015-08-28
600642,2015-08-28
600648,2015-08-28
600649,2015-08-28
600660,2015-08-28
600663,2015-08-28
600674,2015-08-28
600688,2015-08-28
600690,2015-08-28
600703,2015-08-28
600705,2015-08-28
600717,2015-08-28
600718,2015-08-28
600739,2015-08-28
600741,2015-08-28
600783,2015-08-28
600795,2015-08-28
600804,2015-08-28
600809,2015-08-28
600827,2015-08-28
600837,2015-08-28
600839,2015-08-28
600863,2015-08-28
600867,2015-08-28
600873,2015-08-28
600875,2015-08-28
600886,2015-08-28
600887,2015-08-28
600893,2015-08-28
600900,2015-08-28
600958,2015-08-28
600998,2015-08-28
600999,2015-08-28
601006,2015-08-28
601009,2015-08-28
601018,2015-08-28
601021,2015-08-28
601088,2015-08-28
601098,2015-08-28
601099,2015-08-28
601106,2015-08-28
601111,2015-08-28
601117,2015-08-28
601118,2015-08-28
601158,2015-08-28
601166,2015-08-28
601168,2015-08-28
601169,2015-08-28
601179,2015-08-28
601186,2015-08-28
601216,2015-08-28
601225,2015-08-28
601231,2015-08-28
601258,2015-08-28
601288,2015-08-28
601318,2015-08-28
601328,2015-08-28
601333,2015-08-28
601336,2015-08-28
601377,2015-08-28
601390,2015-08-28
601398,2015-08-28
601555,2015-08-28
601600,2015-08-28
601601,2015-08-28
601607,2015-08-28
601618,2015-08-28
601628,2015-08-28
601633,2015-08-28
601668,2015-08-28
601669,2015-08-28
601688,2015-08-28
601699,2015-08-28
601727,2015-08-28
601766,2015-08-28
601788,2015-08-28
601800,2015-08-28
601808,2015-08-28
601818,2015-08-28
601857,2015-08-28
601866,2015-08-28
601888,2015-08-28
601898,2015-08-28
601899,2015-08-28
601901,2015-08-28
601919,2015-08-28
601928,2015-08-28
601929,2015-08-28
601933,2015-08-28
601939,2015-08-28
601958,2015-08-28
601969,2015-08-28
601988,2015-08-28
601989,2015-08-28
601991,2015-08-28
601992,2015-08-28
601998,2015-08-28
603000,2015-08-28
603288,2015-08-28
603993,2015-08-28
000001,2015-08-28
000002,2015-08-28
000009,2015-08-28
000024,2015-08-28
000027,2015-08-28
000039,2015-08-28
000046,2015-08-28
000060,2015-08-28
000061,2015-08-28
000063,2015-08-28
000069,2015-08-28
000100,2015-08-28
000156,2015-08-28
000157,2015-08-28
000166,2015-08-28
000333,2015-08-28
000338,2015-08-28
000400,2015-08-28
000402,2015-08-28
000413,2015-08-28
000423,2015-08-28
000425,2015-08-28
000503,2015-08-28
000538,2015-08-28
000539,2015-08-28
000559,2015-08-28
000568,2015-08-28
000581,2015-08-28
000598,2015-08-28
000623,2015-08-28
000625,2015-08-28
000629,2015-08-28
000630,2015-08-28
000651,2015-08-28
000686,2015-08-28
000709,2015-08-28
000712,2015-08-28
000725,2015-08-28
000728,2015-08-28
000729,2015-08-28
000738,2015-08-28
000750,2015-08-28
000768,2015-08-28
000776,2015-08-28
000778,2015-08-28
000783,2015-08-28
000792,2015-08-28
000793,2015-08-28
000800,2015-08-28
000825,2015-08-28
000826,2015-08-28
000831,2015-08-28
000839,2015-08-28
000858,2015-08-28
000876,2015-08-28
000878,2015-08-28
000883,2015-08-28
000895,2015-08-28
000898,2015-08-28
000917,2015-08-28
000937,2015-08-28
000960,2015-08-28
000963,2015-08-28
000970,2015-08-28
000983,2015-08-28
000999,2015-08-28
002001,2015-08-28
002007,2015-08-28
002008,2015-08-28
002024,2015-08-28
002038,2015-08-28
002051,2015-08-28
002065,2015-08-28
002081,2015-08-28
002129,2015-08-28
002142,2015-08-28
002146,2015-08-28
002153,2015-08-28
002202,2015-08-28
002230,2015-08-28
002236,2015-08-28
002241,2015-08-28
002252,2015-08-28
002292,2015-08-28
002294,2015-08-28
002304,2015-08-28
002310,2015-08-28
002344,2015-08-28
002353,2015-08-28
002375,2015-08-28
002385,2015-08-28
002399,2015-08-28
002410,2015-08-28
002415,2015-08-28
002422,2015-08-28
002450,2015-08-28
002456,2015-08-28
002465,2015-08-28
002470,2015-08-28
002475,2015-08-28
002500,2015-08-28
002570,2015-08-28
002594,2015-08-28
002653,2015-08-28
002673,2015-08-28
002736,2015-08-28
300002,2015-08-28
300003,2015-08-28
300015,2015-08-28
300017,2015-08-28
300024,2015-08-28
300027,2015-08-28
300058,2015-08-28
300059,2015-08-28
300070,2015-08-28
300104,2015-08-28
300124,2015-08-28
300133,2015-08-28
300146,2015-08-28
300251,2015-08-28
600000,2016-02-01
600005,2016-02-01
600008,2016-02-01
600009,2016-02-01
600010,2016-02-01
600011,2016-02-01
600015,2016-02-01
600016,2016-02-01
600018,2016-02-01
600019,2016-02-01
600021,2016-02-01
600023,2016-02-01
600027,2016-02-01
600028,2016-02-01
600029,2016-02-01
600030,2016-02-01
600031,2016-02-01
600036,2016-02-01
600038,2016-02-01
600048,2016-02-01
600050,2016-02-01
600060,2016-02-01
600066,2016-02-01
600068,2016-02-01
600085,2016-02-01
600089,2016-02-01
600100,2016-02-01
600104,2016-02-01
600109,2016-02-01
600111,2016-02-01
600115,2016-02-01
600118,2016-02-01
600150,2016-02-01
600153,2016-02-01
600157,2016-02-01
600166,2016-02-01
600170,2016-02-01
600177,2016-02-01
600188,2016-02-01
600196,2016-02-01
600208,2016-02-01
600221,2016-02-01
600252,2016-02-01
600256,2016-02-01
600271,2016-02-01
600276,2016-02-01
600309,2016-02-01
600315,2016-02-01
600317,2016-02-01
600332,2016-02-01
600340,2016-02-01
600350,2016-02-01
600352,2016-02-01
600362,2016-02-01
600369,2016-02-01
600372,2016-02-01
600373,2016-02-01
600383,2016-02-01
600398,2016-02-01
600406,2016-02-01
600415,2016-02-01
600485,2016-02-01
600489,2016-02-01
600518,2016-02-01
600519,2016-02-01
600535,2016-02-01
600547,2016-02-01
600549,2016-02-01
600570,2016-02-01
600578,2016-02-01
600583,2016-02-01
600585,2016-02-01
600588,2016-02-01
600600,2016-02-01
600633,2016-02-01
600637,2016-02-01
600642,2016-02-01
600648,2016-02-01
600649,2016-02-01
600660,2016-02-01
600663,2016-02-01
600674,2016-02-01
600688,2016-02-01
600690,2016-02-01
600703,2016-02-01
600705,2016-02-01
600717,2016-02-01
600718,2016-02-01
600739,2016-02-01
600741,2016-02-01
600783,2016-02-01
600795,2016-02-01
600804,2016-02-01
600820,2016-02-01
600827,2016-02-01
600837,2016-02-01
600839,2016-02-01
600863,2016-02-01
600867,2016-02-01
600873,2016-02-01
600875,2016-02-01
600886,2016-02-01
600887,2016-02-01
600893,2016-02-01
600895,2016-02-01
600900,2016-02-01
600958,2016-02-01
600959,2016-02-01
600998,2016-02-01
600999,2016-02-01
601006,2016-02-01
601009,2016-02-01
601016,2016-02-01
601018,2016-02-01
601021,2016-02-01
601088,2016-02-01
601098,2016-02-01
601099,2016-02-01
601106,2016-02-01
601111,2016-02-01
601117,2016-02-01
601118,2016-02-01
601158,2016-02-01
601166,2016-02-01
601169,2016-02-01
601179,2016-02-01
601186,2016-02-01
601198,2016-02-01
601211,2016-02-01
601216,2016-02-01
601225,2016-02-01
601231,2016-02-01
601238,2016-02-01
601258,2016-02-01
601288,2016-02-01
601318,2016-02-01
601328,2016-02-01
601333,2016-02-01
601336,2016-02-01
601377,2016-02-01
601390,2016-02-01
601398,2016-02-01
601555,2016-02-01
601600,2016-02-01
601601,2016-02-01
601607,2016-02-01
601608,2016-02-01
601618,2016-02-01
601628,2016-02-01
601633,2016-02-01
601668,2016-02-01
601669,2016-02-01
601688,2016-02-01
601699,2016-02-01
601718,2016-02-01
601727,2016-02-01
601766,2016-02-01
601788,2016-02-01
601800,2016-02-01
601808,2016-02-01
601818,2016-02-01
601857,2016-02-01
601866,2016-02-01
601872,2016-02-01
601888,2016-02-01
601898,2016-02-01
601899,2016-02-01
601901,2016-02-01
601919,2016-02-01
601928,2016-02-01
601933,2016-02-01
601939,2016-02-01
601958,2016-02-01
601969,2016-02-01
601985,2016-02-01
601988,2016-02-01
601989,2016-02-01
601991,2016-02-01
601992,2016-02-01
601998,2016-02-01
603000,2016-02-01
603288,2016-02-01
603885,2016-02-01
603993,2016-02-01
000001,2016-02-01
000002,2016-02-01
000009,2016-02-01
000027,2016-02-01
000039,2016-02-01
000046,2016-02-01
000060,2016-02-01
000061,2016-02-01
000063,2016-02-01
000069,2016-02-01
000100,2016-02-01
000156,2016-02-01
000157,2016-02-01
000166,2016-02-01
000333,2016-02-01
000338,2016-02-01
000400,2016-02-01
000402,2016-02-01
000413,2016-02-01
000415,2016-02-01
000423,2016-02-01
000425,2016-02-01
000503,2016-02-01
000538,2016-02-01
000539,2016-02-01
000540,2016-02-01
000559,2016-02-01
000568,2016-02-01
000581,2016-02-01
000598,2016-02-01
000623,2016-02-01
000625,2016-02-01
000629,2016-02-01
000630,2016-02-01
000651,2016-02-01
000686,2016-02-01
000709,2016-02-01
000712,2016-02-01
000725,2016-02-01
000728,2016-02-01
000729,2016-02-01
000738,2016-02-01
000750,2016-02-01
000768,2016-02-01
000776,2016-02-01
000778,2016-02-01
000783,2016-02-01
000792,2016-02-01
000793,2016-02-01
000800,2016-02-01
000825,2016-02-01
000826,2016-02-01
000831,2016-02-01
000858,2016-02-01
000876,2016-02-01
000883,2016-02-01
000895,2016-02-01
000898,2016-02-01
000917,2016-02-01
000937,2016-02-01
000963,2016-02-01
000983,2016-02-01
000999,2016-02-01
001979,2016-02-01
002007,2016-02-01
002008,2016-02-01
002024,2016-02-01
002038,2016-02-01
002065,2016-02-01
002081,2016-02-01
002129,2016-02-01
002142,2016-02-01
002146,2016-02-01
002153,2016-02-01
002195,2016-02-01
002202,2016-02-01
002230,2016-02-01
002236,2016-02-01
002241,2016-02-01
002252,2016-02-01
002292,2016-02-01
002294,2016-02-01
002304,2016-02-01
002353,2016-02-01
002375,2016-02-01
002385,2016-02-01
002399,2016-02-01
002410,2016-02-01
002415,2016-02-01
002422,2016-02-01
002450,2016-02-01
002456,2016-02-01
002465,2016-02-01
002470,2016-02-01
002475,2016-02-01
002500,2016-02-01
002594,2016-02-01
002673,2016-02-01
002736,2016-02-01
002739,2016-02-01
300002,2016-02-01
300003,2016-02-01
300015,2016-02-01
300017,2016-02-01
300024,2016-02-01
300027,2016-02-01
300058,2016-02-01
300059,2016-02-01
300070,2016-02-01
300104,2016-02-01
300124,2016-02-01
300133,2016-02-01
300144,2016-02-01
300146,2016-02-01
300251,2016-02-01
300315,2016-02-01
600000,2016-02-02
600005,2016-02-02
600008,2016-02-02
600009,2016-02-02
600010,2016-02-02
600011,2016-02-02
600015,2016-02-02
600016,2016-02-02
600018,2016-02-02
600019,2016-02-02
600021,2016-02-02
600023,2016-02-02
600027,2016-02-02
600028,2016-02-02
600029,2016-02-02
600030,2016-02-02
600031,2016-02-02
600036,2016-02-02
600038,2016-02-02
600048,2016-02-02
600050,2016-02-02
600060,2016-02-02
600066,2016-02-02
600068,2016-02-02
600085,2016-02-02
600089,2016-02-02
600100,2016-02-02
600104,2016-02-02
600109,2016-02-02
600111,2016-02-02
600115,2016-02-02
600118,2016-02-02
600150,2016-02-02
600153,2016-02-02
600157,2016-02-02
600166,2016-02-02
600170,2016-02-02
600177,2016-02-02
600188,2016-02-02
600196,2016-02-02
600208,2016-02-02
600221,2016-02-02
600252,2016-02-02
600256,2016-02-02
600271,2016-02-02
600276,2016-02-02
600309,2016-02-02
600315,2016-02-02
600317,2016-02-02
600332,2016-02-02
600340,2016-02-02
600350,2016-02-02
600352,2016-02-02
600362,2016-02-02
600369,2016-02-02
600372,2016-02-02
600373,2016-02-02
600383,2016-02-02
600398,2016-02-02
600406,2016-02-02
600415,2016-02-02
600485,2016-02-02
600489,2016-02-02
600518,2016-02-02
600519,2016-02-02
600535,2016-02-02
600547,2016-02-02
600549,2016-02-02
600570,2016-02-02
600578,2016-02-02
600583,2016-02-02
600585,2016-02-02
600588,2016-02-02
600600,2016-02-02
600633,2016-02-02
600637,2016-02-02
600642,2016-02-02
600648,2016-02-02
600649,2016-02-02
600660,2016-02-02
600663,2016-02-02
600674,2016-02-02
600688,2016-02-02
600690,2016-02-02
600703,2016-02-02
600705,2016-02-02
600717,2016-02-02
600718,2016-02-02
600739,2016-02-02
600741,2016-02-02
600783,2016-02-02
600795,2016-02-02
600804,2016-02-02
600820,2016-02-02
600827,2016-02-02
600837,2016-02-02
600839,2016-02-02
600863,2016-02-02
600867,2016-02-02
600873,2016-02-02
600875,2016-02-02
600886,2016-02-02
600887,2016-02-02
600893,2016-02-02
600895,2016-02-02
600900,2016-02-02
600958,2016-02-02
600959,2016-02-02
600998,2016-02-02
600999,2016-02-02
601006,2016-02-02
601009,2016-02-02
601016,2016-02-02
601018,2016-02-02
601021,2016-02-02
601088,2016-02-02
601098,2016-02-02
601099,2016-02-02
601106,2016-02-02
601111,2016-02-02
601117,2016-02-02
601118,2016-02-02
601158,2016-02-02
601166,2016-02-02
601169,2016-02-02
601179,2016-02-02
601186,2016-02-02
601198,2016-02-02
601211,2016-02-02
601216,2016-02-02
601225,2016-02-02
601231,2016-02-02
601238,2016-02-02
601258,2016-02-02
601288,2016-02-02
601318,2016-02-02
601328,2016-02-02
601333,2016-02-02
601336,2016-02-02
601377,2016-02-02
601390,2016-02-02
601398,2016-02-02
601555,2016-02-02
601600,2016-02-02
601601,2016-02-02
601607,2016-02-02
601608,2016-02-02
601618,2016-02-02
601628,2016-02-02
601633,2016-02-02
601668,2016-02-02
601669,2016-02-02
601688,2016-02-02
601699,2016-02-02
601718,2016-02-02
601727,2016-02-02
601766,2016-02-02
601788,2016-02-02
601800,2016-02-02
601808,2016-02-02
601818,2016-02-02
601857,2016-02-02
601866,2016-02-02
601872,2016-02-02
601888,2016-02-02
601898,2016-02-02
601899,2016-02-02
601901,2016-02-02
601919,2016-02-02
601928,2016-02-02
601933,2016-02-02
601939,2016-02-02
601958,2016-02-02
601969,2016-02-02
601985,2016-02-02
601988,2016-02-02
601989,2016-02-02
601991,2016-02-02
601992,2016-02-02
601998,2016-02-02
603000,2016-02-02
603288,2016-02-02
603885,2016-02-02
603993,2016-02-02
000001,2016-02-02
000002,2016-02-02
000009,2016-02-02
000027,2016-02-02
000039,2016-02-02
000046,2016-02-02
000060,2016-02-02
000061,2016-02-02
000063,2016-02-02
000069,2016-02-02
000100,2016-02-02
000156,2016-02-02
000157,2016-02-02
000166,2016-02-02
000333,2016-02-02
000338,2016-02-02
000400,2016-02-02
000402,2016-02-02
000413,2016-02-02
000415,2016-02-02
000423,2016-02-02
000425,2016-02-02
000503,2016-02-02
000538,2016-02-02
000539,2016-02-02
000540,2016-02-02
000559,2016-02-02
000568,2016-02-02
000581,2016-02-02
000598,2016-02-02
000623,2016-02-02
000625,2016-02-02
000629,2016-02-02
000630,2016-02-02
000651,2016-02-02
000686,2016-02-02
000709,2016-02-02
000712,2016-02-02
000725,2016-02-02
000728,2016-02-02
000729,2016-02-02
000738,2016-02-02
000750,2016-02-02
000768,2016-02-02
000776,2016-02-02
000778,2016-02-02
000783,2016-02-02
000792,2016-02-02
000793,2016-02-02
000800,2016-02-02
000825,2016-02-02
000826,2016-02-02
000831,2016-02-02
000858,2016-02-02
000876,2016-02-02
000883,2016-02-02
000895,2016-02-02
000898,2016-02-02
000917,2016-02-02
000937,2016-02-02
000963,2016-02-02
000983,2016-02-02
000999,2016-02-02
001979,2016-02-02
002007,2016-02-02
002008,2016-02-02
002024,2016-02-02
002038,2016-02-02
002065,2016-02-02
002081,2016-02-02
002129,2016-02-02
002142,2016-02-02
002146,2016-02-02
002153,2016-02-02
002195,2016-02-02
002202,2016-02-02
002230,2016-02-02
002236,2016-02-02
002241,2016-02-02
002252,2016-02-02
002292,2016-02-02
002294,2016-02-02
002304,2016-02-02
002353,2016-02-02
002375,2016-02-02
002385,2016-02-02
002399,2016-02-02
002410,2016-02-02
002415,2016-02-02
002422,2016-02-02
002450,2016-02-02
002456,2016-02-02
002465,2016-02-02
002470,2016-02-02
002475,2016-02-02
002500,2016-02-02
002594,2016-02-02
002673,2016-02-02
002736,2016-02-02
002739,2016-02-02
300002,2016-02-02
300003,2016-02-02
300015,2016-02-02
300017,2016-02-02
300024,2016-02-02
300027,2016-02-02
300058,2016-02-02
300059,2016-02-02
300070,2016-02-02
300104,2016-02-02
300124,2016-02-02
300133,2016-02-02
300144,2016-02-02
300146,2016-02-02
300251,2016-02-02
300315,2016-02-02
600000,2016-02-03
600005,2016-02-03
600008,2016-02-03
600009,2016-02-03
600010,2016-02-03
600011,2016-02-03
600015,2016-02-03
600016,2016-02-03
600018,2016-02-03
600019,2016-02-03
600021,2016-02-03
600023,2016-02-03
600027,2016-02-03
600028,2016-02-03
600029,2016-02-03
600030,2016-02-03
600031,2016-02-03
600036,2016-02-03
600038,2016-02-03
600048,2016-02-03
600050,2016-02-03
600060,2016-02-03
600066,2016-02-03
600068,2016-02-03
600085,2016-02-03
600089,2016-02-03
600100,2016-02-03
600104,2016-02-03
600109,2016-02-03
600111,2016-02-03
600115,2016-02-03
600118,2016-02-03
600150,2016-02-03
600153,2016-02-03
600157,2016-02-03
600166,2016-02-03
600170,2016-02-03
600177,2016-02-03
600188,2016-02-03
600196,2016-02-03
600208,2016-02-03
600221,2016-02-03
600252,2016-02-03
600256,2016-02-03
600271,2016-02-03
600276,2016-02-03
600309,2016-02-03
600315,2016-02-03
600317,2016-02-03
600332,2016-02-03
600340,2016-02-03
600350,2016-02-03
600352,2016-02-03
600362,2016-02-03
600369,2016-02-03
600372,2016-02-03
600373,2016-02-03
600383,2016-02-03
600398,2016-02-03
600406,2016-02-03
600415,2016-02-03
600485,2016-02-03
600489,2016-02-03
600518,2016-02-03
600519,2016-02-03
600535,2016-02-03
600547,2016-02-03
600549,2016-02-03
600570,2016-02-03
600578,2016-02-03
600583,2016-02-03
600585,2016-02-03
600588,2016-02-03
600600,2016-02-03
600633,2016-02-03
600637,2016-02-03
600642,2016-02-03
600648,2016-02-03
600649,2016-02-03
600660,2016-02-03
600663,2016-02-03
600674,2016-02-03
600688,2016-02-03
600690,2016-02-03
600703,2016-02-03
600705,2016-02-03
600717,2016-02-03
600718,2016-02-03
600739,2016-02-03
600741,2016-02-03
600783,2016-02-03
600795,2016-02-03
600804,2016-02-03
600820,2016-02-03
600827,2016-02-03
600837,2016-02-03
600839,2016-02-03
600863,2016-02-03
600867,2016-02-03
600873,2016-02-03
600875,2016-02-03
600886,2016-02-03
600887,2016-02-03
600893,2016-02-03
600895,2016-02-03
600900,2016-02-03
600958,2016-02-03
600959,2016-02-03
600998,2016-02-03
600999,2016-02-03
601006,2016-02-03
601009,2016-02-03
601016,2016-02-03
601018,2016-02-03
601021,2016-02-03
601088,2016-02-03
601098,2016-02-03
601099,2016-02-03
601106,2016-02-03
601111,2016-02-03
601117,2016-02-03
601118,2016-02-03
601158,2016-02-03
601166,2016-02-03
601169,2016-02-03
601179,2016-02-03
601186,2016-02-03
601198,2016-02-03
601211,2016-02-03
601216,2016-02-03
601225,2016-02-03
601231,2016-02-03
601238,2016-02-03
601258,2016-02-03
601288,2016-02-03
601318,2016-02-03
601328,2016-02-03
601333,2016-02-03
601336,2016-02-03
601377,2016-02-03
601390,2016-02-03
601398,2016-02-03
601555,2016-02-03
601600,2016-02-03
601601,2016-02-03
601607,2016-02-03
601608,2016-02-03
601618,2016-02-03
601628,2016-02-03
601633,2016-02-03
601668,2016-02-03
601669,2016-02-03
601688,2016-02-03
601699,2016-02-03
601718,2016-02-03
601727,2016-02-03
601766,2016-02-03
601788,2016-02-03
601800,2016-02-03
601808,2016-02-03
601818,2016-02-03
601857,2016-02-03
601866,2016-02-03
601872,2016-02-03
601888,2016-02-03
601898,2016-02-03
601899,2016-02-03
601901,2016-02-03
601919,2016-02-03
601928,2016-02-03
601933,2016-02-03
601939,2016-02-03
601958,2016-02-03
601969,2016-02-03
601985,2016-02-03
601988,2016-02-03
601989,2016-02-03
601991,2016-02-03
601992,2016-02-03
601998,2016-02-03
603000,2016-02-03
603288,2016-02-03
603885,2016-02-03
603993,2016-02-03
000001,2016-02-03
000002,2016-02-03
000009,2016-02-03
000027,2016-02-03
000039,2016-02-03
000046,2016-02-03
000060,2016-02-03
000061,2016-02-03
000063,2016-02-03
000069,2016-02-03
000100,2016-02-03
000156,2016-02-03
000157,2016-02-03
000166,2016-02-03
000333,2016-02-03
000338,2016-02-03
000400,2016-02-03
000402,2016-02-03
000413,2016-02-03
000415,2016-02-03
000423,2016-02-03
000425,2016-02-03
000503,2016-02-03
000538,2016-02-03
000539,2016-02-03
000540,2016-02-03
000559,2016-02-03
000568,2016-02-03
000581,2016-02-03
000598,2016-02-03
000623,2016-02-03
000625,2016-02-03
000629,2016-02-03
000630,2016-02-03
000651,2016-02-03
000686,2016-02-03
000709,2016-02-03
000712,2016-02-03
000725,2016-02-03
000728,2016-02-03
000729,2016-02-03
000738,2016-02-03
000750,2016-02-03
000768,2016-02-03
000776,2016-02-03
000778,2016-02-03
000783,2016-02-03
000792,2016-02-03
000793,2016-02-03
000800,2016-02-03
000825,2016-02-03
000826,2016-02-03
000831,2016-02-03
000858,2016-02-03
000876,2016-02-03
000883,2016-02-03
000895,2016-02-03
000898,2016-02-03
000917,2016-02-03
000937,2016-02-03
000963,2016-02-03
000983,2016-02-03
000999,2016-02-03
001979,2016-02-03
002007,2016-02-03
002008,2016-02-03
002024,2016-02-03
002038,2016-02-03
002065,2016-02-03
002081,2016-02-03
002129,2016-02-03
002142,2016-02-03
002146,2016-02-03
002153,2016-02-03
002195,2016-02-03
002202,2016-02-03
002230,2016-02-03
002236,2016-02-03
002241,2016-02-03
002252,2016-02-03
002292,2016-02-03
002294,2016-02-03
002304,2016-02-03
002353,2016-02-03
002375,2016-02-03
002385,2016-02-03
002399,2016-02-03
002410,2016-02-03
002415,2016-02-03
002422,2016-02-03
002450,2016-02-03
002456,2016-02-03
002465,2016-02-03
002470,2016-02-03
002475,2016-02-03
002500,2016-02-03
002594,2016-02-03
002673,2016-02-03
002736,2016-02-03
002739,2016-02-03
300002,2016-02-03
300003,2016-02-03
300015,2016-02-03
300017,2016-02-03
300024,2016-02-03
300027,2016-02-03
300058,2016-02-03
300059,2016-02-03
300070,2016-02-03
300104,2016-02-03
300124,2016-02-03
300133,2016-02-03
300144,2016-02-03
300146,2016-02-03
300251,2016-02-03
300315,2016-02-03
600000,2016-02-28
600005,2016-02-28
600008,2016-02-28
600009,2016-02-28
600010,2016-02-28
600011,2016-02-28
600015,2016-02-28
600016,2016-02-28
600018,2016-02-28
600019,2016-02-28
600021,2016-02-28
600023,2016-02-28
600027,2016-02-28
600028,2016-02-28
600029,2016-02-28
600030,2016-02-28
600031,2016-02-28
600036,2016-02-28
600038,2016-02-28
600048,2016-02-28
600050,2016-02-28
600060,2016-02-28
600066,2016-02-28
600068,2016-02-28
600085,2016-02-28
600089,2016-02-28
600100,2016-02-28
600104,2016-02-28
600109,2016-02-28
600111,2016-02-28
600115,2016-02-28
600118,2016-02-28
600150,2016-02-28
600153,2016-02-28
600157,2016-02-28
600166,2016-02-28
600170,2016-02-28
600177,2016-02-28
600188,2016-02-28
600196,2016-02-28
600208,2016-02-28
600221,2016-02-28
600252,2016-02-28
600256,2016-02-28
600271,2016-02-28
600276,2016-02-28
600309,2016-02-28
600315,2016-02-28
600317,2016-02-28
600332,2016-02-28
600340,2016-02-28
600350,2016-02-28
600352,2016-02-28
600362,2016-02-28
600369,2016-02-28
600372,2016-02-28
600373,2016-02-28
600383,2016-02-28
600398,2016-02-28
600406,2016-02-28
600415,2016-02-28
600485,2016-02-28
600489,2016-02-28
600518,2016-02-28
600519,2016-02-28
600535,2016-02-28
600547,2016-02-28
600549,2016-02-28
600570,2016-02-28
600578,2016-02-28
600583,2016-02-28
600585,2016-02-28
600588,2016-02-28
600600,2016-02-28
600633,2016-02-28
600637,2016-02-28
600642,2016-02-28
600648,2016-02-28
600649,2016-02-28
600660,2016-02-28
600663,2016-02-28
600674,2016-02-28
600688,2016-02-28
600690,2016-02-28
600703,2016-02-28
600705,2016-02-28
600717,2016-02-28
600718,2016-02-28
600739,2016-02-28
600741,2016-02-28
600783,2016-02-28
600795,2016-02-28
600804,2016-02-28
600820,2016-02-28
600827,2016-02-28
600837,2016-02-28
600839,2016-02-28
600863,2016-02-28
600867,2016-02-28
600873,2016-02-28
600875,2016-02-28
600886,2016-02-28
600887,2016-02-28
600893,2016-02-28
600895,2016-02-28
600900,2016-02-28
600958,2016-02-28
600959,2016-02-28
600998,2016-02-28
600999,2016-02-28
601006,2016-02-28
601009,2016-02-28
601016,2016-02-28
601018,2016-02-28
601021,2016-02-28
601088,2016-02-28
601098,2016-02-28
601099,2016-02-28
601106,2016-02-28
601111,2016-02-28
601117,2016-02-28
601118,2016-02-28
601158,2016-02-28
601166,2016-02-28
601169,2016-02-28
601179,2016-02-28
601186,2016-02-28
601198,2016-02-28
601211,2016-02-28
601216,2016-02-28
601225,2016-02-28
601231,2016-02-28
601238,2016-02-28
601258,2016-02-28
601288,2016-02-28
601318,2016-02-28
601328,2016-02-28
601333,2016-02-28
601336,2016-02-28
601377,2016-02-28
601390,2016-02-28
601398,2016-02-28
601555,2016-02-28
601600,2016-02-28
601601,2016-02-28
601607,2016-02-28
601608,2016-02-28
601618,2016-02-28
601628,2016-02-28
601633,2016-02-28
601668,2016-02-28
601669,2016-02-28
601688,2016-02-28
601699,2016-02-28
601718,2016-02-28
601727,2016-02-28
601766,2016-02-28
601788,2016-02-28
601800,2016-02-28
601808,2016-02-28
601818,2016-02-28
601857,2016-02-28
601866,2016-02-28
601872,2016-02-28
601888,2016-02-28
601898,2016-02-28
601899,2016-02-28
601901,2016-02-28
601919,2016-02-28
601928,2016-02-28
601933,2016-02-28
601939,2016-02-28
601958,2016-02-28
601969,2016-02-28
601985,2016-02-28
601988,2016-02-28
601989,2016-02-28
601991,2016-02-28
601992,2016-02-28
601998,2016-02-28
603000,2016-02-28
603288,2016-02-28
603885,2016-02-28
603993,2016-02-28
000001,2016-02-28
000002,2016-02-28
000009,2016-02-28
000027,2016-02-28
000039,2016-02-28
000046,2016-02-28
000060,2016-02-28
000061,2016-02-28
000063,2016-02-28
000069,2016-02-28
000100,2016-02-28
000156,2016-02-28
000157,2016-02-28
000166,2016-02-28
000333,2016-02-28
000338,2016-02-28
000400,2016-02-28
000402,2016-02-28
000413,2016-02-28
000415,2016-02-28
000423,2016-02-28
000425,2016-02-28
000503,2016-02-28
000538,2016-02-28
000539,2016-02-28
000540,2016-02-28
000559,2016-02-28
000568,2016-02-28
000581,2016-02-28
000598,2016-02-28
000623,2016-02-28
000625,2016-02-28
000629,2016-02-28
000630,2016-02-28
000651,2016-02-28
000686,2016-02-28
000709,2016-02-28
000712,2016-02-28
000725,2016-02-28
000728,2016-02-28
000729,2016-02-28
000738,2016-02-28
000750,2016-02-28
000768,2016-02-28
000776,2016-02-28
000778,2016-02-28
000783,2016-02-28
000792,2016-02-28
000793,2016-02-28
000800,2016-02-28
000825,2016-02-28
000826,2016-02-28
000831,2016-02-28
000858,2016-02-28
000876,2016-02-28
000883,2016-02-28
000895,2016-02-28
000898,2016-02-28
000917,2016-02-28
000937,2016-02-28
000963,2016-02-28
000983,2016-02-28
000999,2016-02-28
001979,2016-02-28
002007,2016-02-28
002008,2016-02-28
002024,2016-02-28
002038,2016-02-28
002065,2016-02-28
002081,2016-02-28
002129,2016-02-28
002142,2016-02-28
002146,2016-02-28
002153,2016-02-28
002195,2016-02-28
002202,2016-02-28
002230,2016-02-28
002236,2016-02-28
002241,2016-02-28
002252,2016-02-28
002292,2016-02-28
002294,2016-02-28
002304,2016-02-28
002353,2016-02-28
002375,2016-02-28
002385,2016-02-28
002399,2016-02-28
002410,2016-02-28
002415,2016-02-28
002422,2016-02-28
002450,2016-02-28
002456,2016-02-28
002465,2016-02-28
002470,2016-02-28
002475,2016-02-28
002500,2016-02-28
002594,2016-02-28
002673,2016-02-28
002736,2016-02-28
002739,2016-02-28
300002,2016-02-28
300003,2016-02-28
300015,2016-02-28
300017,2016-02-28
300024,2016-02-28
300027,2016-02-28
300058,2016-02-28
300059,2016-02-28
300070,2016-02-28
300104,2016-02-28
300124,2016-02-28
300133,2016-02-28
300144,2016-02-28
300146,2016-02-28
300251,2016-02-28
300315,2016-02-28
600000,2016-08-01
600005,2016-08-01
600008,2016-08-01
600009,2016-08-01
600010,2016-08-01
600011,2016-08-01
600015,2016-08-01
600016,2016-08-01
600018,2016-08-01
600019,2016-08-01
600021,2016-08-01
600022,2016-08-01
600023,2016-08-01
600027,2016-08-01
600028,2016-08-01
600029,2016-08-01
600030,2016-08-01
600031,2016-08-01
600036,2016-08-01
600037,2016-08-01
600038,2016-08-01
600048,2016-08-01
600050,2016-08-01
600060,2016-08-01
600061,2016-08-01
600066,2016-08-01
600068,2016-08-01
600074,2016-08-01
600085,2016-08-01
600089,2016-08-01
600098,2016-08-01
600100,2016-08-01
600104,2016-08-01
600109,2016-08-01
600111,2016-08-01
600115,2016-08-01
600118,2016-08-01
600150,2016-08-01
600153,2016-08-01
600157,2016-08-01
600170,2016-08-01
600177,2016-08-01
600188,2016-08-01
600196,2016-08-01
600208,2016-08-01
600221,2016-08-01
600252,2016-08-01
600256,2016-08-01
600271,2016-08-01
600276,2016-08-01
600309,2016-08-01
600317,2016-08-01
600332,2016-08-01
600340,2016-08-01
600352,2016-08-01
600362,2016-08-01
600369,2016-08-01
600372,2016-08-01
600373,2016-08-01
600376,2016-08-01
600383,2016-08-01
600398,2016-08-01
600406,2016-08-01
600415,2016-08-01
600446,2016-08-01
600485,2016-08-01
600489,2016-08-01
600518,2016-08-01
600519,2016-08-01
600535,2016-08-01
600547,2016-08-01
600570,2016-08-01
600578,2016-08-01
600582,2016-08-01
600583,2016-08-01
600585,2016-08-01
600588,2016-08-01
600600,2016-08-01
600606,2016-08-01
600637,2016-08-01
600642,2016-08-01
600648,2016-08-01
600649,2016-08-01
600660,2016-08-01
600663,2016-08-01
600666,2016-08-01
600674,2016-08-01
600685,2016-08-01
600688,2016-08-01
600690,2016-08-01
600703,2016-08-01
600704,2016-08-01
600705,2016-08-01
600718,2016-08-01
600737,2016-08-01
600739,2016-08-01
600741,2016-08-01
600783,2016-08-01
600795,2016-08-01
600804,2016-08-01
600816,2016-08-01
600820,2016-08-01
600827,2016-08-01
600837,2016-08-01
600839,2016-08-01
600863,2016-08-01
600867,2016-08-01
600871,2016-08-01
600873,2016-08-01
600875,2016-08-01
600886,2016-08-01
600887,2016-08-01
600893,2016-08-01
600895,2016-08-01
600900,2016-08-01
600958,2016-08-01
600959,2016-08-01
600998,2016-08-01
600999,2016-08-01
601006,2016-08-01
601009,2016-08-01
601016,2016-08-01
601018,2016-08-01
601021,2016-08-01
601088,2016-08-01
601098,2016-08-01
601099,2016-08-01
601106,2016-08-01
601111,2016-08-01
601117,2016-08-01
601118,2016-08-01
601166,2016-08-01
601169,2016-08-01
601179,2016-08-01
601186,2016-08-01
601198,2016-08-01
601211,2016-08-01
601216,2016-08-01
601225,2016-08-01
601258,2016-08-01
601288,2016-08-01
601318,2016-08-01
601328,2016-08-01
601333,2016-08-01
601336,2016-08-01
601377,2016-08-01
601390,2016-08-01
601398,2016-08-01
601555,2016-08-01
601600,2016-08-01
601601,2016-08-01
601607,2016-08-01
601608,2016-08-01
601618,2016-08-01
601628,2016-08-01
601633,2016-08-01
601668,2016-08-01
601669,2016-08-01
601688,2016-08-01
601718,2016-08-01
601727,2016-08-01
601766,2016-08-01
601788,2016-08-01
601800,2016-08-01
601808,2016-08-01
601818,2016-08-01
601857,2016-08-01
601866,2016-08-01
601872,2016-08-01
601888,2016-08-01
601898,2016-08-01
601899,2016-08-01
601901,2016-08-01
601919,2016-08-01
601928,2016-08-01
601933,2016-08-01
601939,2016-08-01
601958,2016-08-01
601985,2016-08-01
601988,2016-08-01
601989,2016-08-01
601991,2016-08-01
601992,2016-08-01
601998,2016-08-01
603000,2016-08-01
603885,2016-08-01
603993,2016-08-01
000001,2016-08-01
000002,2016-08-01
000009,2016-08-01
000027,2016-08-01
000039,2016-08-01
000046,2016-08-01
000060,2016-08-01
000061,2016-08-01
000063,2016-08-01
000069,2016-08-01
000100,2016-08-01
000156,2016-08-01
000157,2016-08-01
000166,2016-08-01
000333,2016-08-01
000338,2016-08-01
000402,2016-08-01
000413,2016-08-01
000415,2016-08-01
000423,2016-08-01
000425,2016-08-01
000503,2016-08-01
000538,2016-08-01
000540,2016-08-01
000559,2016-08-01
000568,2016-08-01
000623,2016-08-01
000625,2016-08-01
000630,2016-08-01
000651,2016-08-01
000686,2016-08-01
000709,2016-08-01
000712,2016-08-01
000725,2016-08-01
000728,2016-08-01
000729,2016-08-01
000738,2016-08-01
000750,2016-08-01
000768,2016-08-01
000776,2016-08-01
000778,2016-08-01
000783,2016-08-01
000792,2016-08-01
000793,2016-08-01
000800,2016-08-01
000825,2016-08-01
000826,2016-08-01
000839,2016-08-01
000858,2016-08-01
000876,2016-08-01
000883,2016-08-01
000895,2016-08-01
000898,2016-08-01
000917,2016-08-01
000963,2016-08-01
000977,2016-08-01
000999,2016-08-01
001979,2016-08-01
002007,2016-08-01
002008,2016-08-01
002024,2016-08-01
002027,2016-08-01
002065,2016-08-01
002081,2016-08-01
002129,2016-08-01
002142,2016-08-01
002146,2016-08-01
002152,2016-08-01
002153,2016-08-01
002183,2016-08-01
002195,2016-08-01
002202,2016-08-01
002230,2016-08-01
002236,2016-08-01
002241,2016-08-01
002252,2016-08-01
002292,2016-08-01
002294,2016-08-01
002304,2016-08-01
002385,2016-08-01
002399,2016-08-01
002415,2016-08-01
002422,2016-08-01
002424,2016-08-01
002450,2016-08-01
002456,2016-08-01
002465,2016-08-01
002470,2016-08-01
002475,2016-08-01
002500,2016-08-01
002568,2016-08-01
002594,2016-08-01
002673,2016-08-01
002736,2016-08-01
002739,2016-08-01
300002,2016-08-01
300003,2016-08-01
300015,2016-08-01
300017,2016-08-01
300024,2016-08-01
300027,2016-08-01
300058,2016-08-01
300059,2016-08-01
300070,2016-08-01
300085,2016-08-01
300104,2016-08-01
300124,2016-08-01
300133,2016-08-01
300144,2016-08-01
300146,2016-08-01
300168,2016-08-01
300251,2016-08-01
300315,2016-08-01
600000,2016-08-02
600005,2016-08-02
600008,2016-08-02
600009,2016-08-02
600010,2016-08-02
600011,2016-08-02
600015,2016-08-02
600016,2016-08-02
600018,2016-08-02
600019,2016-08-02
600021,2016-08-02
600022,2016-08-02
600023,2016-08-02
600027,2016-08-02
600028,2016-08-02
600029,2016-08-02
600030,2016-08-02
600031,2016-08-02
600036,2016-08-02
600037,2016-08-02
600038,2016-08-02
600048,2016-08-02
600050,2016-08-02
600060,2016-08-02
600061,2016-08-02
600066,2016-08-02
600068,2016-08-02
600074,2016-08-02
600085,2016-08-02
600089,2016-08-02
600098,2016-08-02
600100,2016-08-02
600104,2016-08-02
600109,2016-08-02
600111,2016-08-02
600115,2016-08-02
600118,2016-08-02
600150,2016-08-02
600153,2016-08-02
600157,2016-08-02
600170,2016-08-02
600177,2016-08-02
600188,2016-08-02
600196,2016-08-02
600208,2016-08-02
600221,2016-08-02
600252,2016-08-02
600256,2016-08-02
600271,2016-08-02
600276,2016-08-02
600309,2016-08-02
600317,2016-08-02
600332,2016-08-02
600340,2016-08-02
600352,2016-08-02
600362,2016-08-02
600369,2016-08-02
600372,2016-08-02
600373,2016-08-02
600376,2016-08-02
600383,2016-08-02
600398,2016-08-02
600406,2016-08-02
600415,2016-08-02
600446,2016-08-02
600485,2016-08-02
600489,2016-08-02
600518,2016-08-02
600519,2016-08-02
600535,2016-08-02
600547,2016-08-02
600570,2016-08-02
600578,2016-08-02
600582,2016-08-02
600583,2016-08-02
600585,2016-08-02
600588,2016-08-02
600600,2016-08-02
600606,2016-08-02
600637,2016-08-02
600642,2016-08-02
600648,2016-08-02
600649,2016-08-02
600660,2016-08-02
600663,2016-08-02
600666,2016-08-02
600674,2016-08-02
600685,2016-08-02
600688,2016-08-02
600690,2016-08-02
600703,2016-08-02
600704,2016-08-02
600705,2016-08-02
600718,2016-08-02
600737,2016-08-02
600739,2016-08-02
600741,2016-08-02
600783,2016-08-02
600795,2016-08-02
600804,2016-08-02
600816,2016-08-02
600820,2016-08-02
600827,2016-08-02
600837,2016-08-02
600839,2016-08-02
600863,2016-08-02
600867,2016-08-02
600871,2016-08-02
600873,2016-08-02
600875,2016-08-02
600886,2016-08-02
600887,2016-08-02
600893,2016-08-02
600895,2016-08-02
600900,2016-08-02
600958,2016-08-02
600959,2016-08-02
600998,2016-08-02
600999,2016-08-02
601006,2016-08-02
601009,2016-08-02
601016,2016-08-02
601018,2016-08-02
601021,2016-08-02
601088,2016-08-02
601098,2016-08-02
601099,2016-08-02
601106,2016-08-02
601111,2016-08-02
601117,2016-08-02
601118,2016-08-02
601166,2016-08-02
601169,2016-08-02
601179,2016-08-02
601186,2016-08-02
601198,2016-08-02
601211,2016-08-02
601216,2016-08-02
601225,2016-08-02
601258,2016-08-02
601288,2016-08-02
601318,2016-08-02
601328,2016-08-02
601333,2016-08-02
601336,2016-08-02
601377,2016-08-02
601390,2016-08-02
601398,2016-08-02
601555,2016-08-02
601600,2016-08-02
601601,2016-08-02
601607,2016-08-02
601608,2016-08-02
601618,2016-08-02
601628,2016-08-02
601633,2016-08-02
601668,2016-08-02
601669,2016-08-02
601688,2016-08-02
601718,2016-08-02
601727,2016-08-02
601766,2016-08-02
601788,2016-08-02
601800,2016-08-02
601808,2016-08-02
601818,2016-08-02
601857,2016-08-02
601866,2016-08-02
601872,2016-08-02
601888,2016-08-02
601898,2016-08-02
601899,2016-08-02
601901,2016-08-02
601919,2016-08-02
601928,2016-08-02
601933,2016-08-02
601939,2016-08-02
601958,2016-08-02
601985,2016-08-02
601988,2016-08-02
601989,2016-08-02
601991,2016-08-02
601992,2016-08-02
601998,2016-08-02
603000,2016-08-02
603885,2016-08-02
603993,2016-08-02
000001,2016-08-02
000002,2016-08-02
000009,2016-08-02
000027,2016-08-02
000039,2016-08-02
000046,2016-08-02
000060,2016-08-02
000061,2016-08-02
000063,2016-08-02
000069,2016-08-02
000100,2016-08-02
000156,2016-08-02
000157,2016-08-02
000166,2016-08-02
000333,2016-08-02
000338,2016-08-02
000402,2016-08-02
000413,2016-08-02
000415,2016-08-02
000423,2016-08-02
000425,2016-08-02
000503,2016-08-02
000538,2016-08-02
000540,2016-08-02
000559,2016-08-02
000568,2016-08-02
000623,2016-08-02
000625,2016-08-02
000630,2016-08-02
000651,2016-08-02
000686,2016-08-02
000709,2016-08-02
000712,2016-08-02
000725,2016-08-02
000728,2016-08-02
000729,2016-08-02
000738,2016-08-02
000750,2016-08-02
000768,2016-08-02
000776,2016-08-02
000778,2016-08-02
000783,2016-08-02
000792,2016-08-02
000793,2016-08-02
000800,2016-08-02
000825,2016-08-02
000826,2016-08-02
000839,2016-08-02
000858,2016-08-02
000876,2016-08-02
000883,2016-08-02
000895,2016-08-02
000898,2016-08-02
000917,2016-08-02
000963,2016-08-02
000977,2016-08-02
000999,2016-08-02
001979,2016-08-02
002007,2016-08-02
002008,2016-08-02
002024,2016-08-02
002027,2016-08-02
002065,2016-08-02
002081,2016-08-02
002129,2016-08-02
002142,2016-08-02
002146,2016-08-02
002152,2016-08-02
002153,2016-08-02
002183,2016-08-02
002195,2016-08-02
002202,2016-08-02
002230,2016-08-02
002236,2016-08-02
002241,2016-08-02
002252,2016-08-02
002292,2016-08-02
002294,2016-08-02
002304,2016-08-02
002385,2016-08-02
002399,2016-08-02
002415,2016-08-02
002422,2016-08-02
002424,2016-08-02
002450,2016-08-02
002456,2016-08-02
002465,2016-08-02
002470,2016-08-02
002475,2016-08-02
002500,2016-08-02
002568,2016-08-02
002594,2016-08-02
002673,2016-08-02
002736,2016-08-02
002739,2016-08-02
300002,2016-08-02
300003,2016-08-02
300015,2016-08-02
300017,2016-08-02
300024,2016-08-02
300027,2016-08-02
300058,2016-08-02
300059,2016-08-02
300070,2016-08-02
300085,2016-08-02
300104,2016-08-02
300124,2016-08-02
300133,2016-08-02
300144,2016-08-02
300146,2016-08-02
300168,2016-08-02
300251,2016-08-02
300315,2016-08-02
600000,2016-08-03
600005,2016-08-03
600008,2016-08-03
600009,2016-08-03
600010,2016-08-03
600011,2016-08-03
600015,2016-08-03
600016,2016-08-03
600018,2016-08-03
600019,2016-08-03
600021,2016-08-03
600022,2016-08-03
600023,2016-08-03
600027,2016-08-03
600028,2016-08-03
600029,2016-08-03
600030,2016-08-03
600031,2016-08-03
600036,2016-08-03
600037,2016-08-03
600038,2016-08-03
600048,2016-08-03
600050,2016-08-03
600060,2016-08-03
600061,2016-08-03
600066,2016-08-03
600068,2016-08-03
600074,2016-08-03
600085,2016-08-03
600089,2016-08-03
600098,2016-08-03
600100,2016-08-03
600104,2016-08-03
600109,2016-08-03
600111,2016-08-03
600115,2016-08-03
600118,2016-08-03
600150,2016-08-03
600153,2016-08-03
600157,2016-08-03
600170,2016-08-03
600177,2016-08-03
600188,2016-08-03
600196,2016-08-03
600208,2016-08-03
600221,2016-08-03
600252,2016-08-03
600256,2016-08-03
600271,2016-08-03
600276,2016-08-03
600309,2016-08-03
600317,2016-08-03
600332,2016-08-03
600340,2016-08-03
600352,2016-08-03
600362,2016-08-03
600369,2016-08-03
600372,2016-08-03
600373,2016-08-03
600376,2016-08-03
600383,2016-08-03
600398,2016-08-03
600406,2016-08-03
600415,2016-08-03
600446,2016-08-03
600485,2016-08-03
600489,2016-08-03
600518,2016-08-03
600519,2016-08-03
600535,2016-08-03
600547,2016-08-03
600570,2016-08-03
600578,2016-08-03
600582,2016-08-03
600583,2016-08-03
600585,2016-08-03
600588,2016-08-03
600600,2016-08-03
600606,2016-08-03
600637,2016-08-03
600642,2016-08-03
600648,2016-08-03
600649,2016-08-03
600660,2016-08-03
600663,2016-08-03
600666,2016-08-03
600674,2016-08-03
600685,2016-08-03
600688,2016-08-03
600690,2016-08-03
600703,2016-08-03
600704,2016-08-03
600705,2016-08-03
600718,2016-08-03
600737,2016-08-03
600739,2016-08-03
600741,2016-08-03
600783,2016-08-03
600795,2016-08-03
600804,2016-08-03
600816,2016-08-03
600820,2016-08-03
600827,2016-08-03
600837,2016-08-03
600839,2016-08-03
600863,2016-08-03
600867,2016-08-03
600871,2016-08-03
600873,2016-08-03
600875,2016-08-03
600886,2016-08-03
600887,2016-08-03
600893,2016-08-03
600895,2016-08-03
600900,2016-08-03
600958,2016-08-03
600959,2016-08-03
600998,2016-08-03
600999,2016-08-03
601006,2016-08-03
601009,2016-08-03
601016,2016-08-03
601018,2016-08-03
601021,2016-08-03
601088,2016-08-03
601098,2016-08-03
601099,2016-08-03
601106,2016-08-03
601111,2016-08-03
601117,2016-08-03
601118,2016-08-03
601166,2016-08-03
601169,2016-08-03
601179,2016-08-03
601186,2016-08-03
601198,2016-08-03
601211,2016-08-03
601216,2016-08-03
601225,2016-08-03
601258,2016-08-03
601288,2016-08-03
601318,2016-08-03
601328,2016-08-03
601333,2016-08-03
601336,2016-08-03
601377,2016-08-03
601390,2016-08-03
601398,2016-08-03
601555,2016-08-03
601600,2016-08-03
601601,2016-08-03
601607,2016-08-03
601608,2016-08-03
601618,2016-08-03
601628,2016-08-03
601633,2016-08-03
601668,2016-08-03
601669,2016-08-03
601688,2016-08-03
601718,2016-08-03
601727,2016-08-03
601766,2016-08-03
601788,2016-08-03
601800,2016-08-03
601808,2016-08-03
601818,2016-08-03
601857,2016-08-03
601866,2016-08-03
601872,2016-08-03
601888,2016-08-03
601898,2016-08-03
601899,2016-08-03
601901,2016-08-03
601919,2016-08-03
601928,2016-08-03
601933,2016-08-03
601939,2016-08-03
601958,2016-08-03
601985,2016-08-03
601988,2016-08-03
601989,2016-08-03
601991,2016-08-03
601992,2016-08-03
601998,2016-08-03
603000,2016-08-03
603885,2016-08-03
603993,2016-08-03
000001,2016-08-03
000002,2016-08-03
000009,2016-08-03
000027,2016-08-03
000039,2016-08-03
000046,2016-08-03
000060,2016-08-03
000061,2016-08-03
000063,2016-08-03
000069,2016-08-03
000100,2016-08-03
000156,2016-08-03
000157,2016-08-03
000166,2016-08-03
000333,2016-08-03
000338,2016-08-03
000402,2016-08-03
000413,2016-08-03
000415,2016-08-03
000423,2016-08-03
000425,2016-08-03
000503,2016-08-03
000538,2016-08-03
000540,2016-08-03
000559,2016-08-03
000568,2016-08-03
000623,2016-08-03
000625,2016-08-03
000630,2016-08-03
000651,2016-08-03
000686,2016-08-03
000709,2016-08-03
000712,2016-08-03
000725,2016-08-03
000728,2016-08-03
000729,2016-08-03
000738,2016-08-03
000750,2016-08-03
000768,2016-08-03
000776,2016-08-03
000778,2016-08-03
000783,2016-08-03
000792,2016-08-03
000793,2016-08-03
000800,2016-08-03
000825,2016-08-03
000826,2016-08-03
000839,2016-08-03
000858,2016-08-03
000876,2016-08-03
000883,2016-08-03
000895,2016-08-03
000898,2016-08-03
000917,2016-08-03
000963,2016-08-03
000977,2016-08-03
000999,2016-08-03
001979,2016-08-03
002007,2016-08-03
002008,2016-08-03
002024,2016-08-03
002027,2016-08-03
002065,2016-08-03
002081,2016-08-03
002129,2016-08-03
002142,2016-08-03
002146,2016-08-03
002152,2016-08-03
002153,2016-08-03
002183,2016-08-03
002195,2016-08-03
002202,2016-08-03
002230,2016-08-03
002236,2016-08-03
002241,2016-08-03
002252,2016-08-03
002292,2016-08-03
002294,2016-08-03
002304,2016-08-03
002385,2016-08-03
002399,2016-08-03
002415,2016-08-03
002422,2016-08-03
002424,2016-08-03
002450,2016-08-03
002456,2016-08-03
002465,2016-08-03
002470,2016-08-03
002475,2016-08-03
002500,2016-08-03
002568,2016-08-03
002594,2016-08-03
002673,2016-08-03
002736,2016-08-03
002739,2016-08-03
300002,2016-08-03
300003,2016-08-03
300015,2016-08-03
300017,2016-08-03
300024,2016-08-03
300027,2016-08-03
300058,2016-08-03
300059,2016-08-03
300070,2016-08-03
300085,2016-08-03
300104,2016-08-03
300124,2016-08-03
300133,2016-08-03
300144,2016-08-03
300146,2016-08-03
300168,2016-08-03
300251,2016-08-03
300315,2016-08-03
600000,2016-08-28
600005,2016-08-28
600008,2016-08-28
600009,2016-08-28
600010,2016-08-28
600011,2016-08-28
600015,2016-08-28
600016,2016-08-28
600018,2016-08-28
600019,2016-08-28
600021,2016-08-28
600022,2016-08-28
600023,2016-08-28
600027,2016-08-28
600028,2016-08-28
600029,2016-08-28
600030,2016-08-28
600031,2016-08-28
600036,2016-08-28
600037,2016-08-28
600038,2016-08-28
600048,2016-08-28
600050,2016-08-28
600060,2016-08-28
600061,2016-08-28
600066,2016-08-28
600068,2016-08-28
600074,2016-08-28
600085,2016-08-28
600089,2016-08-28
600098,2016-08-28
600100,2016-08-28
600104,2016-08-28
600109,2016-08-28
600111,2016-08-28
600115,2016-08-28
600118,2016-08-28
600150,2016-08-28
600153,2016-08-28
600157,2016-08-28
600170,2016-08-28
600177,2016-08-28
600188,2016-08-28
600196,2016-08-28
600208,2016-08-28
600221,2016-08-28
600252,2016-08-28
600256,2016-08-28
600271,2016-08-28
600276,2016-08-28
600309,2016-08-28
600317,2016-08-28
600332,2016-08-28
600340,2016-08-28
600352,2016-08-28
600362,2016-08-28
600369,2016-08-28
600372,2016-08-28
600373,2016-08-28
600376,2016-08-28
600383,2016-08-28
600398,2016-08-28
600406,2016-08-28
600415,2016-08-28
600446,2016-08-28
600485,2016-08-28
600489,2016-08-28
600518,2016-08-28
600519,2016-08-28
600535,2016-08-28
600547,2016-08-28
600570,2016-08-28
600578,2016-08-28
600582,2016-08-28
600583,2016-08-28
600585,2016-08-28
600588,2016-08-28
600600,2016-08-28
600606,2016-08-28
600637,2016-08-28
600642,2016-08-28
600648,2016-08-28
600649,2016-08-28
600660,2016-08-28
600663,2016-08-28
600666,2016-08-28
600674,2016-08-28
600685,2016-08-28
600688,2016-08-28
600690,2016-08-28
600703,2016-08-28
600704,2016-08-28
600705,2016-08-28
600718,2016-08-28
600737,2016-08-28
600739,2016-08-28
600741,2016-08-28
600783,2016-08-28
600795,2016-08-28
600804,2016-08-28
600816,2016-08-28
600820,2016-08-28
600827,2016-08-28
600837,2016-08-28
600839,2016-08-28
600863,2016-08-28
600867,2016-08-28
600871,2016-08-28
600873,2016-08-28
600875,2016-08-28
600886,2016-08-28
600887,2016-08-28
600893,2016-08-28
600895,2016-08-28
600900,2016-08-28
600958,2016-08-28
600959,2016-08-28
600998,2016-08-28
600999,2016-08-28
601006,2016-08-28
601009,2016-08-28
601016,2016-08-28
601018,2016-08-28
601021,2016-08-28
601088,2016-08-28
601098,2016-08-28
601099,2016-08-28
601106,2016-08-28
601111,2016-08-28
601117,2016-08-28
601118,2016-08-28
601166,2016-08-28
601169,2016-08-28
601179,2016-08-28
601186,2016-08-28
601198,2016-08-28
601211,2016-08-28
601216,2016-08-28
601225,2016-08-28
601258,2016-08-28
601288,2016-08-28
601318,2016-08-28
601328,2016-08-28
601333,2016-08-28
601336,2016-08-28
601377,2016-08-28
601390,2016-08-28
601398,2016-08-28
601555,2016-08-28
601600,2016-08-28
601601,2016-08-28
601607,2016-08-28
601608,2016-08-28
601618,2016-08-28
601628,2016-08-28
601633,2016-08-28
601668,2016-08-28
601669,2016-08-28
601688,2016-08-28
601718,2016-08-28
601727,2016-08-28
601766,2016-08-28
601788,2016-08-28
601800,2016-08-28
601808,2016-08-28
601818,2016-08-28
601857,2016-08-28
601866,2016-08-28
601872,2016-08-28
601888,2016-08-28
601898,2016-08-28
601899,2016-08-28
601901,2016-08-28
601919,2016-08-28
601928,2016-08-28
601933,2016-08-28
601939,2016-08-28
601958,2016-08-28
601985,2016-08-28
601988,2016-08-28
601989,2016-08-28
601991,2016-08-28
601992,2016-08-28
601998,2016-08-28
603000,2016-08-28
603885,2016-08-28
603993,2016-08-28
000001,2016-08-28
000002,2016-08-28
000009,2016-08-28
000027,2016-08-28
000039,2016-08-28
000046,2016-08-28
000060,2016-08-28
000061,2016-08-28
000063,2016-08-28
000069,2016-08-28
000100,2016-08-28
000156,2016-08-28
000157,2016-08-28
000166,2016-08-28
000333,2016-08-28
000338,2016-08-28
000402,2016-08-28
000413,2016-08-28
000415,2016-08-28
000423,2016-08-28
000425,2016-08-28
000503,2016-08-28
000538,2016-08-28
000540,2016-08-28
000559,2016-08-28
000568,2016-08-28
000623,2016-08-28
000625,2016-08-28
000630,2016-08-28
000651,2016-08-28
000686,2016-08-28
000709,2016-08-28
000712,2016-08-28
000725,2016-08-28
000728,2016-08-28
000729,2016-08-28
000738,2016-08-28
000750,2016-08-28
000768,2016-08-28
000776,2016-08-28
000778,2016-08-28
000783,2016-08-28
000792,2016-08-28
000793,2016-08-28
000800,2016-08-28
000825,2016-08-28
000826,2016-08-28
000839,2016-08-28
000858,2016-08-28
000876,2016-08-28
000883,2016-08-28
000895,2016-08-28
000898,2016-08-28
000917,2016-08-28
000963,2016-08-28
000977,2016-08-28
000999,2016-08-28
001979,2016-08-28
002007,2016-08-28
002008,2016-08-28
002024,2016-08-28
002027,2016-08-28
002065,2016-08-28
002081,2016-08-28
002129,2016-08-28
002142,2016-08-28
002146,2016-08-28
002152,2016-08-28
002153,2016-08-28
002183,2016-08-28
002195,2016-08-28
002202,2016-08-28
002230,2016-08-28
002236,2016-08-28
002241,2016-08-28
002252,2016-08-28
002292,2016-08-28
002294,2016-08-28
002304,2016-08-28
002385,2016-08-28
002399,2016-08-28
002415,2016-08-28
002422,2016-08-28
002424,2016-08-28
002450,2016-08-28
002456,2016-08-28
002465,2016-08-28
002470,2016-08-28
002475,2016-08-28
002500,2016-08-28
002568,2016-08-28
002594,2016-08-28
002673,2016-08-28
002736,2016-08-28
002739,2016-08-28
300002,2016-08-28
300003,2016-08-28
300015,2016-08-28
300017,2016-08-28
300024,2016-08-28
300027,2016-08-28
300058,2016-08-28
300059,2016-08-28
300070,2016-08-28
300085,2016-08-28
300104,2016-08-28
300124,2016-08-28
300133,2016-08-28
300144,2016-08-28
300146,2016-08-28
300168,2016-08-28
300251,2016-08-28
300315,2016-08-28
600000,2017-02-01
600005,2017-02-01
600008,2017-02-01
600009,2017-02-01
600010,2017-02-01
600015,2017-02-01
600016,2017-02-01
600018,2017-02-01
600019,2017-02-01
600021,2017-02-01
600023,2017-02-01
600028,2017-02-01
600029,2017-02-01
600030,2017-02-01
600031,2017-02-01
600036,2017-02-01
600037,2017-02-01
600038,2017-02-01
600048,2017-02-01
600050,2017-02-01
600060,2017-02-01
600061,2017-02-01
600066,2017-02-01
600068,2017-02-01
600074,2017-02-01
600085,2017-02-01
600089,2017-02-01
600100,2017-02-01
600104,2017-02-01
600109,2017-02-01
600111,2017-02-01
600115,2017-02-01
600118,2017-02-01
600150,2017-02-01
600153,2017-02-01
600157,2017-02-01
600170,2017-02-01
600177,2017-02-01
600188,2017-02-01
600196,2017-02-01
600208,2017-02-01
600221,2017-02-01
600252,2017-02-01
600256,2017-02-01
600271,2017-02-01
600276,2017-02-01
600297,2017-02-01
600309,2017-02-01
600332,2017-02-01
600340,2017-02-01
600352,2017-02-01
600362,2017-02-01
600369,2017-02-01
600372,2017-02-01
600373,2017-02-01
600376,2017-02-01
600383,2017-02-01
600406,2017-02-01
600415,2017-02-01
600446,2017-02-01
600482,2017-02-01
600485,2017-02-01
600489,2017-02-01
600498,2017-02-01
600518,2017-02-01
600519,2017-02-01
600535,2017-02-01
600547,2017-02-01
600570,2017-02-01
600582,2017-02-01
600583,2017-02-01
600585,2017-02-01
600588,2017-02-01
600606,2017-02-01
600637,2017-02-01
600648,2017-02-01
600649,2017-02-01
600654,2017-02-01
600660,2017-02-01
600663,2017-02-01
600666,2017-02-01
600674,2017-02-01
600685,2017-02-01
600688,2017-02-01
600690,2017-02-01
600703,2017-02-01
600704,2017-02-01
600705,2017-02-01
600718,2017-02-01
600737,2017-02-01
600739,2017-02-01
600741,2017-02-01
600754,2017-02-01
600783,2017-02-01
600795,2017-02-01
600804,2017-02-01
600816,2017-02-01
600820,2017-02-01
600827,2017-02-01
600837,2017-02-01
600839,2017-02-01
600867,2017-02-01
600871,2017-02-01
600873,2017-02-01
600875,2017-02-01
600886,2017-02-01
600887,2017-02-01
600893,2017-02-01
600895,2017-02-01
600900,2017-02-01
600958,2017-02-01
600959,2017-02-01
600999,2017-02-01
601006,2017-02-01
601009,2017-02-01
601018,2017-02-01
601021,2017-02-01
601088,2017-02-01
601099,2017-02-01
601111,2017-02-01
601118,2017-02-01
601127,2017-02-01
601155,2017-02-01
601166,2017-02-01
601169,2017-02-01
601186,2017-02-01
601198,2017-02-01
601211,2017-02-01
601216,2017-02-01
601225,2017-02-01
601258,2017-02-01
601288,2017-02-01
601318,2017-02-01
601328,2017-02-01
601333,2017-02-01
601336,2017-02-01
601377,2017-02-01
601390,2017-02-01
601398,2017-02-01
601555,2017-02-01
601600,2017-02-01
601601,2017-02-01
601607,2017-02-01
601608,2017-02-01
601611,2017-02-01
601618,2017-02-01
601628,2017-02-01
601633,2017-02-01
601668,2017-02-01
601669,2017-02-01
601688,2017-02-01
601718,2017-02-01
601727,2017-02-01
601766,2017-02-01
601788,2017-02-01
601800,2017-02-01
601818,2017-02-01
601857,2017-02-01
601866,2017-02-01
601872,2017-02-01
601877,2017-02-01
601888,2017-02-01
601899,2017-02-01
601901,2017-02-01
601919,2017-02-01
601928,2017-02-01
601933,2017-02-01
601939,2017-02-01
601958,2017-02-01
601985,2017-02-01
601988,2017-02-01
601989,2017-02-01
601998,2017-02-01
603000,2017-02-01
603885,2017-02-01
603993,2017-02-01
000001,2017-02-01
000002,2017-02-01
000008,2017-02-01
000009,2017-02-01
000027,2017-02-01
000039,2017-02-01
000060,2017-02-01
000061,2017-02-01
000063,2017-02-01
000069,2017-02-01
000100,2017-02-01
000156,2017-02-01
000157,2017-02-01
000166,2017-02-01
000333,2017-02-01
000338,2017-02-01
000402,2017-02-01
000413,2017-02-01
000415,2017-02-01
000423,2017-02-01
000425,2017-02-01
000503,2017-02-01
000538,2017-02-01
000540,2017-02-01
000555,2017-02-01
000559,2017-02-01
000568,2017-02-01
000623,2017-02-01
000625,2017-02-01
000627,2017-02-01
000630,2017-02-01
000651,2017-02-01
000671,2017-02-01
000686,2017-02-01
000709,2017-02-01
000712,2017-02-01
000718,2017-02-01
000725,2017-02-01
000728,2017-02-01
000738,2017-02-01
000750,2017-02-01
000768,2017-02-01
000776,2017-02-01
000778,2017-02-01
000783,2017-02-01
000792,2017-02-01
000793,2017-02-01
000800,2017-02-01
000826,2017-02-01
000839,2017-02-01
000858,2017-02-01
000876,2017-02-01
000895,2017-02-01
000917,2017-02-01
000938,2017-02-01
000963,2017-02-01
000977,2017-02-01
000983,2017-02-01
001979,2017-02-01
002007,2017-02-01
002008,2017-02-01
002024,2017-02-01
002027,2017-02-01
002049,2017-02-01
002065,2017-02-01
002074,2017-02-01
002081,2017-02-01
002085,2017-02-01
002129,2017-02-01
002131,2017-02-01
002142,2017-02-01
002146,2017-02-01
002152,2017-02-01
002153,2017-02-01
002174,2017-02-01
002183,2017-02-01
002195,2017-02-01
002202,2017-02-01
002230,2017-02-01
002236,2017-02-01
002241,2017-02-01
002252,2017-02-01
002292,2017-02-01
002299,2017-02-01
002304,2017-02-01
002310,2017-02-01
002385,2017-02-01
002415,2017-02-01
002424,2017-02-01
002426,2017-02-01
002450,2017-02-01
002456,2017-02-01
002465,2017-02-01
002466,2017-02-01
002470,2017-02-01
002475,2017-02-01
002500,2017-02-01
002568,2017-02-01
002594,2017-02-01
002673,2017-02-01
002714,2017-02-01
002736,2017-02-01
002739,2017-02-01
002797,2017-02-01
300002,2017-02-01
300015,2017-02-01
300017,2017-02-01
300024,2017-02-01
300027,2017-02-01
300033,2017-02-01
300058,2017-02-01
300059,2017-02-01
300070,2017-02-01
300072,2017-02-01
300085,2017-02-01
300104,2017-02-01
300124,2017-02-01
300133,2017-02-01
300144,2017-02-01
300146,2017-02-01
300168,2017-02-01
300182,2017-02-01
300251,2017-02-01
300315,2017-02-01
600000,2017-02-02
600005,2017-02-02
600008,2017-02-02
600009,2017-02-02
600010,2017-02-02
600015,2017-02-02
600016,2017-02-02
600018,2017-02-02
600019,2017-02-02
600021,2017-02-02
600023,2017-02-02
600028,2017-02-02
600029,2017-02-02
600030,2017-02-02
600031,2017-02-02
600036,2017-02-02
600037,2017-02-02
600038,2017-02-02
600048,2017-02-02
600050,2017-02-02
600060,2017-02-02
600061,2017-02-02
600066,2017-02-02
600068,2017-02-02
600074,2017-02-02
600085,2017-02-02
600089,2017-02-02
600100,2017-02-02
600104,2017-02-02
600109,2017-02-02
600111,2017-02-02
600115,2017-02-02
600118,2017-02-02
600150,2017-02-02
600153,2017-02-02
600157,2017-02-02
600170,2017-02-02
600177,2017-02-02
600188,2017-02-02
600196,2017-02-02
600208,2017-02-02
600221,2017-02-02
600252,2017-02-02
600256,2017-02-02
600271,2017-02-02
600276,2017-02-02
600297,2017-02-02
600309,2017-02-02
600332,2017-02-02
600340,2017-02-02
600352,2017-02-02
600362,2017-02-02
600369,2017-02-02
600372,2017-02-02
600373,2017-02-02
600376,2017-02-02
600383,2017-02-02
600406,2017-02-02
600415,2017-02-02
600446,2017-02-02
600482,2017-02-02
600485,2017-02-02
600489,2017-02-02
600498,2017-02-02
600518,2017-02-02
600519,2017-02-02
600535,2017-02-02
600547,2017-02-02
600570,2017-02-02
600582,2017-02-02
600583,2017-02-02
600585,2017-02-02
600588,2017-02-02
600606,2017-02-02
600637,2017-02-02
600648,2017-02-02
600649,2017-02-02
600654,2017-02-02
600660,2017-02-02
600663,2017-02-02
600666,2017-02-02
600674,2017-02-02
600685,2017-02-02
600688,2017-02-02
600690,2017-02-02
600703,2017-02-02
600704,2017-02-02
600705,2017-02-02
600718,2017-02-02
600737,2017-02-02
600739,2017-02-02
600741,2017-02-02
600754,2017-02-02
600783,2017-02-02
600795,2017-02-02
600804,2017-02-02
600816,2017-02-02
600820,2017-02-02
600827,2017-02-02
600837,2017-02-02
600839,2017-02-02
600867,2017-02-02
600871,2017-02-02
600873,2017-02-02
600875,2017-02-02
600886,2017-02-02
600887,2017-02-02
600893,2017-02-02
600895,2017-02-02
600900,2017-02-02
600958,2017-02-02
600959,2017-02-02
600999,2017-02-02
601006,2017-02-02
601009,2017-02-02
601018,2017-02-02
601021,2017-02-02
601088,2017-02-02
601099,2017-02-02
601111,2017-02-02
601118,2017-02-02
601127,2017-02-02
601155,2017-02-02
601166,2017-02-02
601169,2017-02-02
601186,2017-02-02
601198,2017-02-02
601211,2017-02-02
601216,2017-02-02
601225,2017-02-02
601258,2017-02-02
601288,2017-02-02
601318,2017-02-02
601328,2017-02-02
601333,2017-02-02
601336,2017-02-02
601377,2017-02-02
601390,2017-02-02
601398,2017-02-02
601555,2017-02-02
601600,2017-02-02
601601,2017-02-02
601607,2017-02-02
601608,2017-02-02
601611,2017-02-02
601618,2017-02-02
601628,2017-02-02
601633,2017-02-02
601668,2017-02-02
601669,2017-02-02
601688,2017-02-02
601718,2017-02-02
601727,2017-02-02
601766,2017-02-02
601788,2017-02-02
601800,2017-02-02
601818,2017-02-02
601857,2017-02-02
601866,2017-02-02
601872,2017-02-02
601877,2017-02-02
601888,2017-02-02
601899,2017-02-02
601901,2017-02-02
601919,2017-02-02
601928,2017-02-02
601933,2017-02-02
601939,2017-02-02
601958,2017-02-02
601985,2017-02-02
601988,2017-02-02
601989,2017-02-02
601998,2017-02-02
603000,2017-02-02
603885,2017-02-02
603993,2017-02-02
000001,2017-02-02
000002,2017-02-02
000008,2017-02-02
000009,2017-02-02
000027,2017-02-02
000039,2017-02-02
000060,2017-02-02
000061,2017-02-02
000063,2017-02-02
000069,2017-02-02
000100,2017-02-02
000156,2017-02-02
000157,2017-02-02
000166,2017-02-02
000333,2017-02-02
000338,2017-02-02
000402,2017-02-02
000413,2017-02-02
000415,2017-02-02
000423,2017-02-02
000425,2017-02-02
000503,2017-02-02
000538,2017-02-02
000540,2017-02-02
000555,2017-02-02
000559,2017-02-02
000568,2017-02-02
000623,2017-02-02
000625,2017-02-02
000627,2017-02-02
000630,2017-02-02
000651,2017-02-02
000671,2017-02-02
000686,2017-02-02
000709,2017-02-02
000712,2017-02-02
000718,2017-02-02
000725,2017-02-02
000728,2017-02-02
000738,2017-02-02
000750,2017-02-02
000768,2017-02-02
000776,2017-02-02
000778,2017-02-02
000783,2017-02-02
000792,2017-02-02
000793,2017-02-02
000800,2017-02-02
000826,2017-02-02
000839,2017-02-02
000858,2017-02-02
000876,2017-02-02
000895,2017-02-02
000917,2017-02-02
000938,2017-02-02
000963,2017-02-02
000977,2017-02-02
000983,2017-02-02
001979,2017-02-02
002007,2017-02-02
002008,2017-02-02
002024,2017-02-02
002027,2017-02-02
002049,2017-02-02
002065,2017-02-02
002074,2017-02-02
002081,2017-02-02
002085,2017-02-02
002129,2017-02-02
002131,2017-02-02
002142,2017-02-02
002146,2017-02-02
002152,2017-02-02
002153,2017-02-02
002174,2017-02-02
002183,2017-02-02
002195,2017-02-02
002202,2017-02-02
002230,2017-02-02
002236,2017-02-02
002241,2017-02-02
002252,2017-02-02
002292,2017-02-02
002299,2017-02-02
002304,2017-02-02
002310,2017-02-02
002385,2017-02-02
002415,2017-02-02
002424,2017-02-02
002426,2017-02-02
002450,2017-02-02
002456,2017-02-02
002465,2017-02-02
002466,2017-02-02
002470,2017-02-02
002475,2017-02-02
002500,2017-02-02
002568,2017-02-02
002594,2017-02-02
002673,2017-02-02
002714,2017-02-02
002736,2017-02-02
002739,2017-02-02
002797,2017-02-02
300002,2017-02-02
300015,2017-02-02
300017,2017-02-02
300024,2017-02-02
300027,2017-02-02
300033,2017-02-02
300058,2017-02-02
300059,2017-02-02
300070,2017-02-02
300072,2017-02-02
300085,2017-02-02
300104,2017-02-02
300124,2017-02-02
300133,2017-02-02
300144,2017-02-02
300146,2017-02-02
300168,2017-02-02
300182,2017-02-02
300251,2017-02-02
300315,2017-02-02
600000,2017-02-03
600005,2017-02-03
600008,2017-02-03
600009,2017-02-03
600010,2017-02-03
600015,2017-02-03
600016,2017-02-03
600018,2017-02-03
600019,2017-02-03
600021,2017-02-03
600023,2017-02-03
600028,2017-02-03
600029,2017-02-03
600030,2017-02-03
600031,2017-02-03
600036,2017-02-03
600037,2017-02-03
600038,2017-02-03
600048,2017-02-03
600050,2017-02-03
600060,2017-02-03
600061,2017-02-03
600066,2017-02-03
600068,2017-02-03
600074,2017-02-03
600085,2017-02-03
600089,2017-02-03
600100,2017-02-03
600104,2017-02-03
600109,2017-02-03
600111,2017-02-03
600115,2017-02-03
600118,2017-02-03
600150,2017-02-03
600153,2017-02-03
600157,2017-02-03
600170,2017-02-03
600177,2017-02-03
600188,2017-02-03
600196,2017-02-03
600208,2017-02-03
600221,2017-02-03
600252,2017-02-03
600256,2017-02-03
600271,2017-02-03
600276,2017-02-03
600297,2017-02-03
600309,2017-02-03
600332,2017-02-03
600340,2017-02-03
600352,2017-02-03
600362,2017-02-03
600369,2017-02-03
600372,2017-02-03
600373,2017-02-03
600376,2017-02-03
600383,2017-02-03
600406,2017-02-03
600415,2017-02-03
600446,2017-02-03
600482,2017-02-03
600485,2017-02-03
600489,2017-02-03
600498,2017-02-03
600518,2017-02-03
600519,2017-02-03
600535,2017-02-03
600547,2017-02-03
600570,2017-02-03
600582,2017-02-03
600583,2017-02-03
600585,2017-02-03
600588,2017-02-03
600606,2017-02-03
600637,2017-02-03
600648,2017-02-03
600649,2017-02-03
600654,2017-02-03
600660,2017-02-03
600663,2017-02-03
600666,2017-02-03
600674,2017-02-03
600685,2017-02-03
600688,2017-02-03
600690,2017-02-03
600703,2017-02-03
600704,2017-02-03
600705,2017-02-03
600718,2017-02-03
600737,2017-02-03
600739,2017-02-03
600741,2017-02-03
600754,2017-02-03
600783,2017-02-03
600795,2017-02-03
600804,2017-02-03
600816,2017-02-03
600820,2017-02-03
600827,2017-02-03
600837,2017-02-03
600839,2017-02-03
600867,2017-02-03
600871,2017-02-03
600873,2017-02-03
600875,2017-02-03
600886,2017-02-03
600887,2017-02-03
600893,2017-02-03
600895,2017-02-03
600900,2017-02-03
600958,2017-02-03
600959,2017-02-03
600999,2017-02-03
601006,2017-02-03
601009,2017-02-03
601018,2017-02-03
601021,2017-02-03
601088,2017-02-03
601099,2017-02-03
601111,2017-02-03
601118,2017-02-03
601127,2017-02-03
601155,2017-02-03
601166,2017-02-03
601169,2017-02-03
601186,2017-02-03
601198,2017-02-03
601211,2017-02-03
601216,2017-02-03
601225,2017-02-03
601258,2017-02-03
601288,2017-02-03
601318,2017-02-03
601328,2017-02-03
601333,2017-02-03
601336,2017-02-03
601377,2017-02-03
601390,2017-02-03
601398,2017-02-03
601555,2017-02-03
601600,2017-02-03
601601,2017-02-03
601607,2017-02-03
601608,2017-02-03
601611,2017-02-03
601618,2017-02-03
601628,2017-02-03
601633,2017-02-03
601668,2017-02-03
601669,2017-02-03
601688,2017-02-03
601718,2017-02-03
601727,2017-02-03
601766,2017-02-03
601788,2017-02-03
601800,2017-02-03
601818,2017-02-03
601857,2017-02-03
601866,2017-02-03
601872,2017-02-03
601877,2017-02-03
601888,2017-02-03
601899,2017-02-03
601901,2017-02-03
601919,2017-02-03
601928,2017-02-03
601933,2017-02-03
601939,2017-02-03
601958,2017-02-03
601985,2017-02-03
601988,2017-02-03
601989,2017-02-03
601998,2017-02-03
603000,2017-02-03
603885,2017-02-03
603993,2017-02-03
000001,2017-02-03
000002,2017-02-03
000008,2017-02-03
000009,2017-02-03
000027,2017-02-03
000039,2017-02-03
000060,2017-02-03
000061,2017-02-03
000063,2017-02-03
000069,2017-02-03
000100,2017-02-03
000156,2017-02-03
000157,2017-02-03
000166,2017-02-03
000333,2017-02-03
000338,2017-02-03
000402,2017-02-03
000413,2017-02-03
000415,2017-02-03
000423,2017-02-03
000425,2017-02-03
000503,2017-02-03
000538,2017-02-03
000540,2017-02-03
000555,2017-02-03
000559,2017-02-03
000568,2017-02-03
000623,2017-02-03
000625,2017-02-03
000627,2017-02-03
000630,2017-02-03
000651,2017-02-03
000671,2017-02-03
000686,2017-02-03
000709,2017-02-03
000712,2017-02-03
000718,2017-02-03
000725,2017-02-03
000728,2017-02-03
000738,2017-02-03
000750,2017-02-03
000768,2017-02-03
000776,2017-02-03
000778,2017-02-03
000783,2017-02-03
000792,2017-02-03
000793,2017-02-03
000800,2017-02-03
000826,2017-02-03
000839,2017-02-03
000858,2017-02-03
000876,2017-02-03
000895,2017-02-03
000917,2017-02-03
000938,2017-02-03
000963,2017-02-03
000977,2017-02-03
000983,2017-02-03
001979,2017-02-03
002007,2017-02-03
002008,2017-02-03
002024,2017-02-03
002027,2017-02-03
002049,2017-02-03
002065,2017-02-03
002074,2017-02-03
002081,2017-02-03
002085,2017-02-03
002129,2017-02-03
002131,2017-02-03
002142,2017-02-03
002146,2017-02-03
002152,2017-02-03
002153,2017-02-03
002174,2017-02-03
002183,2017-02-03
002195,2017-02-03
002202,2017-02-03
002230,2017-02-03
002236,2017-02-03
002241,2017-02-03
002252,2017-02-03
002292,2017-02-03
002299,2017-02-03
002304,2017-02-03
002310,2017-02-03
002385,2017-02-03
002415,2017-02-03
002424,2017-02-03
002426,2017-02-03
002450,2017-02-03
002456,2017-02-03
002465,2017-02-03
002466,2017-02-03
002470,2017-02-03
002475,2017-02-03
002500,2017-02-03
002568,2017-02-03
002594,2017-02-03
002673,2017-02-03
002714,2017-02-03
002736,2017-02-03
002739,2017-02-03
002797,2017-02-03
300002,2017-02-03
300015,2017-02-03
300017,2017-02-03
300024,2017-02-03
300027,2017-02-03
300033,2017-02-03
300058,2017-02-03
300059,2017-02-03
300070,2017-02-03
300072,2017-02-03
300085,2017-02-03
300104,2017-02-03
300124,2017-02-03
300133,2017-02-03
300144,2017-02-03
300146,2017-02-03
300168,2017-02-03
300182,2017-02-03
300251,2017-02-03
300315,2017-02-03
600000,2017-02-28
600008,2017-02-28
600009,2017-02-28
600010,2017-02-28
600015,2017-02-28
600016,2017-02-28
600018,2017-02-28
600019,2017-02-28
600021,2017-02-28
600023,2017-02-28
600028,2017-02-28
600029,2017-02-28
600030,2017-02-28
600031,2017-02-28
600036,2017-02-28
600037,2017-02-28
600038,2017-02-28
600048,2017-02-28
600050,2017-02-28
600060,2017-02-28
600061,2017-02-28
600066,2017-02-28
600068,2017-02-28
600074,2017-02-28
600085,2017-02-28
600089,2017-02-28
600100,2017-02-28
600104,2017-02-28
600109,2017-02-28
600111,2017-02-28
600115,2017-02-28
600118,2017-02-28
600150,2017-02-28
600153,2017-02-28
600157,2017-02-28
600170,2017-02-28
600177,2017-02-28
600188,2017-02-28
600196,2017-02-28
600208,2017-02-28
600221,2017-02-28
600252,2017-02-28
600256,2017-02-28
600271,2017-02-28
600276,2017-02-28
600297,2017-02-28
600309,2017-02-28
600332,2017-02-28
600340,2017-02-28
600352,2017-02-28
600362,2017-02-28
600369,2017-02-28
600372,2017-02-28
600373,2017-02-28
600376,2017-02-28
600383,2017-02-28
600406,2017-02-28
600415,2017-02-28
600446,2017-02-28
600482,2017-02-28
600485,2017-02-28
600489,2017-02-28
600498,2017-02-28
600518,2017-02-28
600519,2017-02-28
600535,2017-02-28
600547,2017-02-28
600549,2017-02-28
600570,2017-02-28
600582,2017-02-28
600583,2017-02-28
600585,2017-02-28
600588,2017-02-28
600606,2017-02-28
600637,2017-02-28
600648,2017-02-28
600649,2017-02-28
600654,2017-02-28
600660,2017-02-28
600663,2017-02-28
600666,2017-02-28
600674,2017-02-28
600685,2017-02-28
600688,2017-02-28
600690,2017-02-28
600703,2017-02-28
600704,2017-02-28
600705,2017-02-28
600718,2017-02-28
600737,2017-02-28
600739,2017-02-28
600741,2017-02-28
600754,2017-02-28
600783,2017-02-28
600795,2017-02-28
600804,2017-02-28
600816,2017-02-28
600820,2017-02-28
600827,2017-02-28
600837,2017-02-28
600839,2017-02-28
600867,2017-02-28
600871,2017-02-28
600873,2017-02-28
600875,2017-02-28
600886,2017-02-28
600887,2017-02-28
600893,2017-02-28
600895,2017-02-28
600900,2017-02-28
600958,2017-02-28
600959,2017-02-28
600999,2017-02-28
601006,2017-02-28
601009,2017-02-28
601018,2017-02-28
601021,2017-02-28
601088,2017-02-28
601099,2017-02-28
601111,2017-02-28
601118,2017-02-28
601127,2017-02-28
601155,2017-02-28
601166,2017-02-28
601169,2017-02-28
601186,2017-02-28
601198,2017-02-28
601211,2017-02-28
601216,2017-02-28
601225,2017-02-28
601258,2017-02-28
601288,2017-02-28
601318,2017-02-28
601328,2017-02-28
601333,2017-02-28
601336,2017-02-28
601377,2017-02-28
601390,2017-02-28
601398,2017-02-28
601555,2017-02-28
601600,2017-02-28
601601,2017-02-28
601607,2017-02-28
601608,2017-02-28
601611,2017-02-28
601618,2017-02-28
601628,2017-02-28
601633,2017-02-28
601668,2017-02-28
601669,2017-02-28
601688,2017-02-28
601718,2017-02-28
601727,2017-02-28
601766,2017-02-28
601788,2017-02-28
601800,2017-02-28
601818,2017-02-28
601857,2017-02-28
601866,2017-02-28
601872,2017-02-28
601877,2017-02-28
601888,2017-02-28
601899,2017-02-28
601901,2017-02-28
601919,2017-02-28
601928,2017-02-28
601933,2017-02-28
601939,2017-02-28
601958,2017-02-28
601985,2017-02-28
601988,2017-02-28
601989,2017-02-28
601998,2017-02-28
603000,2017-02-28
603885,2017-02-28
603993,2017-02-28
000001,2017-02-28
000002,2017-02-28
000008,2017-02-28
000009,2017-02-28
000027,2017-02-28
000039,2017-02-28
000060,2017-02-28
000061,2017-02-28
000063,2017-02-28
000069,2017-02-28
000100,2017-02-28
000156,2017-02-28
000157,2017-02-28
000166,2017-02-28
000333,2017-02-28
000338,2017-02-28
000402,2017-02-28
000413,2017-02-28
000415,2017-02-28
000423,2017-02-28
000425,2017-02-28
000503,2017-02-28
000538,2017-02-28
000540,2017-02-28
000555,2017-02-28
000559,2017-02-28
000568,2017-02-28
000623,2017-02-28
000625,2017-02-28
000627,2017-02-28
000630,2017-02-28
000651,2017-02-28
000671,2017-02-28
000686,2017-02-28
000709,2017-02-28
000712,2017-02-28
000718,2017-02-28
000725,2017-02-28
000728,2017-02-28
000738,2017-02-28
000750,2017-02-28
000768,2017-02-28
000776,2017-02-28
000778,2017-02-28
000783,2017-02-28
000792,2017-02-28
000793,2017-02-28
000800,2017-02-28
000826,2017-02-28
000839,2017-02-28
000858,2017-02-28
000876,2017-02-28
000895,2017-02-28
000917,2017-02-28
000938,2017-02-28
000963,2017-02-28
000977,2017-02-28
000983,2017-02-28
001979,2017-02-28
002007,2017-02-28
002008,2017-02-28
002024,2017-02-28
002027,2017-02-28
002049,2017-02-28
002065,2017-02-28
002074,2017-02-28
002081,2017-02-28
002085,2017-02-28
002129,2017-02-28
002131,2017-02-28
002142,2017-02-28
002146,2017-02-28
002152,2017-02-28
002153,2017-02-28
002174,2017-02-28
002183,2017-02-28
002195,2017-02-28
002202,2017-02-28
002230,2017-02-28
002236,2017-02-28
002241,2017-02-28
002252,2017-02-28
002292,2017-02-28
002299,2017-02-28
002304,2017-02-28
002310,2017-02-28
002385,2017-02-28
002415,2017-02-28
002424,2017-02-28
002426,2017-02-28
002450,2017-02-28
002456,2017-02-28
002465,2017-02-28
002466,2017-02-28
002470,2017-02-28
002475,2017-02-28
002500,2017-02-28
002568,2017-02-28
002594,2017-02-28
002673,2017-02-28
002714,2017-02-28
002736,2017-02-28
002739,2017-02-28
002797,2017-02-28
300002,2017-02-28
300015,2017-02-28
300017,2017-02-28
300024,2017-02-28
300027,2017-02-28
300033,2017-02-28
300058,2017-02-28
300059,2017-02-28
300070,2017-02-28
300072,2017-02-28
300085,2017-02-28
300104,2017-02-28
300124,2017-02-28
300133,2017-02-28
300144,2017-02-28
300146,2017-02-28
300168,2017-02-28
300182,2017-02-28
300251,2017-02-28
300315,2017-02-28
600000,2017-08-01
600008,2017-08-01
600009,2017-08-01
600010,2017-08-01
600015,2017-08-01
600016,2017-08-01
600018,2017-08-01
600019,2017-08-01
600021,2017-08-01
600023,2017-08-01
600028,2017-08-01
600029,2017-08-01
600030,2017-08-01
600031,2017-08-01
600036,2017-08-01
600037,2017-08-01
600038,2017-08-01
600048,2017-08-01
600050,2017-08-01
600060,2017-08-01
600061,2017-08-01
600066,2017-08-01
600068,2017-08-01
600074,2017-08-01
600085,2017-08-01
600089,2017-08-01
600100,2017-08-01
600104,2017-08-01
600109,2017-08-01
600111,2017-08-01
600115,2017-08-01
600118,2017-08-01
600150,2017-08-01
600153,2017-08-01
600157,2017-08-01
600170,2017-08-01
600177,2017-08-01
600188,2017-08-01
600196,2017-08-01
600208,2017-08-01
600221,2017-08-01
600233,2017-08-01
600256,2017-08-01
600271,2017-08-01
600276,2017-08-01
600297,2017-08-01
600309,2017-08-01
600332,2017-08-01
600340,2017-08-01
600352,2017-08-01
600362,2017-08-01
600369,2017-08-01
600372,2017-08-01
600373,2017-08-01
600376,2017-08-01
600383,2017-08-01
600406,2017-08-01
600415,2017-08-01
600436,2017-08-01
600446,2017-08-01
600482,2017-08-01
600485,2017-08-01
600489,2017-08-01
600498,2017-08-01
600518,2017-08-01
600519,2017-08-01
600522,2017-08-01
600535,2017-08-01
600547,2017-08-01
600549,2017-08-01
600570,2017-08-01
600583,2017-08-01
600585,2017-08-01
600588,2017-08-01
600606,2017-08-01
600637,2017-08-01
600649,2017-08-01
600660,2017-08-01
600663,2017-08-01
600674,2017-08-01
600682,2017-08-01
600685,2017-08-01
600688,2017-08-01
600690,2017-08-01
600703,2017-08-01
600704,2017-08-01
600705,2017-08-01
600718,2017-08-01
600737,2017-08-01
600739,2017-08-01
600741,2017-08-01
600795,2017-08-01
600804,2017-08-01
600816,2017-08-01
600820,2017-08-01
600827,2017-08-01
600837,2017-08-01
600871,2017-08-01
600886,2017-08-01
600887,2017-08-01
600893,2017-08-01
600895,2017-08-01
600900,2017-08-01
600909,2017-08-01
600919,2017-08-01
600926,2017-08-01
600958,2017-08-01
600959,2017-08-01
600977,2017-08-01
600999,2017-08-01
601006,2017-08-01
601009,2017-08-01
601018,2017-08-01
601021,2017-08-01
601088,2017-08-01
601099,2017-08-01
601111,2017-08-01
601117,2017-08-01
601118,2017-08-01
601127,2017-08-01
601155,2017-08-01
601163,2017-08-01
601166,2017-08-01
601169,2017-08-01
601186,2017-08-01
601198,2017-08-01
601211,2017-08-01
601216,2017-08-01
601225,2017-08-01
601229,2017-08-01
601288,2017-08-01
601318,2017-08-01
601328,2017-08-01
601333,2017-08-01
601336,2017-08-01
601375,2017-08-01
601377,2017-08-01
601390,2017-08-01
601398,2017-08-01
601555,2017-08-01
601600,2017-08-01
601601,2017-08-01
601607,2017-08-01
601608,2017-08-01
601611,2017-08-01
601618,2017-08-01
601628,2017-08-01
601633,2017-08-01
601668,2017-08-01
601669,2017-08-01
601688,2017-08-01
601718,2017-08-01
601727,2017-08-01
601766,2017-08-01
601788,2017-08-01
601800,2017-08-01
601818,2017-08-01
601857,2017-08-01
601866,2017-08-01
601872,2017-08-01
601877,2017-08-01
601881,2017-08-01
601888,2017-08-01
601899,2017-08-01
601901,2017-08-01
601919,2017-08-01
601933,2017-08-01
601939,2017-08-01
601958,2017-08-01
601966,2017-08-01
601985,2017-08-01
601988,2017-08-01
601989,2017-08-01
601992,2017-08-01
601997,2017-08-01
601998,2017-08-01
603160,2017-08-01
603858,2017-08-01
603993,2017-08-01
000001,2017-08-01
000002,2017-08-01
000008,2017-08-01
000009,2017-08-01
000060,2017-08-01
000063,2017-08-01
000069,2017-08-01
000100,2017-08-01
000156,2017-08-01
000157,2017-08-01
000166,2017-08-01
000333,2017-08-01
000338,2017-08-01
000402,2017-08-01
000413,2017-08-01
000415,2017-08-01
000423,2017-08-01
000425,2017-08-01
000503,2017-08-01
000538,2017-08-01
000540,2017-08-01
000555,2017-08-01
000559,2017-08-01
000568,2017-08-01
000623,2017-08-01
000625,2017-08-01
000627,2017-08-01
000630,2017-08-01
000651,2017-08-01
000671,2017-08-01
000686,2017-08-01
000709,2017-08-01
000718,2017-08-01
000725,2017-08-01
000728,2017-08-01
000738,2017-08-01
000750,2017-08-01
000768,2017-08-01
000776,2017-08-01
000783,2017-08-01
000792,2017-08-01
000793,2017-08-01
000826,2017-08-01
000839,2017-08-01
000858,2017-08-01
000876,2017-08-01
000895,2017-08-01
000917,2017-08-01
000938,2017-08-01
000959,2017-08-01
000961,2017-08-01
000963,2017-08-01
000977,2017-08-01
000983,2017-08-01
001979,2017-08-01
002007,2017-08-01
002008,2017-08-01
002024,2017-08-01
002027,2017-08-01
002044,2017-08-01
002049,2017-08-01
002065,2017-08-01
002074,2017-08-01
002081,2017-08-01
002131,2017-08-01
002142,2017-08-01
002146,2017-08-01
002152,2017-08-01
002153,2017-08-01
002174,2017-08-01
002183,2017-08-01
002195,2017-08-01
002202,2017-08-01
002230,2017-08-01
002236,2017-08-01
002241,2017-08-01
002252,2017-08-01
002292,2017-08-01
002299,2017-08-01
002304,2017-08-01
002310,2017-08-01
002352,2017-08-01
002385,2017-08-01
002411,2017-08-01
002415,2017-08-01
002424,2017-08-01
002426,2017-08-01
002450,2017-08-01
002456,2017-08-01
002465,2017-08-01
002466,2017-08-01
002470,2017-08-01
002475,2017-08-01
002500,2017-08-01
002508,2017-08-01
002555,2017-08-01
002558,2017-08-01
002594,2017-08-01
002602,2017-08-01
002673,2017-08-01
002714,2017-08-01
002736,2017-08-01
002739,2017-08-01
002797,2017-08-01
002831,2017-08-01
002839,2017-08-01
002841,2017-08-01
300017,2017-08-01
300024,2017-08-01
300027,2017-08-01
300033,2017-08-01
300059,2017-08-01
300070,2017-08-01
300072,2017-08-01
300104,2017-08-01
300124,2017-08-01
300133,2017-08-01
300144,2017-08-01
300168,2017-08-01
300251,2017-08-01
300315,2017-08-01
600000,2017-08-02
600008,2017-08-02
600009,2017-08-02
600010,2017-08-02
600015,2017-08-02
600016,2017-08-02
600018,2017-08-02
600019,2017-08-02
600021,2017-08-02
600023,2017-08-02
600028,2017-08-02
600029,2017-08-02
600030,2017-08-02
600031,2017-08-02
600036,2017-08-02
600037,2017-08-02
600038,2017-08-02
600048,2017-08-02
600050,2017-08-02
600060,2017-08-02
600061,2017-08-02
600066,2017-08-02
600068,2017-08-02
600074,2017-08-02
600085,2017-08-02
600089,2017-08-02
600100,2017-08-02
600104,2017-08-02
600109,2017-08-02
600111,2017-08-02
600115,2017-08-02
600118,2017-08-02
600150,2017-08-02
600153,2017-08-02
600157,2017-08-02
600170,2017-08-02
600177,2017-08-02
600188,2017-08-02
600196,2017-08-02
600208,2017-08-02
600221,2017-08-02
600233,2017-08-02
600256,2017-08-02
600271,2017-08-02
600276,2017-08-02
600297,2017-08-02
600309,2017-08-02
600332,2017-08-02
600340,2017-08-02
600352,2017-08-02
600362,2017-08-02
600369,2017-08-02
600372,2017-08-02
600373,2017-08-02
600376,2017-08-02
600383,2017-08-02
600406,2017-08-02
600415,2017-08-02
600436,2017-08-02
600446,2017-08-02
600482,2017-08-02
600485,2017-08-02
600489,2017-08-02
600498,2017-08-02
600518,2017-08-02
600519,2017-08-02
600522,2017-08-02
600535,2017-08-02
600547,2017-08-02
600549,2017-08-02
600570,2017-08-02
600583,2017-08-02
600585,2017-08-02
600588,2017-08-02
600606,2017-08-02
600637,2017-08-02
600649,2017-08-02
600660,2017-08-02
600663,2017-08-02
600674,2017-08-02
600682,2017-08-02
600685,2017-08-02
600688,2017-08-02
600690,2017-08-02
600703,2017-08-02
600704,2017-08-02
600705,2017-08-02
600718,2017-08-02
600737,2017-08-02
600739,2017-08-02
600741,2017-08-02
600795,2017-08-02
600804,2017-08-02
600816,2017-08-02
600820,2017-08-02
600827,2017-08-02
600837,2017-08-02
600871,2017-08-02
600886,2017-08-02
600887,2017-08-02
600893,2017-08-02
600895,2017-08-02
600900,2017-08-02
600909,2017-08-02
600919,2017-08-02
600926,2017-08-02
600958,2017-08-02
600959,2017-08-02
600977,2017-08-02
600999,2017-08-02
601006,2017-08-02
601009,2017-08-02
601018,2017-08-02
601021,2017-08-02
601088,2017-08-02
601099,2017-08-02
601111,2017-08-02
601117,2017-08-02
601118,2017-08-02
601127,2017-08-02
601155,2017-08-02
601163,2017-08-02
601166,2017-08-02
601169,2017-08-02
601186,2017-08-02
601198,2017-08-02
601211,2017-08-02
601216,2017-08-02
601225,2017-08-02
601229,2017-08-02
601288,2017-08-02
601318,2017-08-02
601328,2017-08-02
601333,2017-08-02
601336,2017-08-02
601375,2017-08-02
601377,2017-08-02
601390,2017-08-02
601398,2017-08-02
601555,2017-08-02
601600,2017-08-02
601601,2017-08-02
601607,2017-08-02
601608,2017-08-02
601611,2017-08-02
601618,2017-08-02
601628,2017-08-02
601633,2017-08-02
601668,2017-08-02
601669,2017-08-02
601688,2017-08-02
601718,2017-08-02
601727,2017-08-02
601766,2017-08-02
601788,2017-08-02
601800,2017-08-02
601818,2017-08-02
601857,2017-08-02
601866,2017-08-02
601872,2017-08-02
601877,2017-08-02
601881,2017-08-02
601888,2017-08-02
601899,2017-08-02
601901,2017-08-02
601919,2017-08-02
601933,2017-08-02
601939,2017-08-02
601958,2017-08-02
601966,2017-08-02
601985,2017-08-02
601988,2017-08-02
601989,2017-08-02
601992,2017-08-02
601997,2017-08-02
601998,2017-08-02
603160,2017-08-02
603858,2017-08-02
603993,2017-08-02
000001,2017-08-02
000002,2017-08-02
000008,2017-08-02
000009,2017-08-02
000060,2017-08-02
000063,2017-08-02
000069,2017-08-02
000100,2017-08-02
000156,2017-08-02
000157,2017-08-02
000166,2017-08-02
000333,2017-08-02
000338,2017-08-02
000402,2017-08-02
000413,2017-08-02
000415,2017-08-02
000423,2017-08-02
000425,2017-08-02
000503,2017-08-02
000538,2017-08-02
000540,2017-08-02
000555,2017-08-02
000559,2017-08-02
000568,2017-08-02
000623,2017-08-02
000625,2017-08-02
000627,2017-08-02
000630,2017-08-02
000651,2017-08-02
000671,2017-08-02
000686,2017-08-02
000709,2017-08-02
000718,2017-08-02
000725,2017-08-02
000728,2017-08-02
000738,2017-08-02
000750,2017-08-02
000768,2017-08-02
000776,2017-08-02
000783,2017-08-02
000792,2017-08-02
000793,2017-08-02
000826,2017-08-02
000839,2017-08-02
000858,2017-08-02
000876,2017-08-02
000895,2017-08-02
000917,2017-08-02
000938,2017-08-02
000959,2017-08-02
000961,2017-08-02
000963,2017-08-02
000977,2017-08-02
000983,2017-08-02
001979,2017-08-02
002007,2017-08-02
002008,2017-08-02
002024,2017-08-02
002027,2017-08-02
002044,2017-08-02
002049,2017-08-02
002065,2017-08-02
002074,2017-08-02
002081,2017-08-02
002131,2017-08-02
002142,2017-08-02
002146,2017-08-02
002152,2017-08-02
002153,2017-08-02
002174,2017-08-02
002183,2017-08-02
002195,2017-08-02
002202,2017-08-02
002230,2017-08-02
002236,2017-08-02
002241,2017-08-02
002252,2017-08-02
002292,2017-08-02
002299,2017-08-02
002304,2017-08-02
002310,2017-08-02
002352,2017-08-02
002385,2017-08-02
002411,2017-08-02
002415,2017-08-02
002424,2017-08-02
002426,2017-08-02
002450,2017-08-02
002456,2017-08-02
002465,2017-08-02
002466,2017-08-02
002470,2017-08-02
002475,2017-08-02
002500,2017-08-02
002508,2017-08-02
002555,2017-08-02
002558,2017-08-02
002594,2017-08-02
002602,2017-08-02
002673,2017-08-02
002714,2017-08-02
002736,2017-08-02
002739,2017-08-02
002797,2017-08-02
002831,2017-08-02
002839,2017-08-02
002841,2017-08-02
300017,2017-08-02
300024,2017-08-02
300027,2017-08-02
300033,2017-08-02
300059,2017-08-02
300070,2017-08-02
300072,2017-08-02
300104,2017-08-02
300124,2017-08-02
300133,2017-08-02
300144,2017-08-02
300168,2017-08-02
300251,2017-08-02
300315,2017-08-02
600000,2017-08-03
600008,2017-08-03
600009,2017-08-03
600010,2017-08-03
600015,2017-08-03
600016,2017-08-03
600018,2017-08-03
600019,2017-08-03
600021,2017-08-03
600023,2017-08-03
600028,2017-08-03
600029,2017-08-03
600030,2017-08-03
600031,2017-08-03
600036,2017-08-03
600037,2017-08-03
600038,2017-08-03
600048,2017-08-03
600050,2017-08-03
600060,2017-08-03
600061,2017-08-03
600066,2017-08-03
600068,2017-08-03
600074,2017-08-03
600085,2017-08-03
600089,2017-08-03
600100,2017-08-03
600104,2017-08-03
600109,2017-08-03
600111,2017-08-03
600115,2017-08-03
600118,2017-08-03
600150,2017-08-03
600153,2017-08-03
600157,2017-08-03
600170,2017-08-03
600177,2017-08-03
600188,2017-08-03
600196,2017-08-03
600208,2017-08-03
600221,2017-08-03
600233,2017-08-03
600256,2017-08-03
600271,2017-08-03
600276,2017-08-03
600297,2017-08-03
600309,2017-08-03
600332,2017-08-03
600340,2017-08-03
600352,2017-08-03
600362,2017-08-03
600369,2017-08-03
600372,2017-08-03
600373,2017-08-03
600376,2017-08-03
600383,2017-08-03
600406,2017-08-03
600415,2017-08-03
600436,2017-08-03
600446,2017-08-03
600482,2017-08-03
600485,2017-08-03
600489,2017-08-03
600498,2017-08-03
600518,2017-08-03
600519,2017-08-03
600522,2017-08-03
600535,2017-08-03
600547,2017-08-03
600549,2017-08-03
600570,2017-08-03
600583,2017-08-03
600585,2017-08-03
600588,2017-08-03
600606,2017-08-03
600637,2017-08-03
600649,2017-08-03
600660,2017-08-03
600663,2017-08-03
600674,2017-08-03
600682,2017-08-03
600685,2017-08-03
600688,2017-08-03
600690,2017-08-03
600703,2017-08-03
600704,2017-08-03
600705,2017-08-03
600718,2017-08-03
600737,2017-08-03
600739,2017-08-03
600741,2017-08-03
600795,2017-08-03
600804,2017-08-03
600816,2017-08-03
600820,2017-08-03
600827,2017-08-03
600837,2017-08-03
600871,2017-08-03
600886,2017-08-03
600887,2017-08-03
600893,2017-08-03
600895,2017-08-03
600900,2017-08-03
600909,2017-08-03
600919,2017-08-03
600926,2017-08-03
600958,2017-08-03
600959,2017-08-03
600977,2017-08-03
600999,2017-08-03
601006,2017-08-03
601009,2017-08-03
601018,2017-08-03
601021,2017-08-03
601088,2017-08-03
601099,2017-08-03
601111,2017-08-03
601117,2017-08-03
601118,2017-08-03
601127,2017-08-03
601155,2017-08-03
601163,2017-08-03
601166,2017-08-03
601169,2017-08-03
601186,2017-08-03
601198,2017-08-03
601211,2017-08-03
601216,2017-08-03
601225,2017-08-03
601229,2017-08-03
601288,2017-08-03
601318,2017-08-03
601328,2017-08-03
601333,2017-08-03
601336,2017-08-03
601375,2017-08-03
601377,2017-08-03
601390,2017-08-03
601398,2017-08-03
601555,2017-08-03
601600,2017-08-03
601601,2017-08-03
601607,2017-08-03
601608,2017-08-03
601611,2017-08-03
601618,2017-08-03
601628,2017-08-03
601633,2017-08-03
601668,2017-08-03
601669,2017-08-03
601688,2017-08-03
601718,2017-08-03
601727,2017-08-03
601766,2017-08-03
601788,2017-08-03
601800,2017-08-03
601818,2017-08-03
601857,2017-08-03
601866,2017-08-03
601872,2017-08-03
601877,2017-08-03
601881,2017-08-03
601888,2017-08-03
601899,2017-08-03
601901,2017-08-03
601919,2017-08-03
601933,2017-08-03
601939,2017-08-03
601958,2017-08-03
601966,2017-08-03
601985,2017-08-03
601988,2017-08-03
601989,2017-08-03
601992,2017-08-03
601997,2017-08-03
601998,2017-08-03
603160,2017-08-03
603858,2017-08-03
603993,2017-08-03
000001,2017-08-03
000002,2017-08-03
000008,2017-08-03
000009,2017-08-03
000060,2017-08-03
000063,2017-08-03
000069,2017-08-03
000100,2017-08-03
000156,2017-08-03
000157,2017-08-03
000166,2017-08-03
000333,2017-08-03
000338,2017-08-03
000402,2017-08-03
000413,2017-08-03
000415,2017-08-03
000423,2017-08-03
000425,2017-08-03
000503,2017-08-03
000538,2017-08-03
000540,2017-08-03
000555,2017-08-03
000559,2017-08-03
000568,2017-08-03
000623,2017-08-03
000625,2017-08-03
000627,2017-08-03
000630,2017-08-03
000651,2017-08-03
000671,2017-08-03
000686,2017-08-03
000709,2017-08-03
000718,2017-08-03
000725,2017-08-03
000728,2017-08-03
000738,2017-08-03
000750,2017-08-03
000768,2017-08-03
000776,2017-08-03
000783,2017-08-03
000792,2017-08-03
000793,2017-08-03
000826,2017-08-03
000839,2017-08-03
000858,2017-08-03
000876,2017-08-03
000895,2017-08-03
000917,2017-08-03
000938,2017-08-03
000959,2017-08-03
000961,2017-08-03
000963,2017-08-03
000977,2017-08-03
000983,2017-08-03
001979,2017-08-03
002007,2017-08-03
002008,2017-08-03
002024,2017-08-03
002027,2017-08-03
002044,2017-08-03
002049,2017-08-03
002065,2017-08-03
002074,2017-08-03
002081,2017-08-03
002131,2017-08-03
002142,2017-08-03
002146,2017-08-03
002152,2017-08-03
002153,2017-08-03
002174,2017-08-03
002183,2017-08-03
002195,2017-08-03
002202,2017-08-03
002230,2017-08-03
002236,2017-08-03
002241,2017-08-03
002252,2017-08-03
002292,2017-08-03
002299,2017-08-03
002304,2017-08-03
002310,2017-08-03
002352,2017-08-03
002385,2017-08-03
002411,2017-08-03
002415,2017-08-03
002424,2017-08-03
002426,2017-08-03
002450,2017-08-03
002456,2017-08-03
002465,2017-08-03
002466,2017-08-03
002470,2017-08-03
002475,2017-08-03
002500,2017-08-03
002508,2017-08-03
002555,2017-08-03
002558,2017-08-03
002594,2017-08-03
002602,2017-08-03
002673,2017-08-03
002714,2017-08-03
002736,2017-08-03
002739,2017-08-03
002797,2017-08-03
002831,2017-08-03
002839,2017-08-03
002841,2017-08-03
300017,2017-08-03
300024,2017-08-03
300027,2017-08-03
300033,2017-08-03
300059,2017-08-03
300070,2017-08-03
300072,2017-08-03
300104,2017-08-03
300124,2017-08-03
300133,2017-08-03
300144,2017-08-03
300168,2017-08-03
300251,2017-08-03
300315,2017-08-03
600000,2017-08-28
600008,2017-08-28
600009,2017-08-28
600010,2017-08-28
600015,2017-08-28
600016,2017-08-28
600018,2017-08-28
600019,2017-08-28
600021,2017-08-28
600023,2017-08-28
600028,2017-08-28
600029,2017-08-28
600030,2017-08-28
600031,2017-08-28
600036,2017-08-28
600037,2017-08-28
600038,2017-08-28
600048,2017-08-28
600050,2017-08-28
600060,2017-08-28
600061,2017-08-28
600066,2017-08-28
600068,2017-08-28
600074,2017-08-28
600085,2017-08-28
600089,2017-08-28
600100,2017-08-28
600104,2017-08-28
600109,2017-08-28
600111,2017-08-28
600115,2017-08-28
600118,2017-08-28
600150,2017-08-28
600153,2017-08-28
600157,2017-08-28
600170,2017-08-28
600177,2017-08-28
600188,2017-08-28
600196,2017-08-28
600208,2017-08-28
600221,2017-08-28
600233,2017-08-28
600256,2017-08-28
600271,2017-08-28
600276,2017-08-28
600297,2017-08-28
600309,2017-08-28
600332,2017-08-28
600340,2017-08-28
600352,2017-08-28
600362,2017-08-28
600369,2017-08-28
600372,2017-08-28
600373,2017-08-28
600376,2017-08-28
600383,2017-08-28
600406,2017-08-28
600415,2017-08-28
600436,2017-08-28
600446,2017-08-28
600482,2017-08-28
600485,2017-08-28
600489,2017-08-28
600498,2017-08-28
600518,2017-08-28
600519,2017-08-28
600522,2017-08-28
600535,2017-08-28
600547,2017-08-28
600549,2017-08-28
600570,2017-08-28
600583,2017-08-28
600585,2017-08-28
600588,2017-08-28
600606,2017-08-28
600637,2017-08-28
600649,2017-08-28
600660,2017-08-28
600663,2017-08-28
600674,2017-08-28
600682,2017-08-28
600685,2017-08-28
600688,2017-08-28
600690,2017-08-28
600703,2017-08-28
600704,2017-08-28
600705,2017-08-28
600718,2017-08-28
600737,2017-08-28
600739,2017-08-28
600741,2017-08-28
600795,2017-08-28
600804,2017-08-28
600816,2017-08-28
600820,2017-08-28
600827,2017-08-28
600837,2017-08-28
600871,2017-08-28
600886,2017-08-28
600887,2017-08-28
600893,2017-08-28
600895,2017-08-28
600900,2017-08-28
600909,2017-08-28
600919,2017-08-28
600926,2017-08-28
600958,2017-08-28
600959,2017-08-28
600977,2017-08-28
600999,2017-08-28
601006,2017-08-28
601009,2017-08-28
601018,2017-08-28
601021,2017-08-28
601088,2017-08-28
601099,2017-08-28
601111,2017-08-28
601117,2017-08-28
601118,2017-08-28
601127,2017-08-28
601155,2017-08-28
601163,2017-08-28
601166,2017-08-28
601169,2017-08-28
601186,2017-08-28
601198,2017-08-28
601211,2017-08-28
601216,2017-08-28
601225,2017-08-28
601229,2017-08-28
601288,2017-08-28
601318,2017-08-28
601328,2017-08-28
601333,2017-08-28
601336,2017-08-28
601375,2017-08-28
601377,2017-08-28
601390,2017-08-28
601398,2017-08-28
601555,2017-08-28
601600,2017-08-28
601601,2017-08-28
601607,2017-08-28
601608,2017-08-28
601611,2017-08-28
601618,2017-08-28
601628,2017-08-28
601633,2017-08-28
601668,2017-08-28
601669,2017-08-28
601688,2017-08-28
601718,2017-08-28
601727,2017-08-28
601766,2017-08-28
601788,2017-08-28
601800,2017-08-28
601818,2017-08-28
601857,2017-08-28
601866,2017-08-28
601872,2017-08-28
601877,2017-08-28
601881,2017-08-28
601888,2017-08-28
601899,2017-08-28
601901,2017-08-28
601919,2017-08-28
601933,2017-08-28
601939,2017-08-28
601958,2017-08-28
601966,2017-08-28
601985,2017-08-28
601988,2017-08-28
601989,2017-08-28
601992,2017-08-28
601997,2017-08-28
601998,2017-08-28
603160,2017-08-28
603858,2017-08-28
603993,2017-08-28
000001,2017-08-28
000002,2017-08-28
000008,2017-08-28
000009,2017-08-28
000060,2017-08-28
000063,2017-08-28
000069,2017-08-28
000100,2017-08-28
000156,2017-08-28
000157,2017-08-28
000166,2017-08-28
000333,2017-08-28
000338,2017-08-28
000402,2017-08-28
000413,2017-08-28
000415,2017-08-28
000423,2017-08-28
000425,2017-08-28
000503,2017-08-28
000538,2017-08-28
000540,2017-08-28
000555,2017-08-28
000559,2017-08-28
000568,2017-08-28
000623,2017-08-28
000625,2017-08-28
000627,2017-08-28
000630,2017-08-28
000651,2017-08-28
000671,2017-08-28
000686,2017-08-28
000709,2017-08-28
000718,2017-08-28
000725,2017-08-28
000728,2017-08-28
000738,2017-08-28
000750,2017-08-28
000768,2017-08-28
000776,2017-08-28
000783,2017-08-28
000792,2017-08-28
000793,2017-08-28
000826,2017-08-28
000839,2017-08-28
000858,2017-08-28
000876,2017-08-28
000895,2017-08-28
000917,2017-08-28
000938,2017-08-28
000959,2017-08-28
000961,2017-08-28
000963,2017-08-28
000977,2017-08-28
000983,2017-08-28
001979,2017-08-28
002007,2017-08-28
002008,2017-08-28
002024,2017-08-28
002027,2017-08-28
002044,2017-08-28
002049,2017-08-28
002065,2017-08-28
002074,2017-08-28
002081,2017-08-28
002131,2017-08-28
002142,2017-08-28
002146,2017-08-28
002152,2017-08-28
002153,2017-08-28
002174,2017-08-28
002183,2017-08-28
002195,2017-08-28
002202,2017-08-28
002230,2017-08-28
002236,2017-08-28
002241,2017-08-28
002252,2017-08-28
002292,2017-08-28
002299,2017-08-28
002304,2017-08-28
002310,2017-08-28
002352,2017-08-28
002385,2017-08-28
002411,2017-08-28
002415,2017-08-28
002424,2017-08-28
002426,2017-08-28
002450,2017-08-28
002456,2017-08-28
002465,2017-08-28
002466,2017-08-28
002470,2017-08-28
002475,2017-08-28
002500,2017-08-28
002508,2017-08-28
002555,2017-08-28
002558,2017-08-28
002594,2017-08-28
002602,2017-08-28
002673,2017-08-28
002714,2017-08-28
002736,2017-08-28
002739,2017-08-28
002797,2017-08-28
002831,2017-08-28
002839,2017-08-28
002841,2017-08-28
300017,2017-08-28
300024,2017-08-28
300027,2017-08-28
300033,2017-08-28
300059,2017-08-28
300070,2017-08-28
300072,2017-08-28
300104,2017-08-28
300124,2017-08-28
300133,2017-08-28
300144,2017-08-28
300168,2017-08-28
300251,2017-08-28
300315,2017-08-28
600000,2018-02-01
600008,2018-02-01
600009,2018-02-01
600010,2018-02-01
600011,2018-02-01
600015,2018-02-01
600016,2018-02-01
600018,2018-02-01
600019,2018-02-01
600021,2018-02-01
600023,2018-02-01
600028,2018-02-01
600029,2018-02-01
600030,2018-02-01
600031,2018-02-01
600036,2018-02-01
600038,2018-02-01
600048,2018-02-01
600050,2018-02-01
600061,2018-02-01
600066,2018-02-01
600068,2018-02-01
600074,2018-02-01
600085,2018-02-01
600089,2018-02-01
600100,2018-02-01
600104,2018-02-01
600109,2018-02-01
600111,2018-02-01
600115,2018-02-01
600118,2018-02-01
600153,2018-02-01
600157,2018-02-01
600170,2018-02-01
600177,2018-02-01
600188,2018-02-01
600196,2018-02-01
600208,2018-02-01
600219,2018-02-01
600221,2018-02-01
600233,2018-02-01
600271,2018-02-01
600276,2018-02-01
600297,2018-02-01
600309,2018-02-01
600332,2018-02-01
600340,2018-02-01
600352,2018-02-01
600362,2018-02-01
600369,2018-02-01
600372,2018-02-01
600373,2018-02-01
600376,2018-02-01
600383,2018-02-01
600390,2018-02-01
600406,2018-02-01
600415,2018-02-01
600436,2018-02-01
600482,2018-02-01
600485,2018-02-01
600489,2018-02-01
600498,2018-02-01
600518,2018-02-01
600519,2018-02-01
600522,2018-02-01
600535,2018-02-01
600547,2018-02-01
600549,2018-02-01
600570,2018-02-01
600583,2018-02-01
600585,2018-02-01
600588,2018-02-01
600606,2018-02-01
600637,2018-02-01
600649,2018-02-01
600660,2018-02-01
600663,2018-02-01
600674,2018-02-01
600682,2018-02-01
600685,2018-02-01
600688,2018-02-01
600690,2018-02-01
600703,2018-02-01
600704,2018-02-01
600705,2018-02-01
600739,2018-02-01
600741,2018-02-01
600795,2018-02-01
600804,2018-02-01
600816,2018-02-01
600820,2018-02-01
600827,2018-02-01
600837,2018-02-01
600871,2018-02-01
600886,2018-02-01
600887,2018-02-01
600893,2018-02-01
600895,2018-02-01
600900,2018-02-01
600909,2018-02-01
600919,2018-02-01
600926,2018-02-01
600958,2018-02-01
600959,2018-02-01
600977,2018-02-01
600999,2018-02-01
601006,2018-02-01
601009,2018-02-01
601012,2018-02-01
601018,2018-02-01
601021,2018-02-01
601088,2018-02-01
601099,2018-02-01
601111,2018-02-01
601117,2018-02-01
601118,2018-02-01
601155,2018-02-01
601163,2018-02-01
601166,2018-02-01
601169,2018-02-01
601186,2018-02-01
601198,2018-02-01
601211,2018-02-01
601212,2018-02-01
601216,2018-02-01
601225,2018-02-01
601228,2018-02-01
601229,2018-02-01
601288,2018-02-01
601318,2018-02-01
601328,2018-02-01
601333,2018-02-01
601336,2018-02-01
601375,2018-02-01
601377,2018-02-01
601390,2018-02-01
601398,2018-02-01
601555,2018-02-01
601600,2018-02-01
601601,2018-02-01
601607,2018-02-01
601608,2018-02-01
601611,2018-02-01
601618,2018-02-01
601628,2018-02-01
601633,2018-02-01
601668,2018-02-01
601669,2018-02-01
601688,2018-02-01
601718,2018-02-01
601727,2018-02-01
601766,2018-02-01
601788,2018-02-01
601800,2018-02-01
601818,2018-02-01
601857,2018-02-01
601866,2018-02-01
601872,2018-02-01
601877,2018-02-01
601878,2018-02-01
601881,2018-02-01
601888,2018-02-01
601898,2018-02-01
601899,2018-02-01
601901,2018-02-01
601919,2018-02-01
601933,2018-02-01
601939,2018-02-01
601958,2018-02-01
601966,2018-02-01
601985,2018-02-01
601988,2018-02-01
601989,2018-02-01
601991,2018-02-01
601992,2018-02-01
601997,2018-02-01
601998,2018-02-01
603160,2018-02-01
603799,2018-02-01
603833,2018-02-01
603858,2018-02-01
603993,2018-02-01
000001,2018-02-01
000002,2018-02-01
000008,2018-02-01
000060,2018-02-01
000063,2018-02-01
000069,2018-02-01
000100,2018-02-01
000157,2018-02-01
000166,2018-02-01
000333,2018-02-01
000338,2018-02-01
000402,2018-02-01
000413,2018-02-01
000415,2018-02-01
000423,2018-02-01
000425,2018-02-01
000503,2018-02-01
000538,2018-02-01
000540,2018-02-01
000559,2018-02-01
000568,2018-02-01
000623,2018-02-01
000625,2018-02-01
000627,2018-02-01
000630,2018-02-01
000651,2018-02-01
000671,2018-02-01
000686,2018-02-01
000709,2018-02-01
000723,2018-02-01
000725,2018-02-01
000728,2018-02-01
000738,2018-02-01
000750,2018-02-01
000768,2018-02-01
000776,2018-02-01
000783,2018-02-01
000792,2018-02-01
000826,2018-02-01
000839,2018-02-01
000858,2018-02-01
000876,2018-02-01
000895,2018-02-01
000898,2018-02-01
000938,2018-02-01
000959,2018-02-01
000961,2018-02-01
000963,2018-02-01
000983,2018-02-01
001979,2018-02-01
002007,2018-02-01
002008,2018-02-01
002024,2018-02-01
002027,2018-02-01
002044,2018-02-01
002065,2018-02-01
002074,2018-02-01
002081,2018-02-01
002142,2018-02-01
002146,2018-02-01
002153,2018-02-01
002174,2018-02-01
002202,2018-02-01
002230,2018-02-01
002236,2018-02-01
002241,2018-02-01
002252,2018-02-01
002292,2018-02-01
002294,2018-02-01
002304,2018-02-01
002310,2018-02-01
002352,2018-02-01
002385,2018-02-01
002411,2018-02-01
002415,2018-02-01
002424,2018-02-01
002426,2018-02-01
002450,2018-02-01
002456,2018-02-01
002460,2018-02-01
002465,2018-02-01
002466,2018-02-01
002468,2018-02-01
002470,2018-02-01
002475,2018-02-01
002500,2018-02-01
002508,2018-02-01
002555,2018-02-01
002558,2018-02-01
002572,2018-02-01
002594,2018-02-01
002601,2018-02-01
002602,2018-02-01
002608,2018-02-01
002624,2018-02-01
002673,2018-02-01
002714,2018-02-01
002736,2018-02-01
002739,2018-02-01
002797,2018-02-01
002831,2018-02-01
002839,2018-02-01
002841,2018-02-01
300003,2018-02-01
300015,2018-02-01
300017,2018-02-01
300024,2018-02-01
300027,2018-02-01
300033,2018-02-01
300059,2018-02-01
300070,2018-02-01
300072,2018-02-01
300122,2018-02-01
300124,2018-02-01
300136,2018-02-01
300144,2018-02-01
300251,2018-02-01
300315,2018-02-01
600000,2018-02-02
600008,2018-02-02
600009,2018-02-02
600010,2018-02-02
600011,2018-02-02
600015,2018-02-02
600016,2018-02-02
600018,2018-02-02
600019,2018-02-02
600021,2018-02-02
600023,2018-02-02
600028,2018-02-02
600029,2018-02-02
600030,2018-02-02
600031,2018-02-02
600036,2018-02-02
600038,2018-02-02
600048,2018-02-02
600050,2018-02-02
600061,2018-02-02
600066,2018-02-02
600068,2018-02-02
600074,2018-02-02
600085,2018-02-02
600089,2018-02-02
600100,2018-02-02
600104,2018-02-02
600109,2018-02-02
600111,2018-02-02
600115,2018-02-02
600118,2018-02-02
600153,2018-02-02
600157,2018-02-02
600170,2018-02-02
600177,2018-02-02
600188,2018-02-02
600196,2018-02-02
600208,2018-02-02
600219,2018-02-02
600221,2018-02-02
600233,2018-02-02
600271,2018-02-02
600276,2018-02-02
600297,2018-02-02
600309,2018-02-02
600332,2018-02-02
600340,2018-02-02
600352,2018-02-02
600362,2018-02-02
600369,2018-02-02
600372,2018-02-02
600373,2018-02-02
600376,2018-02-02
600383,2018-02-02
600390,2018-02-02
600406,2018-02-02
600415,2018-02-02
600436,2018-02-02
600482,2018-02-02
600485,2018-02-02
600489,2018-02-02
600498,2018-02-02
600518,2018-02-02
600519,2018-02-02
600522,2018-02-02
600535,2018-02-02
600547,2018-02-02
600549,2018-02-02
600570,2018-02-02
600583,2018-02-02
600585,2018-02-02
600588,2018-02-02
600606,2018-02-02
600637,2018-02-02
600649,2018-02-02
600660,2018-02-02
600663,2018-02-02
600674,2018-02-02
600682,2018-02-02
600685,2018-02-02
600688,2018-02-02
600690,2018-02-02
600703,2018-02-02
600704,2018-02-02
600705,2018-02-02
600739,2018-02-02
600741,2018-02-02
600795,2018-02-02
600804,2018-02-02
600816,2018-02-02
600820,2018-02-02
600827,2018-02-02
600837,2018-02-02
600871,2018-02-02
600886,2018-02-02
600887,2018-02-02
600893,2018-02-02
600895,2018-02-02
600900,2018-02-02
600909,2018-02-02
600919,2018-02-02
600926,2018-02-02
600958,2018-02-02
600959,2018-02-02
600977,2018-02-02
600999,2018-02-02
601006,2018-02-02
601009,2018-02-02
601012,2018-02-02
601018,2018-02-02
601021,2018-02-02
601088,2018-02-02
601099,2018-02-02
601111,2018-02-02
601117,2018-02-02
601118,2018-02-02
601155,2018-02-02
601163,2018-02-02
601166,2018-02-02
601169,2018-02-02
601186,2018-02-02
601198,2018-02-02
601211,2018-02-02
601212,2018-02-02
601216,2018-02-02
601225,2018-02-02
601228,2018-02-02
601229,2018-02-02
601288,2018-02-02
601318,2018-02-02
601328,2018-02-02
601333,2018-02-02
601336,2018-02-02
601375,2018-02-02
601377,2018-02-02
601390,2018-02-02
601398,2018-02-02
601555,2018-02-02
601600,2018-02-02
601601,2018-02-02
601607,2018-02-02
601608,2018-02-02
601611,2018-02-02
601618,2018-02-02
601628,2018-02-02
601633,2018-02-02
601668,2018-02-02
601669,2018-02-02
601688,2018-02-02
601718,2018-02-02
601727,2018-02-02
601766,2018-02-02
601788,2018-02-02
601800,2018-02-02
601818,2018-02-02
601857,2018-02-02
601866,2018-02-02
601872,2018-02-02
601877,2018-02-02
601878,2018-02-02
601881,2018-02-02
601888,2018-02-02
601898,2018-02-02
601899,2018-02-02
601901,2018-02-02
601919,2018-02-02
601933,2018-02-02
601939,2018-02-02
601958,2018-02-02
601966,2018-02-02
601985,2018-02-02
601988,2018-02-02
601989,2018-02-02
601991,2018-02-02
601992,2018-02-02
601997,2018-02-02
601998,2018-02-02
603160,2018-02-02
603799,2018-02-02
603833,2018-02-02
603858,2018-02-02
603993,2018-02-02
000001,2018-02-02
000002,2018-02-02
000008,2018-02-02
000060,2018-02-02
000063,2018-02-02
000069,2018-02-02
000100,2018-02-02
000157,2018-02-02
000166,2018-02-02
000333,2018-02-02
000338,2018-02-02
000402,2018-02-02
000413,2018-02-02
000415,2018-02-02
000423,2018-02-02
000425,2018-02-02
000503,2018-02-02
000538,2018-02-02
000540,2018-02-02
000559,2018-02-02
000568,2018-02-02
000623,2018-02-02
000625,2018-02-02
000627,2018-02-02
000630,2018-02-02
000651,2018-02-02
000671,2018-02-02
000686,2018-02-02
000709,2018-02-02
000723,2018-02-02
000725,2018-02-02
000728,2018-02-02
000738,2018-02-02
000750,2018-02-02
000768,2018-02-02
000776,2018-02-02
000783,2018-02-02
000792,2018-02-02
000826,2018-02-02
000839,2018-02-02
000858,2018-02-02
000876,2018-02-02
000895,2018-02-02
000898,2018-02-02
000938,2018-02-02
000959,2018-02-02
000961,2018-02-02
000963,2018-02-02
000983,2018-02-02
001979,2018-02-02
002007,2018-02-02
002008,2018-02-02
002024,2018-02-02
002027,2018-02-02
002044,2018-02-02
002065,2018-02-02
002074,2018-02-02
002081,2018-02-02
002142,2018-02-02
002146,2018-02-02
002153,2018-02-02
002174,2018-02-02
002202,2018-02-02
002230,2018-02-02
002236,2018-02-02
002241,2018-02-02
002252,2018-02-02
002292,2018-02-02
002294,2018-02-02
002304,2018-02-02
002310,2018-02-02
002352,2018-02-02
002385,2018-02-02
002411,2018-02-02
002415,2018-02-02
002424,2018-02-02
002426,2018-02-02
002450,2018-02-02
002456,2018-02-02
002460,2018-02-02
002465,2018-02-02
002466,2018-02-02
002468,2018-02-02
002470,2018-02-02
002475,2018-02-02
002500,2018-02-02
002508,2018-02-02
002555,2018-02-02
002558,2018-02-02
002572,2018-02-02
002594,2018-02-02
002601,2018-02-02
002602,2018-02-02
002608,2018-02-02
002624,2018-02-02
002673,2018-02-02
002714,2018-02-02
002736,2018-02-02
002739,2018-02-02
002797,2018-02-02
002831,2018-02-02
002839,2018-02-02
002841,2018-02-02
300003,2018-02-02
300015,2018-02-02
300017,2018-02-02
300024,2018-02-02
300027,2018-02-02
300033,2018-02-02
300059,2018-02-02
300070,2018-02-02
300072,2018-02-02
300122,2018-02-02
300124,2018-02-02
300136,2018-02-02
300144,2018-02-02
300251,2018-02-02
300315,2018-02-02
600000,2018-02-03
600008,2018-02-03
600009,2018-02-03
600010,2018-02-03
600011,2018-02-03
600015,2018-02-03
600016,2018-02-03
600018,2018-02-03
600019,2018-02-03
600021,2018-02-03
600023,2018-02-03
600028,2018-02-03
600029,2018-02-03
600030,2018-02-03
600031,2018-02-03
600036,2018-02-03
600038,2018-02-03
600048,2018-02-03
600050,2018-02-03
600061,2018-02-03
600066,2018-02-03
600068,2018-02-03
600074,2018-02-03
600085,2018-02-03
600089,2018-02-03
600100,2018-02-03
600104,2018-02-03
600109,2018-02-03
600111,2018-02-03
600115,2018-02-03
600118,2018-02-03
600153,2018-02-03
600157,2018-02-03
600170,2018-02-03
600177,2018-02-03
600188,2018-02-03
600196,2018-02-03
600208,2018-02-03
600219,2018-02-03
600221,2018-02-03
600233,2018-02-03
600271,2018-02-03
600276,2018-02-03
600297,2018-02-03
600309,2018-02-03
600332,2018-02-03
600340,2018-02-03
600352,2018-02-03
600362,2018-02-03
600369,2018-02-03
600372,2018-02-03
600373,2018-02-03
600376,2018-02-03
600383,2018-02-03
600390,2018-02-03
600406,2018-02-03
600415,2018-02-03
600436,2018-02-03
600482,2018-02-03
600485,2018-02-03
600489,2018-02-03
600498,2018-02-03
600518,2018-02-03
600519,2018-02-03
600522,2018-02-03
600535,2018-02-03
600547,2018-02-03
600549,2018-02-03
600570,2018-02-03
600583,2018-02-03
600585,2018-02-03
600588,2018-02-03
600606,2018-02-03
600637,2018-02-03
600649,2018-02-03
600660,2018-02-03
600663,2018-02-03
600674,2018-02-03
600682,2018-02-03
600685,2018-02-03
600688,2018-02-03
600690,2018-02-03
600703,2018-02-03
600704,2018-02-03
600705,2018-02-03
600739,2018-02-03
600741,2018-02-03
600795,2018-02-03
600804,2018-02-03
600816,2018-02-03
600820,2018-02-03
600827,2018-02-03
600837,2018-02-03
600871,2018-02-03
600886,2018-02-03
600887,2018-02-03
600893,2018-02-03
600895,2018-02-03
600900,2018-02-03
600909,2018-02-03
600919,2018-02-03
600926,2018-02-03
600958,2018-02-03
600959,2018-02-03
600977,2018-02-03
600999,2018-02-03
601006,2018-02-03
601009,2018-02-03
601012,2018-02-03
601018,2018-02-03
601021,2018-02-03
601088,2018-02-03
601099,2018-02-03
601111,2018-02-03
601117,2018-02-03
601118,2018-02-03
601155,2018-02-03
601163,2018-02-03
601166,2018-02-03
601169,2018-02-03
601186,2018-02-03
601198,2018-02-03
601211,2018-02-03
601212,2018-02-03
601216,2018-02-03
601225,2018-02-03
601228,2018-02-03
601229,2018-02-03
601288,2018-02-03
601318,2018-02-03
601328,2018-02-03
601333,2018-02-03
601336,2018-02-03
601375,2018-02-03
601377,2018-02-03
601390,2018-02-03
601398,2018-02-03
601555,2018-02-03
601600,2018-02-03
601601,2018-02-03
601607,2018-02-03
601608,2018-02-03
601611,2018-02-03
601618,2018-02-03
601628,2018-02-03
601633,2018-02-03
601668,2018-02-03
601669,2018-02-03
601688,2018-02-03
601718,2018-02-03
601727,2018-02-03
601766,2018-02-03
601788,2018-02-03
601800,2018-02-03
601818,2018-02-03
601857,2018-02-03
601866,2018-02-03
601872,2018-02-03
601877,2018-02-03
601878,2018-02-03
601881,2018-02-03
601888,2018-02-03
601898,2018-02-03
601899,2018-02-03
601901,2018-02-03
601919,2018-02-03
601933,2018-02-03
601939,2018-02-03
601958,2018-02-03
601966,2018-02-03
601985,2018-02-03
601988,2018-02-03
601989,2018-02-03
601991,2018-02-03
601992,2018-02-03
601997,2018-02-03
601998,2018-02-03
603160,2018-02-03
603799,2018-02-03
603833,2018-02-03
603858,2018-02-03
603993,2018-02-03
000001,2018-02-03
000002,2018-02-03
000008,2018-02-03
000060,2018-02-03
000063,2018-02-03
000069,2018-02-03
000100,2018-02-03
000157,2018-02-03
000166,2018-02-03
000333,2018-02-03
000338,2018-02-03
000402,2018-02-03
000413,2018-02-03
000415,2018-02-03
000423,2018-02-03
000425,2018-02-03
000503,2018-02-03
000538,2018-02-03
000540,2018-02-03
000559,2018-02-03
000568,2018-02-03
000623,2018-02-03
000625,2018-02-03
000627,2018-02-03
000630,2018-02-03
000651,2018-02-03
000671,2018-02-03
000686,2018-02-03
000709,2018-02-03
000723,2018-02-03
000725,2018-02-03
000728,2018-02-03
000738,2018-02-03
000750,2018-02-03
000768,2018-02-03
000776,2018-02-03
000783,2018-02-03
000792,2018-02-03
000826,2018-02-03
000839,2018-02-03
000858,2018-02-03
000876,2018-02-03
000895,2018-02-03
000898,2018-02-03
000938,2018-02-03
000959,2018-02-03
000961,2018-02-03
000963,2018-02-03
000983,2018-02-03
001979,2018-02-03
002007,2018-02-03
002008,2018-02-03
002024,2018-02-03
002027,2018-02-03
002044,2018-02-03
002065,2018-02-03
002074,2018-02-03
002081,2018-02-03
002142,2018-02-03
002146,2018-02-03
002153,2018-02-03
002174,2018-02-03
002202,2018-02-03
002230,2018-02-03
002236,2018-02-03
002241,2018-02-03
002252,2018-02-03
002292,2018-02-03
002294,2018-02-03
002304,2018-02-03
002310,2018-02-03
002352,2018-02-03
002385,2018-02-03
002411,2018-02-03
002415,2018-02-03
002424,2018-02-03
002426,2018-02-03
002450,2018-02-03
002456,2018-02-03
002460,2018-02-03
002465,2018-02-03
002466,2018-02-03
002468,2018-02-03
002470,2018-02-03
002475,2018-02-03
002500,2018-02-03
002508,2018-02-03
002555,2018-02-03
002558,2018-02-03
002572,2018-02-03
002594,2018-02-03
002601,2018-02-03
002602,2018-02-03
002608,2018-02-03
002624,2018-02-03
002673,2018-02-03
002714,2018-02-03
002736,2018-02-03
002739,2018-02-03
002797,2018-02-03
002831,2018-02-03
002839,2018-02-03
002841,2018-02-03
300003,2018-02-03
300015,2018-02-03
300017,2018-02-03
300024,2018-02-03
300027,2018-02-03
300033,2018-02-03
300059,2018-02-03
300070,2018-02-03
300072,2018-02-03
300122,2018-02-03
300124,2018-02-03
300136,2018-02-03
300144,2018-02-03
300251,2018-02-03
300315,2018-02-03
600000,2018-02-28
600008,2018-02-28
600009,2018-02-28
600010,2018-02-28
600011,2018-02-28
600015,2018-02-28
600016,2018-02-28
600018,2018-02-28
600019,2018-02-28
600021,2018-02-28
600023,2018-02-28
600028,2018-02-28
600029,2018-02-28
600030,2018-02-28
600031,2018-02-28
600036,2018-02-28
600038,2018-02-28
600048,2018-02-28
600050,2018-02-28
600061,2018-02-28
600066,2018-02-28
600068,2018-02-28
600074,2018-02-28
600085,2018-02-28
600089,2018-02-28
600100,2018-02-28
600104,2018-02-28
600109,2018-02-28
600111,2018-02-28
600115,2018-02-28
600118,2018-02-28
600153,2018-02-28
600157,2018-02-28
600170,2018-02-28
600177,2018-02-28
600188,2018-02-28
600196,2018-02-28
600208,2018-02-28
600219,2018-02-28
600221,2018-02-28
600233,2018-02-28
600271,2018-02-28
600276,2018-02-28
600297,2018-02-28
600309,2018-02-28
600332,2018-02-28
600340,2018-02-28
600352,2018-02-28
600362,2018-02-28
600369,2018-02-28
600372,2018-02-28
600373,2018-02-28
600376,2018-02-28
600383,2018-02-28
600390,2018-02-28
600406,2018-02-28
600415,2018-02-28
600436,2018-02-28
600482,2018-02-28
600485,2018-02-28
600489,2018-02-28
600498,2018-02-28
600518,2018-02-28
600519,2018-02-28
600522,2018-02-28
600535,2018-02-28
600547,2018-02-28
600549,2018-02-28
600570,2018-02-28
600583,2018-02-28
600585,2018-02-28
600588,2018-02-28
600606,2018-02-28
600637,2018-02-28
600649,2018-02-28
600660,2018-02-28
600663,2018-02-28
600674,2018-02-28
600682,2018-02-28
600685,2018-02-28
600688,2018-02-28
600690,2018-02-28
600703,2018-02-28
600704,2018-02-28
600705,2018-02-28
600739,2018-02-28
600741,2018-02-28
600795,2018-02-28
600804,2018-02-28
600816,2018-02-28
600820,2018-02-28
600827,2018-02-28
600837,2018-02-28
600871,2018-02-28
600886,2018-02-28
600887,2018-02-28
600893,2018-02-28
600895,2018-02-28
600900,2018-02-28
600909,2018-02-28
600919,2018-02-28
600926,2018-02-28
600958,2018-02-28
600959,2018-02-28
600977,2018-02-28
600999,2018-02-28
601006,2018-02-28
601009,2018-02-28
601012,2018-02-28
601018,2018-02-28
601021,2018-02-28
601088,2018-02-28
601099,2018-02-28
601111,2018-02-28
601117,2018-02-28
601118,2018-02-28
601155,2018-02-28
601163,2018-02-28
601166,2018-02-28
601169,2018-02-28
601186,2018-02-28
601198,2018-02-28
601211,2018-02-28
601212,2018-02-28
601216,2018-02-28
601225,2018-02-28
601228,2018-02-28
601229,2018-02-28
601288,2018-02-28
601318,2018-02-28
601328,2018-02-28
601333,2018-02-28
601336,2018-02-28
601375,2018-02-28
601377,2018-02-28
601390,2018-02-28
601398,2018-02-28
601555,2018-02-28
601600,2018-02-28
601601,2018-02-28
601607,2018-02-28
601608,2018-02-28
601611,2018-02-28
601618,2018-02-28
601628,2018-02-28
601633,2018-02-28
601668,2018-02-28
601669,2018-02-28
601688,2018-02-28
601718,2018-02-28
601727,2018-02-28
601766,2018-02-28
601788,2018-02-28
601800,2018-02-28
601818,2018-02-28
601857,2018-02-28
601866,2018-02-28
601872,2018-02-28
601877,2018-02-28
601878,2018-02-28
601881,2018-02-28
601888,2018-02-28
601898,2018-02-28
601899,2018-02-28
601901,2018-02-28
601919,2018-02-28
601933,2018-02-28
601939,2018-02-28
601958,2018-02-28
601966,2018-02-28
601985,2018-02-28
601988,2018-02-28
601989,2018-02-28
601991,2018-02-28
601992,2018-02-28
601997,2018-02-28
601998,2018-02-28
603160,2018-02-28
603799,2018-02-28
603833,2018-02-28
603858,2018-02-28
603993,2018-02-28
000001,2018-02-28
000002,2018-02-28
000008,2018-02-28
000060,2018-02-28
000063,2018-02-28
000069,2018-02-28
000100,2018-02-28
000157,2018-02-28
000166,2018-02-28
000333,2018-02-28
000338,2018-02-28
000402,2018-02-28
000413,2018-02-28
000415,2018-02-28
000423,2018-02-28
000425,2018-02-28
000503,2018-02-28
000538,2018-02-28
000540,2018-02-28
000559,2018-02-28
000568,2018-02-28
000623,2018-02-28
000625,2018-02-28
000627,2018-02-28
000630,2018-02-28
000651,2018-02-28
000671,2018-02-28
000686,2018-02-28
000709,2018-02-28
000723,2018-02-28
000725,2018-02-28
000728,2018-02-28
000738,2018-02-28
000750,2018-02-28
000768,2018-02-28
000776,2018-02-28
000783,2018-02-28
000792,2018-02-28
000826,2018-02-28
000839,2018-02-28
000858,2018-02-28
000876,2018-02-28
000895,2018-02-28
000898,2018-02-28
000938,2018-02-28
000959,2018-02-28
000961,2018-02-28
000963,2018-02-28
000983,2018-02-28
001979,2018-02-28
002007,2018-02-28
002008,2018-02-28
002024,2018-02-28
002027,2018-02-28
002044,2018-02-28
002065,2018-02-28
002074,2018-02-28
002081,2018-02-28
002142,2018-02-28
002146,2018-02-28
002153,2018-02-28
002174,2018-02-28
002202,2018-02-28
002230,2018-02-28
002236,2018-02-28
002241,2018-02-28
002252,2018-02-28
002292,2018-02-28
002294,2018-02-28
002304,2018-02-28
002310,2018-02-28
002352,2018-02-28
002385,2018-02-28
002411,2018-02-28
002415,2018-02-28
002424,2018-02-28
002426,2018-02-28
002450,2018-02-28
002456,2018-02-28
002460,2018-02-28
002465,2018-02-28
002466,2018-02-28
002468,2018-02-28
002470,2018-02-28
002475,2018-02-28
002500,2018-02-28
002508,2018-02-28
002555,2018-02-28
002558,2018-02-28
002572,2018-02-28
002594,2018-02-28
002601,2018-02-28
002602,2018-02-28
002608,2018-02-28
002624,2018-02-28
002673,2018-02-28
002714,2018-02-28
002736,2018-02-28
002739,2018-02-28
002797,2018-02-28
002831,2018-02-28
002839,2018-02-28
002841,2018-02-28
300003,2018-02-28
300015,2018-02-28
300017,2018-02-28
300024,2018-02-28
300027,2018-02-28
300033,2018-02-28
300059,2018-02-28
300070,2018-02-28
300072,2018-02-28
300122,2018-02-28
300124,2018-02-28
300136,2018-02-28
300144,2018-02-28
300251,2018-02-28
300315,2018-02-28
600000,2018-08-01
600008,2018-08-01
600009,2018-08-01
600010,2018-08-01
600011,2018-08-01
600015,2018-08-01
600016,2018-08-01
600018,2018-08-01
600019,2018-08-01
600023,2018-08-01
600025,2018-08-01
600028,2018-08-01
600029,2018-08-01
600030,2018-08-01
600031,2018-08-01
600036,2018-08-01
600038,2018-08-01
600048,2018-08-01
600050,2018-08-01
600061,2018-08-01
600066,2018-08-01
600068,2018-08-01
600085,2018-08-01
600089,2018-08-01
600100,2018-08-01
600104,2018-08-01
600109,2018-08-01
600111,2018-08-01
600115,2018-08-01
600118,2018-08-01
600153,2018-08-01
600157,2018-08-01
600170,2018-08-01
600176,2018-08-01
600177,2018-08-01
600188,2018-08-01
600196,2018-08-01
600208,2018-08-01
600219,2018-08-01
600221,2018-08-01
600233,2018-08-01
600271,2018-08-01
600276,2018-08-01
600297,2018-08-01
600309,2018-08-01
600332,2018-08-01
600339,2018-08-01
600340,2018-08-01
600346,2018-08-01
600352,2018-08-01
600362,2018-08-01
600369,2018-08-01
600372,2018-08-01
600373,2018-08-01
600376,2018-08-01
600383,2018-08-01
600390,2018-08-01
600398,2018-08-01
600406,2018-08-01
600415,2018-08-01
600436,2018-08-01
600438,2018-08-01
600482,2018-08-01
600487,2018-08-01
600489,2018-08-01
600498,2018-08-01
600516,2018-08-01
600518,2018-08-01
600519,2018-08-01
600522,2018-08-01
600535,2018-08-01
600547,2018-08-01
600549,2018-08-01
600570,2018-08-01
600583,2018-08-01
600585,2018-08-01
600588,2018-08-01
600606,2018-08-01
600637,2018-08-01
600660,2018-08-01
600663,2018-08-01
600674,2018-08-01
600682,2018-08-01
600688,2018-08-01
600690,2018-08-01
600703,2018-08-01
600704,2018-08-01
600705,2018-08-01
600739,2018-08-01
600741,2018-08-01
600795,2018-08-01
600804,2018-08-01
600809,2018-08-01
600816,2018-08-01
600820,2018-08-01
600837,2018-08-01
600867,2018-08-01
600886,2018-08-01
600887,2018-08-01
600893,2018-08-01
600900,2018-08-01
600909,2018-08-01
600919,2018-08-01
600926,2018-08-01
600958,2018-08-01
600959,2018-08-01
600977,2018-08-01
600999,2018-08-01
601006,2018-08-01
601009,2018-08-01
601012,2018-08-01
601018,2018-08-01
601021,2018-08-01
601088,2018-08-01
601099,2018-08-01
601108,2018-08-01
601111,2018-08-01
601117,2018-08-01
601155,2018-08-01
601166,2018-08-01
601169,2018-08-01
601186,2018-08-01
601198,2018-08-01
601211,2018-08-01
601212,2018-08-01
601216,2018-08-01
601225,2018-08-01
601228,2018-08-01
601229,2018-08-01
601238,2018-08-01
601288,2018-08-01
601318,2018-08-01
601328,2018-08-01
601333,2018-08-01
601336,2018-08-01
601360,2018-08-01
601377,2018-08-01
601390,2018-08-01
601398,2018-08-01
601555,2018-08-01
601600,2018-08-01
601601,2018-08-01
601607,2018-08-01
601611,2018-08-01
601618,2018-08-01
601628,2018-08-01
601633,2018-08-01
601668,2018-08-01
601669,2018-08-01
601688,2018-08-01
601718,2018-08-01
601727,2018-08-01
601766,2018-08-01
601788,2018-08-01
601800,2018-08-01
601808,2018-08-01
601818,2018-08-01
601828,2018-08-01
601838,2018-08-01
601857,2018-08-01
601866,2018-08-01
601877,2018-08-01
601878,2018-08-01
601881,2018-08-01
601888,2018-08-01
601898,2018-08-01
601899,2018-08-01
601901,2018-08-01
601919,2018-08-01
601933,2018-08-01
601939,2018-08-01
601958,2018-08-01
601985,2018-08-01
601988,2018-08-01
601989,2018-08-01
601991,2018-08-01
601992,2018-08-01
601997,2018-08-01
601998,2018-08-01
603160,2018-08-01
603260,2018-08-01
603288,2018-08-01
603799,2018-08-01
603833,2018-08-01
603858,2018-08-01
603993,2018-08-01
000001,2018-08-01
000002,2018-08-01
000060,2018-08-01
000063,2018-08-01
000069,2018-08-01
000100,2018-08-01
000157,2018-08-01
000166,2018-08-01
000333,2018-08-01
000338,2018-08-01
000402,2018-08-01
000413,2018-08-01
000415,2018-08-01
000423,2018-08-01
000425,2018-08-01
000503,2018-08-01
000538,2018-08-01
000540,2018-08-01
000559,2018-08-01
000568,2018-08-01
000623,2018-08-01
000625,2018-08-01
000627,2018-08-01
000630,2018-08-01
000651,2018-08-01
000671,2018-08-01
000709,2018-08-01
000723,2018-08-01
000725,2018-08-01
000728,2018-08-01
000768,2018-08-01
000776,2018-08-01
000783,2018-08-01
000786,2018-08-01
000792,2018-08-01
000826,2018-08-01
000839,2018-08-01
000858,2018-08-01
000876,2018-08-01
000895,2018-08-01
000898,2018-08-01
000938,2018-08-01
000959,2018-08-01
000961,2018-08-01
000963,2018-08-01
000983,2018-08-01
001965,2018-08-01
001979,2018-08-01
002007,2018-08-01
002008,2018-08-01
002024,2018-08-01
002027,2018-08-01
002044,2018-08-01
002050,2018-08-01
002065,2018-08-01
002074,2018-08-01
002081,2018-08-01
002085,2018-08-01
002142,2018-08-01
002146,2018-08-01
002153,2018-08-01
002202,2018-08-01
002230,2018-08-01
002236,2018-08-01
002241,2018-08-01
002252,2018-08-01
002294,2018-08-01
002304,2018-08-01
002310,2018-08-01
002352,2018-08-01
002385,2018-08-01
002411,2018-08-01
002415,2018-08-01
002450,2018-08-01
002456,2018-08-01
002460,2018-08-01
002466,2018-08-01
002468,2018-08-01
002470,2018-08-01
002475,2018-08-01
002493,2018-08-01
002500,2018-08-01
002508,2018-08-01
002555,2018-08-01
002558,2018-08-01
002572,2018-08-01
002594,2018-08-01
002601,2018-08-01
002602,2018-08-01
002608,2018-08-01
002624,2018-08-01
002625,2018-08-01
002673,2018-08-01
002714,2018-08-01
002736,2018-08-01
002739,2018-08-01
002797,2018-08-01
002925,2018-08-01
300003,2018-08-01
300015,2018-08-01
300017,2018-08-01
300024,2018-08-01
300027,2018-08-01
300033,2018-08-01
300059,2018-08-01
300070,2018-08-01
300072,2018-08-01
300122,2018-08-01
300124,2018-08-01
300136,2018-08-01
300144,2018-08-01
300251,2018-08-01
300408,2018-08-01
300433,2018-08-01
600000,2018-08-02
600008,2018-08-02
600009,2018-08-02
600010,2018-08-02
600011,2018-08-02
600015,2018-08-02
600016,2018-08-02
600018,2018-08-02
600019,2018-08-02
600023,2018-08-02
600025,2018-08-02
600028,2018-08-02
600029,2018-08-02
600030,2018-08-02
600031,2018-08-02
600036,2018-08-02
600038,2018-08-02
600048,2018-08-02
600050,2018-08-02
600061,2018-08-02
600066,2018-08-02
600068,2018-08-02
600085,2018-08-02
600089,2018-08-02
600100,2018-08-02
600104,2018-08-02
600109,2018-08-02
600111,2018-08-02
600115,2018-08-02
600118,2018-08-02
600153,2018-08-02
600157,2018-08-02
600170,2018-08-02
600176,2018-08-02
600177,2018-08-02
600188,2018-08-02
600196,2018-08-02
600208,2018-08-02
600219,2018-08-02
600221,2018-08-02
600233,2018-08-02
600271,2018-08-02
600276,2018-08-02
600297,2018-08-02
600309,2018-08-02
600332,2018-08-02
600339,2018-08-02
600340,2018-08-02
600346,2018-08-02
600352,2018-08-02
600362,2018-08-02
600369,2018-08-02
600372,2018-08-02
600373,2018-08-02
600376,2018-08-02
600383,2018-08-02
600390,2018-08-02
600398,2018-08-02
600406,2018-08-02
600415,2018-08-02
600436,2018-08-02
600438,2018-08-02
600482,2018-08-02
600487,2018-08-02
600489,2018-08-02
600498,2018-08-02
600516,2018-08-02
600518,2018-08-02
600519,2018-08-02
600522,2018-08-02
600535,2018-08-02
600547,2018-08-02
600549,2018-08-02
600570,2018-08-02
600583,2018-08-02
600585,2018-08-02
600588,2018-08-02
600606,2018-08-02
600637,2018-08-02
600660,2018-08-02
600663,2018-08-02
600674,2018-08-02
600682,2018-08-02
600688,2018-08-02
600690,2018-08-02
600703,2018-08-02
600704,2018-08-02
600705,2018-08-02
600739,2018-08-02
600741,2018-08-02
600795,2018-08-02
600804,2018-08-02
600809,2018-08-02
600816,2018-08-02
600820,2018-08-02
600837,2018-08-02
600867,2018-08-02
600886,2018-08-02
600887,2018-08-02
600893,2018-08-02
600900,2018-08-02
600909,2018-08-02
600919,2018-08-02
600926,2018-08-02
600958,2018-08-02
600959,2018-08-02
600977,2018-08-02
600999,2018-08-02
601006,2018-08-02
601009,2018-08-02
601012,2018-08-02
601018,2018-08-02
601021,2018-08-02
601088,2018-08-02
601099,2018-08-02
601108,2018-08-02
601111,2018-08-02
601117,2018-08-02
601155,2018-08-02
601166,2018-08-02
601169,2018-08-02
601186,2018-08-02
601198,2018-08-02
601211,2018-08-02
601212,2018-08-02
601216,2018-08-02
601225,2018-08-02
601228,2018-08-02
601229,2018-08-02
601238,2018-08-02
601288,2018-08-02
601318,2018-08-02
601328,2018-08-02
601333,2018-08-02
601336,2018-08-02
601360,2018-08-02
601377,2018-08-02
601390,2018-08-02
601398,2018-08-02
601555,2018-08-02
601600,2018-08-02
601601,2018-08-02
601607,2018-08-02
601611,2018-08-02
601618,2018-08-02
601628,2018-08-02
601633,2018-08-02
601668,2018-08-02
601669,2018-08-02
601688,2018-08-02
601718,2018-08-02
601727,2018-08-02
601766,2018-08-02
601788,2018-08-02
601800,2018-08-02
601808,2018-08-02
601818,2018-08-02
601828,2018-08-02
601838,2018-08-02
601857,2018-08-02
601866,2018-08-02
601877,2018-08-02
601878,2018-08-02
601881,2018-08-02
601888,2018-08-02
601898,2018-08-02
601899,2018-08-02
601901,2018-08-02
601919,2018-08-02
601933,2018-08-02
601939,2018-08-02
601958,2018-08-02
601985,2018-08-02
601988,2018-08-02
601989,2018-08-02
601991,2018-08-02
601992,2018-08-02
601997,2018-08-02
601998,2018-08-02
603160,2018-08-02
603260,2018-08-02
603288,2018-08-02
603799,2018-08-02
603833,2018-08-02
603858,2018-08-02
603993,2018-08-02
000001,2018-08-02
000002,2018-08-02
000060,2018-08-02
000063,2018-08-02
000069,2018-08-02
000100,2018-08-02
000157,2018-08-02
000166,2018-08-02
000333,2018-08-02
000338,2018-08-02
000402,2018-08-02
000413,2018-08-02
000415,2018-08-02
000423,2018-08-02
000425,2018-08-02
000503,2018-08-02
000538,2018-08-02
000540,2018-08-02
000559,2018-08-02
000568,2018-08-02
000623,2018-08-02
000625,2018-08-02
000627,2018-08-02
000630,2018-08-02
000651,2018-08-02
000671,2018-08-02
000709,2018-08-02
000723,2018-08-02
000725,2018-08-02
000728,2018-08-02
000768,2018-08-02
000776,2018-08-02
000783,2018-08-02
000786,2018-08-02
000792,2018-08-02
000826,2018-08-02
000839,2018-08-02
000858,2018-08-02
000876,2018-08-02
000895,2018-08-02
000898,2018-08-02
000938,2018-08-02
000959,2018-08-02
000961,2018-08-02
000963,2018-08-02
000983,2018-08-02
001965,2018-08-02
001979,2018-08-02
002007,2018-08-02
002008,2018-08-02
002024,2018-08-02
002027,2018-08-02
002044,2018-08-02
002050,2018-08-02
002065,2018-08-02
002074,2018-08-02
002081,2018-08-02
002085,2018-08-02
002142,2018-08-02
002146,2018-08-02
002153,2018-08-02
002202,2018-08-02
002230,2018-08-02
002236,2018-08-02
002241,2018-08-02
002252,2018-08-02
002294,2018-08-02
002304,2018-08-02
002310,2018-08-02
002352,2018-08-02
002385,2018-08-02
002411,2018-08-02
002415,2018-08-02
002450,2018-08-02
002456,2018-08-02
002460,2018-08-02
002466,2018-08-02
002468,2018-08-02
002470,2018-08-02
002475,2018-08-02
002493,2018-08-02
002500,2018-08-02
002508,2018-08-02
002555,2018-08-02
002558,2018-08-02
002572,2018-08-02
002594,2018-08-02
002601,2018-08-02
002602,2018-08-02
002608,2018-08-02
002624,2018-08-02
002625,2018-08-02
002673,2018-08-02
002714,2018-08-02
002736,2018-08-02
002739,2018-08-02
002797,2018-08-02
002925,2018-08-02
300003,2018-08-02
300015,2018-08-02
300017,2018-08-02
300024,2018-08-02
300027,2018-08-02
300033,2018-08-02
300059,2018-08-02
300070,2018-08-02
300072,2018-08-02
300122,2018-08-02
300124,2018-08-02
300136,2018-08-02
300144,2018-08-02
300251,2018-08-02
300408,2018-08-02
300433,2018-08-02
600000,2018-08-03
600008,2018-08-03
600009,2018-08-03
600010,2018-08-03
600011,2018-08-03
600015,2018-08-03
600016,2018-08-03
600018,2018-08-03
600019,2018-08-03
600023,2018-08-03
600025,2018-08-03
600028,2018-08-03
600029,2018-08-03
600030,2018-08-03
600031,2018-08-03
600036,2018-08-03
600038,2018-08-03
600048,2018-08-03
600050,2018-08-03
600061,2018-08-03
600066,2018-08-03
600068,2018-08-03
600085,2018-08-03
600089,2018-08-03
600100,2018-08-03
600104,2018-08-03
600109,2018-08-03
600111,2018-08-03
600115,2018-08-03
600118,2018-08-03
600153,2018-08-03
600157,2018-08-03
600170,2018-08-03
600176,2018-08-03
600177,2018-08-03
600188,2018-08-03
600196,2018-08-03
600208,2018-08-03
600219,2018-08-03
600221,2018-08-03
600233,2018-08-03
600271,2018-08-03
600276,2018-08-03
600297,2018-08-03
600309,2018-08-03
600332,2018-08-03
600339,2018-08-03
600340,2018-08-03
600346,2018-08-03
600352,2018-08-03
600362,2018-08-03
600369,2018-08-03
600372,2018-08-03
600373,2018-08-03
600376,2018-08-03
600383,2018-08-03
600390,2018-08-03
600398,2018-08-03
600406,2018-08-03
600415,2018-08-03
600436,2018-08-03
600438,2018-08-03
600482,2018-08-03
600487,2018-08-03
600489,2018-08-03
600498,2018-08-03
600516,2018-08-03
600518,2018-08-03
600519,2018-08-03
600522,2018-08-03
600535,2018-08-03
600547,2018-08-03
600549,2018-08-03
600570,2018-08-03
600583,2018-08-03
600585,2018-08-03
600588,2018-08-03
600606,2018-08-03
600637,2018-08-03
600660,2018-08-03
600663,2018-08-03
600674,2018-08-03
600682,2018-08-03
600688,2018-08-03
600690,2018-08-03
600703,2018-08-03
600704,2018-08-03
600705,2018-08-03
600739,2018-08-03
600741,2018-08-03
600795,2018-08-03
600804,2018-08-03
600809,2018-08-03
600816,2018-08-03
600820,2018-08-03
600837,2018-08-03
600867,2018-08-03
600886,2018-08-03
600887,2018-08-03
600893,2018-08-03
600900,2018-08-03
600909,2018-08-03
600919,2018-08-03
600926,2018-08-03
600958,2018-08-03
600959,2018-08-03
600977,2018-08-03
600999,2018-08-03
601006,2018-08-03
601009,2018-08-03
601012,2018-08-03
601018,2018-08-03
601021,2018-08-03
601088,2018-08-03
601099,2018-08-03
601108,2018-08-03
601111,2018-08-03
601117,2018-08-03
601155,2018-08-03
601166,2018-08-03
601169,2018-08-03
601186,2018-08-03
601198,2018-08-03
601211,2018-08-03
601212,2018-08-03
601216,2018-08-03
601225,2018-08-03
601228,2018-08-03
601229,2018-08-03
601238,2018-08-03
601288,2018-08-03
601318,2018-08-03
601328,2018-08-03
601333,2018-08-03
601336,2018-08-03
601360,2018-08-03
601377,2018-08-03
601390,2018-08-03
601398,2018-08-03
601555,2018-08-03
601600,2018-08-03
601601,2018-08-03
601607,2018-08-03
601611,2018-08-03
601618,2018-08-03
601628,2018-08-03
601633,2018-08-03
601668,2018-08-03
601669,2018-08-03
601688,2018-08-03
601718,2018-08-03
601727,2018-08-03
601766,2018-08-03
601788,2018-08-03
601800,2018-08-03
601808,2018-08-03
601818,2018-08-03
601828,2018-08-03
601838,2018-08-03
601857,2018-08-03
601866,2018-08-03
601877,2018-08-03
601878,2018-08-03
601881,2018-08-03
601888,2018-08-03
601898,2018-08-03
601899,2018-08-03
601901,2018-08-03
601919,2018-08-03
601933,2018-08-03
601939,2018-08-03
601958,2018-08-03
601985,2018-08-03
601988,2018-08-03
601989,2018-08-03
601991,2018-08-03
601992,2018-08-03
601997,2018-08-03
601998,2018-08-03
603160,2018-08-03
603260,2018-08-03
603288,2018-08-03
603799,2018-08-03
603833,2018-08-03
603858,2018-08-03
603993,2018-08-03
000001,2018-08-03
000002,2018-08-03
000060,2018-08-03
000063,2018-08-03
000069,2018-08-03
000100,2018-08-03
000157,2018-08-03
000166,2018-08-03
000333,2018-08-03
000338,2018-08-03
000402,2018-08-03
000413,2018-08-03
000415,2018-08-03
000423,2018-08-03
000425,2018-08-03
000503,2018-08-03
000538,2018-08-03
000540,2018-08-03
000559,2018-08-03
000568,2018-08-03
000623,2018-08-03
000625,2018-08-03
000627,2018-08-03
000630,2018-08-03
000651,2018-08-03
000671,2018-08-03
000709,2018-08-03
000723,2018-08-03
000725,2018-08-03
000728,2018-08-03
000768,2018-08-03
000776,2018-08-03
000783,2018-08-03
000786,2018-08-03
000792,2018-08-03
000826,2018-08-03
000839,2018-08-03
000858,2018-08-03
000876,2018-08-03
000895,2018-08-03
000898,2018-08-03
000938,2018-08-03
000959,2018-08-03
000961,2018-08-03
000963,2018-08-03
000983,2018-08-03
001965,2018-08-03
001979,2018-08-03
002007,2018-08-03
002008,2018-08-03
002024,2018-08-03
002027,2018-08-03
002044,2018-08-03
002050,2018-08-03
002065,2018-08-03
002074,2018-08-03
002081,2018-08-03
002085,2018-08-03
002142,2018-08-03
002146,2018-08-03
002153,2018-08-03
002202,2018-08-03
002230,2018-08-03
002236,2018-08-03
002241,2018-08-03
002252,2018-08-03
002294,2018-08-03
002304,2018-08-03
002310,2018-08-03
002352,2018-08-03
002385,2018-08-03
002411,2018-08-03
002415,2018-08-03
002450,2018-08-03
002456,2018-08-03
002460,2018-08-03
002466,2018-08-03
002468,2018-08-03
002470,2018-08-03
002475,2018-08-03
002493,2018-08-03
002500,2018-08-03
002508,2018-08-03
002555,2018-08-03
002558,2018-08-03
002572,2018-08-03
002594,2018-08-03
002601,2018-08-03
002602,2018-08-03
002608,2018-08-03
002624,2018-08-03
002625,2018-08-03
002673,2018-08-03
002714,2018-08-03
002736,2018-08-03
002739,2018-08-03
002797,2018-08-03
002925,2018-08-03
300003,2018-08-03
300015,2018-08-03
300017,2018-08-03
300024,2018-08-03
300027,2018-08-03
300033,2018-08-03
300059,2018-08-03
300070,2018-08-03
300072,2018-08-03
300122,2018-08-03
300124,2018-08-03
300136,2018-08-03
300144,2018-08-03
300251,2018-08-03
300408,2018-08-03
300433,2018-08-03
600000,2018-08-28
600008,2018-08-28
600009,2018-08-28
600010,2018-08-28
600011,2018-08-28
600015,2018-08-28
600016,2018-08-28
600018,2018-08-28
600019,2018-08-28
600023,2018-08-28
600025,2018-08-28
600028,2018-08-28
600029,2018-08-28
600030,2018-08-28
600031,2018-08-28
600036,2018-08-28
600038,2018-08-28
600048,2018-08-28
600050,2018-08-28
600061,2018-08-28
600066,2018-08-28
600068,2018-08-28
600085,2018-08-28
600089,2018-08-28
600100,2018-08-28
600104,2018-08-28
600109,2018-08-28
600111,2018-08-28
600115,2018-08-28
600118,2018-08-28
600153,2018-08-28
600157,2018-08-28
600170,2018-08-28
600176,2018-08-28
600177,2018-08-28
600188,2018-08-28
600196,2018-08-28
600208,2018-08-28
600219,2018-08-28
600221,2018-08-28
600233,2018-08-28
600271,2018-08-28
600276,2018-08-28
600297,2018-08-28
600309,2018-08-28
600332,2018-08-28
600339,2018-08-28
600340,2018-08-28
600346,2018-08-28
600352,2018-08-28
600362,2018-08-28
600369,2018-08-28
600372,2018-08-28
600373,2018-08-28
600376,2018-08-28
600383,2018-08-28
600390,2018-08-28
600398,2018-08-28
600406,2018-08-28
600415,2018-08-28
600436,2018-08-28
600438,2018-08-28
600482,2018-08-28
600487,2018-08-28
600489,2018-08-28
600498,2018-08-28
600516,2018-08-28
600518,2018-08-28
600519,2018-08-28
600522,2018-08-28
600535,2018-08-28
600547,2018-08-28
600549,2018-08-28
600570,2018-08-28
600583,2018-08-28
600585,2018-08-28
600588,2018-08-28
600606,2018-08-28
600637,2018-08-28
600660,2018-08-28
600663,2018-08-28
600674,2018-08-28
600682,2018-08-28
600688,2018-08-28
600690,2018-08-28
600703,2018-08-28
600704,2018-08-28
600705,2018-08-28
600739,2018-08-28
600741,2018-08-28
600795,2018-08-28
600804,2018-08-28
600809,2018-08-28
600816,2018-08-28
600820,2018-08-28
600837,2018-08-28
600867,2018-08-28
600886,2018-08-28
600887,2018-08-28
600893,2018-08-28
600900,2018-08-28
600909,2018-08-28
600919,2018-08-28
600926,2018-08-28
600958,2018-08-28
600959,2018-08-28
600977,2018-08-28
600999,2018-08-28
601006,2018-08-28
601009,2018-08-28
601012,2018-08-28
601018,2018-08-28
601021,2018-08-28
601088,2018-08-28
601099,2018-08-28
601108,2018-08-28
601111,2018-08-28
601117,2018-08-28
601155,2018-08-28
601166,2018-08-28
601169,2018-08-28
601186,2018-08-28
601198,2018-08-28
601211,2018-08-28
601212,2018-08-28
601216,2018-08-28
601225,2018-08-28
601228,2018-08-28
601229,2018-08-28
601238,2018-08-28
601288,2018-08-28
601318,2018-08-28
601328,2018-08-28
601333,2018-08-28
601336,2018-08-28
601360,2018-08-28
601377,2018-08-28
601390,2018-08-28
601398,2018-08-28
601555,2018-08-28
601600,2018-08-28
601601,2018-08-28
601607,2018-08-28
601611,2018-08-28
601618,2018-08-28
601628,2018-08-28
601633,2018-08-28
601668,2018-08-28
601669,2018-08-28
601688,2018-08-28
601718,2018-08-28
601727,2018-08-28
601766,2018-08-28
601788,2018-08-28
601800,2018-08-28
601808,2018-08-28
601818,2018-08-28
601828,2018-08-28
601838,2018-08-28
601857,2018-08-28
601866,2018-08-28
601877,2018-08-28
601878,2018-08-28
601881,2018-08-28
601888,2018-08-28
601898,2018-08-28
601899,2018-08-28
601901,2018-08-28
601919,2018-08-28
601933,2018-08-28
601939,2018-08-28
601958,2018-08-28
601985,2018-08-28
601988,2018-08-28
601989,2018-08-28
601991,2018-08-28
601992,2018-08-28
601997,2018-08-28
601998,2018-08-28
603160,2018-08-28
603260,2018-08-28
603288,2018-08-28
603799,2018-08-28
603833,2018-08-28
603858,2018-08-28
603993,2018-08-28
000001,2018-08-28
000002,2018-08-28
000060,2018-08-28
000063,2018-08-28
000069,2018-08-28
000100,2018-08-28
000157,2018-08-28
000166,2018-08-28
000333,2018-08-28
000338,2018-08-28
000402,2018-08-28
000413,2018-08-28
000415,2018-08-28
000423,2018-08-28
000425,2018-08-28
000503,2018-08-28
000538,2018-08-28
000540,2018-08-28
000559,2018-08-28
000568,2018-08-28
000623,2018-08-28
000625,2018-08-28
000627,2018-08-28
000630,2018-08-28
000651,2018-08-28
000671,2018-08-28
000709,2018-08-28
000723,2018-08-28
000725,2018-08-28
000728,2018-08-28
000768,2018-08-28
000776,2018-08-28
000783,2018-08-28
000786,2018-08-28
000792,2018-08-28
000826,2018-08-28
000839,2018-08-28
000858,2018-08-28
000876,2018-08-28
000895,2018-08-28
000898,2018-08-28
000938,2018-08-28
000959,2018-08-28
000961,2018-08-28
000963,2018-08-28
000983,2018-08-28
001965,2018-08-28
001979,2018-08-28
002007,2018-08-28
002008,2018-08-28
002024,2018-08-28
002027,2018-08-28
002044,2018-08-28
002050,2018-08-28
002065,2018-08-28
002074,2018-08-28
002081,2018-08-28
002085,2018-08-28
002142,2018-08-28
002146,2018-08-28
002153,2018-08-28
002202,2018-08-28
002230,2018-08-28
002236,2018-08-28
002241,2018-08-28
002252,2018-08-28
002294,2018-08-28
002304,2018-08-28
002310,2018-08-28
002352,2018-08-28
002385,2018-08-28
002411,2018-08-28
002415,2018-08-28
002450,2018-08-28
002456,2018-08-28
002460,2018-08-28
002466,2018-08-28
002468,2018-08-28
002470,2018-08-28
002475,2018-08-28
002493,2018-08-28
002500,2018-08-28
002508,2018-08-28
002555,2018-08-28
002558,2018-08-28
002572,2018-08-28
002594,2018-08-28
002601,2018-08-28
002602,2018-08-28
002608,2018-08-28
002624,2018-08-28
002625,2018-08-28
002673,2018-08-28
002714,2018-08-28
002736,2018-08-28
002739,2018-08-28
002797,2018-08-28
002925,2018-08-28
300003,2018-08-28
300015,2018-08-28
300017,2018-08-28
300024,2018-08-28
300027,2018-08-28
300033,2018-08-28
300059,2018-08-28
300070,2018-08-28
300072,2018-08-28
300122,2018-08-28
300124,2018-08-28
300136,2018-08-28
300144,2018-08-28
300251,2018-08-28
300408,2018-08-28
300433,2018-08-28
600000,2019-02-01
600004,2019-02-01
600009,2019-02-01
600010,2019-02-01
600011,2019-02-01
600015,2019-02-01
600016,2019-02-01
600018,2019-02-01
600019,2019-02-01
600023,2019-02-01
600025,2019-02-01
600027,2019-02-01
600028,2019-02-01
600029,2019-02-01
600030,2019-02-01
600031,2019-02-01
600036,2019-02-01
600038,2019-02-01
600048,2019-02-01
600050,2019-02-01
600061,2019-02-01
600066,2019-02-01
600068,2019-02-01
600085,2019-02-01
600089,2019-02-01
600100,2019-02-01
600104,2019-02-01
600109,2019-02-01
600111,2019-02-01
600115,2019-02-01
600118,2019-02-01
600153,2019-02-01
600157,2019-02-01
600170,2019-02-01
600176,2019-02-01
600177,2019-02-01
600188,2019-02-01
600196,2019-02-01
600208,2019-02-01
600219,2019-02-01
600221,2019-02-01
600233,2019-02-01
600271,2019-02-01
600276,2019-02-01
600297,2019-02-01
600309,2019-02-01
600332,2019-02-01
600339,2019-02-01
600340,2019-02-01
600346,2019-02-01
600352,2019-02-01
600362,2019-02-01
600369,2019-02-01
600372,2019-02-01
600383,2019-02-01
600390,2019-02-01
600398,2019-02-01
600406,2019-02-01
600415,2019-02-01
600436,2019-02-01
600438,2019-02-01
600482,2019-02-01
600487,2019-02-01
600489,2019-02-01
600498,2019-02-01
600516,2019-02-01
600518,2019-02-01
600519,2019-02-01
600522,2019-02-01
600535,2019-02-01
600547,2019-02-01
600549,2019-02-01
600566,2019-02-01
600570,2019-02-01
600583,2019-02-01
600585,2019-02-01
600588,2019-02-01
600606,2019-02-01
600637,2019-02-01
600660,2019-02-01
600674,2019-02-01
600688,2019-02-01
600690,2019-02-01
600703,2019-02-01
600704,2019-02-01
600705,2019-02-01
600739,2019-02-01
600741,2019-02-01
600760,2019-02-01
600795,2019-02-01
600809,2019-02-01
600816,2019-02-01
600837,2019-02-01
600867,2019-02-01
600886,2019-02-01
600887,2019-02-01
600893,2019-02-01
600900,2019-02-01
600909,2019-02-01
600919,2019-02-01
600926,2019-02-01
600958,2019-02-01
600977,2019-02-01
600998,2019-02-01
600999,2019-02-01
601006,2019-02-01
601009,2019-02-01
601012,2019-02-01
601018,2019-02-01
601021,2019-02-01
601066,2019-02-01
601088,2019-02-01
601108,2019-02-01
601111,2019-02-01
601117,2019-02-01
601138,2019-02-01
601155,2019-02-01
601166,2019-02-01
601169,2019-02-01
601186,2019-02-01
601198,2019-02-01
601211,2019-02-01
601212,2019-02-01
601216,2019-02-01
601225,2019-02-01
601228,2019-02-01
601229,2019-02-01
601238,2019-02-01
601288,2019-02-01
601318,2019-02-01
601328,2019-02-01
601333,2019-02-01
601336,2019-02-01
601360,2019-02-01
601377,2019-02-01
601390,2019-02-01
601398,2019-02-01
601555,2019-02-01
601600,2019-02-01
601601,2019-02-01
601607,2019-02-01
601611,2019-02-01
601618,2019-02-01
601628,2019-02-01
601633,2019-02-01
601668,2019-02-01
601669,2019-02-01
601688,2019-02-01
601727,2019-02-01
601766,2019-02-01
601788,2019-02-01
601800,2019-02-01
601808,2019-02-01
601818,2019-02-01
601828,2019-02-01
601838,2019-02-01
601857,2019-02-01
601877,2019-02-01
601878,2019-02-01
601881,2019-02-01
601888,2019-02-01
601898,2019-02-01
601899,2019-02-01
601901,2019-02-01
601919,2019-02-01
601933,2019-02-01
601939,2019-02-01
601985,2019-02-01
601988,2019-02-01
601989,2019-02-01
601991,2019-02-01
601992,2019-02-01
601997,2019-02-01
601998,2019-02-01
603156,2019-02-01
603160,2019-02-01
603259,2019-02-01
603260,2019-02-01
603288,2019-02-01
603799,2019-02-01
603833,2019-02-01
603858,2019-02-01
603986,2019-02-01
603993,2019-02-01
000001,2019-02-01
000002,2019-02-01
000063,2019-02-01
000069,2019-02-01
000100,2019-02-01
000157,2019-02-01
000166,2019-02-01
000333,2019-02-01
000338,2019-02-01
000402,2019-02-01
000408,2019-02-01
000413,2019-02-01
000415,2019-02-01
000423,2019-02-01
000425,2019-02-01
000503,2019-02-01
000538,2019-02-01
000553,2019-02-01
000568,2019-02-01
000625,2019-02-01
000627,2019-02-01
000630,2019-02-01
000651,2019-02-01
000661,2019-02-01
000671,2019-02-01
000703,2019-02-01
000709,2019-02-01
000725,2019-02-01
000728,2019-02-01
000768,2019-02-01
000776,2019-02-01
000783,2019-02-01
000786,2019-02-01
000792,2019-02-01
000826,2019-02-01
000839,2019-02-01
000858,2019-02-01
000876,2019-02-01
000895,2019-02-01
000898,2019-02-01
000938,2019-02-01
000959,2019-02-01
000961,2019-02-01
000963,2019-02-01
000983,2019-02-01
001965,2019-02-01
001979,2019-02-01
002001,2019-02-01
002007,2019-02-01
002008,2019-02-01
002024,2019-02-01
002027,2019-02-01
002032,2019-02-01
002044,2019-02-01
002050,2019-02-01
002065,2019-02-01
002081,2019-02-01
002085,2019-02-01
002120,2019-02-01
002142,2019-02-01
002146,2019-02-01
002153,2019-02-01
002179,2019-02-01
002202,2019-02-01
002230,2019-02-01
002236,2019-02-01
002241,2019-02-01
002252,2019-02-01
002271,2019-02-01
002294,2019-02-01
002304,2019-02-01
002310,2019-02-01
002311,2019-02-01
002352,2019-02-01
002411,2019-02-01
002415,2019-02-01
002422,2019-02-01
002450,2019-02-01
002456,2019-02-01
002460,2019-02-01
002466,2019-02-01
002468,2019-02-01
002475,2019-02-01
002493,2019-02-01
002508,2019-02-01
002555,2019-02-01
002558,2019-02-01
002572,2019-02-01
002594,2019-02-01
002601,2019-02-01
002602,2019-02-01
002624,2019-02-01
002625,2019-02-01
002673,2019-02-01
002714,2019-02-01
002736,2019-02-01
002773,2019-02-01
002797,2019-02-01
002925,2019-02-01
300003,2019-02-01
300015,2019-02-01
300017,2019-02-01
300024,2019-02-01
300033,2019-02-01
300059,2019-02-01
300070,2019-02-01
300072,2019-02-01
300122,2019-02-01
300124,2019-02-01
300136,2019-02-01
300142,2019-02-01
300144,2019-02-01
300251,2019-02-01
300296,2019-02-01
300408,2019-02-01
300433,2019-02-01
600000,2019-02-02
600004,2019-02-02
600009,2019-02-02
600010,2019-02-02
600011,2019-02-02
600015,2019-02-02
600016,2019-02-02
600018,2019-02-02
600019,2019-02-02
600023,2019-02-02
600025,2019-02-02
600027,2019-02-02
600028,2019-02-02
600029,2019-02-02
600030,2019-02-02
600031,2019-02-02
600036,2019-02-02
600038,2019-02-02
600048,2019-02-02
600050,2019-02-02
600061,2019-02-02
600066,2019-02-02
600068,2019-02-02
600085,2019-02-02
600089,2019-02-02
600100,2019-02-02
600104,2019-02-02
600109,2019-02-02
600111,2019-02-02
600115,2019-02-02
600118,2019-02-02
600153,2019-02-02
600157,2019-02-02
600170,2019-02-02
600176,2019-02-02
600177,2019-02-02
600188,2019-02-02
600196,2019-02-02
600208,2019-02-02
600219,2019-02-02
600221,2019-02-02
600233,2019-02-02
600271,2019-02-02
600276,2019-02-02
600297,2019-02-02
600309,2019-02-02
600332,2019-02-02
600339,2019-02-02
600340,2019-02-02
600346,2019-02-02
600352,2019-02-02
600362,2019-02-02
600369,2019-02-02
600372,2019-02-02
600383,2019-02-02
600390,2019-02-02
600398,2019-02-02
600406,2019-02-02
600415,2019-02-02
600436,2019-02-02
600438,2019-02-02
600482,2019-02-02
600487,2019-02-02
600489,2019-02-02
600498,2019-02-02
600516,2019-02-02
600518,2019-02-02
600519,2019-02-02
600522,2019-02-02
600535,2019-02-02
600547,2019-02-02
600549,2019-02-02
600566,2019-02-02
600570,2019-02-02
600583,2019-02-02
600585,2019-02-02
600588,2019-02-02
600606,2019-02-02
600637,2019-02-02
600660,2019-02-02
600674,2019-02-02
600688,2019-02-02
600690,2019-02-02
600703,2019-02-02
600704,2019-02-02
600705,2019-02-02
600739,2019-02-02
600741,2019-02-02
600760,2019-02-02
600795,2019-02-02
600809,2019-02-02
600816,2019-02-02
600837,2019-02-02
600867,2019-02-02
600886,2019-02-02
600887,2019-02-02
600893,2019-02-02
600900,2019-02-02
600909,2019-02-02
600919,2019-02-02
600926,2019-02-02
600958,2019-02-02
600977,2019-02-02
600998,2019-02-02
600999,2019-02-02
601006,2019-02-02
601009,2019-02-02
601012,2019-02-02
601018,2019-02-02
601021,2019-02-02
601066,2019-02-02
601088,2019-02-02
601108,2019-02-02
601111,2019-02-02
601117,2019-02-02
601138,2019-02-02
601155,2019-02-02
601166,2019-02-02
601169,2019-02-02
601186,2019-02-02
601198,2019-02-02
601211,2019-02-02
601212,2019-02-02
601216,2019-02-02
601225,2019-02-02
601228,2019-02-02
601229,2019-02-02
601238,2019-02-02
601288,2019-02-02
601318,2019-02-02
601328,2019-02-02
601333,2019-02-02
601336,2019-02-02
601360,2019-02-02
601377,2019-02-02
601390,2019-02-02
601398,2019-02-02
601555,2019-02-02
601600,2019-02-02
601601,2019-02-02
601607,2019-02-02
601611,2019-02-02
601618,2019-02-02
601628,2019-02-02
601633,2019-02-02
601668,2019-02-02
601669,2019-02-02
601688,2019-02-02
601727,2019-02-02
601766,2019-02-02
601788,2019-02-02
601800,2019-02-02
601808,2019-02-02
601818,2019-02-02
601828,2019-02-02
601838,2019-02-02
601857,2019-02-02
601877,2019-02-02
601878,2019-02-02
601881,2019-02-02
601888,2019-02-02
601898,2019-02-02
601899,2019-02-02
601901,2019-02-02
601919,2019-02-02
601933,2019-02-02
601939,2019-02-02
601985,2019-02-02
601988,2019-02-02
601989,2019-02-02
601991,2019-02-02
601992,2019-02-02
601997,2019-02-02
601998,2019-02-02
603156,2019-02-02
603160,2019-02-02
603259,2019-02-02
603260,2019-02-02
603288,2019-02-02
603799,2019-02-02
603833,2019-02-02
603858,2019-02-02
603986,2019-02-02
603993,2019-02-02
000001,2019-02-02
000002,2019-02-02
000063,2019-02-02
000069,2019-02-02
000100,2019-02-02
000157,2019-02-02
000166,2019-02-02
000333,2019-02-02
000338,2019-02-02
000402,2019-02-02
000408,2019-02-02
000413,2019-02-02
000415,2019-02-02
000423,2019-02-02
000425,2019-02-02
000503,2019-02-02
000538,2019-02-02
000553,2019-02-02
000568,2019-02-02
000625,2019-02-02
000627,2019-02-02
000630,2019-02-02
000651,2019-02-02
000661,2019-02-02
000671,2019-02-02
000703,2019-02-02
000709,2019-02-02
000725,2019-02-02
000728,2019-02-02
000768,2019-02-02
000776,2019-02-02
000783,2019-02-02
000786,2019-02-02
000792,2019-02-02
000826,2019-02-02
000839,2019-02-02
000858,2019-02-02
000876,2019-02-02
000895,2019-02-02
000898,2019-02-02
000938,2019-02-02
000959,2019-02-02
000961,2019-02-02
000963,2019-02-02
000983,2019-02-02
001965,2019-02-02
001979,2019-02-02
002001,2019-02-02
002007,2019-02-02
002008,2019-02-02
002024,2019-02-02
002027,2019-02-02
002032,2019-02-02
002044,2019-02-02
002050,2019-02-02
002065,2019-02-02
002081,2019-02-02
002085,2019-02-02
002120,2019-02-02
002142,2019-02-02
002146,2019-02-02
002153,2019-02-02
002179,2019-02-02
002202,2019-02-02
002230,2019-02-02
002236,2019-02-02
002241,2019-02-02
002252,2019-02-02
002271,2019-02-02
002294,2019-02-02
002304,2019-02-02
002310,2019-02-02
002311,2019-02-02
002352,2019-02-02
002411,2019-02-02
002415,2019-02-02
002422,2019-02-02
002450,2019-02-02
002456,2019-02-02
002460,2019-02-02
002466,2019-02-02
002468,2019-02-02
002475,2019-02-02
002493,2019-02-02
002508,2019-02-02
002555,2019-02-02
002558,2019-02-02
002572,2019-02-02
002594,2019-02-02
002601,2019-02-02
002602,2019-02-02
002624,2019-02-02
002625,2019-02-02
002673,2019-02-02
002714,2019-02-02
002736,2019-02-02
002773,2019-02-02
002797,2019-02-02
002925,2019-02-02
300003,2019-02-02
300015,2019-02-02
300017,2019-02-02
300024,2019-02-02
300033,2019-02-02
300059,2019-02-02
300070,2019-02-02
300072,2019-02-02
300122,2019-02-02
300124,2019-02-02
300136,2019-02-02
300142,2019-02-02
300144,2019-02-02
300251,2019-02-02
300296,2019-02-02
300408,2019-02-02
300433,2019-02-02
600000,2019-02-03
600004,2019-02-03
600009,2019-02-03
600010,2019-02-03
600011,2019-02-03
600015,2019-02-03
600016,2019-02-03
600018,2019-02-03
600019,2019-02-03
600023,2019-02-03
600025,2019-02-03
600027,2019-02-03
600028,2019-02-03
600029,2019-02-03
600030,2019-02-03
600031,2019-02-03
600036,2019-02-03
600038,2019-02-03
600048,2019-02-03
600050,2019-02-03
600061,2019-02-03
600066,2019-02-03
600068,2019-02-03
600085,2019-02-03
600089,2019-02-03
600100,2019-02-03
600104,2019-02-03
600109,2019-02-03
600111,2019-02-03
600115,2019-02-03
600118,2019-02-03
600153,2019-02-03
600157,2019-02-03
600170,2019-02-03
600176,2019-02-03
600177,2019-02-03
600188,2019-02-03
600196,2019-02-03
600208,2019-02-03
600219,2019-02-03
600221,2019-02-03
600233,2019-02-03
600271,2019-02-03
600276,2019-02-03
600297,2019-02-03
600309,2019-02-03
600332,2019-02-03
600339,2019-02-03
600340,2019-02-03
600346,2019-02-03
600352,2019-02-03
600362,2019-02-03
600369,2019-02-03
600372,2019-02-03
600383,2019-02-03
600390,2019-02-03
600398,2019-02-03
600406,2019-02-03
600415,2019-02-03
600436,2019-02-03
600438,2019-02-03
600482,2019-02-03
600487,2019-02-03
600489,2019-02-03
600498,2019-02-03
600516,2019-02-03
600518,2019-02-03
600519,2019-02-03
600522,2019-02-03
600535,2019-02-03
600547,2019-02-03
600549,2019-02-03
600566,2019-02-03
600570,2019-02-03
600583,2019-02-03
600585,2019-02-03
600588,2019-02-03
600606,2019-02-03
600637,2019-02-03
600660,2019-02-03
600674,2019-02-03
600688,2019-02-03
600690,2019-02-03
600703,2019-02-03
600704,2019-02-03
600705,2019-02-03
600739,2019-02-03
600741,2019-02-03
600760,2019-02-03
600795,2019-02-03
600809,2019-02-03
600816,2019-02-03
600837,2019-02-03
600867,2019-02-03
600886,2019-02-03
600887,2019-02-03
600893,2019-02-03
600900,2019-02-03
600909,2019-02-03
600919,2019-02-03
600926,2019-02-03
600958,2019-02-03
600977,2019-02-03
600998,2019-02-03
600999,2019-02-03
601006,2019-02-03
601009,2019-02-03
601012,2019-02-03
601018,2019-02-03
601021,2019-02-03
601066,2019-02-03
601088,2019-02-03
601108,2019-02-03
601111,2019-02-03
601117,2019-02-03
601138,2019-02-03
601155,2019-02-03
601166,2019-02-03
601169,2019-02-03
601186,2019-02-03
601198,2019-02-03
601211,2019-02-03
601212,2019-02-03
601216,2019-02-03
601225,2019-02-03
601228,2019-02-03
601229,2019-02-03
601238,2019-02-03
601288,2019-02-03
601318,2019-02-03
601328,2019-02-03
601333,2019-02-03
601336,2019-02-03
601360,2019-02-03
601377,2019-02-03
601390,2019-02-03
601398,2019-02-03
601555,2019-02-03
601600,2019-02-03
601601,2019-02-03
601607,2019-02-03
601611,2019-02-03
601618,2019-02-03
601628,2019-02-03
601633,2019-02-03
601668,2019-02-03
601669,2019-02-03
601688,2019-02-03
601727,2019-02-03
601766,2019-02-03
601788,2019-02-03
601800,2019-02-03
601808,2019-02-03
601818,2019-02-03
601828,2019-02-03
601838,2019-02-03
601857,2019-02-03
601877,2019-02-03
601878,2019-02-03
601881,2019-02-03
601888,2019-02-03
601898,2019-02-03
601899,2019-02-03
601901,2019-02-03
601919,2019-02-03
601933,2019-02-03
601939,2019-02-03
601985,2019-02-03
601988,2019-02-03
601989,2019-02-03
601991,2019-02-03
601992,2019-02-03
601997,2019-02-03
601998,2019-02-03
603156,2019-02-03
603160,2019-02-03
603259,2019-02-03
603260,2019-02-03
603288,2019-02-03
603799,2019-02-03
603833,2019-02-03
603858,2019-02-03
603986,2019-02-03
603993,2019-02-03
000001,2019-02-03
000002,2019-02-03
000063,2019-02-03
000069,2019-02-03
000100,2019-02-03
000157,2019-02-03
000166,2019-02-03
000333,2019-02-03
000338,2019-02-03
000402,2019-02-03
000408,2019-02-03
000413,2019-02-03
000415,2019-02-03
000423,2019-02-03
000425,2019-02-03
000503,2019-02-03
000538,2019-02-03
000553,2019-02-03
000568,2019-02-03
000625,2019-02-03
000627,2019-02-03
000630,2019-02-03
000651,2019-02-03
000661,2019-02-03
000671,2019-02-03
000703,2019-02-03
000709,2019-02-03
000725,2019-02-03
000728,2019-02-03
000768,2019-02-03
000776,2019-02-03
000783,2019-02-03
000786,2019-02-03
000792,2019-02-03
000826,2019-02-03
000839,2019-02-03
000858,2019-02-03
000876,2019-02-03
000895,2019-02-03
000898,2019-02-03
000938,2019-02-03
000959,2019-02-03
000961,2019-02-03
000963,2019-02-03
000983,2019-02-03
001965,2019-02-03
001979,2019-02-03
002001,2019-02-03
002007,2019-02-03
002008,2019-02-03
002024,2019-02-03
002027,2019-02-03
002032,2019-02-03
002044,2019-02-03
002050,2019-02-03
002065,2019-02-03
002081,2019-02-03
002085,2019-02-03
002120,2019-02-03
002142,2019-02-03
002146,2019-02-03
002153,2019-02-03
002179,2019-02-03
002202,2019-02-03
002230,2019-02-03
002236,2019-02-03
002241,2019-02-03
002252,2019-02-03
002271,2019-02-03
002294,2019-02-03
002304,2019-02-03
002310,2019-02-03
002311,2019-02-03
002352,2019-02-03
002411,2019-02-03
002415,2019-02-03
002422,2019-02-03
002450,2019-02-03
002456,2019-02-03
002460,2019-02-03
002466,2019-02-03
002468,2019-02-03
002475,2019-02-03
002493,2019-02-03
002508,2019-02-03
002555,2019-02-03
002558,2019-02-03
002572,2019-02-03
002594,2019-02-03
002601,2019-02-03
002602,2019-02-03
002624,2019-02-03
002625,2019-02-03
002673,2019-02-03
002714,2019-02-03
002736,2019-02-03
002773,2019-02-03
002797,2019-02-03
002925,2019-02-03
300003,2019-02-03
300015,2019-02-03
300017,2019-02-03
300024,2019-02-03
300033,2019-02-03
300059,2019-02-03
300070,2019-02-03
300072,2019-02-03
300122,2019-02-03
300124,2019-02-03
300136,2019-02-03
300142,2019-02-03
300144,2019-02-03
300251,2019-02-03
300296,2019-02-03
300408,2019-02-03
300433,2019-02-03
600000,2019-02-28
600004,2019-02-28
600009,2019-02-28
600010,2019-02-28
600011,2019-02-28
600015,2019-02-28
600016,2019-02-28
600018,2019-02-28
600019,2019-02-28
600023,2019-02-28
600025,2019-02-28
600027,2019-02-28
600028,2019-02-28
600029,2019-02-28
600030,2019-02-28
600031,2019-02-28
600036,2019-02-28
600038,2019-02-28
600048,2019-02-28
600050,2019-02-28
600061,2019-02-28
600066,2019-02-28
600068,2019-02-28
600085,2019-02-28
600089,2019-02-28
600100,2019-02-28
600104,2019-02-28
600109,2019-02-28
600111,2019-02-28
600115,2019-02-28
600118,2019-02-28
600153,2019-02-28
600157,2019-02-28
600170,2019-02-28
600176,2019-02-28
600177,2019-02-28
600188,2019-02-28
600196,2019-02-28
600208,2019-02-28
600219,2019-02-28
600221,2019-02-28
600233,2019-02-28
600271,2019-02-28
600276,2019-02-28
600297,2019-02-28
600309,2019-02-28
600332,2019-02-28
600339,2019-02-28
600340,2019-02-28
600346,2019-02-28
600352,2019-02-28
600362,2019-02-28
600369,2019-02-28
600372,2019-02-28
600383,2019-02-28
600390,2019-02-28
600398,2019-02-28
600406,2019-02-28
600415,2019-02-28
600436,2019-02-28
600438,2019-02-28
600482,2019-02-28
600487,2019-02-28
600489,2019-02-28
600498,2019-02-28
600516,2019-02-28
600518,2019-02-28
600519,2019-02-28
600522,2019-02-28
600535,2019-02-28
600547,2019-02-28
600549,2019-02-28
600566,2019-02-28
600570,2019-02-28
600583,2019-02-28
600585,2019-02-28
600588,2019-02-28
600606,2019-02-28
600637,2019-02-28
600660,2019-02-28
600674,2019-02-28
600688,2019-02-28
600690,2019-02-28
600703,2019-02-28
600704,2019-02-28
600705,2019-02-28
600739,2019-02-28
600741,2019-02-28
600760,2019-02-28
600795,2019-02-28
600809,2019-02-28
600816,2019-02-28
600837,2019-02-28
600867,2019-02-28
600886,2019-02-28
600887,2019-02-28
600893,2019-02-28
600900,2019-02-28
600909,2019-02-28
600919,2019-02-28
600926,2019-02-28
600958,2019-02-28
600977,2019-02-28
600998,2019-02-28
600999,2019-02-28
601006,2019-02-28
601009,2019-02-28
601012,2019-02-28
601018,2019-02-28
601021,2019-02-28
601066,2019-02-28
601088,2019-02-28
601108,2019-02-28
601111,2019-02-28
601117,2019-02-28
601138,2019-02-28
601155,2019-02-28
601166,2019-02-28
601169,2019-02-28
601186,2019-02-28
601198,2019-02-28
601211,2019-02-28
601212,2019-02-28
601216,2019-02-28
601225,2019-02-28
601228,2019-02-28
601229,2019-02-28
601238,2019-02-28
601288,2019-02-28
601318,2019-02-28
601328,2019-02-28
601333,2019-02-28
601336,2019-02-28
601360,2019-02-28
601377,2019-02-28
601390,2019-02-28
601398,2019-02-28
601555,2019-02-28
601600,2019-02-28
601601,2019-02-28
601607,2019-02-28
601611,2019-02-28
601618,2019-02-28
601628,2019-02-28
601633,2019-02-28
601668,2019-02-28
601669,2019-02-28
601688,2019-02-28
601727,2019-02-28
601766,2019-02-28
601788,2019-02-28
601800,2019-02-28
601808,2019-02-28
601818,2019-02-28
601828,2019-02-28
601838,2019-02-28
601857,2019-02-28
601877,2019-02-28
601878,2019-02-28
601881,2019-02-28
601888,2019-02-28
601898,2019-02-28
601899,2019-02-28
601901,2019-02-28
601919,2019-02-28
601933,2019-02-28
601939,2019-02-28
601985,2019-02-28
601988,2019-02-28
601989,2019-02-28
601991,2019-02-28
601992,2019-02-28
601997,2019-02-28
601998,2019-02-28
603156,2019-02-28
603160,2019-02-28
603259,2019-02-28
603260,2019-02-28
603288,2019-02-28
603799,2019-02-28
603833,2019-02-28
603858,2019-02-28
603986,2019-02-28
603993,2019-02-28
000001,2019-02-28
000002,2019-02-28
000063,2019-02-28
000069,2019-02-28
000100,2019-02-28
000157,2019-02-28
000166,2019-02-28
000333,2019-02-28
000338,2019-02-28
000402,2019-02-28
000408,2019-02-28
000413,2019-02-28
000415,2019-02-28
000423,2019-02-28
000425,2019-02-28
000503,2019-02-28
000538,2019-02-28
000553,2019-02-28
000568,2019-02-28
000625,2019-02-28
000627,2019-02-28
000630,2019-02-28
000651,2019-02-28
000661,2019-02-28
000671,2019-02-28
000703,2019-02-28
000709,2019-02-28
000725,2019-02-28
000728,2019-02-28
000768,2019-02-28
000776,2019-02-28
000783,2019-02-28
000786,2019-02-28
000792,2019-02-28
000826,2019-02-28
000839,2019-02-28
000858,2019-02-28
000876,2019-02-28
000895,2019-02-28
000898,2019-02-28
000938,2019-02-28
000959,2019-02-28
000961,2019-02-28
000963,2019-02-28
000983,2019-02-28
001965,2019-02-28
001979,2019-02-28
002001,2019-02-28
002007,2019-02-28
002008,2019-02-28
002024,2019-02-28
002027,2019-02-28
002032,2019-02-28
002044,2019-02-28
002050,2019-02-28
002065,2019-02-28
002081,2019-02-28
002085,2019-02-28
002120,2019-02-28
002142,2019-02-28
002146,2019-02-28
002153,2019-02-28
002179,2019-02-28
002202,2019-02-28
002230,2019-02-28
002236,2019-02-28
002241,2019-02-28
002252,2019-02-28
002271,2019-02-28
002294,2019-02-28
002304,2019-02-28
002310,2019-02-28
002311,2019-02-28
002352,2019-02-28
002411,2019-02-28
002415,2019-02-28
002422,2019-02-28
002450,2019-02-28
002456,2019-02-28
002460,2019-02-28
002466,2019-02-28
002468,2019-02-28
002475,2019-02-28
002493,2019-02-28
002508,2019-02-28
002555,2019-02-28
002558,2019-02-28
002572,2019-02-28
002594,2019-02-28
002601,2019-02-28
002602,2019-02-28
002624,2019-02-28
002625,2019-02-28
002673,2019-02-28
002714,2019-02-28
002736,2019-02-28
002773,2019-02-28
002797,2019-02-28
002925,2019-02-28
300003,2019-02-28
300015,2019-02-28
300017,2019-02-28
300024,2019-02-28
300033,2019-02-28
300059,2019-02-28
300070,2019-02-28
300072,2019-02-28
300122,2019-02-28
300124,2019-02-28
300136,2019-02-28
300142,2019-02-28
300144,2019-02-28
300251,2019-02-28
300296,2019-02-28
300408,2019-02-28
300433,2019-02-28
600000,2019-07-01
600004,2019-07-01
600009,2019-07-01
600010,2019-07-01
600011,2019-07-01
600015,2019-07-01
600016,2019-07-01
600018,2019-07-01
600019,2019-07-01
600023,2019-07-01
600025,2019-07-01
600027,2019-07-01
600028,2019-07-01
600029,2019-07-01
600030,2019-07-01
600031,2019-07-01
600036,2019-07-01
600038,2019-07-01
600048,2019-07-01
600050,2019-07-01
600061,2019-07-01
600066,2019-07-01
600068,2019-07-01
600085,2019-07-01
600089,2019-07-01
600100,2019-07-01
600104,2019-07-01
600109,2019-07-01
600111,2019-07-01
600115,2019-07-01
600118,2019-07-01
600153,2019-07-01
600170,2019-07-01
600176,2019-07-01
600177,2019-07-01
600188,2019-07-01
600196,2019-07-01
600208,2019-07-01
600219,2019-07-01
600221,2019-07-01
600233,2019-07-01
600271,2019-07-01
600276,2019-07-01
600297,2019-07-01
600299,2019-07-01
600309,2019-07-01
600332,2019-07-01
600339,2019-07-01
600340,2019-07-01
600346,2019-07-01
600352,2019-07-01
600362,2019-07-01
600369,2019-07-01
600372,2019-07-01
600383,2019-07-01
600390,2019-07-01
600398,2019-07-01
600406,2019-07-01
600415,2019-07-01
600436,2019-07-01
600438,2019-07-01
600482,2019-07-01
600487,2019-07-01
600489,2019-07-01
600498,2019-07-01
600516,2019-07-01
600519,2019-07-01
600522,2019-07-01
600535,2019-07-01
600547,2019-07-01
600566,2019-07-01
600570,2019-07-01
600583,2019-07-01
600585,2019-07-01
600588,2019-07-01
600606,2019-07-01
600637,2019-07-01
600660,2019-07-01
600663,2019-07-01
600674,2019-07-01
600688,2019-07-01
600690,2019-07-01
600703,2019-07-01
600704,2019-07-01
600705,2019-07-01
600733,2019-07-01
600741,2019-07-01
600760,2019-07-01
600795,2019-07-01
600809,2019-07-01
600816,2019-07-01
600837,2019-07-01
600867,2019-07-01
600886,2019-07-01
600887,2019-07-01
600893,2019-07-01
600900,2019-07-01
600919,2019-07-01
600926,2019-07-01
600958,2019-07-01
600977,2019-07-01
600998,2019-07-01
600999,2019-07-01
601006,2019-07-01
601009,2019-07-01
601012,2019-07-01
601018,2019-07-01
601021,2019-07-01
601066,2019-07-01
601088,2019-07-01
601108,2019-07-01
601111,2019-07-01
601117,2019-07-01
601138,2019-07-01
601155,2019-07-01
601162,2019-07-01
601166,2019-07-01
601169,2019-07-01
601186,2019-07-01
601198,2019-07-01
601211,2019-07-01
601212,2019-07-01
601216,2019-07-01
601225,2019-07-01
601228,2019-07-01
601229,2019-07-01
601238,2019-07-01
601288,2019-07-01
601298,2019-07-01
601318,2019-07-01
601319,2019-07-01
601328,2019-07-01
601336,2019-07-01
601360,2019-07-01
601377,2019-07-01
601390,2019-07-01
601398,2019-07-01
601555,2019-07-01
601577,2019-07-01
601600,2019-07-01
601601,2019-07-01
601607,2019-07-01
601618,2019-07-01
601628,2019-07-01
601633,2019-07-01
601668,2019-07-01
601669,2019-07-01
601688,2019-07-01
601727,2019-07-01
601766,2019-07-01
601788,2019-07-01
601800,2019-07-01
601808,2019-07-01
601818,2019-07-01
601828,2019-07-01
601838,2019-07-01
601857,2019-07-01
601877,2019-07-01
601878,2019-07-01
601881,2019-07-01
601888,2019-07-01
601898,2019-07-01
601899,2019-07-01
601901,2019-07-01
601919,2019-07-01
601933,2019-07-01
601939,2019-07-01
601985,2019-07-01
601988,2019-07-01
601989,2019-07-01
601992,2019-07-01
601997,2019-07-01
601998,2019-07-01
603019,2019-07-01
603156,2019-07-01
603160,2019-07-01
603259,2019-07-01
603260,2019-07-01
603288,2019-07-01
603799,2019-07-01
603833,2019-07-01
603858,2019-07-01
603986,2019-07-01
603993,2019-07-01
000001,2019-07-01
000002,2019-07-01
000063,2019-07-01
000069,2019-07-01
000100,2019-07-01
000157,2019-07-01
000166,2019-07-01
000333,2019-07-01
000338,2019-07-01
000402,2019-07-01
000408,2019-07-01
000413,2019-07-01
000415,2019-07-01
000423,2019-07-01
000425,2019-07-01
000538,2019-07-01
000553,2019-07-01
000568,2019-07-01
000596,2019-07-01
000625,2019-07-01
000627,2019-07-01
000629,2019-07-01
000630,2019-07-01
000651,2019-07-01
000656,2019-07-01
000661,2019-07-01
000671,2019-07-01
000703,2019-07-01
000709,2019-07-01
000725,2019-07-01
000728,2019-07-01
000768,2019-07-01
000776,2019-07-01
000783,2019-07-01
000786,2019-07-01
000858,2019-07-01
000876,2019-07-01
000895,2019-07-01
000898,2019-07-01
000938,2019-07-01
000961,2019-07-01
000963,2019-07-01
001979,2019-07-01
002001,2019-07-01
002007,2019-07-01
002008,2019-07-01
002010,2019-07-01
002024,2019-07-01
002027,2019-07-01
002032,2019-07-01
002044,2019-07-01
002050,2019-07-01
002065,2019-07-01
002081,2019-07-01
002120,2019-07-01
002142,2019-07-01
002146,2019-07-01
002153,2019-07-01
002179,2019-07-01
002202,2019-07-01
002230,2019-07-01
002236,2019-07-01
002241,2019-07-01
002252,2019-07-01
002271,2019-07-01
002294,2019-07-01
002304,2019-07-01
002310,2019-07-01
002311,2019-07-01
002352,2019-07-01
002410,2019-07-01
002411,2019-07-01
002415,2019-07-01
002422,2019-07-01
002456,2019-07-01
002460,2019-07-01
002466,2019-07-01
002468,2019-07-01
002475,2019-07-01
002493,2019-07-01
002508,2019-07-01
002555,2019-07-01
002558,2019-07-01
002594,2019-07-01
002601,2019-07-01
002602,2019-07-01
002624,2019-07-01
002625,2019-07-01
002673,2019-07-01
002714,2019-07-01
002736,2019-07-01
002739,2019-07-01
002773,2019-07-01
002925,2019-07-01
002938,2019-07-01
002939,2019-07-01
002945,2019-07-01
300003,2019-07-01
300015,2019-07-01
300017,2019-07-01
300024,2019-07-01
300033,2019-07-01
300059,2019-07-01
300070,2019-07-01
300072,2019-07-01
300122,2019-07-01
300124,2019-07-01
300136,2019-07-01
300142,2019-07-01
300144,2019-07-01
300251,2019-07-01
300296,2019-07-01
300408,2019-07-01
300413,2019-07-01
300433,2019-07-01
300498,2019-07-01
600000,2019-07-02
600004,2019-07-02
600009,2019-07-02
600010,2019-07-02
600011,2019-07-02
600015,2019-07-02
600016,2019-07-02
600018,2019-07-02
600019,2019-07-02
600023,2019-07-02
600025,2019-07-02
600027,2019-07-02
600028,2019-07-02
600029,2019-07-02
600030,2019-07-02
600031,2019-07-02
600036,2019-07-02
600038,2019-07-02
600048,2019-07-02
600050,2019-07-02
600061,2019-07-02
600066,2019-07-02
600068,2019-07-02
600085,2019-07-02
600089,2019-07-02
600100,2019-07-02
600104,2019-07-02
600109,2019-07-02
600111,2019-07-02
600115,2019-07-02
600118,2019-07-02
600153,2019-07-02
600170,2019-07-02
600176,2019-07-02
600177,2019-07-02
600188,2019-07-02
600196,2019-07-02
600208,2019-07-02
600219,2019-07-02
600221,2019-07-02
600233,2019-07-02
600271,2019-07-02
600276,2019-07-02
600297,2019-07-02
600299,2019-07-02
600309,2019-07-02
600332,2019-07-02
600339,2019-07-02
600340,2019-07-02
600346,2019-07-02
600352,2019-07-02
600362,2019-07-02
600369,2019-07-02
600372,2019-07-02
600383,2019-07-02
600390,2019-07-02
600398,2019-07-02
600406,2019-07-02
600415,2019-07-02
600436,2019-07-02
600438,2019-07-02
600482,2019-07-02
600487,2019-07-02
600489,2019-07-02
600498,2019-07-02
600516,2019-07-02
600519,2019-07-02
600522,2019-07-02
600535,2019-07-02
600547,2019-07-02
600566,2019-07-02
600570,2019-07-02
600583,2019-07-02
600585,2019-07-02
600588,2019-07-02
600606,2019-07-02
600637,2019-07-02
600660,2019-07-02
600663,2019-07-02
600674,2019-07-02
600688,2019-07-02
600690,2019-07-02
600703,2019-07-02
600704,2019-07-02
600705,2019-07-02
600733,2019-07-02
600741,2019-07-02
600760,2019-07-02
600795,2019-07-02
600809,2019-07-02
600816,2019-07-02
600837,2019-07-02
600867,2019-07-02
600886,2019-07-02
600887,2019-07-02
600893,2019-07-02
600900,2019-07-02
600919,2019-07-02
600926,2019-07-02
600958,2019-07-02
600977,2019-07-02
600998,2019-07-02
600999,2019-07-02
601006,2019-07-02
601009,2019-07-02
601012,2019-07-02
601018,2019-07-02
601021,2019-07-02
601066,2019-07-02
601088,2019-07-02
601108,2019-07-02
601111,2019-07-02
601117,2019-07-02
601138,2019-07-02
601155,2019-07-02
601162,2019-07-02
601166,2019-07-02
601169,2019-07-02
601186,2019-07-02
601198,2019-07-02
601211,2019-07-02
601212,2019-07-02
601216,2019-07-02
601225,2019-07-02
601228,2019-07-02
601229,2019-07-02
601238,2019-07-02
601288,2019-07-02
601298,2019-07-02
601318,2019-07-02
601319,2019-07-02
601328,2019-07-02
601336,2019-07-02
601360,2019-07-02
601377,2019-07-02
601390,2019-07-02
601398,2019-07-02
601555,2019-07-02
601577,2019-07-02
601600,2019-07-02
601601,2019-07-02
601607,2019-07-02
601618,2019-07-02
601628,2019-07-02
601633,2019-07-02
601668,2019-07-02
601669,2019-07-02
601688,2019-07-02
601727,2019-07-02
601766,2019-07-02
601788,2019-07-02
601800,2019-07-02
601808,2019-07-02
601818,2019-07-02
601828,2019-07-02
601838,2019-07-02
601857,2019-07-02
601877,2019-07-02
601878,2019-07-02
601881,2019-07-02
601888,2019-07-02
601898,2019-07-02
601899,2019-07-02
601901,2019-07-02
601919,2019-07-02
601933,2019-07-02
601939,2019-07-02
601985,2019-07-02
601988,2019-07-02
601989,2019-07-02
601992,2019-07-02
601997,2019-07-02
601998,2019-07-02
603019,2019-07-02
603156,2019-07-02
603160,2019-07-02
603259,2019-07-02
603260,2019-07-02
603288,2019-07-02
603799,2019-07-02
603833,2019-07-02
603858,2019-07-02
603986,2019-07-02
603993,2019-07-02
000001,2019-07-02
000002,2019-07-02
000063,2019-07-02
000069,2019-07-02
000100,2019-07-02
000157,2019-07-02
000166,2019-07-02
000333,2019-07-02
000338,2019-07-02
000402,2019-07-02
000408,2019-07-02
000413,2019-07-02
000415,2019-07-02
000423,2019-07-02
000425,2019-07-02
000538,2019-07-02
000553,2019-07-02
000568,2019-07-02
000596,2019-07-02
000625,2019-07-02
000627,2019-07-02
000629,2019-07-02
000630,2019-07-02
000651,2019-07-02
000656,2019-07-02
000661,2019-07-02
000671,2019-07-02
000703,2019-07-02
000709,2019-07-02
000725,2019-07-02
000728,2019-07-02
000768,2019-07-02
000776,2019-07-02
000783,2019-07-02
000786,2019-07-02
000858,2019-07-02
000876,2019-07-02
000895,2019-07-02
000898,2019-07-02
000938,2019-07-02
000961,2019-07-02
000963,2019-07-02
001979,2019-07-02
002001,2019-07-02
002007,2019-07-02
002008,2019-07-02
002010,2019-07-02
002024,2019-07-02
002027,2019-07-02
002032,2019-07-02
002044,2019-07-02
002050,2019-07-02
002065,2019-07-02
002081,2019-07-02
002120,2019-07-02
002142,2019-07-02
002146,2019-07-02
002153,2019-07-02
002179,2019-07-02
002202,2019-07-02
002230,2019-07-02
002236,2019-07-02
002241,2019-07-02
002252,2019-07-02
002271,2019-07-02
002294,2019-07-02
002304,2019-07-02
002310,2019-07-02
002311,2019-07-02
002352,2019-07-02
002410,2019-07-02
002411,2019-07-02
002415,2019-07-02
002422,2019-07-02
002456,2019-07-02
002460,2019-07-02
002466,2019-07-02
002468,2019-07-02
002475,2019-07-02
002493,2019-07-02
002508,2019-07-02
002555,2019-07-02
002558,2019-07-02
002594,2019-07-02
002601,2019-07-02
002602,2019-07-02
002624,2019-07-02
002625,2019-07-02
002673,2019-07-02
002714,2019-07-02
002736,2019-07-02
002739,2019-07-02
002773,2019-07-02
002925,2019-07-02
002938,2019-07-02
002939,2019-07-02
002945,2019-07-02
300003,2019-07-02
300015,2019-07-02
300017,2019-07-02
300024,2019-07-02
300033,2019-07-02
300059,2019-07-02
300070,2019-07-02
300072,2019-07-02
300122,2019-07-02
300124,2019-07-02
300136,2019-07-02
300142,2019-07-02
300144,2019-07-02
300251,2019-07-02
300296,2019-07-02
300408,2019-07-02
300413,2019-07-02
300433,2019-07-02
300498,2019-07-02
600000,2019-07-03
600004,2019-07-03
600009,2019-07-03
600010,2019-07-03
600011,2019-07-03
600015,2019-07-03
600016,2019-07-03
600018,2019-07-03
600019,2019-07-03
600023,2019-07-03
600025,2019-07-03
600027,2019-07-03
600028,2019-07-03
600029,2019-07-03
600030,2019-07-03
600031,2019-07-03
600036,2019-07-03
600038,2019-07-03
600048,2019-07-03
600050,2019-07-03
600061,2019-07-03
600066,2019-07-03
600068,2019-07-03
600085,2019-07-03
600089,2019-07-03
600100,2019-07-03
600104,2019-07-03
600109,2019-07-03
600111,2019-07-03
600115,2019-07-03
600118,2019-07-03
600153,2019-07-03
600170,2019-07-03
600176,2019-07-03
600177,2019-07-03
600188,2019-07-03
600196,2019-07-03
600208,2019-07-03
600219,2019-07-03
600221,2019-07-03
600233,2019-07-03
600271,2019-07-03
600276,2019-07-03
600297,2019-07-03
600299,2019-07-03
600309,2019-07-03
600332,2019-07-03
600339,2019-07-03
600340,2019-07-03
600346,2019-07-03
600352,2019-07-03
600362,2019-07-03
600369,2019-07-03
600372,2019-07-03
600383,2019-07-03
600390,2019-07-03
600398,2019-07-03
600406,2019-07-03
600415,2019-07-03
600436,2019-07-03
600438,2019-07-03
600482,2019-07-03
600487,2019-07-03
600489,2019-07-03
600498,2019-07-03
600516,2019-07-03
600519,2019-07-03
600522,2019-07-03
600535,2019-07-03
600547,2019-07-03
600566,2019-07-03
600570,2019-07-03
600583,2019-07-03
600585,2019-07-03
600588,2019-07-03
600606,2019-07-03
600637,2019-07-03
600660,2019-07-03
600663,2019-07-03
600674,2019-07-03
600688,2019-07-03
600690,2019-07-03
600703,2019-07-03
600704,2019-07-03
600705,2019-07-03
600733,2019-07-03
600741,2019-07-03
600760,2019-07-03
600795,2019-07-03
600809,2019-07-03
600816,2019-07-03
600837,2019-07-03
600867,2019-07-03
600886,2019-07-03
600887,2019-07-03
600893,2019-07-03
600900,2019-07-03
600919,2019-07-03
600926,2019-07-03
600958,2019-07-03
600977,2019-07-03
600998,2019-07-03
600999,2019-07-03
601006,2019-07-03
601009,2019-07-03
601012,2019-07-03
601018,2019-07-03
601021,2019-07-03
601066,2019-07-03
601088,2019-07-03
601108,2019-07-03
601111,2019-07-03
601117,2019-07-03
601138,2019-07-03
601155,2019-07-03
601162,2019-07-03
601166,2019-07-03
601169,2019-07-03
601186,2019-07-03
601198,2019-07-03
601211,2019-07-03
601212,2019-07-03
601216,2019-07-03
601225,2019-07-03
601228,2019-07-03
601229,2019-07-03
601238,2019-07-03
601288,2019-07-03
601298,2019-07-03
601318,2019-07-03
601319,2019-07-03
601328,2019-07-03
601336,2019-07-03
601360,2019-07-03
601377,2019-07-03
601390,2019-07-03
601398,2019-07-03
601555,2019-07-03
601577,2019-07-03
601600,2019-07-03
601601,2019-07-03
601607,2019-07-03
601618,2019-07-03
601628,2019-07-03
601633,2019-07-03
601668,2019-07-03
601669,2019-07-03
601688,2019-07-03
601727,2019-07-03
601766,2019-07-03
601788,2019-07-03
601800,2019-07-03
601808,2019-07-03
601818,2019-07-03
601828,2019-07-03
601838,2019-07-03
601857,2019-07-03
601877,2019-07-03
601878,2019-07-03
601881,2019-07-03
601888,2019-07-03
601898,2019-07-03
601899,2019-07-03
601901,2019-07-03
601919,2019-07-03
601933,2019-07-03
601939,2019-07-03
601985,2019-07-03
601988,2019-07-03
601989,2019-07-03
601992,2019-07-03
601997,2019-07-03
601998,2019-07-03
603019,2019-07-03
603156,2019-07-03
603160,2019-07-03
603259,2019-07-03
603260,2019-07-03
603288,2019-07-03
603799,2019-07-03
603833,2019-07-03
603858,2019-07-03
603986,2019-07-03
603993,2019-07-03
000001,2019-07-03
000002,2019-07-03
000063,2019-07-03
000069,2019-07-03
000100,2019-07-03
000157,2019-07-03
000166,2019-07-03
000333,2019-07-03
000338,2019-07-03
000402,2019-07-03
000408,2019-07-03
000413,2019-07-03
000415,2019-07-03
000423,2019-07-03
000425,2019-07-03
000538,2019-07-03
000553,2019-07-03
000568,2019-07-03
000596,2019-07-03
000625,2019-07-03
000627,2019-07-03
000629,2019-07-03
000630,2019-07-03
000651,2019-07-03
000656,2019-07-03
000661,2019-07-03
000671,2019-07-03
000703,2019-07-03
000709,2019-07-03
000725,2019-07-03
000728,2019-07-03
000768,2019-07-03
000776,2019-07-03
000783,2019-07-03
000786,2019-07-03
000858,2019-07-03
000876,2019-07-03
000895,2019-07-03
000898,2019-07-03
000938,2019-07-03
000961,2019-07-03
000963,2019-07-03
001979,2019-07-03
002001,2019-07-03
002007,2019-07-03
002008,2019-07-03
002010,2019-07-03
002024,2019-07-03
002027,2019-07-03
002032,2019-07-03
002044,2019-07-03
002050,2019-07-03
002065,2019-07-03
002081,2019-07-03
002120,2019-07-03
002142,2019-07-03
002146,2019-07-03
002153,2019-07-03
002179,2019-07-03
002202,2019-07-03
002230,2019-07-03
002236,2019-07-03
002241,2019-07-03
002252,2019-07-03
002271,2019-07-03
002294,2019-07-03
002304,2019-07-03
002310,2019-07-03
002311,2019-07-03
002352,2019-07-03
002410,2019-07-03
002411,2019-07-03
002415,2019-07-03
002422,2019-07-03
002456,2019-07-03
002460,2019-07-03
002466,2019-07-03
002468,2019-07-03
002475,2019-07-03
002493,2019-07-03
002508,2019-07-03
002555,2019-07-03
002558,2019-07-03
002594,2019-07-03
002601,2019-07-03
002602,2019-07-03
002624,2019-07-03
002625,2019-07-03
002673,2019-07-03
002714,2019-07-03
002736,2019-07-03
002739,2019-07-03
002773,2019-07-03
002925,2019-07-03
002938,2019-07-03
002939,2019-07-03
002945,2019-07-03
300003,2019-07-03
300015,2019-07-03
300017,2019-07-03
300024,2019-07-03
300033,2019-07-03
300059,2019-07-03
300070,2019-07-03
300072,2019-07-03
300122,2019-07-03
300124,2019-07-03
300136,2019-07-03
300142,2019-07-03
300144,2019-07-03
300251,2019-07-03
300296,2019-07-03
300408,2019-07-03
300413,2019-07-03
300433,2019-07-03
300498,2019-07-03
600000,2019-07-28
600004,2019-07-28
600009,2019-07-28
600010,2019-07-28
600011,2019-07-28
600015,2019-07-28
600016,2019-07-28
600018,2019-07-28
600019,2019-07-28
600023,2019-07-28
600025,2019-07-28
600027,2019-07-28
600028,2019-07-28
600029,2019-07-28
600030,2019-07-28
600031,2019-07-28
600036,2019-07-28
600038,2019-07-28
600048,2019-07-28
600050,2019-07-28
600061,2019-07-28
600066,2019-07-28
600068,2019-07-28
600085,2019-07-28
600089,2019-07-28
600100,2019-07-28
600104,2019-07-28
600109,2019-07-28
600111,2019-07-28
600115,2019-07-28
600118,2019-07-28
600153,2019-07-28
600170,2019-07-28
600176,2019-07-28
600177,2019-07-28
600188,2019-07-28
600196,2019-07-28
600208,2019-07-28
600219,2019-07-28
600221,2019-07-28
600233,2019-07-28
600271,2019-07-28
600276,2019-07-28
600297,2019-07-28
600299,2019-07-28
600309,2019-07-28
600332,2019-07-28
600339,2019-07-28
600340,2019-07-28
600346,2019-07-28
600352,2019-07-28
600362,2019-07-28
600369,2019-07-28
600372,2019-07-28
600383,2019-07-28
600390,2019-07-28
600398,2019-07-28
600406,2019-07-28
600415,2019-07-28
600436,2019-07-28
600438,2019-07-28
600482,2019-07-28
600487,2019-07-28
600489,2019-07-28
600498,2019-07-28
600516,2019-07-28
600519,2019-07-28
600522,2019-07-28
600535,2019-07-28
600547,2019-07-28
600566,2019-07-28
600570,2019-07-28
600583,2019-07-28
600585,2019-07-28
600588,2019-07-28
600606,2019-07-28
600637,2019-07-28
600660,2019-07-28
600663,2019-07-28
600674,2019-07-28
600688,2019-07-28
600690,2019-07-28
600703,2019-07-28
600704,2019-07-28
600705,2019-07-28
600733,2019-07-28
600741,2019-07-28
600760,2019-07-28
600795,2019-07-28
600809,2019-07-28
600816,2019-07-28
600837,2019-07-28
600867,2019-07-28
600886,2019-07-28
600887,2019-07-28
600893,2019-07-28
600900,2019-07-28
600919,2019-07-28
600926,2019-07-28
600958,2019-07-28
600977,2019-07-28
600998,2019-07-28
600999,2019-07-28
601006,2019-07-28
601009,2019-07-28
601012,2019-07-28
601018,2019-07-28
601021,2019-07-28
601066,2019-07-28
601088,2019-07-28
601108,2019-07-28
601111,2019-07-28
601117,2019-07-28
601138,2019-07-28
601155,2019-07-28
601162,2019-07-28
601166,2019-07-28
601169,2019-07-28
601186,2019-07-28
601198,2019-07-28
601211,2019-07-28
601212,2019-07-28
601216,2019-07-28
601225,2019-07-28
601228,2019-07-28
601229,2019-07-28
601238,2019-07-28
601288,2019-07-28
601298,2019-07-28
601318,2019-07-28
601319,2019-07-28
601328,2019-07-28
601336,2019-07-28
601360,2019-07-28
601377,2019-07-28
601390,2019-07-28
601398,2019-07-28
601555,2019-07-28
601577,2019-07-28
601600,2019-07-28
601601,2019-07-28
601607,2019-07-28
601618,2019-07-28
601628,2019-07-28
601633,2019-07-28
601668,2019-07-28
601669,2019-07-28
601688,2019-07-28
601727,2019-07-28
601766,2019-07-28
601788,2019-07-28
601800,2019-07-28
601808,2019-07-28
601818,2019-07-28
601828,2019-07-28
601838,2019-07-28
601857,2019-07-28
601877,2019-07-28
601878,2019-07-28
601881,2019-07-28
601888,2019-07-28
601898,2019-07-28
601899,2019-07-28
601901,2019-07-28
601919,2019-07-28
601933,2019-07-28
601939,2019-07-28
601985,2019-07-28
601988,2019-07-28
601989,2019-07-28
601992,2019-07-28
601997,2019-07-28
601998,2019-07-28
603019,2019-07-28
603156,2019-07-28
603160,2019-07-28
603259,2019-07-28
603260,2019-07-28
603288,2019-07-28
603799,2019-07-28
603833,2019-07-28
603858,2019-07-28
603986,2019-07-28
603993,2019-07-28
000001,2019-07-28
000002,2019-07-28
000063,2019-07-28
000069,2019-07-28
000100,2019-07-28
000157,2019-07-28
000166,2019-07-28
000333,2019-07-28
000338,2019-07-28
000402,2019-07-28
000408,2019-07-28
000413,2019-07-28
000415,2019-07-28
000423,2019-07-28
000425,2019-07-28
000538,2019-07-28
000553,2019-07-28
000568,2019-07-28
000596,2019-07-28
000625,2019-07-28
000627,2019-07-28
000629,2019-07-28
000630,2019-07-28
000651,2019-07-28
000656,2019-07-28
000661,2019-07-28
000671,2019-07-28
000703,2019-07-28
000709,2019-07-28
000725,2019-07-28
000728,2019-07-28
000768,2019-07-28
000776,2019-07-28
000783,2019-07-28
000786,2019-07-28
000858,2019-07-28
000876,2019-07-28
000895,2019-07-28
000898,2019-07-28
000938,2019-07-28
000961,2019-07-28
000963,2019-07-28
001979,2019-07-28
002001,2019-07-28
002007,2019-07-28
002008,2019-07-28
002010,2019-07-28
002024,2019-07-28
002027,2019-07-28
002032,2019-07-28
002044,2019-07-28
002050,2019-07-28
002065,2019-07-28
002081,2019-07-28
002120,2019-07-28
002142,2019-07-28
002146,2019-07-28
002153,2019-07-28
002179,2019-07-28
002202,2019-07-28
002230,2019-07-28
002236,2019-07-28
002241,2019-07-28
002252,2019-07-28
002271,2019-07-28
002294,2019-07-28
002304,2019-07-28
002310,2019-07-28
002311,2019-07-28
002352,2019-07-28
002410,2019-07-28
002411,2019-07-28
002415,2019-07-28
002422,2019-07-28
002456,2019-07-28
002460,2019-07-28
002466,2019-07-28
002468,2019-07-28
002475,2019-07-28
002493,2019-07-28
002508,2019-07-28
002555,2019-07-28
002558,2019-07-28
002594,2019-07-28
002601,2019-07-28
002602,2019-07-28
002624,2019-07-28
002625,2019-07-28
002673,2019-07-28
002714,2019-07-28
002736,2019-07-28
002739,2019-07-28
002773,2019-07-28
002925,2019-07-28
002938,2019-07-28
002939,2019-07-28
002945,2019-07-28
300003,2019-07-28
300015,2019-07-28
300017,2019-07-28
300024,2019-07-28
300033,2019-07-28
300059,2019-07-28
300070,2019-07-28
300072,2019-07-28
300122,2019-07-28
300124,2019-07-28
300136,2019-07-28
300142,2019-07-28
300144,2019-07-28
300251,2019-07-28
300296,2019-07-28
300408,2019-07-28
300413,2019-07-28
300433,2019-07-28
300498,2019-07-28
600000,2020-01-01
600004,2020-01-01
600009,2020-01-01
600010,2020-01-01
600011,2020-01-01
600015,2020-01-01
600016,2020-01-01
600018,2020-01-01
600019,2020-01-01
600023,2020-01-01
600025,2020-01-01
600027,2020-01-01
600028,2020-01-01
600029,2020-01-01
600030,2020-01-01
600031,2020-01-01
600036,2020-01-01
600038,2020-01-01
600048,2020-01-01
600050,2020-01-01
600061,2020-01-01
600066,2020-01-01
600068,2020-01-01
600085,2020-01-01
600089,2020-01-01
600100,2020-01-01
600104,2020-01-01
600109,2020-01-01
600111,2020-01-01
600115,2020-01-01
600118,2020-01-01
600153,2020-01-01
600170,2020-01-01
600176,2020-01-01
600177,2020-01-01
600183,2020-01-01
600188,2020-01-01
600196,2020-01-01
600208,2020-01-01
600219,2020-01-01
600221,2020-01-01
600233,2020-01-01
600271,2020-01-01
600276,2020-01-01
600297,2020-01-01
600299,2020-01-01
600309,2020-01-01
600332,2020-01-01
600340,2020-01-01
600346,2020-01-01
600352,2020-01-01
600362,2020-01-01
600369,2020-01-01
600372,2020-01-01
600383,2020-01-01
600390,2020-01-01
600398,2020-01-01
600406,2020-01-01
600436,2020-01-01
600438,2020-01-01
600482,2020-01-01
600487,2020-01-01
600489,2020-01-01
600498,2020-01-01
600516,2020-01-01
600519,2020-01-01
600522,2020-01-01
600535,2020-01-01
600547,2020-01-01
600566,2020-01-01
600570,2020-01-01
600583,2020-01-01
600585,2020-01-01
600588,2020-01-01
600606,2020-01-01
600637,2020-01-01
600655,2020-01-01
600660,2020-01-01
600663,2020-01-01
600674,2020-01-01
600690,2020-01-01
600703,2020-01-01
600705,2020-01-01
600733,2020-01-01
600741,2020-01-01
600760,2020-01-01
600795,2020-01-01
600809,2020-01-01
600816,2020-01-01
600837,2020-01-01
600848,2020-01-01
600867,2020-01-01
600886,2020-01-01
600887,2020-01-01
600893,2020-01-01
600900,2020-01-01
600919,2020-01-01
600926,2020-01-01
600928,2020-01-01
600958,2020-01-01
600968,2020-01-01
600977,2020-01-01
600989,2020-01-01
600998,2020-01-01
600999,2020-01-01
601006,2020-01-01
601009,2020-01-01
601012,2020-01-01
601018,2020-01-01
601021,2020-01-01
601066,2020-01-01
601088,2020-01-01
601108,2020-01-01
601111,2020-01-01
601117,2020-01-01
601138,2020-01-01
601155,2020-01-01
601162,2020-01-01
601166,2020-01-01
601169,2020-01-01
601186,2020-01-01
601198,2020-01-01
601211,2020-01-01
601212,2020-01-01
601216,2020-01-01
601225,2020-01-01
601229,2020-01-01
601236,2020-01-01
601238,2020-01-01
601288,2020-01-01
601298,2020-01-01
601318,2020-01-01
601319,2020-01-01
601328,2020-01-01
601336,2020-01-01
601360,2020-01-01
601377,2020-01-01
601390,2020-01-01
601398,2020-01-01
601555,2020-01-01
601577,2020-01-01
601600,2020-01-01
601601,2020-01-01
601607,2020-01-01
601618,2020-01-01
601628,2020-01-01
601633,2020-01-01
601668,2020-01-01
601669,2020-01-01
601688,2020-01-01
601698,2020-01-01
601727,2020-01-01
601766,2020-01-01
601788,2020-01-01
601800,2020-01-01
601808,2020-01-01
601818,2020-01-01
601828,2020-01-01
601838,2020-01-01
601857,2020-01-01
601877,2020-01-01
601878,2020-01-01
601881,2020-01-01
601888,2020-01-01
601898,2020-01-01
601899,2020-01-01
601901,2020-01-01
601919,2020-01-01
601933,2020-01-01
601939,2020-01-01
601985,2020-01-01
601988,2020-01-01
601989,2020-01-01
601992,2020-01-01
601997,2020-01-01
601998,2020-01-01
603019,2020-01-01
603156,2020-01-01
603160,2020-01-01
603259,2020-01-01
603260,2020-01-01
603288,2020-01-01
603501,2020-01-01
603799,2020-01-01
603833,2020-01-01
603899,2020-01-01
603986,2020-01-01
603993,2020-01-01
000001,2020-01-01
000002,2020-01-01
000063,2020-01-01
000069,2020-01-01
000100,2020-01-01
000157,2020-01-01
000166,2020-01-01
000333,2020-01-01
000338,2020-01-01
000413,2020-01-01
000415,2020-01-01
000423,2020-01-01
000425,2020-01-01
000538,2020-01-01
000568,2020-01-01
000596,2020-01-01
000625,2020-01-01
000627,2020-01-01
000629,2020-01-01
000630,2020-01-01
000651,2020-01-01
000656,2020-01-01
000661,2020-01-01
000671,2020-01-01
000703,2020-01-01
000709,2020-01-01
000723,2020-01-01
000725,2020-01-01
000728,2020-01-01
000768,2020-01-01
000776,2020-01-01
000783,2020-01-01
000786,2020-01-01
000858,2020-01-01
000876,2020-01-01
000895,2020-01-01
000898,2020-01-01
000938,2020-01-01
000961,2020-01-01
000963,2020-01-01
001979,2020-01-01
002001,2020-01-01
002007,2020-01-01
002008,2020-01-01
002010,2020-01-01
002024,2020-01-01
002027,2020-01-01
002032,2020-01-01
002044,2020-01-01
002050,2020-01-01
002081,2020-01-01
002120,2020-01-01
002142,2020-01-01
002146,2020-01-01
002153,2020-01-01
002179,2020-01-01
002202,2020-01-01
002230,2020-01-01
002236,2020-01-01
002241,2020-01-01
002252,2020-01-01
002271,2020-01-01
002294,2020-01-01
002304,2020-01-01
002311,2020-01-01
002352,2020-01-01
002410,2020-01-01
002411,2020-01-01
002415,2020-01-01
002422,2020-01-01
002456,2020-01-01
002460,2020-01-01
002466,2020-01-01
002468,2020-01-01
002475,2020-01-01
002493,2020-01-01
002508,2020-01-01
002555,2020-01-01
002558,2020-01-01
002594,2020-01-01
002601,2020-01-01
002602,2020-01-01
002607,2020-01-01
002624,2020-01-01
002673,2020-01-01
002714,2020-01-01
002736,2020-01-01
002739,2020-01-01
002773,2020-01-01
002841,2020-01-01
002916,2020-01-01
002938,2020-01-01
002939,2020-01-01
002945,2020-01-01
002958,2020-01-01
300003,2020-01-01
300015,2020-01-01
300017,2020-01-01
300024,2020-01-01
300033,2020-01-01
300059,2020-01-01
300070,2020-01-01
300122,2020-01-01
300124,2020-01-01
300136,2020-01-01
300142,2020-01-01
300144,2020-01-01
300347,2020-01-01
300408,2020-01-01
300413,2020-01-01
300433,2020-01-01
300498,2020-01-01
600000,2020-01-02
600004,2020-01-02
600009,2020-01-02
600010,2020-01-02
600011,2020-01-02
600015,2020-01-02
600016,2020-01-02
600018,2020-01-02
600019,2020-01-02
600023,2020-01-02
600025,2020-01-02
600027,2020-01-02
600028,2020-01-02
600029,2020-01-02
600030,2020-01-02
600031,2020-01-02
600036,2020-01-02
600038,2020-01-02
600048,2020-01-02
600050,2020-01-02
600061,2020-01-02
600066,2020-01-02
600068,2020-01-02
600085,2020-01-02
600089,2020-01-02
600100,2020-01-02
600104,2020-01-02
600109,2020-01-02
600111,2020-01-02
600115,2020-01-02
600118,2020-01-02
600153,2020-01-02
600170,2020-01-02
600176,2020-01-02
600177,2020-01-02
600183,2020-01-02
600188,2020-01-02
600196,2020-01-02
600208,2020-01-02
600219,2020-01-02
600221,2020-01-02
600233,2020-01-02
600271,2020-01-02
600276,2020-01-02
600297,2020-01-02
600299,2020-01-02
600309,2020-01-02
600332,2020-01-02
600340,2020-01-02
600346,2020-01-02
600352,2020-01-02
600362,2020-01-02
600369,2020-01-02
600372,2020-01-02
600383,2020-01-02
600390,2020-01-02
600398,2020-01-02
600406,2020-01-02
600436,2020-01-02
600438,2020-01-02
600482,2020-01-02
600487,2020-01-02
600489,2020-01-02
600498,2020-01-02
600516,2020-01-02
600519,2020-01-02
600522,2020-01-02
600535,2020-01-02
600547,2020-01-02
600566,2020-01-02
600570,2020-01-02
600583,2020-01-02
600585,2020-01-02
600588,2020-01-02
600606,2020-01-02
600637,2020-01-02
600655,2020-01-02
600660,2020-01-02
600663,2020-01-02
600674,2020-01-02
600690,2020-01-02
600703,2020-01-02
600705,2020-01-02
600733,2020-01-02
600741,2020-01-02
600760,2020-01-02
600795,2020-01-02
600809,2020-01-02
600816,2020-01-02
600837,2020-01-02
600848,2020-01-02
600867,2020-01-02
600886,2020-01-02
600887,2020-01-02
600893,2020-01-02
600900,2020-01-02
600919,2020-01-02
600926,2020-01-02
600928,2020-01-02
600958,2020-01-02
600968,2020-01-02
600977,2020-01-02
600989,2020-01-02
600998,2020-01-02
600999,2020-01-02
601006,2020-01-02
601009,2020-01-02
601012,2020-01-02
601018,2020-01-02
601021,2020-01-02
601066,2020-01-02
601088,2020-01-02
601108,2020-01-02
601111,2020-01-02
601117,2020-01-02
601138,2020-01-02
601155,2020-01-02
601162,2020-01-02
601166,2020-01-02
601169,2020-01-02
601186,2020-01-02
601198,2020-01-02
601211,2020-01-02
601212,2020-01-02
601216,2020-01-02
601225,2020-01-02
601229,2020-01-02
601236,2020-01-02
601238,2020-01-02
601288,2020-01-02
601298,2020-01-02
601318,2020-01-02
601319,2020-01-02
601328,2020-01-02
601336,2020-01-02
601360,2020-01-02
601377,2020-01-02
601390,2020-01-02
601398,2020-01-02
601555,2020-01-02
601577,2020-01-02
601600,2020-01-02
601601,2020-01-02
601607,2020-01-02
601618,2020-01-02
601628,2020-01-02
601633,2020-01-02
601668,2020-01-02
601669,2020-01-02
601688,2020-01-02
601698,2020-01-02
601727,2020-01-02
601766,2020-01-02
601788,2020-01-02
601800,2020-01-02
601808,2020-01-02
601818,2020-01-02
601828,2020-01-02
601838,2020-01-02
601857,2020-01-02
601877,2020-01-02
601878,2020-01-02
601881,2020-01-02
601888,2020-01-02
601898,2020-01-02
601899,2020-01-02
601901,2020-01-02
601919,2020-01-02
601933,2020-01-02
601939,2020-01-02
601985,2020-01-02
601988,2020-01-02
601989,2020-01-02
601992,2020-01-02
601997,2020-01-02
601998,2020-01-02
603019,2020-01-02
603156,2020-01-02
603160,2020-01-02
603259,2020-01-02
603260,2020-01-02
603288,2020-01-02
603501,2020-01-02
603799,2020-01-02
603833,2020-01-02
603899,2020-01-02
603986,2020-01-02
603993,2020-01-02
000001,2020-01-02
000002,2020-01-02
000063,2020-01-02
000069,2020-01-02
000100,2020-01-02
000157,2020-01-02
000166,2020-01-02
000333,2020-01-02
000338,2020-01-02
000413,2020-01-02
000415,2020-01-02
000423,2020-01-02
000425,2020-01-02
000538,2020-01-02
000568,2020-01-02
000596,2020-01-02
000625,2020-01-02
000627,2020-01-02
000629,2020-01-02
000630,2020-01-02
000651,2020-01-02
000656,2020-01-02
000661,2020-01-02
000671,2020-01-02
000703,2020-01-02
000709,2020-01-02
000723,2020-01-02
000725,2020-01-02
000728,2020-01-02
000768,2020-01-02
000776,2020-01-02
000783,2020-01-02
000786,2020-01-02
000858,2020-01-02
000876,2020-01-02
000895,2020-01-02
000898,2020-01-02
000938,2020-01-02
000961,2020-01-02
000963,2020-01-02
001979,2020-01-02
002001,2020-01-02
002007,2020-01-02
002008,2020-01-02
002010,2020-01-02
002024,2020-01-02
002027,2020-01-02
002032,2020-01-02
002044,2020-01-02
002050,2020-01-02
002081,2020-01-02
002120,2020-01-02
002142,2020-01-02
002146,2020-01-02
002153,2020-01-02
002179,2020-01-02
002202,2020-01-02
002230,2020-01-02
002236,2020-01-02
002241,2020-01-02
002252,2020-01-02
002271,2020-01-02
002294,2020-01-02
002304,2020-01-02
002311,2020-01-02
002352,2020-01-02
002410,2020-01-02
002411,2020-01-02
002415,2020-01-02
002422,2020-01-02
002456,2020-01-02
002460,2020-01-02
002466,2020-01-02
002468,2020-01-02
002475,2020-01-02
002493,2020-01-02
002508,2020-01-02
002555,2020-01-02
002558,2020-01-02
002594,2020-01-02
002601,2020-01-02
002602,2020-01-02
002607,2020-01-02
002624,2020-01-02
002673,2020-01-02
002714,2020-01-02
002736,2020-01-02
002739,2020-01-02
002773,2020-01-02
002841,2020-01-02
002916,2020-01-02
002938,2020-01-02
002939,2020-01-02
002945,2020-01-02
002958,2020-01-02
300003,2020-01-02
300015,2020-01-02
300017,2020-01-02
300024,2020-01-02
300033,2020-01-02
300059,2020-01-02
300070,2020-01-02
300122,2020-01-02
300124,2020-01-02
300136,2020-01-02
300142,2020-01-02
300144,2020-01-02
300347,2020-01-02
300408,2020-01-02
300413,2020-01-02
300433,2020-01-02
300498,2020-01-02
600000,2020-01-03
600004,2020-01-03
600009,2020-01-03
600010,2020-01-03
600011,2020-01-03
600015,2020-01-03
600016,2020-01-03
600018,2020-01-03
600019,2020-01-03
600023,2020-01-03
600025,2020-01-03
600027,2020-01-03
600028,2020-01-03
600029,2020-01-03
600030,2020-01-03
600031,2020-01-03
600036,2020-01-03
600038,2020-01-03
600048,2020-01-03
600050,2020-01-03
600061,2020-01-03
600066,2020-01-03
600068,2020-01-03
600085,2020-01-03
600089,2020-01-03
600100,2020-01-03
600104,2020-01-03
600109,2020-01-03
600111,2020-01-03
600115,2020-01-03
600118,2020-01-03
600153,2020-01-03
600170,2020-01-03
600176,2020-01-03
600177,2020-01-03
600183,2020-01-03
600188,2020-01-03
600196,2020-01-03
600208,2020-01-03
600219,2020-01-03
600221,2020-01-03
600233,2020-01-03
600271,2020-01-03
600276,2020-01-03
600297,2020-01-03
600299,2020-01-03
600309,2020-01-03
600332,2020-01-03
600340,2020-01-03
600346,2020-01-03
600352,2020-01-03
600362,2020-01-03
600369,2020-01-03
600372,2020-01-03
600383,2020-01-03
600390,2020-01-03
600398,2020-01-03
600406,2020-01-03
600436,2020-01-03
600438,2020-01-03
600482,2020-01-03
600487,2020-01-03
600489,2020-01-03
600498,2020-01-03
600516,2020-01-03
600519,2020-01-03
600522,2020-01-03
600535,2020-01-03
600547,2020-01-03
600566,2020-01-03
600570,2020-01-03
600583,2020-01-03
600585,2020-01-03
600588,2020-01-03
600606,2020-01-03
600637,2020-01-03
600655,2020-01-03
600660,2020-01-03
600663,2020-01-03
600674,2020-01-03
600690,2020-01-03
600703,2020-01-03
600705,2020-01-03
600733,2020-01-03
600741,2020-01-03
600760,2020-01-03
600795,2020-01-03
600809,2020-01-03
600816,2020-01-03
600837,2020-01-03
600848,2020-01-03
600867,2020-01-03
600886,2020-01-03
600887,2020-01-03
600893,2020-01-03
600900,2020-01-03
600919,2020-01-03
600926,2020-01-03
600928,2020-01-03
600958,2020-01-03
600968,2020-01-03
600977,2020-01-03
600989,2020-01-03
600998,2020-01-03
600999,2020-01-03
601006,2020-01-03
601009,2020-01-03
601012,2020-01-03
601018,2020-01-03
601021,2020-01-03
601066,2020-01-03
601088,2020-01-03
601108,2020-01-03
601111,2020-01-03
601117,2020-01-03
601138,2020-01-03
601155,2020-01-03
601162,2020-01-03
601166,2020-01-03
601169,2020-01-03
601186,2020-01-03
601198,2020-01-03
601211,2020-01-03
601212,2020-01-03
601216,2020-01-03
601225,2020-01-03
601229,2020-01-03
601236,2020-01-03
601238,2020-01-03
601288,2020-01-03
601298,2020-01-03
601318,2020-01-03
601319,2020-01-03
601328,2020-01-03
601336,2020-01-03
601360,2020-01-03
601377,2020-01-03
601390,2020-01-03
601398,2020-01-03
601555,2020-01-03
601577,2020-01-03
601600,2020-01-03
601601,2020-01-03
601607,2020-01-03
601618,2020-01-03
601628,2020-01-03
601633,2020-01-03
601668,2020-01-03
601669,2020-01-03
601688,2020-01-03
601698,2020-01-03
601727,2020-01-03
601766,2020-01-03
601788,2020-01-03
601800,2020-01-03
601808,2020-01-03
601818,2020-01-03
601828,2020-01-03
601838,2020-01-03
601857,2020-01-03
601877,2020-01-03
601878,2020-01-03
601881,2020-01-03
601888,2020-01-03
601898,2020-01-03
601899,2020-01-03
601901,2020-01-03
601919,2020-01-03
601933,2020-01-03
601939,2020-01-03
601985,2020-01-03
601988,2020-01-03
601989,2020-01-03
601992,2020-01-03
601997,2020-01-03
601998,2020-01-03
603019,2020-01-03
603156,2020-01-03
603160,2020-01-03
603259,2020-01-03
603260,2020-01-03
603288,2020-01-03
603501,2020-01-03
603799,2020-01-03
603833,2020-01-03
603899,2020-01-03
603986,2020-01-03
603993,2020-01-03
000001,2020-01-03
000002,2020-01-03
000063,2020-01-03
000069,2020-01-03
000100,2020-01-03
000157,2020-01-03
000166,2020-01-03
000333,2020-01-03
000338,2020-01-03
000413,2020-01-03
000415,2020-01-03
000423,2020-01-03
000425,2020-01-03
000538,2020-01-03
000568,2020-01-03
000596,2020-01-03
000625,2020-01-03
000627,2020-01-03
000629,2020-01-03
000630,2020-01-03
000651,2020-01-03
000656,2020-01-03
000661,2020-01-03
000671,2020-01-03
000703,2020-01-03
000709,2020-01-03
000723,2020-01-03
000725,2020-01-03
000728,2020-01-03
000768,2020-01-03
000776,2020-01-03
000783,2020-01-03
000786,2020-01-03
000858,2020-01-03
000876,2020-01-03
000895,2020-01-03
000898,2020-01-03
000938,2020-01-03
000961,2020-01-03
000963,2020-01-03
001979,2020-01-03
002001,2020-01-03
002007,2020-01-03
002008,2020-01-03
002010,2020-01-03
002024,2020-01-03
002027,2020-01-03
002032,2020-01-03
002044,2020-01-03
002050,2020-01-03
002081,2020-01-03
002120,2020-01-03
002142,2020-01-03
002146,2020-01-03
002153,2020-01-03
002179,2020-01-03
002202,2020-01-03
002230,2020-01-03
002236,2020-01-03
002241,2020-01-03
002252,2020-01-03
002271,2020-01-03
002294,2020-01-03
002304,2020-01-03
002311,2020-01-03
002352,2020-01-03
002410,2020-01-03
002411,2020-01-03
002415,2020-01-03
002422,2020-01-03
002456,2020-01-03
002460,2020-01-03
002466,2020-01-03
002468,2020-01-03
002475,2020-01-03
002493,2020-01-03
002508,2020-01-03
002555,2020-01-03
002558,2020-01-03
002594,2020-01-03
002601,2020-01-03
002602,2020-01-03
002607,2020-01-03
002624,2020-01-03
002673,2020-01-03
002714,2020-01-03
002736,2020-01-03
002739,2020-01-03
002773,2020-01-03
002841,2020-01-03
002916,2020-01-03
002938,2020-01-03
002939,2020-01-03
002945,2020-01-03
002958,2020-01-03
300003,2020-01-03
300015,2020-01-03
300017,2020-01-03
300024,2020-01-03
300033,2020-01-03
300059,2020-01-03
300070,2020-01-03
300122,2020-01-03
300124,2020-01-03
300136,2020-01-03
300142,2020-01-03
300144,2020-01-03
300347,2020-01-03
300408,2020-01-03
300413,2020-01-03
300433,2020-01-03
300498,2020-01-03
600000,2020-01-28
600004,2020-01-28
600009,2020-01-28
600010,2020-01-28
600011,2020-01-28
600015,2020-01-28
600016,2020-01-28
600018,2020-01-28
600019,2020-01-28
600023,2020-01-28
600025,2020-01-28
600027,2020-01-28
600028,2020-01-28
600029,2020-01-28
600030,2020-01-28
600031,2020-01-28
600036,2020-01-28
600038,2020-01-28
600048,2020-01-28
600050,2020-01-28
600061,2020-01-28
600066,2020-01-28
600068,2020-01-28
600085,2020-01-28
600089,2020-01-28
600100,2020-01-28
600104,2020-01-28
600109,2020-01-28
600111,2020-01-28
600115,2020-01-28
600118,2020-01-28
600153,2020-01-28
600170,2020-01-28
600176,2020-01-28
600177,2020-01-28
600183,2020-01-28
600188,2020-01-28
600196,2020-01-28
600208,2020-01-28
600219,2020-01-28
600221,2020-01-28
600233,2020-01-28
600271,2020-01-28
600276,2020-01-28
600297,2020-01-28
600299,2020-01-28
600309,2020-01-28
600332,2020-01-28
600340,2020-01-28
600346,2020-01-28
600352,2020-01-28
600362,2020-01-28
600369,2020-01-28
600372,2020-01-28
600383,2020-01-28
600390,2020-01-28
600398,2020-01-28
600406,2020-01-28
600436,2020-01-28
600438,2020-01-28
600482,2020-01-28
600487,2020-01-28
600489,2020-01-28
600498,2020-01-28
600516,2020-01-28
600519,2020-01-28
600522,2020-01-28
600535,2020-01-28
600547,2020-01-28
600566,2020-01-28
600570,2020-01-28
600583,2020-01-28
600585,2020-01-28
600588,2020-01-28
600606,2020-01-28
600637,2020-01-28
600655,2020-01-28
600660,2020-01-28
600663,2020-01-28
600674,2020-01-28
600690,2020-01-28
600703,2020-01-28
600705,2020-01-28
600733,2020-01-28
600741,2020-01-28
600760,2020-01-28
600795,2020-01-28
600809,2020-01-28
600816,2020-01-28
600837,2020-01-28
600848,2020-01-28
600867,2020-01-28
600886,2020-01-28
600887,2020-01-28
600893,2020-01-28
600900,2020-01-28
600919,2020-01-28
600926,2020-01-28
600928,2020-01-28
600958,2020-01-28
600968,2020-01-28
600977,2020-01-28
600989,2020-01-28
600998,2020-01-28
600999,2020-01-28
601006,2020-01-28
601009,2020-01-28
601012,2020-01-28
601018,2020-01-28
601021,2020-01-28
601066,2020-01-28
601088,2020-01-28
601108,2020-01-28
601111,2020-01-28
601117,2020-01-28
601138,2020-01-28
601155,2020-01-28
601162,2020-01-28
601166,2020-01-28
601169,2020-01-28
601186,2020-01-28
601198,2020-01-28
601211,2020-01-28
601212,2020-01-28
601216,2020-01-28
601225,2020-01-28
601229,2020-01-28
601236,2020-01-28
601238,2020-01-28
601288,2020-01-28
601298,2020-01-28
601318,2020-01-28
601319,2020-01-28
601328,2020-01-28
601336,2020-01-28
601360,2020-01-28
601377,2020-01-28
601390,2020-01-28
601398,2020-01-28
601555,2020-01-28
601577,2020-01-28
601600,2020-01-28
601601,2020-01-28
601607,2020-01-28
601618,2020-01-28
601628,2020-01-28
601633,2020-01-28
601668,2020-01-28
601669,2020-01-28
601688,2020-01-28
601698,2020-01-28
601727,2020-01-28
601766,2020-01-28
601788,2020-01-28
601800,2020-01-28
601808,2020-01-28
601818,2020-01-28
601828,2020-01-28
601838,2020-01-28
601857,2020-01-28
601877,2020-01-28
601878,2020-01-28
601881,2020-01-28
601888,2020-01-28
601898,2020-01-28
601899,2020-01-28
601901,2020-01-28
601919,2020-01-28
601933,2020-01-28
601939,2020-01-28
601985,2020-01-28
601988,2020-01-28
601989,2020-01-28
601992,2020-01-28
601997,2020-01-28
601998,2020-01-28
603019,2020-01-28
603156,2020-01-28
603160,2020-01-28
603259,2020-01-28
603260,2020-01-28
603288,2020-01-28
603501,2020-01-28
603799,2020-01-28
603833,2020-01-28
603899,2020-01-28
603986,2020-01-28
603993,2020-01-28
000001,2020-01-28
000002,2020-01-28
000063,2020-01-28
000069,2020-01-28
000100,2020-01-28
000157,2020-01-28
000166,2020-01-28
000333,2020-01-28
000338,2020-01-28
000413,2020-01-28
000415,2020-01-28
000423,2020-01-28
000425,2020-01-28
000538,2020-01-28
000568,2020-01-28
000596,2020-01-28
000625,2020-01-28
000627,2020-01-28
000629,2020-01-28
000630,2020-01-28
000651,2020-01-28
000656,2020-01-28
000661,2020-01-28
000671,2020-01-28
000703,2020-01-28
000709,2020-01-28
000723,2020-01-28
000725,2020-01-28
000728,2020-01-28
000768,2020-01-28
000776,2020-01-28
000783,2020-01-28
000786,2020-01-28
000858,2020-01-28
000876,2020-01-28
000895,2020-01-28
000898,2020-01-28
000938,2020-01-28
000961,2020-01-28
000963,2020-01-28
001979,2020-01-28
002001,2020-01-28
002007,2020-01-28
002008,2020-01-28
002010,2020-01-28
002024,2020-01-28
002027,2020-01-28
002032,2020-01-28
002044,2020-01-28
002050,2020-01-28
002081,2020-01-28
002120,2020-01-28
002142,2020-01-28
002146,2020-01-28
002153,2020-01-28
002179,2020-01-28
002202,2020-01-28
002230,2020-01-28
002236,2020-01-28
002241,2020-01-28
002252,2020-01-28
002271,2020-01-28
002294,2020-01-28
002304,2020-01-28
002311,2020-01-28
002352,2020-01-28
002410,2020-01-28
002411,2020-01-28
002415,2020-01-28
002422,2020-01-28
002456,2020-01-28
002460,2020-01-28
002466,2020-01-28
002468,2020-01-28
002475,2020-01-28
002493,2020-01-28
002508,2020-01-28
002555,2020-01-28
002558,2020-01-28
002594,2020-01-28
002601,2020-01-28
002602,2020-01-28
002607,2020-01-28
002624,2020-01-28
002673,2020-01-28
002714,2020-01-28
002736,2020-01-28
002739,2020-01-28
002773,2020-01-28
002841,2020-01-28
002916,2020-01-28
002938,2020-01-28
002939,2020-01-28
002945,2020-01-28
002958,2020-01-28
300003,2020-01-28
300015,2020-01-28
300017,2020-01-28
300024,2020-01-28
300033,2020-01-28
300059,2020-01-28
300070,2020-01-28
300122,2020-01-28
300124,2020-01-28
300136,2020-01-28
300142,2020-01-28
300144,2020-01-28
300347,2020-01-28
300408,2020-01-28
300413,2020-01-28
300433,2020-01-28
300498,2020-01-28
600000,2020-07-01
600004,2020-07-01
600009,2020-07-01
600010,2020-07-01
600011,2020-07-01
600015,2020-07-01
600016,2020-07-01
600018,2020-07-01
600019,2020-07-01
600025,2020-07-01
600027,2020-07-01
600028,2020-07-01
600029,2020-07-01
600030,2020-07-01
600031,2020-07-01
600036,2020-07-01
600038,2020-07-01
600048,2020-07-01
600050,2020-07-01
600061,2020-07-01
600066,2020-07-01
600068,2020-07-01
600085,2020-07-01
600089,2020-07-01
600104,2020-07-01
600109,2020-07-01
600111,2020-07-01
600115,2020-07-01
600118,2020-07-01
600170,2020-07-01
600176,2020-07-01
600177,2020-07-01
600183,2020-07-01
600188,2020-07-01
600196,2020-07-01
600208,2020-07-01
600219,2020-07-01
600221,2020-07-01
600233,2020-07-01
600271,2020-07-01
600276,2020-07-01
600297,2020-07-01
600299,2020-07-01
600309,2020-07-01
600332,2020-07-01
600340,2020-07-01
600346,2020-07-01
600352,2020-07-01
600362,2020-07-01
600369,2020-07-01
600372,2020-07-01
600383,2020-07-01
600390,2020-07-01
600398,2020-07-01
600406,2020-07-01
600436,2020-07-01
600438,2020-07-01
600482,2020-07-01
600487,2020-07-01
600489,2020-07-01
600498,2020-07-01
600516,2020-07-01
600519,2020-07-01
600522,2020-07-01
600547,2020-07-01
600570,2020-07-01
600583,2020-07-01
600585,2020-07-01
600588,2020-07-01
600606,2020-07-01
600637,2020-07-01
600655,2020-07-01
600660,2020-07-01
600674,2020-07-01
600690,2020-07-01
600703,2020-07-01
600705,2020-07-01
600741,2020-07-01
600745,2020-07-01
600760,2020-07-01
600795,2020-07-01
600809,2020-07-01
600837,2020-07-01
600848,2020-07-01
600867,2020-07-01
600886,2020-07-01
600887,2020-07-01
600893,2020-07-01
600900,2020-07-01
600919,2020-07-01
600926,2020-07-01
600928,2020-07-01
600958,2020-07-01
600968,2020-07-01
600977,2020-07-01
600989,2020-07-01
600998,2020-07-01
600999,2020-07-01
601006,2020-07-01
601009,2020-07-01
601012,2020-07-01
601018,2020-07-01
601021,2020-07-01
601066,2020-07-01
601077,2020-07-01
601088,2020-07-01
601100,2020-07-01
601108,2020-07-01
601111,2020-07-01
601117,2020-07-01
601138,2020-07-01
601155,2020-07-01
601162,2020-07-01
601166,2020-07-01
601169,2020-07-01
601186,2020-07-01
601198,2020-07-01
601211,2020-07-01
601212,2020-07-01
601216,2020-07-01
601225,2020-07-01
601229,2020-07-01
601231,2020-07-01
601236,2020-07-01
601238,2020-07-01
601288,2020-07-01
601298,2020-07-01
601318,2020-07-01
601319,2020-07-01
601328,2020-07-01
601336,2020-07-01
601360,2020-07-01
601377,2020-07-01
601390,2020-07-01
601398,2020-07-01
601555,2020-07-01
601577,2020-07-01
601600,2020-07-01
601601,2020-07-01
601607,2020-07-01
601618,2020-07-01
601628,2020-07-01
601633,2020-07-01
601658,2020-07-01
601668,2020-07-01
601669,2020-07-01
601688,2020-07-01
601698,2020-07-01
601727,2020-07-01
601766,2020-07-01
601788,2020-07-01
601800,2020-07-01
601808,2020-07-01
601816,2020-07-01
601818,2020-07-01
601828,2020-07-01
601838,2020-07-01
601857,2020-07-01
601877,2020-07-01
601878,2020-07-01
601881,2020-07-01
601888,2020-07-01
601898,2020-07-01
601899,2020-07-01
601901,2020-07-01
601916,2020-07-01
601919,2020-07-01
601933,2020-07-01
601939,2020-07-01
601985,2020-07-01
601988,2020-07-01
601989,2020-07-01
601992,2020-07-01
601997,2020-07-01
601998,2020-07-01
603019,2020-07-01
603156,2020-07-01
603160,2020-07-01
603259,2020-07-01
603260,2020-07-01
603288,2020-07-01
603369,2020-07-01
603501,2020-07-01
603658,2020-07-01
603799,2020-07-01
603833,2020-07-01
603899,2020-07-01
603986,2020-07-01
603993,2020-07-01
000001,2020-07-01
000002,2020-07-01
000063,2020-07-01
000066,2020-07-01
000069,2020-07-01
000100,2020-07-01
000157,2020-07-01
000166,2020-07-01
000333,2020-07-01
000338,2020-07-01
000425,2020-07-01
000538,2020-07-01
000568,2020-07-01
000596,2020-07-01
000625,2020-07-01
000627,2020-07-01
000651,2020-07-01
000656,2020-07-01
000661,2020-07-01
000671,2020-07-01
000703,2020-07-01
000708,2020-07-01
000709,2020-07-01
000723,2020-07-01
000725,2020-07-01
000728,2020-07-01
000768,2020-07-01
000776,2020-07-01
000783,2020-07-01
000786,2020-07-01
000858,2020-07-01
000860,2020-07-01
000876,2020-07-01
000895,2020-07-01
000938,2020-07-01
000961,2020-07-01
000963,2020-07-01
000977,2020-07-01
001979,2020-07-01
002001,2020-07-01
002007,2020-07-01
002008,2020-07-01
002024,2020-07-01
002027,2020-07-01
002032,2020-07-01
002044,2020-07-01
002050,2020-07-01
002120,2020-07-01
002129,2020-07-01
002142,2020-07-01
002146,2020-07-01
002153,2020-07-01
002157,2020-07-01
002179,2020-07-01
002202,2020-07-01
002230,2020-07-01
002236,2020-07-01
002241,2020-07-01
002252,2020-07-01
002271,2020-07-01
002304,2020-07-01
002311,2020-07-01
002352,2020-07-01
002371,2020-07-01
002410,2020-07-01
002415,2020-07-01
002422,2020-07-01
002456,2020-07-01
002460,2020-07-01
002463,2020-07-01
002466,2020-07-01
002468,2020-07-01
002475,2020-07-01
002493,2020-07-01
002508,2020-07-01
002555,2020-07-01
002558,2020-07-01
002594,2020-07-01
002601,2020-07-01
002602,2020-07-01
002607,2020-07-01
002624,2020-07-01
002673,2020-07-01
002714,2020-07-01
002736,2020-07-01
002739,2020-07-01
002773,2020-07-01
002841,2020-07-01
002916,2020-07-01
002938,2020-07-01
002939,2020-07-01
002945,2020-07-01
002958,2020-07-01
003816,2020-07-01
300003,2020-07-01
300014,2020-07-01
300015,2020-07-01
300033,2020-07-01
300059,2020-07-01
300122,2020-07-01
300124,2020-07-01
300136,2020-07-01
300142,2020-07-01
300144,2020-07-01
300347,2020-07-01
300408,2020-07-01
300413,2020-07-01
300433,2020-07-01
300498,2020-07-01
300601,2020-07-01
300628,2020-07-01
600000,2020-07-02
600004,2020-07-02
600009,2020-07-02
600010,2020-07-02
600011,2020-07-02
600015,2020-07-02
600016,2020-07-02
600018,2020-07-02
600019,2020-07-02
600025,2020-07-02
600027,2020-07-02
600028,2020-07-02
600029,2020-07-02
600030,2020-07-02
600031,2020-07-02
600036,2020-07-02
600038,2020-07-02
600048,2020-07-02
600050,2020-07-02
600061,2020-07-02
600066,2020-07-02
600068,2020-07-02
600085,2020-07-02
600089,2020-07-02
600104,2020-07-02
600109,2020-07-02
600111,2020-07-02
600115,2020-07-02
600118,2020-07-02
600170,2020-07-02
600176,2020-07-02
600177,2020-07-02
600183,2020-07-02
600188,2020-07-02
600196,2020-07-02
600208,2020-07-02
600219,2020-07-02
600221,2020-07-02
600233,2020-07-02
600271,2020-07-02
600276,2020-07-02
600297,2020-07-02
600299,2020-07-02
600309,2020-07-02
600332,2020-07-02
600340,2020-07-02
600346,2020-07-02
600352,2020-07-02
600362,2020-07-02
600369,2020-07-02
600372,2020-07-02
600383,2020-07-02
600390,2020-07-02
600398,2020-07-02
600406,2020-07-02
600436,2020-07-02
600438,2020-07-02
600482,2020-07-02
600487,2020-07-02
600489,2020-07-02
600498,2020-07-02
600516,2020-07-02
600519,2020-07-02
600522,2020-07-02
600547,2020-07-02
600570,2020-07-02
600583,2020-07-02
600585,2020-07-02
600588,2020-07-02
600606,2020-07-02
600637,2020-07-02
600655,2020-07-02
600660,2020-07-02
600674,2020-07-02
600690,2020-07-02
600703,2020-07-02
600705,2020-07-02
600741,2020-07-02
600745,2020-07-02
600760,2020-07-02
600795,2020-07-02
600809,2020-07-02
600837,2020-07-02
600848,2020-07-02
600867,2020-07-02
600886,2020-07-02
600887,2020-07-02
600893,2020-07-02
600900,2020-07-02
600919,2020-07-02
600926,2020-07-02
600928,2020-07-02
600958,2020-07-02
600968,2020-07-02
600977,2020-07-02
600989,2020-07-02
600998,2020-07-02
600999,2020-07-02
601006,2020-07-02
601009,2020-07-02
601012,2020-07-02
601018,2020-07-02
601021,2020-07-02
601066,2020-07-02
601077,2020-07-02
601088,2020-07-02
601100,2020-07-02
601108,2020-07-02
601111,2020-07-02
601117,2020-07-02
601138,2020-07-02
601155,2020-07-02
601162,2020-07-02
601166,2020-07-02
601169,2020-07-02
601186,2020-07-02
601198,2020-07-02
601211,2020-07-02
601212,2020-07-02
601216,2020-07-02
601225,2020-07-02
601229,2020-07-02
601231,2020-07-02
601236,2020-07-02
601238,2020-07-02
601288,2020-07-02
601298,2020-07-02
601318,2020-07-02
601319,2020-07-02
601328,2020-07-02
601336,2020-07-02
601360,2020-07-02
601377,2020-07-02
601390,2020-07-02
601398,2020-07-02
601555,2020-07-02
601577,2020-07-02
601600,2020-07-02
601601,2020-07-02
601607,2020-07-02
601618,2020-07-02
601628,2020-07-02
601633,2020-07-02
601658,2020-07-02
601668,2020-07-02
601669,2020-07-02
601688,2020-07-02
601698,2020-07-02
601727,2020-07-02
601766,2020-07-02
601788,2020-07-02
601800,2020-07-02
601808,2020-07-02
601816,2020-07-02
601818,2020-07-02
601828,2020-07-02
601838,2020-07-02
601857,2020-07-02
601877,2020-07-02
601878,2020-07-02
601881,2020-07-02
601888,2020-07-02
601898,2020-07-02
601899,2020-07-02
601901,2020-07-02
601916,2020-07-02
601919,2020-07-02
601933,2020-07-02
601939,2020-07-02
601985,2020-07-02
601988,2020-07-02
601989,2020-07-02
601992,2020-07-02
601997,2020-07-02
601998,2020-07-02
603019,2020-07-02
603156,2020-07-02
603160,2020-07-02
603259,2020-07-02
603260,2020-07-02
603288,2020-07-02
603369,2020-07-02
603501,2020-07-02
603658,2020-07-02
603799,2020-07-02
603833,2020-07-02
603899,2020-07-02
603986,2020-07-02
603993,2020-07-02
000001,2020-07-02
000002,2020-07-02
000063,2020-07-02
000066,2020-07-02
000069,2020-07-02
000100,2020-07-02
000157,2020-07-02
000166,2020-07-02
000333,2020-07-02
000338,2020-07-02
000425,2020-07-02
000538,2020-07-02
000568,2020-07-02
000596,2020-07-02
000625,2020-07-02
000627,2020-07-02
000651,2020-07-02
000656,2020-07-02
000661,2020-07-02
000671,2020-07-02
000703,2020-07-02
000708,2020-07-02
000709,2020-07-02
000723,2020-07-02
000725,2020-07-02
000728,2020-07-02
000768,2020-07-02
000776,2020-07-02
000783,2020-07-02
000786,2020-07-02
000858,2020-07-02
000860,2020-07-02
000876,2020-07-02
000895,2020-07-02
000938,2020-07-02
000961,2020-07-02
000963,2020-07-02
000977,2020-07-02
001979,2020-07-02
002001,2020-07-02
002007,2020-07-02
002008,2020-07-02
002024,2020-07-02
002027,2020-07-02
002032,2020-07-02
002044,2020-07-02
002050,2020-07-02
002120,2020-07-02
002129,2020-07-02
002142,2020-07-02
002146,2020-07-02
002153,2020-07-02
002157,2020-07-02
002179,2020-07-02
002202,2020-07-02
002230,2020-07-02
002236,2020-07-02
002241,2020-07-02
002252,2020-07-02
002271,2020-07-02
002304,2020-07-02
002311,2020-07-02
002352,2020-07-02
002371,2020-07-02
002410,2020-07-02
002415,2020-07-02
002422,2020-07-02
002456,2020-07-02
002460,2020-07-02
002463,2020-07-02
002466,2020-07-02
002468,2020-07-02
002475,2020-07-02
002493,2020-07-02
002508,2020-07-02
002555,2020-07-02
002558,2020-07-02
002594,2020-07-02
002601,2020-07-02
002602,2020-07-02
002607,2020-07-02
002624,2020-07-02
002673,2020-07-02
002714,2020-07-02
002736,2020-07-02
002739,2020-07-02
002773,2020-07-02
002841,2020-07-02
002916,2020-07-02
002938,2020-07-02
002939,2020-07-02
002945,2020-07-02
002958,2020-07-02
003816,2020-07-02
300003,2020-07-02
300014,2020-07-02
300015,2020-07-02
300033,2020-07-02
300059,2020-07-02
300122,2020-07-02
300124,2020-07-02
300136,2020-07-02
300142,2020-07-02
300144,2020-07-02
300347,2020-07-02
300408,2020-07-02
300413,2020-07-02
300433,2020-07-02
300498,2020-07-02
300601,2020-07-02
300628,2020-07-02
600000,2020-07-03
600004,2020-07-03
600009,2020-07-03
600010,2020-07-03
600011,2020-07-03
600015,2020-07-03
600016,2020-07-03
600018,2020-07-03
600019,2020-07-03
600025,2020-07-03
600027,2020-07-03
600028,2020-07-03
600029,2020-07-03
600030,2020-07-03
600031,2020-07-03
600036,2020-07-03
600038,2020-07-03
600048,2020-07-03
600050,2020-07-03
600061,2020-07-03
600066,2020-07-03
600068,2020-07-03
600085,2020-07-03
600089,2020-07-03
600104,2020-07-03
600109,2020-07-03
600111,2020-07-03
600115,2020-07-03
600118,2020-07-03
600170,2020-07-03
600176,2020-07-03
600177,2020-07-03
600183,2020-07-03
600188,2020-07-03
600196,2020-07-03
600208,2020-07-03
600219,2020-07-03
600221,2020-07-03
600233,2020-07-03
600271,2020-07-03
600276,2020-07-03
600297,2020-07-03
600299,2020-07-03
600309,2020-07-03
600332,2020-07-03
600340,2020-07-03
600346,2020-07-03
600352,2020-07-03
600362,2020-07-03
600369,2020-07-03
600372,2020-07-03
600383,2020-07-03
600390,2020-07-03
600398,2020-07-03
600406,2020-07-03
600436,2020-07-03
600438,2020-07-03
600482,2020-07-03
600487,2020-07-03
600489,2020-07-03
600498,2020-07-03
600516,2020-07-03
600519,2020-07-03
600522,2020-07-03
600547,2020-07-03
600570,2020-07-03
600583,2020-07-03
600585,2020-07-03
600588,2020-07-03
600606,2020-07-03
600637,2020-07-03
600655,2020-07-03
600660,2020-07-03
600674,2020-07-03
600690,2020-07-03
600703,2020-07-03
600705,2020-07-03
600741,2020-07-03
600745,2020-07-03
600760,2020-07-03
600795,2020-07-03
600809,2020-07-03
600837,2020-07-03
600848,2020-07-03
600867,2020-07-03
600886,2020-07-03
600887,2020-07-03
600893,2020-07-03
600900,2020-07-03
600919,2020-07-03
600926,2020-07-03
600928,2020-07-03
600958,2020-07-03
600968,2020-07-03
600977,2020-07-03
600989,2020-07-03
600998,2020-07-03
600999,2020-07-03
601006,2020-07-03
601009,2020-07-03
601012,2020-07-03
601018,2020-07-03
601021,2020-07-03
601066,2020-07-03
601077,2020-07-03
601088,2020-07-03
601100,2020-07-03
601108,2020-07-03
601111,2020-07-03
601117,2020-07-03
601138,2020-07-03
601155,2020-07-03
601162,2020-07-03
601166,2020-07-03
601169,2020-07-03
601186,2020-07-03
601198,2020-07-03
601211,2020-07-03
601212,2020-07-03
601216,2020-07-03
601225,2020-07-03
601229,2020-07-03
601231,2020-07-03
601236,2020-07-03
601238,2020-07-03
601288,2020-07-03
601298,2020-07-03
601318,2020-07-03
601319,2020-07-03
601328,2020-07-03
601336,2020-07-03
601360,2020-07-03
601377,2020-07-03
601390,2020-07-03
601398,2020-07-03
601555,2020-07-03
601577,2020-07-03
601600,2020-07-03
601601,2020-07-03
601607,2020-07-03
601618,2020-07-03
601628,2020-07-03
601633,2020-07-03
601658,2020-07-03
601668,2020-07-03
601669,2020-07-03
601688,2020-07-03
601698,2020-07-03
601727,2020-07-03
601766,2020-07-03
601788,2020-07-03
601800,2020-07-03
601808,2020-07-03
601816,2020-07-03
601818,2020-07-03
601828,2020-07-03
601838,2020-07-03
601857,2020-07-03
601877,2020-07-03
601878,2020-07-03
601881,2020-07-03
601888,2020-07-03
601898,2020-07-03
601899,2020-07-03
601901,2020-07-03
601916,2020-07-03
601919,2020-07-03
601933,2020-07-03
601939,2020-07-03
601985,2020-07-03
601988,2020-07-03
601989,2020-07-03
601992,2020-07-03
601997,2020-07-03
601998,2020-07-03
603019,2020-07-03
603156,2020-07-03
603160,2020-07-03
603259,2020-07-03
603260,2020-07-03
603288,2020-07-03
603369,2020-07-03
603501,2020-07-03
603658,2020-07-03
603799,2020-07-03
603833,2020-07-03
603899,2020-07-03
603986,2020-07-03
603993,2020-07-03
000001,2020-07-03
000002,2020-07-03
000063,2020-07-03
000066,2020-07-03
000069,2020-07-03
000100,2020-07-03
000157,2020-07-03
000166,2020-07-03
000333,2020-07-03
000338,2020-07-03
000425,2020-07-03
000538,2020-07-03
000568,2020-07-03
000596,2020-07-03
000625,2020-07-03
000627,2020-07-03
000651,2020-07-03
000656,2020-07-03
000661,2020-07-03
000671,2020-07-03
000703,2020-07-03
000708,2020-07-03
000709,2020-07-03
000723,2020-07-03
000725,2020-07-03
000728,2020-07-03
000768,2020-07-03
000776,2020-07-03
000783,2020-07-03
000786,2020-07-03
000858,2020-07-03
000860,2020-07-03
000876,2020-07-03
000895,2020-07-03
000938,2020-07-03
000961,2020-07-03
000963,2020-07-03
000977,2020-07-03
001979,2020-07-03
002001,2020-07-03
002007,2020-07-03
002008,2020-07-03
002024,2020-07-03
002027,2020-07-03
002032,2020-07-03
002044,2020-07-03
002050,2020-07-03
002120,2020-07-03
002129,2020-07-03
002142,2020-07-03
002146,2020-07-03
002153,2020-07-03
002157,2020-07-03
002179,2020-07-03
002202,2020-07-03
002230,2020-07-03
002236,2020-07-03
002241,2020-07-03
002252,2020-07-03
002271,2020-07-03
002304,2020-07-03
002311,2020-07-03
002352,2020-07-03
002371,2020-07-03
002410,2020-07-03
002415,2020-07-03
002422,2020-07-03
002456,2020-07-03
002460,2020-07-03
002463,2020-07-03
002466,2020-07-03
002468,2020-07-03
002475,2020-07-03
002493,2020-07-03
002508,2020-07-03
002555,2020-07-03
002558,2020-07-03
002594,2020-07-03
002601,2020-07-03
002602,2020-07-03
002607,2020-07-03
002624,2020-07-03
002673,2020-07-03
002714,2020-07-03
002736,2020-07-03
002739,2020-07-03
002773,2020-07-03
002841,2020-07-03
002916,2020-07-03
002938,2020-07-03
002939,2020-07-03
002945,2020-07-03
002958,2020-07-03
003816,2020-07-03
300003,2020-07-03
300014,2020-07-03
300015,2020-07-03
300033,2020-07-03
300059,2020-07-03
300122,2020-07-03
300124,2020-07-03
300136,2020-07-03
300142,2020-07-03
300144,2020-07-03
300347,2020-07-03
300408,2020-07-03
300413,2020-07-03
300433,2020-07-03
300498,2020-07-03
300601,2020-07-03
300628,2020-07-03
600000,2020-07-28
600004,2020-07-28
600009,2020-07-28
600010,2020-07-28
600011,2020-07-28
600015,2020-07-28
600016,2020-07-28
600018,2020-07-28
600019,2020-07-28
600025,2020-07-28
600027,2020-07-28
600028,2020-07-28
600029,2020-07-28
600030,2020-07-28
600031,2020-07-28
600036,2020-07-28
600038,2020-07-28
600048,2020-07-28
600050,2020-07-28
600061,2020-07-28
600066,2020-07-28
600068,2020-07-28
600085,2020-07-28
600089,2020-07-28
600104,2020-07-28
600109,2020-07-28
600111,2020-07-28
600115,2020-07-28
600118,2020-07-28
600170,2020-07-28
600176,2020-07-28
600177,2020-07-28
600183,2020-07-28
600188,2020-07-28
600196,2020-07-28
600208,2020-07-28
600219,2020-07-28
600221,2020-07-28
600233,2020-07-28
600271,2020-07-28
600276,2020-07-28
600297,2020-07-28
600299,2020-07-28
600309,2020-07-28
600332,2020-07-28
600340,2020-07-28
600346,2020-07-28
600352,2020-07-28
600362,2020-07-28
600369,2020-07-28
600372,2020-07-28
600383,2020-07-28
600390,2020-07-28
600398,2020-07-28
600406,2020-07-28
600436,2020-07-28
600438,2020-07-28
600482,2020-07-28
600487,2020-07-28
600489,2020-07-28
600498,2020-07-28
600516,2020-07-28
600519,2020-07-28
600522,2020-07-28
600547,2020-07-28
600570,2020-07-28
600583,2020-07-28
600585,2020-07-28
600588,2020-07-28
600606,2020-07-28
600637,2020-07-28
600655,2020-07-28
600660,2020-07-28
600674,2020-07-28
600690,2020-07-28
600703,2020-07-28
600705,2020-07-28
600741,2020-07-28
600745,2020-07-28
600760,2020-07-28
600795,2020-07-28
600809,2020-07-28
600837,2020-07-28
600848,2020-07-28
600867,2020-07-28
600886,2020-07-28
600887,2020-07-28
600893,2020-07-28
600900,2020-07-28
600919,2020-07-28
600926,2020-07-28
600928,2020-07-28
600958,2020-07-28
600968,2020-07-28
600977,2020-07-28
600989,2020-07-28
600998,2020-07-28
600999,2020-07-28
601006,2020-07-28
601009,2020-07-28
601012,2020-07-28
601018,2020-07-28
601021,2020-07-28
601066,2020-07-28
601077,2020-07-28
601088,2020-07-28
601100,2020-07-28
601108,2020-07-28
601111,2020-07-28
601117,2020-07-28
601138,2020-07-28
601155,2020-07-28
601162,2020-07-28
601166,2020-07-28
601169,2020-07-28
601186,2020-07-28
601198,2020-07-28
601211,2020-07-28
601212,2020-07-28
601216,2020-07-28
601225,2020-07-28
601229,2020-07-28
601231,2020-07-28
601236,2020-07-28
601238,2020-07-28
601288,2020-07-28
601298,2020-07-28
601318,2020-07-28
601319,2020-07-28
601328,2020-07-28
601336,2020-07-28
601360,2020-07-28
601377,2020-07-28
601390,2020-07-28
601398,2020-07-28
601555,2020-07-28
601577,2020-07-28
601600,2020-07-28
601601,2020-07-28
601607,2020-07-28
601618,2020-07-28
601628,2020-07-28
601633,2020-07-28
601658,2020-07-28
601668,2020-07-28
601669,2020-07-28
601688,2020-07-28
601698,2020-07-28
601727,2020-07-28
601766,2020-07-28
601788,2020-07-28
601800,2020-07-28
601808,2020-07-28
601816,2020-07-28
601818,2020-07-28
601828,2020-07-28
601838,2020-07-28
601857,2020-07-28
601877,2020-07-28
601878,2020-07-28
601881,2020-07-28
601888,2020-07-28
601898,2020-07-28
601899,2020-07-28
601901,2020-07-28
601916,2020-07-28
601919,2020-07-28
601933,2020-07-28
601939,2020-07-28
601985,2020-07-28
601988,2020-07-28
601989,2020-07-28
601992,2020-07-28
601997,2020-07-28
601998,2020-07-28
603019,2020-07-28
603156,2020-07-28
603160,2020-07-28
603259,2020-07-28
603260,2020-07-28
603288,2020-07-28
603369,2020-07-28
603501,2020-07-28
603658,2020-07-28
603799,2020-07-28
603833,2020-07-28
603899,2020-07-28
603986,2020-07-28
603993,2020-07-28
000001,2020-07-28
000002,2020-07-28
000063,2020-07-28
000066,2020-07-28
000069,2020-07-28
000100,2020-07-28
000157,2020-07-28
000166,2020-07-28
000333,2020-07-28
000338,2020-07-28
000425,2020-07-28
000538,2020-07-28
000568,2020-07-28
000596,2020-07-28
000625,2020-07-28
000627,2020-07-28
000651,2020-07-28
000656,2020-07-28
000661,2020-07-28
000671,2020-07-28
000703,2020-07-28
000708,2020-07-28
000709,2020-07-28
000723,2020-07-28
000725,2020-07-28
000728,2020-07-28
000768,2020-07-28
000776,2020-07-28
000783,2020-07-28
000786,2020-07-28
000858,2020-07-28
000860,2020-07-28
000876,2020-07-28
000895,2020-07-28
000938,2020-07-28
000961,2020-07-28
000963,2020-07-28
000977,2020-07-28
001979,2020-07-28
002001,2020-07-28
002007,2020-07-28
002008,2020-07-28
002024,2020-07-28
002027,2020-07-28
002032,2020-07-28
002044,2020-07-28
002050,2020-07-28
002120,2020-07-28
002129,2020-07-28
002142,2020-07-28
002146,2020-07-28
002153,2020-07-28
002157,2020-07-28
002179,2020-07-28
002202,2020-07-28
002230,2020-07-28
002236,2020-07-28
002241,2020-07-28
002252,2020-07-28
002271,2020-07-28
002304,2020-07-28
002311,2020-07-28
002352,2020-07-28
002371,2020-07-28
002410,2020-07-28
002415,2020-07-28
002422,2020-07-28
002456,2020-07-28
002460,2020-07-28
002463,2020-07-28
002466,2020-07-28
002468,2020-07-28
002475,2020-07-28
002493,2020-07-28
002508,2020-07-28
002555,2020-07-28
002558,2020-07-28
002594,2020-07-28
002601,2020-07-28
002602,2020-07-28
002607,2020-07-28
002624,2020-07-28
002673,2020-07-28
002714,2020-07-28
002736,2020-07-28
002739,2020-07-28
002773,2020-07-28
002841,2020-07-28
002916,2020-07-28
002938,2020-07-28
002939,2020-07-28
002945,2020-07-28
002958,2020-07-28
003816,2020-07-28
300003,2020-07-28
300014,2020-07-28
300015,2020-07-28
300033,2020-07-28
300059,2020-07-28
300122,2020-07-28
300124,2020-07-28
300136,2020-07-28
300142,2020-07-28
300144,2020-07-28
300347,2020-07-28
300408,2020-07-28
300413,2020-07-28
300433,2020-07-28
300498,2020-07-28
300601,2020-07-28
300628,2020-07-28
600000,2021-01-01
600004,2021-01-01
600009,2021-01-01
600010,2021-01-01
600011,2021-01-01
600015,2021-01-01
600016,2021-01-01
600018,2021-01-01
600019,2021-01-01
600025,2021-01-01
600027,2021-01-01
600028,2021-01-01
600029,2021-01-01
600030,2021-01-01
600031,2021-01-01
600036,2021-01-01
600048,2021-01-01
600050,2021-01-01
600061,2021-01-01
600066,2021-01-01
600068,2021-01-01
600085,2021-01-01
600104,2021-01-01
600109,2021-01-01
600111,2021-01-01
600115,2021-01-01
600118,2021-01-01
600150,2021-01-01
600161,2021-01-01
600176,2021-01-01
600177,2021-01-01
600183,2021-01-01
600196,2021-01-01
600208,2021-01-01
600233,2021-01-01
600271,2021-01-01
600276,2021-01-01
600297,2021-01-01
600299,2021-01-01
600309,2021-01-01
600332,2021-01-01
600340,2021-01-01
600346,2021-01-01
600352,2021-01-01
600362,2021-01-01
600369,2021-01-01
600383,2021-01-01
600390,2021-01-01
600406,2021-01-01
600436,2021-01-01
600438,2021-01-01
600482,2021-01-01
600487,2021-01-01
600489,2021-01-01
600498,2021-01-01
600519,2021-01-01
600522,2021-01-01
600547,2021-01-01
600570,2021-01-01
600584,2021-01-01
600585,2021-01-01
600588,2021-01-01
600600,2021-01-01
600606,2021-01-01
600637,2021-01-01
600655,2021-01-01
600660,2021-01-01
600690,2021-01-01
600703,2021-01-01
600705,2021-01-01
600741,2021-01-01
600745,2021-01-01
600760,2021-01-01
600763,2021-01-01
600795,2021-01-01
600809,2021-01-01
600837,2021-01-01
600845,2021-01-01
600848,2021-01-01
600872,2021-01-01
600886,2021-01-01
600887,2021-01-01
600893,2021-01-01
600900,2021-01-01
600918,2021-01-01
600919,2021-01-01
600926,2021-01-01
600958,2021-01-01
600989,2021-01-01
600998,2021-01-01
600999,2021-01-01
601006,2021-01-01
601009,2021-01-01
601012,2021-01-01
601021,2021-01-01
601066,2021-01-01
601077,2021-01-01
601088,2021-01-01
601100,2021-01-01
601108,2021-01-01
601111,2021-01-01
601117,2021-01-01
601138,2021-01-01
601155,2021-01-01
601162,2021-01-01
601166,2021-01-01
601169,2021-01-01
601186,2021-01-01
601198,2021-01-01
601211,2021-01-01
601216,2021-01-01
601225,2021-01-01
601229,2021-01-01
601231,2021-01-01
601236,2021-01-01
601238,2021-01-01
601288,2021-01-01
601318,2021-01-01
601319,2021-01-01
601328,2021-01-01
601336,2021-01-01
601360,2021-01-01
601377,2021-01-01
601390,2021-01-01
601398,2021-01-01
601555,2021-01-01
601577,2021-01-01
601600,2021-01-01
601601,2021-01-01
601607,2021-01-01
601618,2021-01-01
601628,2021-01-01
601633,2021-01-01
601658,2021-01-01
601668,2021-01-01
601669,2021-01-01
601688,2021-01-01
601696,2021-01-01
601698,2021-01-01
601727,2021-01-01
601766,2021-01-01
601788,2021-01-01
601800,2021-01-01
601808,2021-01-01
601816,2021-01-01
601818,2021-01-01
601838,2021-01-01
601857,2021-01-01
601872,2021-01-01
601877,2021-01-01
601878,2021-01-01
601881,2021-01-01
601888,2021-01-01
601899,2021-01-01
601901,2021-01-01
601916,2021-01-01
601919,2021-01-01
601933,2021-01-01
601939,2021-01-01
601985,2021-01-01
601988,2021-01-01
601989,2021-01-01
601990,2021-01-01
601998,2021-01-01
603019,2021-01-01
603087,2021-01-01
603156,2021-01-01
603160,2021-01-01
603195,2021-01-01
603259,2021-01-01
603288,2021-01-01
603369,2021-01-01
603392,2021-01-01
603501,2021-01-01
603658,2021-01-01
603799,2021-01-01
603833,2021-01-01
603899,2021-01-01
603986,2021-01-01
603993,2021-01-01
688008,2021-01-01
688009,2021-01-01
688012,2021-01-01
688036,2021-01-01
000001,2021-01-01
000002,2021-01-01
000063,2021-01-01
000066,2021-01-01
000069,2021-01-01
000100,2021-01-01
000157,2021-01-01
000166,2021-01-01
000333,2021-01-01
000338,2021-01-01
000425,2021-01-01
000538,2021-01-01
000568,2021-01-01
000596,2021-01-01
000625,2021-01-01
000627,2021-01-01
000651,2021-01-01
000656,2021-01-01
000661,2021-01-01
000671,2021-01-01
000703,2021-01-01
000708,2021-01-01
000723,2021-01-01
000725,2021-01-01
000728,2021-01-01
000768,2021-01-01
000776,2021-01-01
000783,2021-01-01
000786,2021-01-01
000858,2021-01-01
000860,2021-01-01
000876,2021-01-01
000895,2021-01-01
000938,2021-01-01
000961,2021-01-01
000963,2021-01-01
000977,2021-01-01
001979,2021-01-01
002001,2021-01-01
002007,2021-01-01
002008,2021-01-01
002024,2021-01-01
002027,2021-01-01
002032,2021-01-01
002044,2021-01-01
002049,2021-01-01
002050,2021-01-01
002120,2021-01-01
002129,2021-01-01
002142,2021-01-01
002146,2021-01-01
002153,2021-01-01
002157,2021-01-01
002179,2021-01-01
002202,2021-01-01
002230,2021-01-01
002236,2021-01-01
002241,2021-01-01
002252,2021-01-01
002271,2021-01-01
002304,2021-01-01
002311,2021-01-01
002352,2021-01-01
002371,2021-01-01
002384,2021-01-01
002410,2021-01-01
002414,2021-01-01
002415,2021-01-01
002422,2021-01-01
002456,2021-01-01
002460,2021-01-01
002463,2021-01-01
002475,2021-01-01
002493,2021-01-01
002508,2021-01-01
002555,2021-01-01
002558,2021-01-01
002594,2021-01-01
002600,2021-01-01
002601,2021-01-01
002602,2021-01-01
002607,2021-01-01
002624,2021-01-01
002673,2021-01-01
002714,2021-01-01
002736,2021-01-01
002739,2021-01-01
002773,2021-01-01
002812,2021-01-01
002821,2021-01-01
002841,2021-01-01
002916,2021-01-01
002938,2021-01-01
002939,2021-01-01
002945,2021-01-01
002958,2021-01-01
003816,2021-01-01
300003,2021-01-01
300014,2021-01-01
300015,2021-01-01
300033,2021-01-01
300059,2021-01-01
300122,2021-01-01
300124,2021-01-01
300136,2021-01-01
300142,2021-01-01
300144,2021-01-01
300347,2021-01-01
300408,2021-01-01
300413,2021-01-01
300433,2021-01-01
300498,2021-01-01
300529,2021-01-01
300601,2021-01-01
300628,2021-01-01
300676,2021-01-01
600000,2021-01-02
600004,2021-01-02
600009,2021-01-02
600010,2021-01-02
600011,2021-01-02
600015,2021-01-02
600016,2021-01-02
600018,2021-01-02
600019,2021-01-02
600025,2021-01-02
600027,2021-01-02
600028,2021-01-02
600029,2021-01-02
600030,2021-01-02
600031,2021-01-02
600036,2021-01-02
600048,2021-01-02
600050,2021-01-02
600061,2021-01-02
600066,2021-01-02
600068,2021-01-02
600085,2021-01-02
600104,2021-01-02
600109,2021-01-02
600111,2021-01-02
600115,2021-01-02
600118,2021-01-02
600150,2021-01-02
600161,2021-01-02
600176,2021-01-02
600177,2021-01-02
600183,2021-01-02
600196,2021-01-02
600208,2021-01-02
600233,2021-01-02
600271,2021-01-02
600276,2021-01-02
600297,2021-01-02
600299,2021-01-02
600309,2021-01-02
600332,2021-01-02
600340,2021-01-02
600346,2021-01-02
600352,2021-01-02
600362,2021-01-02
600369,2021-01-02
600383,2021-01-02
600390,2021-01-02
600406,2021-01-02
600436,2021-01-02
600438,2021-01-02
600482,2021-01-02
600487,2021-01-02
600489,2021-01-02
600498,2021-01-02
600519,2021-01-02
600522,2021-01-02
600547,2021-01-02
600570,2021-01-02
600584,2021-01-02
600585,2021-01-02
600588,2021-01-02
600600,2021-01-02
600606,2021-01-02
600637,2021-01-02
600655,2021-01-02
600660,2021-01-02
600690,2021-01-02
600703,2021-01-02
600705,2021-01-02
600741,2021-01-02
600745,2021-01-02
600760,2021-01-02
600763,2021-01-02
600795,2021-01-02
600809,2021-01-02
600837,2021-01-02
600845,2021-01-02
600848,2021-01-02
600872,2021-01-02
600886,2021-01-02
600887,2021-01-02
600893,2021-01-02
600900,2021-01-02
600918,2021-01-02
600919,2021-01-02
600926,2021-01-02
600958,2021-01-02
600989,2021-01-02
600998,2021-01-02
600999,2021-01-02
601006,2021-01-02
601009,2021-01-02
601012,2021-01-02
601021,2021-01-02
601066,2021-01-02
601077,2021-01-02
601088,2021-01-02
601100,2021-01-02
601108,2021-01-02
601111,2021-01-02
601117,2021-01-02
601138,2021-01-02
601155,2021-01-02
601162,2021-01-02
601166,2021-01-02
601169,2021-01-02
601186,2021-01-02
601198,2021-01-02
601211,2021-01-02
601216,2021-01-02
601225,2021-01-02
601229,2021-01-02
601231,2021-01-02
601236,2021-01-02
601238,2021-01-02
601288,2021-01-02
601318,2021-01-02
601319,2021-01-02
601328,2021-01-02
601336,2021-01-02
601360,2021-01-02
601377,2021-01-02
601390,2021-01-02
601398,2021-01-02
601555,2021-01-02
601577,2021-01-02
601600,2021-01-02
601601,2021-01-02
601607,2021-01-02
601618,2021-01-02
601628,2021-01-02
601633,2021-01-02
601658,2021-01-02
601668,2021-01-02
601669,2021-01-02
601688,2021-01-02
601696,2021-01-02
601698,2021-01-02
601727,2021-01-02
601766,2021-01-02
601788,2021-01-02
601800,2021-01-02
601808,2021-01-02
601816,2021-01-02
601818,2021-01-02
601838,2021-01-02
601857,2021-01-02
601872,2021-01-02
601877,2021-01-02
601878,2021-01-02
601881,2021-01-02
601888,2021-01-02
601899,2021-01-02
601901,2021-01-02
601916,2021-01-02
601919,2021-01-02
601933,2021-01-02
601939,2021-01-02
601985,2021-01-02
601988,2021-01-02
601989,2021-01-02
601990,2021-01-02
601998,2021-01-02
603019,2021-01-02
603087,2021-01-02
603156,2021-01-02
603160,2021-01-02
603195,2021-01-02
603259,2021-01-02
603288,2021-01-02
603369,2021-01-02
603392,2021-01-02
603501,2021-01-02
603658,2021-01-02
603799,2021-01-02
603833,2021-01-02
603899,2021-01-02
603986,2021-01-02
603993,2021-01-02
688008,2021-01-02
688009,2021-01-02
688012,2021-01-02
688036,2021-01-02
000001,2021-01-02
000002,2021-01-02
000063,2021-01-02
000066,2021-01-02
000069,2021-01-02
000100,2021-01-02
000157,2021-01-02
000166,2021-01-02
000333,2021-01-02
000338,2021-01-02
000425,2021-01-02
000538,2021-01-02
000568,2021-01-02
000596,2021-01-02
000625,2021-01-02
000627,2021-01-02
000651,2021-01-02
000656,2021-01-02
000661,2021-01-02
000671,2021-01-02
000703,2021-01-02
000708,2021-01-02
000723,2021-01-02
000725,2021-01-02
000728,2021-01-02
000768,2021-01-02
000776,2021-01-02
000783,2021-01-02
000786,2021-01-02
000858,2021-01-02
000860,2021-01-02
000876,2021-01-02
000895,2021-01-02
000938,2021-01-02
000961,2021-01-02
000963,2021-01-02
000977,2021-01-02
001979,2021-01-02
002001,2021-01-02
002007,2021-01-02
002008,2021-01-02
002024,2021-01-02
002027,2021-01-02
002032,2021-01-02
002044,2021-01-02
002049,2021-01-02
002050,2021-01-02
002120,2021-01-02
002129,2021-01-02
002142,2021-01-02
002146,2021-01-02
002153,2021-01-02
002157,2021-01-02
002179,2021-01-02
002202,2021-01-02
002230,2021-01-02
002236,2021-01-02
002241,2021-01-02
002252,2021-01-02
002271,2021-01-02
002304,2021-01-02
002311,2021-01-02
002352,2021-01-02
002371,2021-01-02
002384,2021-01-02
002410,2021-01-02
002414,2021-01-02
002415,2021-01-02
002422,2021-01-02
002456,2021-01-02
002460,2021-01-02
002463,2021-01-02
002475,2021-01-02
002493,2021-01-02
002508,2021-01-02
002555,2021-01-02
002558,2021-01-02
002594,2021-01-02
002600,2021-01-02
002601,2021-01-02
002602,2021-01-02
002607,2021-01-02
002624,2021-01-02
002673,2021-01-02
002714,2021-01-02
002736,2021-01-02
002739,2021-01-02
002773,2021-01-02
002812,2021-01-02
002821,2021-01-02
002841,2021-01-02
002916,2021-01-02
002938,2021-01-02
002939,2021-01-02
002945,2021-01-02
002958,2021-01-02
003816,2021-01-02
300003,2021-01-02
300014,2021-01-02
300015,2021-01-02
300033,2021-01-02
300059,2021-01-02
300122,2021-01-02
300124,2021-01-02
300136,2021-01-02
300142,2021-01-02
300144,2021-01-02
300347,2021-01-02
300408,2021-01-02
300413,2021-01-02
300433,2021-01-02
300498,2021-01-02
300529,2021-01-02
300601,2021-01-02
300628,2021-01-02
300676,2021-01-02
600000,2021-01-03
600004,2021-01-03
600009,2021-01-03
600010,2021-01-03
600011,2021-01-03
600015,2021-01-03
600016,2021-01-03
600018,2021-01-03
600019,2021-01-03
600025,2021-01-03
600027,2021-01-03
600028,2021-01-03
600029,2021-01-03
600030,2021-01-03
600031,2021-01-03
600036,2021-01-03
600048,2021-01-03
600050,2021-01-03
600061,2021-01-03
600066,2021-01-03
600068,2021-01-03
600085,2021-01-03
600104,2021-01-03
600109,2021-01-03
600111,2021-01-03
600115,2021-01-03
600118,2021-01-03
600150,2021-01-03
600161,2021-01-03
600176,2021-01-03
600177,2021-01-03
600183,2021-01-03
600196,2021-01-03
600208,2021-01-03
600233,2021-01-03
600271,2021-01-03
600276,2021-01-03
600297,2021-01-03
600299,2021-01-03
600309,2021-01-03
600332,2021-01-03
600340,2021-01-03
600346,2021-01-03
600352,2021-01-03
600362,2021-01-03
600369,2021-01-03
600383,2021-01-03
600390,2021-01-03
600406,2021-01-03
600436,2021-01-03
600438,2021-01-03
600482,2021-01-03
600487,2021-01-03
600489,2021-01-03
600498,2021-01-03
600519,2021-01-03
600522,2021-01-03
600547,2021-01-03
600570,2021-01-03
600584,2021-01-03
600585,2021-01-03
600588,2021-01-03
600600,2021-01-03
600606,2021-01-03
600637,2021-01-03
600655,2021-01-03
600660,2021-01-03
600690,2021-01-03
600703,2021-01-03
600705,2021-01-03
600741,2021-01-03
600745,2021-01-03
600760,2021-01-03
600763,2021-01-03
600795,2021-01-03
600809,2021-01-03
600837,2021-01-03
600845,2021-01-03
600848,2021-01-03
600872,2021-01-03
600886,2021-01-03
600887,2021-01-03
600893,2021-01-03
600900,2021-01-03
600918,2021-01-03
600919,2021-01-03
600926,2021-01-03
600958,2021-01-03
600989,2021-01-03
600998,2021-01-03
600999,2021-01-03
601006,2021-01-03
601009,2021-01-03
601012,2021-01-03
601021,2021-01-03
601066,2021-01-03
601077,2021-01-03
601088,2021-01-03
601100,2021-01-03
601108,2021-01-03
601111,2021-01-03
601117,2021-01-03
601138,2021-01-03
601155,2021-01-03
601162,2021-01-03
601166,2021-01-03
601169,2021-01-03
601186,2021-01-03
601198,2021-01-03
601211,2021-01-03
601216,2021-01-03
601225,2021-01-03
601229,2021-01-03
601231,2021-01-03
601236,2021-01-03
601238,2021-01-03
601288,2021-01-03
601318,2021-01-03
601319,2021-01-03
601328,2021-01-03
601336,2021-01-03
601360,2021-01-03
601377,2021-01-03
601390,2021-01-03
601398,2021-01-03
601555,2021-01-03
601577,2021-01-03
601600,2021-01-03
601601,2021-01-03
601607,2021-01-03
601618,2021-01-03
601628,2021-01-03
601633,2021-01-03
601658,2021-01-03
601668,2021-01-03
601669,2021-01-03
601688,2021-01-03
601696,2021-01-03
601698,2021-01-03
601727,2021-01-03
601766,2021-01-03
601788,2021-01-03
601800,2021-01-03
601808,2021-01-03
601816,2021-01-03
601818,2021-01-03
601838,2021-01-03
601857,2021-01-03
601872,2021-01-03
601877,2021-01-03
601878,2021-01-03
601881,2021-01-03
601888,2021-01-03
601899,2021-01-03
601901,2021-01-03
601916,2021-01-03
601919,2021-01-03
601933,2021-01-03
601939,2021-01-03
601985,2021-01-03
601988,2021-01-03
601989,2021-01-03
601990,2021-01-03
601998,2021-01-03
603019,2021-01-03
603087,2021-01-03
603156,2021-01-03
603160,2021-01-03
603195,2021-01-03
603259,2021-01-03
603288,2021-01-03
603369,2021-01-03
603392,2021-01-03
603501,2021-01-03
603658,2021-01-03
603799,2021-01-03
603833,2021-01-03
603899,2021-01-03
603986,2021-01-03
603993,2021-01-03
688008,2021-01-03
688009,2021-01-03
688012,2021-01-03
688036,2021-01-03
000001,2021-01-03
000002,2021-01-03
000063,2021-01-03
000066,2021-01-03
000069,2021-01-03
000100,2021-01-03
000157,2021-01-03
000166,2021-01-03
000333,2021-01-03
000338,2021-01-03
000425,2021-01-03
000538,2021-01-03
000568,2021-01-03
000596,2021-01-03
000625,2021-01-03
000627,2021-01-03
000651,2021-01-03
000656,2021-01-03
000661,2021-01-03
000671,2021-01-03
000703,2021-01-03
000708,2021-01-03
000723,2021-01-03
000725,2021-01-03
000728,2021-01-03
000768,2021-01-03
000776,2021-01-03
000783,2021-01-03
000786,2021-01-03
000858,2021-01-03
000860,2021-01-03
000876,2021-01-03
000895,2021-01-03
000938,2021-01-03
000961,2021-01-03
000963,2021-01-03
000977,2021-01-03
001979,2021-01-03
002001,2021-01-03
002007,2021-01-03
002008,2021-01-03
002024,2021-01-03
002027,2021-01-03
002032,2021-01-03
002044,2021-01-03
002049,2021-01-03
002050,2021-01-03
002120,2021-01-03
002129,2021-01-03
002142,2021-01-03
002146,2021-01-03
002153,2021-01-03
002157,2021-01-03
002179,2021-01-03
002202,2021-01-03
002230,2021-01-03
002236,2021-01-03
002241,2021-01-03
002252,2021-01-03
002271,2021-01-03
002304,2021-01-03
002311,2021-01-03
002352,2021-01-03
002371,2021-01-03
002384,2021-01-03
002410,2021-01-03
002414,2021-01-03
002415,2021-01-03
002422,2021-01-03
002456,2021-01-03
002460,2021-01-03
002463,2021-01-03
002475,2021-01-03
002493,2021-01-03
002508,2021-01-03
002555,2021-01-03
002558,2021-01-03
002594,2021-01-03
002600,2021-01-03
002601,2021-01-03
002602,2021-01-03
002607,2021-01-03
002624,2021-01-03
002673,2021-01-03
002714,2021-01-03
002736,2021-01-03
002739,2021-01-03
002773,2021-01-03
002812,2021-01-03
002821,2021-01-03
002841,2021-01-03
002916,2021-01-03
002938,2021-01-03
002939,2021-01-03
002945,2021-01-03
002958,2021-01-03
003816,2021-01-03
300003,2021-01-03
300014,2021-01-03
300015,2021-01-03
300033,2021-01-03
300059,2021-01-03
300122,2021-01-03
300124,2021-01-03
300136,2021-01-03
300142,2021-01-03
300144,2021-01-03
300347,2021-01-03
300408,2021-01-03
300413,2021-01-03
300433,2021-01-03
300498,2021-01-03
300529,2021-01-03
300601,2021-01-03
300628,2021-01-03
300676,2021-01-03
600000,2021-01-28
600004,2021-01-28
600009,2021-01-28
600010,2021-01-28
600011,2021-01-28
600015,2021-01-28
600016,2021-01-28
600018,2021-01-28
600019,2021-01-28
600025,2021-01-28
600027,2021-01-28
600028,2021-01-28
600029,2021-01-28
600030,2021-01-28
600031,2021-01-28
600036,2021-01-28
600048,2021-01-28
600050,2021-01-28
600061,2021-01-28
600066,2021-01-28
600068,2021-01-28
600085,2021-01-28
600104,2021-01-28
600109,2021-01-28
600111,2021-01-28
600115,2021-01-28
600118,2021-01-28
600150,2021-01-28
600161,2021-01-28
600176,2021-01-28
600177,2021-01-28
600183,2021-01-28
600196,2021-01-28
600208,2021-01-28
600233,2021-01-28
600271,2021-01-28
600276,2021-01-28
600297,2021-01-28
600299,2021-01-28
600309,2021-01-28
600332,2021-01-28
600340,2021-01-28
600346,2021-01-28
600352,2021-01-28
600362,2021-01-28
600369,2021-01-28
600383,2021-01-28
600390,2021-01-28
600406,2021-01-28
600436,2021-01-28
600438,2021-01-28
600482,2021-01-28
600487,2021-01-28
600489,2021-01-28
600498,2021-01-28
600519,2021-01-28
600522,2021-01-28
600547,2021-01-28
600570,2021-01-28
600584,2021-01-28
600585,2021-01-28
600588,2021-01-28
600600,2021-01-28
600606,2021-01-28
600637,2021-01-28
600655,2021-01-28
600660,2021-01-28
600690,2021-01-28
600703,2021-01-28
600705,2021-01-28
600741,2021-01-28
600745,2021-01-28
600760,2021-01-28
600763,2021-01-28
600795,2021-01-28
600809,2021-01-28
600837,2021-01-28
600845,2021-01-28
600848,2021-01-28
600872,2021-01-28
600886,2021-01-28
600887,2021-01-28
600893,2021-01-28
600900,2021-01-28
600918,2021-01-28
600919,2021-01-28
600926,2021-01-28
600958,2021-01-28
600989,2021-01-28
600998,2021-01-28
600999,2021-01-28
601006,2021-01-28
601009,2021-01-28
601012,2021-01-28
601021,2021-01-28
601066,2021-01-28
601077,2021-01-28
601088,2021-01-28
601100,2021-01-28
601108,2021-01-28
601111,2021-01-28
601117,2021-01-28
601138,2021-01-28
601155,2021-01-28
601162,2021-01-28
601166,2021-01-28
601169,2021-01-28
601186,2021-01-28
601198,2021-01-28
601211,2021-01-28
601216,2021-01-28
601225,2021-01-28
601229,2021-01-28
601231,2021-01-28
601236,2021-01-28
601238,2021-01-28
601288,2021-01-28
601318,2021-01-28
601319,2021-01-28
601328,2021-01-28
601336,2021-01-28
601360,2021-01-28
601377,2021-01-28
601390,2021-01-28
601398,2021-01-28
601555,2021-01-28
601577,2021-01-28
601600,2021-01-28
601601,2021-01-28
601607,2021-01-28
601618,2021-01-28
601628,2021-01-28
601633,2021-01-28
601658,2021-01-28
601668,2021-01-28
601669,2021-01-28
601688,2021-01-28
601696,2021-01-28
601698,2021-01-28
601727,2021-01-28
601766,2021-01-28
601788,2021-01-28
601800,2021-01-28
601808,2021-01-28
601816,2021-01-28
601818,2021-01-28
601838,2021-01-28
601857,2021-01-28
601872,2021-01-28
601877,2021-01-28
601878,2021-01-28
601881,2021-01-28
601888,2021-01-28
601899,2021-01-28
601901,2021-01-28
601916,2021-01-28
601919,2021-01-28
601933,2021-01-28
601939,2021-01-28
601985,2021-01-28
601988,2021-01-28
601989,2021-01-28
601990,2021-01-28
601998,2021-01-28
603019,2021-01-28
603087,2021-01-28
603156,2021-01-28
603160,2021-01-28
603195,2021-01-28
603259,2021-01-28
603288,2021-01-28
603369,2021-01-28
603392,2021-01-28
603501,2021-01-28
603658,2021-01-28
603799,2021-01-28
603833,2021-01-28
603899,2021-01-28
603986,2021-01-28
603993,2021-01-28
688008,2021-01-28
688009,2021-01-28
688012,2021-01-28
688036,2021-01-28
000001,2021-01-28
000002,2021-01-28
000063,2021-01-28
000066,2021-01-28
000069,2021-01-28
000100,2021-01-28
000157,2021-01-28
000166,2021-01-28
000333,2021-01-28
000338,2021-01-28
000425,2021-01-28
000538,2021-01-28
000568,2021-01-28
000596,2021-01-28
000625,2021-01-28
000627,2021-01-28
000651,2021-01-28
000656,2021-01-28
000661,2021-01-28
000671,2021-01-28
000703,2021-01-28
000708,2021-01-28
000723,2021-01-28
000725,2021-01-28
000728,2021-01-28
000768,2021-01-28
000776,2021-01-28
000783,2021-01-28
000786,2021-01-28
000858,2021-01-28
000860,2021-01-28
000876,2021-01-28
000895,2021-01-28
000938,2021-01-28
000961,2021-01-28
000963,2021-01-28
000977,2021-01-28
001979,2021-01-28
002001,2021-01-28
002007,2021-01-28
002008,2021-01-28
002024,2021-01-28
002027,2021-01-28
002032,2021-01-28
002044,2021-01-28
002049,2021-01-28
002050,2021-01-28
002120,2021-01-28
002129,2021-01-28
002142,2021-01-28
002146,2021-01-28
002153,2021-01-28
002157,2021-01-28
002179,2021-01-28
002202,2021-01-28
002230,2021-01-28
002236,2021-01-28
002241,2021-01-28
002252,2021-01-28
002271,2021-01-28
002304,2021-01-28
002311,2021-01-28
002352,2021-01-28
002371,2021-01-28
002384,2021-01-28
002410,2021-01-28
002414,2021-01-28
002415,2021-01-28
002422,2021-01-28
002456,2021-01-28
002460,2021-01-28
002463,2021-01-28
002475,2021-01-28
002493,2021-01-28
002508,2021-01-28
002555,2021-01-28
002558,2021-01-28
002594,2021-01-28
002600,2021-01-28
002601,2021-01-28
002602,2021-01-28
002607,2021-01-28
002624,2021-01-28
002673,2021-01-28
002714,2021-01-28
002736,2021-01-28
002739,2021-01-28
002773,2021-01-28
002812,2021-01-28
002821,2021-01-28
002841,2021-01-28
002916,2021-01-28
002938,2021-01-28
002939,2021-01-28
002945,2021-01-28
002958,2021-01-28
003816,2021-01-28
300003,2021-01-28
300014,2021-01-28
300015,2021-01-28
300033,2021-01-28
300059,2021-01-28
300122,2021-01-28
300124,2021-01-28
300136,2021-01-28
300142,2021-01-28
300144,2021-01-28
300347,2021-01-28
300408,2021-01-28
300413,2021-01-28
300433,2021-01-28
300498,2021-01-28
300529,2021-01-28
300601,2021-01-28
300628,2021-01-28
300676,2021-01-28
600000,2021-07-01
600004,2021-07-01
600009,2021-07-01
600010,2021-07-01
600011,2021-07-01
600015,2021-07-01
600016,2021-07-01
600018,2021-07-01
600019,2021-07-01
600025,2021-07-01
600027,2021-07-01
600028,2021-07-01
600029,2021-07-01
600030,2021-07-01
600031,2021-07-01
600036,2021-07-01
600048,2021-07-01
600050,2021-07-01
600061,2021-07-01
600066,2021-07-01
600068,2021-07-01
600085,2021-07-01
600104,2021-07-01
600109,2021-07-01
600111,2021-07-01
600115,2021-07-01
600118,2021-07-01
600150,2021-07-01
600161,2021-07-01
600176,2021-07-01
600177,2021-07-01
600183,2021-07-01
600196,2021-07-01
600208,2021-07-01
600233,2021-07-01
600271,2021-07-01
600276,2021-07-01
600297,2021-07-01
600299,2021-07-01
600309,2021-07-01
600332,2021-07-01
600340,2021-07-01
600346,2021-07-01
600352,2021-07-01
600362,2021-07-01
600369,2021-07-01
600383,2021-07-01
600390,2021-07-01
600406,2021-07-01
600436,2021-07-01
600438,2021-07-01
600482,2021-07-01
600487,2021-07-01
600489,2021-07-01
600498,2021-07-01
600519,2021-07-01
600522,2021-07-01
600547,2021-07-01
600570,2021-07-01
600584,2021-07-01
600585,2021-07-01
600588,2021-07-01
600600,2021-07-01
600606,2021-07-01
600637,2021-07-01
600655,2021-07-01
600660,2021-07-01
600690,2021-07-01
600703,2021-07-01
600705,2021-07-01
600741,2021-07-01
600745,2021-07-01
600760,2021-07-01
600763,2021-07-01
600795,2021-07-01
600809,2021-07-01
600837,2021-07-01
600845,2021-07-01
600848,2021-07-01
600872,2021-07-01
600886,2021-07-01
600887,2021-07-01
600893,2021-07-01
600900,2021-07-01
600918,2021-07-01
600919,2021-07-01
600926,2021-07-01
600958,2021-07-01
600989,2021-07-01
600998,2021-07-01
600999,2021-07-01
601006,2021-07-01
601009,2021-07-01
601012,2021-07-01
601021,2021-07-01
601066,2021-07-01
601077,2021-07-01
601088,2021-07-01
601100,2021-07-01
601108,2021-07-01
601111,2021-07-01
601117,2021-07-01
601138,2021-07-01
601155,2021-07-01
601162,2021-07-01
601166,2021-07-01
601169,2021-07-01
601186,2021-07-01
601198,2021-07-01
601211,2021-07-01
601216,2021-07-01
601225,2021-07-01
601229,2021-07-01
601231,2021-07-01
601236,2021-07-01
601238,2021-07-01
601288,2021-07-01
601318,2021-07-01
601319,2021-07-01
601328,2021-07-01
601336,2021-07-01
601360,2021-07-01
601377,2021-07-01
601390,2021-07-01
601398,2021-07-01
601555,2021-07-01
601577,2021-07-01
601600,2021-07-01
601601,2021-07-01
601607,2021-07-01
601618,2021-07-01
601628,2021-07-01
601633,2021-07-01
601658,2021-07-01
601668,2021-07-01
601669,2021-07-01
601688,2021-07-01
601696,2021-07-01
601698,2021-07-01
601727,2021-07-01
601766,2021-07-01
601788,2021-07-01
601800,2021-07-01
601808,2021-07-01
601816,2021-07-01
601818,2021-07-01
601838,2021-07-01
601857,2021-07-01
601872,2021-07-01
601877,2021-07-01
601878,2021-07-01
601881,2021-07-01
601888,2021-07-01
601899,2021-07-01
601901,2021-07-01
601916,2021-07-01
601919,2021-07-01
601933,2021-07-01
601939,2021-07-01
601985,2021-07-01
601988,2021-07-01
601989,2021-07-01
601990,2021-07-01
601998,2021-07-01
603019,2021-07-01
603087,2021-07-01
603156,2021-07-01
603160,2021-07-01
603195,2021-07-01
603259,2021-07-01
603288,2021-07-01
603369,2021-07-01
603392,2021-07-01
603501,2021-07-01
603658,2021-07-01
603799,2021-07-01
603833,2021-07-01
603899,2021-07-01
603986,2021-07-01
603993,2021-07-01
688008,2021-07-01
688009,2021-07-01
688012,2021-07-01
688036,2021-07-01
000001,2021-07-01
000002,2021-07-01
000063,2021-07-01
000066,2021-07-01
000069,2021-07-01
000100,2021-07-01
000157,2021-07-01
000166,2021-07-01
000333,2021-07-01
000338,2021-07-01
000425,2021-07-01
000538,2021-07-01
000568,2021-07-01
000596,2021-07-01
000625,2021-07-01
000627,2021-07-01
000651,2021-07-01
000656,2021-07-01
000661,2021-07-01
000671,2021-07-01
000703,2021-07-01
000708,2021-07-01
000723,2021-07-01
000725,2021-07-01
000728,2021-07-01
000768,2021-07-01
000776,2021-07-01
000783,2021-07-01
000786,2021-07-01
000858,2021-07-01
000860,2021-07-01
000876,2021-07-01
000895,2021-07-01
000938,2021-07-01
000961,2021-07-01
000963,2021-07-01
000977,2021-07-01
001979,2021-07-01
002001,2021-07-01
002007,2021-07-01
002008,2021-07-01
002024,2021-07-01
002027,2021-07-01
002032,2021-07-01
002044,2021-07-01
002049,2021-07-01
002050,2021-07-01
002120,2021-07-01
002129,2021-07-01
002142,2021-07-01
002146,2021-07-01
002153,2021-07-01
002157,2021-07-01
002179,2021-07-01
002202,2021-07-01
002230,2021-07-01
002236,2021-07-01
002241,2021-07-01
002252,2021-07-01
002271,2021-07-01
002304,2021-07-01
002311,2021-07-01
002352,2021-07-01
002371,2021-07-01
002384,2021-07-01
002410,2021-07-01
002414,2021-07-01
002415,2021-07-01
002422,2021-07-01
002456,2021-07-01
002460,2021-07-01
002463,2021-07-01
002475,2021-07-01
002493,2021-07-01
002508,2021-07-01
002555,2021-07-01
002558,2021-07-01
002594,2021-07-01
002600,2021-07-01
002601,2021-07-01
002602,2021-07-01
002607,2021-07-01
002624,2021-07-01
002673,2021-07-01
002714,2021-07-01
002736,2021-07-01
002739,2021-07-01
002773,2021-07-01
002812,2021-07-01
002821,2021-07-01
002841,2021-07-01
002916,2021-07-01
002938,2021-07-01
002939,2021-07-01
002945,2021-07-01
002958,2021-07-01
003816,2021-07-01
300003,2021-07-01
300014,2021-07-01
300015,2021-07-01
300033,2021-07-01
300059,2021-07-01
300122,2021-07-01
300124,2021-07-01
300136,2021-07-01
300142,2021-07-01
300144,2021-07-01
300347,2021-07-01
300408,2021-07-01
300413,2021-07-01
300433,2021-07-01
300498,2021-07-01
300529,2021-07-01
300601,2021-07-01
300628,2021-07-01
300676,2021-07-01
600000,2021-07-02
600004,2021-07-02
600009,2021-07-02
600010,2021-07-02
600011,2021-07-02
600015,2021-07-02
600016,2021-07-02
600018,2021-07-02
600019,2021-07-02
600025,2021-07-02
600027,2021-07-02
600028,2021-07-02
600029,2021-07-02
600030,2021-07-02
600031,2021-07-02
600036,2021-07-02
600048,2021-07-02
600050,2021-07-02
600061,2021-07-02
600066,2021-07-02
600068,2021-07-02
600085,2021-07-02
600104,2021-07-02
600109,2021-07-02
600111,2021-07-02
600115,2021-07-02
600118,2021-07-02
600150,2021-07-02
600161,2021-07-02
600176,2021-07-02
600177,2021-07-02
600183,2021-07-02
600196,2021-07-02
600208,2021-07-02
600233,2021-07-02
600271,2021-07-02
600276,2021-07-02
600297,2021-07-02
600299,2021-07-02
600309,2021-07-02
600332,2021-07-02
600340,2021-07-02
600346,2021-07-02
600352,2021-07-02
600362,2021-07-02
600369,2021-07-02
600383,2021-07-02
600390,2021-07-02
600406,2021-07-02
600436,2021-07-02
600438,2021-07-02
600482,2021-07-02
600487,2021-07-02
600489,2021-07-02
600498,2021-07-02
600519,2021-07-02
600522,2021-07-02
600547,2021-07-02
600570,2021-07-02
600584,2021-07-02
600585,2021-07-02
600588,2021-07-02
600600,2021-07-02
600606,2021-07-02
600637,2021-07-02
600655,2021-07-02
600660,2021-07-02
600690,2021-07-02
600703,2021-07-02
600705,2021-07-02
600741,2021-07-02
600745,2021-07-02
600760,2021-07-02
600763,2021-07-02
600795,2021-07-02
600809,2021-07-02
600837,2021-07-02
600845,2021-07-02
600848,2021-07-02
600872,2021-07-02
600886,2021-07-02
600887,2021-07-02
600893,2021-07-02
600900,2021-07-02
600918,2021-07-02
600919,2021-07-02
600926,2021-07-02
600958,2021-07-02
600989,2021-07-02
600998,2021-07-02
600999,2021-07-02
601006,2021-07-02
601009,2021-07-02
601012,2021-07-02
601021,2021-07-02
601066,2021-07-02
601077,2021-07-02
601088,2021-07-02
601100,2021-07-02
601108,2021-07-02
601111,2021-07-02
601117,2021-07-02
601138,2021-07-02
601155,2021-07-02
601162,2021-07-02
601166,2021-07-02
601169,2021-07-02
601186,2021-07-02
601198,2021-07-02
601211,2021-07-02
601216,2021-07-02
601225,2021-07-02
601229,2021-07-02
601231,2021-07-02
601236,2021-07-02
601238,2021-07-02
601288,2021-07-02
601318,2021-07-02
601319,2021-07-02
601328,2021-07-02
601336,2021-07-02
601360,2021-07-02
601377,2021-07-02
601390,2021-07-02
601398,2021-07-02
601555,2021-07-02
601577,2021-07-02
601600,2021-07-02
601601,2021-07-02
601607,2021-07-02
601618,2021-07-02
601628,2021-07-02
601633,2021-07-02
601658,2021-07-02
601668,2021-07-02
601669,2021-07-02
601688,2021-07-02
601696,2021-07-02
601698,2021-07-02
601727,2021-07-02
601766,2021-07-02
601788,2021-07-02
601800,2021-07-02
601808,2021-07-02
601816,2021-07-02
601818,2021-07-02
601838,2021-07-02
601857,2021-07-02
601872,2021-07-02
601877,2021-07-02
601878,2021-07-02
601881,2021-07-02
601888,2021-07-02
601899,2021-07-02
601901,2021-07-02
601916,2021-07-02
601919,2021-07-02
601933,2021-07-02
601939,2021-07-02
601985,2021-07-02
601988,2021-07-02
601989,2021-07-02
601990,2021-07-02
601998,2021-07-02
603019,2021-07-02
603087,2021-07-02
603156,2021-07-02
603160,2021-07-02
603195,2021-07-02
603259,2021-07-02
603288,2021-07-02
603369,2021-07-02
603392,2021-07-02
603501,2021-07-02
603658,2021-07-02
603799,2021-07-02
603833,2021-07-02
603899,2021-07-02
603986,2021-07-02
603993,2021-07-02
688008,2021-07-02
688009,2021-07-02
688012,2021-07-02
688036,2021-07-02
000001,2021-07-02
000002,2021-07-02
000063,2021-07-02
000066,2021-07-02
000069,2021-07-02
000100,2021-07-02
000157,2021-07-02
000166,2021-07-02
000333,2021-07-02
000338,2021-07-02
000425,2021-07-02
000538,2021-07-02
000568,2021-07-02
000596,2021-07-02
000625,2021-07-02
000627,2021-07-02
000651,2021-07-02
000656,2021-07-02
000661,2021-07-02
000671,2021-07-02
000703,2021-07-02
000708,2021-07-02
000723,2021-07-02
000725,2021-07-02
000728,2021-07-02
000768,2021-07-02
000776,2021-07-02
000783,2021-07-02
000786,2021-07-02
000858,2021-07-02
000860,2021-07-02
000876,2021-07-02
000895,2021-07-02
000938,2021-07-02
000961,2021-07-02
000963,2021-07-02
000977,2021-07-02
001979,2021-07-02
002001,2021-07-02
002007,2021-07-02
002008,2021-07-02
002024,2021-07-02
002027,2021-07-02
002032,2021-07-02
002044,2021-07-02
002049,2021-07-02
002050,2021-07-02
002120,2021-07-02
002129,2021-07-02
002142,2021-07-02
002146,2021-07-02
002153,2021-07-02
002157,2021-07-02
002179,2021-07-02
002202,2021-07-02
002230,2021-07-02
002236,2021-07-02
002241,2021-07-02
002252,2021-07-02
002271,2021-07-02
002304,2021-07-02
002311,2021-07-02
002352,2021-07-02
002371,2021-07-02
002384,2021-07-02
002410,2021-07-02
002414,2021-07-02
002415,2021-07-02
002422,2021-07-02
002456,2021-07-02
002460,2021-07-02
002463,2021-07-02
002475,2021-07-02
002493,2021-07-02
002508,2021-07-02
002555,2021-07-02
002558,2021-07-02
002594,2021-07-02
002600,2021-07-02
002601,2021-07-02
002602,2021-07-02
002607,2021-07-02
002624,2021-07-02
002673,2021-07-02
002714,2021-07-02
002736,2021-07-02
002739,2021-07-02
002773,2021-07-02
002812,2021-07-02
002821,2021-07-02
002841,2021-07-02
002916,2021-07-02
002938,2021-07-02
002939,2021-07-02
002945,2021-07-02
002958,2021-07-02
003816,2021-07-02
300003,2021-07-02
300014,2021-07-02
300015,2021-07-02
300033,2021-07-02
300059,2021-07-02
300122,2021-07-02
300124,2021-07-02
300136,2021-07-02
300142,2021-07-02
300144,2021-07-02
300347,2021-07-02
300408,2021-07-02
300413,2021-07-02
300433,2021-07-02
300498,2021-07-02
300529,2021-07-02
300601,2021-07-02
300628,2021-07-02
300676,2021-07-02
600000,2021-07-03
600004,2021-07-03
600009,2021-07-03
600010,2021-07-03
600011,2021-07-03
600015,2021-07-03
600016,2021-07-03
600018,2021-07-03
600019,2021-07-03
600025,2021-07-03
600027,2021-07-03
600028,2021-07-03
600029,2021-07-03
600030,2021-07-03
600031,2021-07-03
600036,2021-07-03
600048,2021-07-03
600050,2021-07-03
600061,2021-07-03
600066,2021-07-03
600068,2021-07-03
600085,2021-07-03
600104,2021-07-03
600109,2021-07-03
600111,2021-07-03
600115,2021-07-03
600118,2021-07-03
600150,2021-07-03
600161,2021-07-03
600176,2021-07-03
600177,2021-07-03
600183,2021-07-03
600196,2021-07-03
600208,2021-07-03
600233,2021-07-03
600271,2021-07-03
600276,2021-07-03
600297,2021-07-03
600299,2021-07-03
600309,2021-07-03
600332,2021-07-03
600340,2021-07-03
600346,2021-07-03
600352,2021-07-03
600362,2021-07-03
600369,2021-07-03
600383,2021-07-03
600390,2021-07-03
600406,2021-07-03
600436,2021-07-03
600438,2021-07-03
600482,2021-07-03
600487,2021-07-03
600489,2021-07-03
600498,2021-07-03
600519,2021-07-03
600522,2021-07-03
600547,2021-07-03
600570,2021-07-03
600584,2021-07-03
600585,2021-07-03
600588,2021-07-03
600600,2021-07-03
600606,2021-07-03
600637,2021-07-03
600655,2021-07-03
600660,2021-07-03
600690,2021-07-03
600703,2021-07-03
600705,2021-07-03
600741,2021-07-03
600745,2021-07-03
600760,2021-07-03
600763,2021-07-03
600795,2021-07-03
600809,2021-07-03
600837,2021-07-03
600845,2021-07-03
600848,2021-07-03
600872,2021-07-03
600886,2021-07-03
600887,2021-07-03
600893,2021-07-03
600900,2021-07-03
600918,2021-07-03
600919,2021-07-03
600926,2021-07-03
600958,2021-07-03
600989,2021-07-03
600998,2021-07-03
600999,2021-07-03
601006,2021-07-03
601009,2021-07-03
601012,2021-07-03
601021,2021-07-03
601066,2021-07-03
601077,2021-07-03
601088,2021-07-03
601100,2021-07-03
601108,2021-07-03
601111,2021-07-03
601117,2021-07-03
601138,2021-07-03
601155,2021-07-03
601162,2021-07-03
601166,2021-07-03
601169,2021-07-03
601186,2021-07-03
601198,2021-07-03
601211,2021-07-03
601216,2021-07-03
601225,2021-07-03
601229,2021-07-03
601231,2021-07-03
601236,2021-07-03
601238,2021-07-03
601288,2021-07-03
601318,2021-07-03
601319,2021-07-03
601328,2021-07-03
601336,2021-07-03
601360,2021-07-03
601377,2021-07-03
601390,2021-07-03
601398,2021-07-03
601555,2021-07-03
601577,2021-07-03
601600,2021-07-03
601601,2021-07-03
601607,2021-07-03
601618,2021-07-03
601628,2021-07-03
601633,2021-07-03
601658,2021-07-03
601668,2021-07-03
601669,2021-07-03
601688,2021-07-03
601696,2021-07-03
601698,2021-07-03
601727,2021-07-03
601766,2021-07-03
601788,2021-07-03
601800,2021-07-03
601808,2021-07-03
601816,2021-07-03
601818,2021-07-03
601838,2021-07-03
601857,2021-07-03
601872,2021-07-03
601877,2021-07-03
601878,2021-07-03
601881,2021-07-03
601888,2021-07-03
601899,2021-07-03
601901,2021-07-03
601916,2021-07-03
601919,2021-07-03
601933,2021-07-03
601939,2021-07-03
601985,2021-07-03
601988,2021-07-03
601989,2021-07-03
601990,2021-07-03
601998,2021-07-03
603019,2021-07-03
603087,2021-07-03
603156,2021-07-03
603160,2021-07-03
603195,2021-07-03
603259,2021-07-03
603288,2021-07-03
603369,2021-07-03
603392,2021-07-03
603501,2021-07-03
603658,2021-07-03
603799,2021-07-03
603833,2021-07-03
603899,2021-07-03
603986,2021-07-03
603993,2021-07-03
688008,2021-07-03
688009,2021-07-03
688012,2021-07-03
688036,2021-07-03
000001,2021-07-03
000002,2021-07-03
000063,2021-07-03
000066,2021-07-03
000069,2021-07-03
000100,2021-07-03
000157,2021-07-03
000166,2021-07-03
000333,2021-07-03
000338,2021-07-03
000425,2021-07-03
000538,2021-07-03
000568,2021-07-03
000596,2021-07-03
000625,2021-07-03
000627,2021-07-03
000651,2021-07-03
000656,2021-07-03
000661,2021-07-03
000671,2021-07-03
000703,2021-07-03
000708,2021-07-03
000723,2021-07-03
000725,2021-07-03
000728,2021-07-03
000768,2021-07-03
000776,2021-07-03
000783,2021-07-03
000786,2021-07-03
000858,2021-07-03
000860,2021-07-03
000876,2021-07-03
000895,2021-07-03
000938,2021-07-03
000961,2021-07-03
000963,2021-07-03
000977,2021-07-03
001979,2021-07-03
002001,2021-07-03
002007,2021-07-03
002008,2021-07-03
002024,2021-07-03
002027,2021-07-03
002032,2021-07-03
002044,2021-07-03
002049,2021-07-03
002050,2021-07-03
002120,2021-07-03
002129,2021-07-03
002142,2021-07-03
002146,2021-07-03
002153,2021-07-03
002157,2021-07-03
002179,2021-07-03
002202,2021-07-03
002230,2021-07-03
002236,2021-07-03
002241,2021-07-03
002252,2021-07-03
002271,2021-07-03
002304,2021-07-03
002311,2021-07-03
002352,2021-07-03
002371,2021-07-03
002384,2021-07-03
002410,2021-07-03
002414,2021-07-03
002415,2021-07-03
002422,2021-07-03
002456,2021-07-03
002460,2021-07-03
002463,2021-07-03
002475,2021-07-03
002493,2021-07-03
002508,2021-07-03
002555,2021-07-03
002558,2021-07-03
002594,2021-07-03
002600,2021-07-03
002601,2021-07-03
002602,2021-07-03
002607,2021-07-03
002624,2021-07-03
002673,2021-07-03
002714,2021-07-03
002736,2021-07-03
002739,2021-07-03
002773,2021-07-03
002812,2021-07-03
002821,2021-07-03
002841,2021-07-03
002916,2021-07-03
002938,2021-07-03
002939,2021-07-03
002945,2021-07-03
002958,2021-07-03
003816,2021-07-03
300003,2021-07-03
300014,2021-07-03
300015,2021-07-03
300033,2021-07-03
300059,2021-07-03
300122,2021-07-03
300124,2021-07-03
300136,2021-07-03
300142,2021-07-03
300144,2021-07-03
300347,2021-07-03
300408,2021-07-03
300413,2021-07-03
300433,2021-07-03
300498,2021-07-03
300529,2021-07-03
300601,2021-07-03
300628,2021-07-03
300676,2021-07-03
600000,2021-07-28
600009,2021-07-28
600010,2021-07-28
600011,2021-07-28
600015,2021-07-28
600016,2021-07-28
600018,2021-07-28
600019,2021-07-28
600025,2021-07-28
600028,2021-07-28
600029,2021-07-28
600030,2021-07-28
600031,2021-07-28
600036,2021-07-28
600048,2021-07-28
600050,2021-07-28
600061,2021-07-28
600079,2021-07-28
600085,2021-07-28
600104,2021-07-28
600109,2021-07-28
600111,2021-07-28
600115,2021-07-28
600118,2021-07-28
600132,2021-07-28
600143,2021-07-28
600150,2021-07-28
600161,2021-07-28
600176,2021-07-28
600183,2021-07-28
600196,2021-07-28
600233,2021-07-28
600276,2021-07-28
600299,2021-07-28
600309,2021-07-28
600332,2021-07-28
600340,2021-07-28
600346,2021-07-28
600352,2021-07-28
600362,2021-07-28
600383,2021-07-28
600406,2021-07-28
600426,2021-07-28
600436,2021-07-28
600438,2021-07-28
600482,2021-07-28
600489,2021-07-28
600519,2021-07-28
600521,2021-07-28
600522,2021-07-28
600547,2021-07-28
600570,2021-07-28
600584,2021-07-28
600585,2021-07-28
600588,2021-07-28
600600,2021-07-28
600606,2021-07-28
600655,2021-07-28
600660,2021-07-28
600690,2021-07-28
600703,2021-07-28
600705,2021-07-28
600741,2021-07-28
600745,2021-07-28
600760,2021-07-28
600763,2021-07-28
600795,2021-07-28
600809,2021-07-28
600837,2021-07-28
600845,2021-07-28
600848,2021-07-28
600872,2021-07-28
600886,2021-07-28
600887,2021-07-28
600893,2021-07-28
600900,2021-07-28
600918,2021-07-28
600919,2021-07-28
600926,2021-07-28
600958,2021-07-28
600989,2021-07-28
600999,2021-07-28
601006,2021-07-28
601009,2021-07-28
601012,2021-07-28
601021,2021-07-28
601066,2021-07-28
601077,2021-07-28
601088,2021-07-28
601100,2021-07-28
601108,2021-07-28
601111,2021-07-28
601138,2021-07-28
601155,2021-07-28
601162,2021-07-28
601166,2021-07-28
601169,2021-07-28
601186,2021-07-28
601211,2021-07-28
601216,2021-07-28
601225,2021-07-28
601229,2021-07-28
601231,2021-07-28
601236,2021-07-28
601238,2021-07-28
601288,2021-07-28
601318,2021-07-28
601319,2021-07-28
601328,2021-07-28
601336,2021-07-28
601360,2021-07-28
601377,2021-07-28
601390,2021-07-28
601398,2021-07-28
601555,2021-07-28
601600,2021-07-28
601601,2021-07-28
601607,2021-07-28
601618,2021-07-28
601628,2021-07-28
601633,2021-07-28
601658,2021-07-28
601668,2021-07-28
601669,2021-07-28
601688,2021-07-28
601696,2021-07-28
601698,2021-07-28
601727,2021-07-28
601766,2021-07-28
601788,2021-07-28
601799,2021-07-28
601800,2021-07-28
601808,2021-07-28
601816,2021-07-28
601818,2021-07-28
601838,2021-07-28
601857,2021-07-28
601872,2021-07-28
601877,2021-07-28
601878,2021-07-28
601881,2021-07-28
601888,2021-07-28
601899,2021-07-28
601901,2021-07-28
601916,2021-07-28
601919,2021-07-28
601933,2021-07-28
601939,2021-07-28
601985,2021-07-28
601988,2021-07-28
601989,2021-07-28
601990,2021-07-28
601995,2021-07-28
601998,2021-07-28
603019,2021-07-28
603087,2021-07-28
603160,2021-07-28
603195,2021-07-28
603233,2021-07-28
603259,2021-07-28
603288,2021-07-28
603338,2021-07-28
603369,2021-07-28
603392,2021-07-28
603501,2021-07-28
603517,2021-07-28
603658,2021-07-28
603659,2021-07-28
603799,2021-07-28
603806,2021-07-28
603833,2021-07-28
603882,2021-07-28
603899,2021-07-28
603939,2021-07-28
603986,2021-07-28
603993,2021-07-28
688008,2021-07-28
688009,2021-07-28
688012,2021-07-28
688036,2021-07-28
688111,2021-07-28
688126,2021-07-28
688169,2021-07-28
688363,2021-07-28
688396,2021-07-28
000001,2021-07-28
000002,2021-07-28
000063,2021-07-28
000066,2021-07-28
000069,2021-07-28
000100,2021-07-28
000157,2021-07-28
000166,2021-07-28
000333,2021-07-28
000338,2021-07-28
000425,2021-07-28
000538,2021-07-28
000568,2021-07-28
000596,2021-07-28
000625,2021-07-28
000651,2021-07-28
000656,2021-07-28
000661,2021-07-28
000703,2021-07-28
000708,2021-07-28
000725,2021-07-28
000728,2021-07-28
000768,2021-07-28
000776,2021-07-28
000783,2021-07-28
000786,2021-07-28
000800,2021-07-28
000858,2021-07-28
000860,2021-07-28
000876,2021-07-28
000895,2021-07-28
000938,2021-07-28
000963,2021-07-28
000977,2021-07-28
001979,2021-07-28
002001,2021-07-28
002007,2021-07-28
002008,2021-07-28
002024,2021-07-28
002027,2021-07-28
002032,2021-07-28
002044,2021-07-28
002049,2021-07-28
002050,2021-07-28
002120,2021-07-28
002129,2021-07-28
002142,2021-07-28
002153,2021-07-28
002157,2021-07-28
002179,2021-07-28
002202,2021-07-28
002230,2021-07-28
002236,2021-07-28
002241,2021-07-28
002252,2021-07-28
002271,2021-07-28
002304,2021-07-28
002311,2021-07-28
002352,2021-07-28
002371,2021-07-28
002384,2021-07-28
002410,2021-07-28
002414,2021-07-28
002415,2021-07-28
002456,2021-07-28
002460,2021-07-28
002463,2021-07-28
002475,2021-07-28
002493,2021-07-28
002508,2021-07-28
002555,2021-07-28
002558,2021-07-28
002594,2021-07-28
002600,2021-07-28
002601,2021-07-28
002602,2021-07-28
002607,2021-07-28
002624,2021-07-28
002673,2021-07-28
002714,2021-07-28
002736,2021-07-28
002739,2021-07-28
002773,2021-07-28
002812,2021-07-28
002821,2021-07-28
002841,2021-07-28
002916,2021-07-28
002938,2021-07-28
002939,2021-07-28
002945,2021-07-28
003816,2021-07-28
300003,2021-07-28
300014,2021-07-28
300015,2021-07-28
300033,2021-07-28
300059,2021-07-28
300122,2021-07-28
300124,2021-07-28
300136,2021-07-28
300142,2021-07-28
300144,2021-07-28
300274,2021-07-28
300347,2021-07-28
300408,2021-07-28
300413,2021-07-28
300433,2021-07-28
300450,2021-07-28
300498,2021-07-28
300529,2021-07-28
300558,2021-07-28
300595,2021-07-28
300601,2021-07-28
300628,2021-07-28
300676,2021-07-28
300677,2021-07-28
600000,2022-01-01
600009,2022-01-01
600010,2022-01-01
600011,2022-01-01
600015,2022-01-01
600016,2022-01-01
600018,2022-01-01
600019,2022-01-01
600025,2022-01-01
600028,2022-01-01
600029,2022-01-01
600030,2022-01-01
600031,2022-01-01
600036,2022-01-01
600048,2022-01-01
600050,2022-01-01
600061,2022-01-01
600079,2022-01-01
600085,2022-01-01
600104,2022-01-01
600109,2022-01-01
600111,2022-01-01
600115,2022-01-01
600118,2022-01-01
600132,2022-01-01
600143,2022-01-01
600150,2022-01-01
600161,2022-01-01
600176,2022-01-01
600183,2022-01-01
600196,2022-01-01
600233,2022-01-01
600276,2022-01-01
600299,2022-01-01
600309,2022-01-01
600332,2022-01-01
600340,2022-01-01
600346,2022-01-01
600352,2022-01-01
600362,2022-01-01
600383,2022-01-01
600406,2022-01-01
600426,2022-01-01
600436,2022-01-01
600438,2022-01-01
600482,2022-01-01
600489,2022-01-01
600519,2022-01-01
600521,2022-01-01
600522,2022-01-01
600547,2022-01-01
600570,2022-01-01
600584,2022-01-01
600585,2022-01-01
600588,2022-01-01
600600,2022-01-01
600606,2022-01-01
600655,2022-01-01
600660,2022-01-01
600690,2022-01-01
600703,2022-01-01
600705,2022-01-01
600741,2022-01-01
600745,2022-01-01
600760,2022-01-01
600763,2022-01-01
600795,2022-01-01
600809,2022-01-01
600837,2022-01-01
600845,2022-01-01
600848,2022-01-01
600872,2022-01-01
600886,2022-01-01
600887,2022-01-01
600893,2022-01-01
600900,2022-01-01
600918,2022-01-01
600919,2022-01-01
600926,2022-01-01
600958,2022-01-01
600989,2022-01-01
600999,2022-01-01
601006,2022-01-01
601009,2022-01-01
601012,2022-01-01
601021,2022-01-01
601066,2022-01-01
601077,2022-01-01
601088,2022-01-01
601100,2022-01-01
601108,2022-01-01
601111,2022-01-01
601138,2022-01-01
601155,2022-01-01
601162,2022-01-01
601166,2022-01-01
601169,2022-01-01
601186,2022-01-01
601211,2022-01-01
601216,2022-01-01
601225,2022-01-01
601229,2022-01-01
601231,2022-01-01
601236,2022-01-01
601238,2022-01-01
601288,2022-01-01
601318,2022-01-01
601319,2022-01-01
601328,2022-01-01
601336,2022-01-01
601360,2022-01-01
601377,2022-01-01
601390,2022-01-01
601398,2022-01-01
601555,2022-01-01
601600,2022-01-01
601601,2022-01-01
601607,2022-01-01
601618,2022-01-01
601628,2022-01-01
601633,2022-01-01
601658,2022-01-01
601668,2022-01-01
601669,2022-01-01
601688,2022-01-01
601696,2022-01-01
601698,2022-01-01
601727,2022-01-01
601766,2022-01-01
601788,2022-01-01
601799,2022-01-01
601800,2022-01-01
601808,2022-01-01
601816,2022-01-01
601818,2022-01-01
601838,2022-01-01
601857,2022-01-01
601872,2022-01-01
601877,2022-01-01
601878,2022-01-01
601881,2022-01-01
601888,2022-01-01
601899,2022-01-01
601901,2022-01-01
601916,2022-01-01
601919,2022-01-01
601933,2022-01-01
601939,2022-01-01
601985,2022-01-01
601988,2022-01-01
601989,2022-01-01
601990,2022-01-01
601995,2022-01-01
601998,2022-01-01
603019,2022-01-01
603087,2022-01-01
603160,2022-01-01
603195,2022-01-01
603233,2022-01-01
603259,2022-01-01
603288,2022-01-01
603338,2022-01-01
603369,2022-01-01
603392,2022-01-01
603501,2022-01-01
603517,2022-01-01
603658,2022-01-01
603659,2022-01-01
603799,2022-01-01
603806,2022-01-01
603833,2022-01-01
603882,2022-01-01
603899,2022-01-01
603939,2022-01-01
603986,2022-01-01
603993,2022-01-01
688008,2022-01-01
688009,2022-01-01
688012,2022-01-01
688036,2022-01-01
688111,2022-01-01
688126,2022-01-01
688169,2022-01-01
688363,2022-01-01
688396,2022-01-01
000001,2022-01-01
000002,2022-01-01
000063,2022-01-01
000066,2022-01-01
000069,2022-01-01
000100,2022-01-01
000157,2022-01-01
000166,2022-01-01
000333,2022-01-01
000338,2022-01-01
000425,2022-01-01
000538,2022-01-01
000568,2022-01-01
000596,2022-01-01
000625,2022-01-01
000651,2022-01-01
000656,2022-01-01
000661,2022-01-01
000703,2022-01-01
000708,2022-01-01
000725,2022-01-01
000728,2022-01-01
000768,2022-01-01
000776,2022-01-01
000783,2022-01-01
000786,2022-01-01
000800,2022-01-01
000858,2022-01-01
000860,2022-01-01
000876,2022-01-01
000895,2022-01-01
000938,2022-01-01
000963,2022-01-01
000977,2022-01-01
001979,2022-01-01
002001,2022-01-01
002007,2022-01-01
002008,2022-01-01
002024,2022-01-01
002027,2022-01-01
002032,2022-01-01
002044,2022-01-01
002049,2022-01-01
002050,2022-01-01
002120,2022-01-01
002129,2022-01-01
002142,2022-01-01
002153,2022-01-01
002157,2022-01-01
002179,2022-01-01
002202,2022-01-01
002230,2022-01-01
002236,2022-01-01
002241,2022-01-01
002252,2022-01-01
002271,2022-01-01
002304,2022-01-01
002311,2022-01-01
002352,2022-01-01
002371,2022-01-01
002384,2022-01-01
002410,2022-01-01
002414,2022-01-01
002415,2022-01-01
002456,2022-01-01
002460,2022-01-01
002463,2022-01-01
002475,2022-01-01
002493,2022-01-01
002508,2022-01-01
002555,2022-01-01
002558,2022-01-01
002594,2022-01-01
002600,2022-01-01
002601,2022-01-01
002602,2022-01-01
002607,2022-01-01
002624,2022-01-01
002673,2022-01-01
002714,2022-01-01
002736,2022-01-01
002739,2022-01-01
002773,2022-01-01
002812,2022-01-01
002821,2022-01-01
002841,2022-01-01
002916,2022-01-01
002938,2022-01-01
002939,2022-01-01
002945,2022-01-01
003816,2022-01-01
300003,2022-01-01
300014,2022-01-01
300015,2022-01-01
300033,2022-01-01
300059,2022-01-01
300122,2022-01-01
300124,2022-01-01
300136,2022-01-01
300142,2022-01-01
300144,2022-01-01
300274,2022-01-01
300347,2022-01-01
300408,2022-01-01
300413,2022-01-01
300433,2022-01-01
300450,2022-01-01
300498,2022-01-01
300529,2022-01-01
300558,2022-01-01
300595,2022-01-01
300601,2022-01-01
300628,2022-01-01
300676,2022-01-01
300677,2022-01-01
600000,2022-01-02
600009,2022-01-02
600010,2022-01-02
600011,2022-01-02
600015,2022-01-02
600016,2022-01-02
600018,2022-01-02
600019,2022-01-02
600025,2022-01-02
600028,2022-01-02
600029,2022-01-02
600030,2022-01-02
600031,2022-01-02
600036,2022-01-02
600048,2022-01-02
600050,2022-01-02
600061,2022-01-02
600079,2022-01-02
600085,2022-01-02
600104,2022-01-02
600109,2022-01-02
600111,2022-01-02
600115,2022-01-02
600118,2022-01-02
600132,2022-01-02
600143,2022-01-02
600150,2022-01-02
600161,2022-01-02
600176,2022-01-02
600183,2022-01-02
600196,2022-01-02
600233,2022-01-02
600276,2022-01-02
600299,2022-01-02
600309,2022-01-02
600332,2022-01-02
600340,2022-01-02
600346,2022-01-02
600352,2022-01-02
600362,2022-01-02
600383,2022-01-02
600406,2022-01-02
600426,2022-01-02
600436,2022-01-02
600438,2022-01-02
600482,2022-01-02
600489,2022-01-02
600519,2022-01-02
600521,2022-01-02
600522,2022-01-02
600547,2022-01-02
600570,2022-01-02
600584,2022-01-02
600585,2022-01-02
600588,2022-01-02
600600,2022-01-02
600606,2022-01-02
600655,2022-01-02
600660,2022-01-02
600690,2022-01-02
600703,2022-01-02
600705,2022-01-02
600741,2022-01-02
600745,2022-01-02
600760,2022-01-02
600763,2022-01-02
600795,2022-01-02
600809,2022-01-02
600837,2022-01-02
600845,2022-01-02
600848,2022-01-02
600872,2022-01-02
600886,2022-01-02
600887,2022-01-02
600893,2022-01-02
600900,2022-01-02
600918,2022-01-02
600919,2022-01-02
600926,2022-01-02
600958,2022-01-02
600989,2022-01-02
600999,2022-01-02
601006,2022-01-02
601009,2022-01-02
601012,2022-01-02
601021,2022-01-02
601066,2022-01-02
601077,2022-01-02
601088,2022-01-02
601100,2022-01-02
601108,2022-01-02
601111,2022-01-02
601138,2022-01-02
601155,2022-01-02
601162,2022-01-02
601166,2022-01-02
601169,2022-01-02
601186,2022-01-02
601211,2022-01-02
601216,2022-01-02
601225,2022-01-02
601229,2022-01-02
601231,2022-01-02
601236,2022-01-02
601238,2022-01-02
601288,2022-01-02
601318,2022-01-02
601319,2022-01-02
601328,2022-01-02
601336,2022-01-02
601360,2022-01-02
601377,2022-01-02
601390,2022-01-02
601398,2022-01-02
601555,2022-01-02
601600,2022-01-02
601601,2022-01-02
601607,2022-01-02
601618,2022-01-02
601628,2022-01-02
601633,2022-01-02
601658,2022-01-02
601668,2022-01-02
601669,2022-01-02
601688,2022-01-02
601696,2022-01-02
601698,2022-01-02
601727,2022-01-02
601766,2022-01-02
601788,2022-01-02
601799,2022-01-02
601800,2022-01-02
601808,2022-01-02
601816,2022-01-02
601818,2022-01-02
601838,2022-01-02
601857,2022-01-02
601872,2022-01-02
601877,2022-01-02
601878,2022-01-02
601881,2022-01-02
601888,2022-01-02
601899,2022-01-02
601901,2022-01-02
601916,2022-01-02
601919,2022-01-02
601933,2022-01-02
601939,2022-01-02
601985,2022-01-02
601988,2022-01-02
601989,2022-01-02
601990,2022-01-02
601995,2022-01-02
601998,2022-01-02
603019,2022-01-02
603087,2022-01-02
603160,2022-01-02
603195,2022-01-02
603233,2022-01-02
603259,2022-01-02
603288,2022-01-02
603338,2022-01-02
603369,2022-01-02
603392,2022-01-02
603501,2022-01-02
603517,2022-01-02
603658,2022-01-02
603659,2022-01-02
603799,2022-01-02
603806,2022-01-02
603833,2022-01-02
603882,2022-01-02
603899,2022-01-02
603939,2022-01-02
603986,2022-01-02
603993,2022-01-02
688008,2022-01-02
688009,2022-01-02
688012,2022-01-02
688036,2022-01-02
688111,2022-01-02
688126,2022-01-02
688169,2022-01-02
688363,2022-01-02
688396,2022-01-02
000001,2022-01-02
000002,2022-01-02
000063,2022-01-02
000066,2022-01-02
000069,2022-01-02
000100,2022-01-02
000157,2022-01-02
000166,2022-01-02
000333,2022-01-02
000338,2022-01-02
000425,2022-01-02
000538,2022-01-02
000568,2022-01-02
000596,2022-01-02
000625,2022-01-02
000651,2022-01-02
000656,2022-01-02
000661,2022-01-02
000703,2022-01-02
000708,2022-01-02
000725,2022-01-02
000728,2022-01-02
000768,2022-01-02
000776,2022-01-02
000783,2022-01-02
000786,2022-01-02
000800,2022-01-02
000858,2022-01-02
000860,2022-01-02
000876,2022-01-02
000895,2022-01-02
000938,2022-01-02
000963,2022-01-02
000977,2022-01-02
001979,2022-01-02
002001,2022-01-02
002007,2022-01-02
002008,2022-01-02
002024,2022-01-02
002027,2022-01-02
002032,2022-01-02
002044,2022-01-02
002049,2022-01-02
002050,2022-01-02
002120,2022-01-02
002129,2022-01-02
002142,2022-01-02
002153,2022-01-02
002157,2022-01-02
002179,2022-01-02
002202,2022-01-02
002230,2022-01-02
002236,2022-01-02
002241,2022-01-02
002252,2022-01-02
002271,2022-01-02
002304,2022-01-02
002311,2022-01-02
002352,2022-01-02
002371,2022-01-02
002384,2022-01-02
002410,2022-01-02
002414,2022-01-02
002415,2022-01-02
002456,2022-01-02
002460,2022-01-02
002463,2022-01-02
002475,2022-01-02
002493,2022-01-02
002508,2022-01-02
002555,2022-01-02
002558,2022-01-02
002594,2022-01-02
002600,2022-01-02
002601,2022-01-02
002602,2022-01-02
002607,2022-01-02
002624,2022-01-02
002673,2022-01-02
002714,2022-01-02
002736,2022-01-02
002739,2022-01-02
002773,2022-01-02
002812,2022-01-02
002821,2022-01-02
002841,2022-01-02
002916,2022-01-02
002938,2022-01-02
002939,2022-01-02
002945,2022-01-02
003816,2022-01-02
300003,2022-01-02
300014,2022-01-02
300015,2022-01-02
300033,2022-01-02
300059,2022-01-02
300122,2022-01-02
300124,2022-01-02
300136,2022-01-02
300142,2022-01-02
300144,2022-01-02
300274,2022-01-02
300347,2022-01-02
300408,2022-01-02
300413,2022-01-02
300433,2022-01-02
300450,2022-01-02
300498,2022-01-02
300529,2022-01-02
300558,2022-01-02
300595,2022-01-02
300601,2022-01-02
300628,2022-01-02
300676,2022-01-02
300677,2022-01-02
600000,2022-01-03
600009,2022-01-03
600010,2022-01-03
600011,2022-01-03
600015,2022-01-03
600016,2022-01-03
600018,2022-01-03
600019,2022-01-03
600025,2022-01-03
600028,2022-01-03
600029,2022-01-03
600030,2022-01-03
600031,2022-01-03
600036,2022-01-03
600048,2022-01-03
600050,2022-01-03
600061,2022-01-03
600079,2022-01-03
600085,2022-01-03
600104,2022-01-03
600109,2022-01-03
600111,2022-01-03
600115,2022-01-03
600118,2022-01-03
600132,2022-01-03
600143,2022-01-03
600150,2022-01-03
600161,2022-01-03
600176,2022-01-03
600183,2022-01-03
600196,2022-01-03
600233,2022-01-03
600276,2022-01-03
600299,2022-01-03
600309,2022-01-03
600332,2022-01-03
600340,2022-01-03
600346,2022-01-03
600352,2022-01-03
600362,2022-01-03
600383,2022-01-03
600406,2022-01-03
600426,2022-01-03
600436,2022-01-03
600438,2022-01-03
600482,2022-01-03
600489,2022-01-03
600519,2022-01-03
600521,2022-01-03
600522,2022-01-03
600547,2022-01-03
600570,2022-01-03
600584,2022-01-03
600585,2022-01-03
600588,2022-01-03
600600,2022-01-03
600606,2022-01-03
600655,2022-01-03
600660,2022-01-03
600690,2022-01-03
600703,2022-01-03
600705,2022-01-03
600741,2022-01-03
600745,2022-01-03
600760,2022-01-03
600763,2022-01-03
600795,2022-01-03
600809,2022-01-03
600837,2022-01-03
600845,2022-01-03
600848,2022-01-03
600872,2022-01-03
600886,2022-01-03
600887,2022-01-03
600893,2022-01-03
600900,2022-01-03
600918,2022-01-03
600919,2022-01-03
600926,2022-01-03
600958,2022-01-03
600989,2022-01-03
600999,2022-01-03
601006,2022-01-03
601009,2022-01-03
601012,2022-01-03
601021,2022-01-03
601066,2022-01-03
601077,2022-01-03
601088,2022-01-03
601100,2022-01-03
601108,2022-01-03
601111,2022-01-03
601138,2022-01-03
601155,2022-01-03
601162,2022-01-03
601166,2022-01-03
601169,2022-01-03
601186,2022-01-03
601211,2022-01-03
601216,2022-01-03
601225,2022-01-03
601229,2022-01-03
601231,2022-01-03
601236,2022-01-03
601238,2022-01-03
601288,2022-01-03
601318,2022-01-03
601319,2022-01-03
601328,2022-01-03
601336,2022-01-03
601360,2022-01-03
601377,2022-01-03
601390,2022-01-03
601398,2022-01-03
601555,2022-01-03
601600,2022-01-03
601601,2022-01-03
601607,2022-01-03
601618,2022-01-03
601628,2022-01-03
601633,2022-01-03
601658,2022-01-03
601668,2022-01-03
601669,2022-01-03
601688,2022-01-03
601696,2022-01-03
601698,2022-01-03
601727,2022-01-03
601766,2022-01-03
601788,2022-01-03
601799,2022-01-03
601800,2022-01-03
601808,2022-01-03
601816,2022-01-03
601818,2022-01-03
601838,2022-01-03
601857,2022-01-03
601872,2022-01-03
601877,2022-01-03
601878,2022-01-03
601881,2022-01-03
601888,2022-01-03
601899,2022-01-03
601901,2022-01-03
601916,2022-01-03
601919,2022-01-03
601933,2022-01-03
601939,2022-01-03
601985,2022-01-03
601988,2022-01-03
601989,2022-01-03
601990,2022-01-03
601995,2022-01-03
601998,2022-01-03
603019,2022-01-03
603087,2022-01-03
603160,2022-01-03
603195,2022-01-03
603233,2022-01-03
603259,2022-01-03
603288,2022-01-03
603338,2022-01-03
603369,2022-01-03
603392,2022-01-03
603501,2022-01-03
603517,2022-01-03
603658,2022-01-03
603659,2022-01-03
603799,2022-01-03
603806,2022-01-03
603833,2022-01-03
603882,2022-01-03
603899,2022-01-03
603939,2022-01-03
603986,2022-01-03
603993,2022-01-03
688008,2022-01-03
688009,2022-01-03
688012,2022-01-03
688036,2022-01-03
688111,2022-01-03
688126,2022-01-03
688169,2022-01-03
688363,2022-01-03
688396,2022-01-03
000001,2022-01-03
000002,2022-01-03
000063,2022-01-03
000066,2022-01-03
000069,2022-01-03
000100,2022-01-03
000157,2022-01-03
000166,2022-01-03
000333,2022-01-03
000338,2022-01-03
000425,2022-01-03
000538,2022-01-03
000568,2022-01-03
000596,2022-01-03
000625,2022-01-03
000651,2022-01-03
000656,2022-01-03
000661,2022-01-03
000703,2022-01-03
000708,2022-01-03
000725,2022-01-03
000728,2022-01-03
000768,2022-01-03
000776,2022-01-03
000783,2022-01-03
000786,2022-01-03
000800,2022-01-03
000858,2022-01-03
000860,2022-01-03
000876,2022-01-03
000895,2022-01-03
000938,2022-01-03
000963,2022-01-03
000977,2022-01-03
001979,2022-01-03
002001,2022-01-03
002007,2022-01-03
002008,2022-01-03
002024,2022-01-03
002027,2022-01-03
002032,2022-01-03
002044,2022-01-03
002049,2022-01-03
002050,2022-01-03
002120,2022-01-03
002129,2022-01-03
002142,2022-01-03
002153,2022-01-03
002157,2022-01-03
002179,2022-01-03
002202,2022-01-03
002230,2022-01-03
002236,2022-01-03
002241,2022-01-03
002252,2022-01-03
002271,2022-01-03
002304,2022-01-03
002311,2022-01-03
002352,2022-01-03
002371,2022-01-03
002384,2022-01-03
002410,2022-01-03
002414,2022-01-03
002415,2022-01-03
002456,2022-01-03
002460,2022-01-03
002463,2022-01-03
002475,2022-01-03
002493,2022-01-03
002508,2022-01-03
002555,2022-01-03
002558,2022-01-03
002594,2022-01-03
002600,2022-01-03
002601,2022-01-03
002602,2022-01-03
002607,2022-01-03
002624,2022-01-03
002673,2022-01-03
002714,2022-01-03
002736,2022-01-03
002739,2022-01-03
002773,2022-01-03
002812,2022-01-03
002821,2022-01-03
002841,2022-01-03
002916,2022-01-03
002938,2022-01-03
002939,2022-01-03
002945,2022-01-03
003816,2022-01-03
300003,2022-01-03
300014,2022-01-03
300015,2022-01-03
300033,2022-01-03
300059,2022-01-03
300122,2022-01-03
300124,2022-01-03
300136,2022-01-03
300142,2022-01-03
300144,2022-01-03
300274,2022-01-03
300347,2022-01-03
300408,2022-01-03
300413,2022-01-03
300433,2022-01-03
300450,2022-01-03
300498,2022-01-03
300529,2022-01-03
300558,2022-01-03
300595,2022-01-03
300601,2022-01-03
300628,2022-01-03
300676,2022-01-03
300677,2022-01-03
600000,2022-01-28
600009,2022-01-28
600010,2022-01-28
600011,2022-01-28
600015,2022-01-28
600016,2022-01-28
600018,2022-01-28
600019,2022-01-28
600025,2022-01-28
600028,2022-01-28
600029,2022-01-28
600030,2022-01-28
600031,2022-01-28
600036,2022-01-28
600048,2022-01-28
600050,2022-01-28
600061,2022-01-28
600079,2022-01-28
600085,2022-01-28
600104,2022-01-28
600109,2022-01-28
600111,2022-01-28
600115,2022-01-28
600132,2022-01-28
600143,2022-01-28
600150,2022-01-28
600161,2022-01-28
600176,2022-01-28
600183,2022-01-28
600196,2022-01-28
600276,2022-01-28
600309,2022-01-28
600332,2022-01-28
600346,2022-01-28
600352,2022-01-28
600362,2022-01-28
600383,2022-01-28
600406,2022-01-28
600426,2022-01-28
600436,2022-01-28
600438,2022-01-28
600489,2022-01-28
600519,2022-01-28
600547,2022-01-28
600570,2022-01-28
600584,2022-01-28
600585,2022-01-28
600588,2022-01-28
600600,2022-01-28
600606,2022-01-28
600655,2022-01-28
600660,2022-01-28
600690,2022-01-28
600741,2022-01-28
600745,2022-01-28
600760,2022-01-28
600763,2022-01-28
600795,2022-01-28
600809,2022-01-28
600837,2022-01-28
600845,2022-01-28
600848,2022-01-28
600872,2022-01-28
600886,2022-01-28
600887,2022-01-28
600893,2022-01-28
600900,2022-01-28
600905,2022-01-28
600918,2022-01-28
600919,2022-01-28
600926,2022-01-28
600958,2022-01-28
600989,2022-01-28
600999,2022-01-28
601006,2022-01-28
601009,2022-01-28
601012,2022-01-28
601021,2022-01-28
601066,2022-01-28
601088,2022-01-28
601100,2022-01-28
601108,2022-01-28
601111,2022-01-28
601138,2022-01-28
601155,2022-01-28
601162,2022-01-28
601166,2022-01-28
601169,2022-01-28
601186,2022-01-28
601211,2022-01-28
601216,2022-01-28
601225,2022-01-28
601229,2022-01-28
601231,2022-01-28
601236,2022-01-28
601238,2022-01-28
601288,2022-01-28
601318,2022-01-28
601319,2022-01-28
601328,2022-01-28
601336,2022-01-28
601360,2022-01-28
601377,2022-01-28
601390,2022-01-28
601398,2022-01-28
601600,2022-01-28
601601,2022-01-28
601607,2022-01-28
601618,2022-01-28
601628,2022-01-28
601633,2022-01-28
601658,2022-01-28
601668,2022-01-28
601669,2022-01-28
601688,2022-01-28
601696,2022-01-28
601698,2022-01-28
601728,2022-01-28
601766,2022-01-28
601788,2022-01-28
601799,2022-01-28
601800,2022-01-28
601808,2022-01-28
601816,2022-01-28
601818,2022-01-28
601838,2022-01-28
601857,2022-01-28
601865,2022-01-28
601868,2022-01-28
601877,2022-01-28
601878,2022-01-28
601881,2022-01-28
601888,2022-01-28
601898,2022-01-28
601899,2022-01-28
601901,2022-01-28
601916,2022-01-28
601919,2022-01-28
601933,2022-01-28
601939,2022-01-28
601966,2022-01-28
601985,2022-01-28
601988,2022-01-28
601989,2022-01-28
601990,2022-01-28
601995,2022-01-28
601998,2022-01-28
603019,2022-01-28
603087,2022-01-28
603160,2022-01-28
603195,2022-01-28
603233,2022-01-28
603259,2022-01-28
603260,2022-01-28
603288,2022-01-28
603338,2022-01-28
603369,2022-01-28
603392,2022-01-28
603486,2022-01-28
603501,2022-01-28
603517,2022-01-28
603658,2022-01-28
603659,2022-01-28
603799,2022-01-28
603806,2022-01-28
603833,2022-01-28
603882,2022-01-28
603899,2022-01-28
603939,2022-01-28
603986,2022-01-28
603993,2022-01-28
605499,2022-01-28
688008,2022-01-28
688009,2022-01-28
688012,2022-01-28
688036,2022-01-28
688111,2022-01-28
688126,2022-01-28
688169,2022-01-28
688363,2022-01-28
688396,2022-01-28
688561,2022-01-28
688599,2022-01-28
688981,2022-01-28
000001,2022-01-28
000002,2022-01-28
000063,2022-01-28
000066,2022-01-28
000069,2022-01-28
000100,2022-01-28
000157,2022-01-28
000166,2022-01-28
000301,2022-01-28
000333,2022-01-28
000338,2022-01-28
000425,2022-01-28
000538,2022-01-28
000568,2022-01-28
000596,2022-01-28
000625,2022-01-28
000651,2022-01-28
000661,2022-01-28
000703,2022-01-28
000708,2022-01-28
000725,2022-01-28
000768,2022-01-28
000776,2022-01-28
000783,2022-01-28
000786,2022-01-28
000800,2022-01-28
000858,2022-01-28
000876,2022-01-28
000895,2022-01-28
000938,2022-01-28
000963,2022-01-28
000977,2022-01-28
001979,2022-01-28
002001,2022-01-28
002007,2022-01-28
002008,2022-01-28
002024,2022-01-28
002027,2022-01-28
002032,2022-01-28
002044,2022-01-28
002049,2022-01-28
002050,2022-01-28
002064,2022-01-28
002120,2022-01-28
002129,2022-01-28
002142,2022-01-28
002157,2022-01-28
002179,2022-01-28
002202,2022-01-28
002230,2022-01-28
002236,2022-01-28
002241,2022-01-28
002252,2022-01-28
002271,2022-01-28
002304,2022-01-28
002311,2022-01-28
002352,2022-01-28
002371,2022-01-28
002410,2022-01-28
002414,2022-01-28
002415,2022-01-28
002459,2022-01-28
002460,2022-01-28
002466,2022-01-28
002475,2022-01-28
002493,2022-01-28
002555,2022-01-28
002568,2022-01-28
002594,2022-01-28
002600,2022-01-28
002601,2022-01-28
002602,2022-01-28
002607,2022-01-28
002624,2022-01-28
002709,2022-01-28
002714,2022-01-28
002736,2022-01-28
002791,2022-01-28
002812,2022-01-28
002821,2022-01-28
002841,2022-01-28
002916,2022-01-28
002938,2022-01-28
003816,2022-01-28
300003,2022-01-28
300014,2022-01-28
300015,2022-01-28
300033,2022-01-28
300059,2022-01-28
300122,2022-01-28
300124,2022-01-28
300142,2022-01-28
300144,2022-01-28
300274,2022-01-28
300316,2022-01-28
300347,2022-01-28
300408,2022-01-28
300413,2022-01-28
300433,2022-01-28
300450,2022-01-28
300498,2022-01-28
300529,2022-01-28
300558,2022-01-28
300595,2022-01-28
300601,2022-01-28
300628,2022-01-28
300676,2022-01-28
300677,2022-01-28
300750,2022-01-28
300759,2022-01-28
300760,2022-01-28
300782,2022-01-28
300866,2022-01-28
300888,2022-01-28
300896,2022-01-28
300999,2022-01-28
600000,2022-07-01
600009,2022-07-01
600010,2022-07-01
600011,2022-07-01
600015,2022-07-01
600016,2022-07-01
600018,2022-07-01
600019,2022-07-01
600025,2022-07-01
600028,2022-07-01
600029,2022-07-01
600030,2022-07-01
600031,2022-07-01
600036,2022-07-01
600048,2022-07-01
600050,2022-07-01
600061,2022-07-01
600085,2022-07-01
600089,2022-07-01
600104,2022-07-01
600111,2022-07-01
600115,2022-07-01
600132,2022-07-01
600150,2022-07-01
600161,2022-07-01
600176,2022-07-01
600183,2022-07-01
600188,2022-07-01
600196,2022-07-01
600219,2022-07-01
600276,2022-07-01
600309,2022-07-01
600332,2022-07-01
600346,2022-07-01
600352,2022-07-01
600362,2022-07-01
600383,2022-07-01
600406,2022-07-01
600426,2022-07-01
600436,2022-07-01
600438,2022-07-01
600460,2022-07-01
600489,2022-07-01
600519,2022-07-01
600547,2022-07-01
600570,2022-07-01
600584,2022-07-01
600585,2022-07-01
600588,2022-07-01
600600,2022-07-01
600606,2022-07-01
600655,2022-07-01
600660,2022-07-01
600690,2022-07-01
600741,2022-07-01
600745,2022-07-01
600760,2022-07-01
600763,2022-07-01
600795,2022-07-01
600809,2022-07-01
600837,2022-07-01
600845,2022-07-01
600886,2022-07-01
600887,2022-07-01
600893,2022-07-01
600900,2022-07-01
600905,2022-07-01
600918,2022-07-01
600919,2022-07-01
600926,2022-07-01
600941,2022-07-01
600958,2022-07-01
600989,2022-07-01
600999,2022-07-01
601006,2022-07-01
601009,2022-07-01
601012,2022-07-01
601021,2022-07-01
601066,2022-07-01
601088,2022-07-01
601100,2022-07-01
601111,2022-07-01
601117,2022-07-01
601138,2022-07-01
601155,2022-07-01
601166,2022-07-01
601169,2022-07-01
601186,2022-07-01
601211,2022-07-01
601216,2022-07-01
601225,2022-07-01
601229,2022-07-01
601236,2022-07-01
601238,2022-07-01
601288,2022-07-01
601318,2022-07-01
601319,2022-07-01
601328,2022-07-01
601336,2022-07-01
601360,2022-07-01
601377,2022-07-01
601390,2022-07-01
601398,2022-07-01
601600,2022-07-01
601601,2022-07-01
601618,2022-07-01
601628,2022-07-01
601633,2022-07-01
601658,2022-07-01
601668,2022-07-01
601669,2022-07-01
601688,2022-07-01
601698,2022-07-01
601728,2022-07-01
601766,2022-07-01
601788,2022-07-01
601799,2022-07-01
601800,2022-07-01
601808,2022-07-01
601816,2022-07-01
601818,2022-07-01
601825,2022-07-01
601838,2022-07-01
601857,2022-07-01
601865,2022-07-01
601868,2022-07-01
601877,2022-07-01
601878,2022-07-01
601881,2022-07-01
601888,2022-07-01
601898,2022-07-01
601899,2022-07-01
601901,2022-07-01
601916,2022-07-01
601919,2022-07-01
601939,2022-07-01
601966,2022-07-01
601985,2022-07-01
601988,2022-07-01
601989,2022-07-01
601995,2022-07-01
601998,2022-07-01
603019,2022-07-01
603087,2022-07-01
603160,2022-07-01
603185,2022-07-01
603195,2022-07-01
603259,2022-07-01
603260,2022-07-01
603288,2022-07-01
603290,2022-07-01
603369,2022-07-01
603392,2022-07-01
603486,2022-07-01
603501,2022-07-01
603659,2022-07-01
603799,2022-07-01
603806,2022-07-01
603833,2022-07-01
603882,2022-07-01
603899,2022-07-01
603986,2022-07-01
603993,2022-07-01
605499,2022-07-01
688005,2022-07-01
688008,2022-07-01
688012,2022-07-01
688036,2022-07-01
688065,2022-07-01
688111,2022-07-01
688126,2022-07-01
688169,2022-07-01
688363,2022-07-01
688396,2022-07-01
688561,2022-07-01
688599,2022-07-01
688981,2022-07-01
000001,2022-07-01
000002,2022-07-01
000063,2022-07-01
000066,2022-07-01
000069,2022-07-01
000100,2022-07-01
000157,2022-07-01
000166,2022-07-01
000301,2022-07-01
000333,2022-07-01
000338,2022-07-01
000408,2022-07-01
000425,2022-07-01
000538,2022-07-01
000568,2022-07-01
000596,2022-07-01
000625,2022-07-01
000651,2022-07-01
000661,2022-07-01
000703,2022-07-01
000708,2022-07-01
000725,2022-07-01
000768,2022-07-01
000776,2022-07-01
000786,2022-07-01
000792,2022-07-01
000800,2022-07-01
000858,2022-07-01
000876,2022-07-01
000877,2022-07-01
000895,2022-07-01
000938,2022-07-01
000963,2022-07-01
000977,2022-07-01
001289,2022-07-01
001979,2022-07-01
002001,2022-07-01
002007,2022-07-01
002008,2022-07-01
002027,2022-07-01
002032,2022-07-01
002049,2022-07-01
002050,2022-07-01
002064,2022-07-01
002074,2022-07-01
002120,2022-07-01
002129,2022-07-01
002142,2022-07-01
002179,2022-07-01
002202,2022-07-01
002230,2022-07-01
002236,2022-07-01
002241,2022-07-01
002252,2022-07-01
002271,2022-07-01
002304,2022-07-01
002311,2022-07-01
002352,2022-07-01
002371,2022-07-01
002410,2022-07-01
002414,2022-07-01
002415,2022-07-01
002459,2022-07-01
002460,2022-07-01
002466,2022-07-01
002475,2022-07-01
002493,2022-07-01
002555,2022-07-01
002568,2022-07-01
002594,2022-07-01
002600,2022-07-01
002601,2022-07-01
002602,2022-07-01
002607,2022-07-01
002648,2022-07-01
002709,2022-07-01
002714,2022-07-01
002736,2022-07-01
002791,2022-07-01
002812,2022-07-01
002821,2022-07-01
002841,2022-07-01
002916,2022-07-01
002920,2022-07-01
002938,2022-07-01
003816,2022-07-01
300003,2022-07-01
300014,2022-07-01
300015,2022-07-01
300033,2022-07-01
300059,2022-07-01
300122,2022-07-01
300124,2022-07-01
300142,2022-07-01
300207,2022-07-01
300223,2022-07-01
300274,2022-07-01
300316,2022-07-01
300347,2022-07-01
300408,2022-07-01
300413,2022-07-01
300433,2022-07-01
300450,2022-07-01
300454,2022-07-01
300496,2022-07-01
300498,2022-07-01
300529,2022-07-01
300595,2022-07-01
300601,2022-07-01
300628,2022-07-01
300661,2022-07-01
300750,2022-07-01
300751,2022-07-01
300759,2022-07-01
300760,2022-07-01
300763,2022-07-01
300782,2022-07-01
300866,2022-07-01
300896,2022-07-01
300919,2022-07-01
300957,2022-07-01
300979,2022-07-01
300999,2022-07-01
600000,2022-07-02
600009,2022-07-02
600010,2022-07-02
600011,2022-07-02
600015,2022-07-02
600016,2022-07-02
600018,2022-07-02
600019,2022-07-02
600025,2022-07-02
600028,2022-07-02
600029,2022-07-02
600030,2022-07-02
600031,2022-07-02
600036,2022-07-02
600048,2022-07-02
600050,2022-07-02
600061,2022-07-02
600085,2022-07-02
600089,2022-07-02
600104,2022-07-02
600111,2022-07-02
600115,2022-07-02
600132,2022-07-02
600150,2022-07-02
600161,2022-07-02
600176,2022-07-02
600183,2022-07-02
600188,2022-07-02
600196,2022-07-02
600219,2022-07-02
600276,2022-07-02
600309,2022-07-02
600332,2022-07-02
600346,2022-07-02
600352,2022-07-02
600362,2022-07-02
600383,2022-07-02
600406,2022-07-02
600426,2022-07-02
600436,2022-07-02
600438,2022-07-02
600460,2022-07-02
600489,2022-07-02
600519,2022-07-02
600547,2022-07-02
600570,2022-07-02
600584,2022-07-02
600585,2022-07-02
600588,2022-07-02
600600,2022-07-02
600606,2022-07-02
600655,2022-07-02
600660,2022-07-02
600690,2022-07-02
600741,2022-07-02
600745,2022-07-02
600760,2022-07-02
600763,2022-07-02
600795,2022-07-02
600809,2022-07-02
600837,2022-07-02
600845,2022-07-02
600886,2022-07-02
600887,2022-07-02
600893,2022-07-02
600900,2022-07-02
600905,2022-07-02
600918,2022-07-02
600919,2022-07-02
600926,2022-07-02
600941,2022-07-02
600958,2022-07-02
600989,2022-07-02
600999,2022-07-02
601006,2022-07-02
601009,2022-07-02
601012,2022-07-02
601021,2022-07-02
601066,2022-07-02
601088,2022-07-02
601100,2022-07-02
601111,2022-07-02
601117,2022-07-02
601138,2022-07-02
601155,2022-07-02
601166,2022-07-02
601169,2022-07-02
601186,2022-07-02
601211,2022-07-02
601216,2022-07-02
601225,2022-07-02
601229,2022-07-02
601236,2022-07-02
601238,2022-07-02
601288,2022-07-02
601318,2022-07-02
601319,2022-07-02
601328,2022-07-02
601336,2022-07-02
601360,2022-07-02
601377,2022-07-02
601390,2022-07-02
601398,2022-07-02
601600,2022-07-02
601601,2022-07-02
601618,2022-07-02
601628,2022-07-02
601633,2022-07-02
601658,2022-07-02
601668,2022-07-02
601669,2022-07-02
601688,2022-07-02
601698,2022-07-02
601728,2022-07-02
601766,2022-07-02
601788,2022-07-02
601799,2022-07-02
601800,2022-07-02
601808,2022-07-02
601816,2022-07-02
601818,2022-07-02
601825,2022-07-02
601838,2022-07-02
601857,2022-07-02
601865,2022-07-02
601868,2022-07-02
601877,2022-07-02
601878,2022-07-02
601881,2022-07-02
601888,2022-07-02
601898,2022-07-02
601899,2022-07-02
601901,2022-07-02
601916,2022-07-02
601919,2022-07-02
601939,2022-07-02
601966,2022-07-02
601985,2022-07-02
601988,2022-07-02
601989,2022-07-02
601995,2022-07-02
601998,2022-07-02
603019,2022-07-02
603087,2022-07-02
603160,2022-07-02
603185,2022-07-02
603195,2022-07-02
603259,2022-07-02
603260,2022-07-02
603288,2022-07-02
603290,2022-07-02
603369,2022-07-02
603392,2022-07-02
603486,2022-07-02
603501,2022-07-02
603659,2022-07-02
603799,2022-07-02
603806,2022-07-02
603833,2022-07-02
603882,2022-07-02
603899,2022-07-02
603986,2022-07-02
603993,2022-07-02
605499,2022-07-02
688005,2022-07-02
688008,2022-07-02
688012,2022-07-02
688036,2022-07-02
688065,2022-07-02
688111,2022-07-02
688126,2022-07-02
688169,2022-07-02
688363,2022-07-02
688396,2022-07-02
688561,2022-07-02
688599,2022-07-02
688981,2022-07-02
000001,2022-07-02
000002,2022-07-02
000063,2022-07-02
000066,2022-07-02
000069,2022-07-02
000100,2022-07-02
000157,2022-07-02
000166,2022-07-02
000301,2022-07-02
000333,2022-07-02
000338,2022-07-02
000408,2022-07-02
000425,2022-07-02
000538,2022-07-02
000568,2022-07-02
000596,2022-07-02
000625,2022-07-02
000651,2022-07-02
000661,2022-07-02
000703,2022-07-02
000708,2022-07-02
000725,2022-07-02
000768,2022-07-02
000776,2022-07-02
000786,2022-07-02
000792,2022-07-02
000800,2022-07-02
000858,2022-07-02
000876,2022-07-02
000877,2022-07-02
000895,2022-07-02
000938,2022-07-02
000963,2022-07-02
000977,2022-07-02
001289,2022-07-02
001979,2022-07-02
002001,2022-07-02
002007,2022-07-02
002008,2022-07-02
002027,2022-07-02
002032,2022-07-02
002049,2022-07-02
002050,2022-07-02
002064,2022-07-02
002074,2022-07-02
002120,2022-07-02
002129,2022-07-02
002142,2022-07-02
002179,2022-07-02
002202,2022-07-02
002230,2022-07-02
002236,2022-07-02
002241,2022-07-02
002252,2022-07-02
002271,2022-07-02
002304,2022-07-02
002311,2022-07-02
002352,2022-07-02
002371,2022-07-02
002410,2022-07-02
002414,2022-07-02
002415,2022-07-02
002459,2022-07-02
002460,2022-07-02
002466,2022-07-02
002475,2022-07-02
002493,2022-07-02
002555,2022-07-02
002568,2022-07-02
002594,2022-07-02
002600,2022-07-02
002601,2022-07-02
002602,2022-07-02
002607,2022-07-02
002648,2022-07-02
002709,2022-07-02
002714,2022-07-02
002736,2022-07-02
002791,2022-07-02
002812,2022-07-02
002821,2022-07-02
002841,2022-07-02
002916,2022-07-02
002920,2022-07-02
002938,2022-07-02
003816,2022-07-02
300003,2022-07-02
300014,2022-07-02
300015,2022-07-02
300033,2022-07-02
300059,2022-07-02
300122,2022-07-02
300124,2022-07-02
300142,2022-07-02
300207,2022-07-02
300223,2022-07-02
300274,2022-07-02
300316,2022-07-02
300347,2022-07-02
300408,2022-07-02
300413,2022-07-02
300433,2022-07-02
300450,2022-07-02
300454,2022-07-02
300496,2022-07-02
300498,2022-07-02
300529,2022-07-02
300595,2022-07-02
300601,2022-07-02
300628,2022-07-02
300661,2022-07-02
300750,2022-07-02
300751,2022-07-02
300759,2022-07-02
300760,2022-07-02
300763,2022-07-02
300782,2022-07-02
300866,2022-07-02
300896,2022-07-02
300919,2022-07-02
300957,2022-07-02
300979,2022-07-02
300999,2022-07-02
600000,2022-07-03
600009,2022-07-03
600010,2022-07-03
600011,2022-07-03
600015,2022-07-03
600016,2022-07-03
600018,2022-07-03
600019,2022-07-03
600025,2022-07-03
600028,2022-07-03
600029,2022-07-03
600030,2022-07-03
600031,2022-07-03
600036,2022-07-03
600048,2022-07-03
600050,2022-07-03
600061,2022-07-03
600085,2022-07-03
600089,2022-07-03
600104,2022-07-03
600111,2022-07-03
600115,2022-07-03
600132,2022-07-03
600150,2022-07-03
600161,2022-07-03
600176,2022-07-03
600183,2022-07-03
600188,2022-07-03
600196,2022-07-03
600219,2022-07-03
600276,2022-07-03
600309,2022-07-03
600332,2022-07-03
600346,2022-07-03
600352,2022-07-03
600362,2022-07-03
600383,2022-07-03
600406,2022-07-03
600426,2022-07-03
600436,2022-07-03
600438,2022-07-03
600460,2022-07-03
600489,2022-07-03
600519,2022-07-03
600547,2022-07-03
600570,2022-07-03
600584,2022-07-03
600585,2022-07-03
600588,2022-07-03
600600,2022-07-03
600606,2022-07-03
600655,2022-07-03
600660,2022-07-03
600690,2022-07-03
600741,2022-07-03
600745,2022-07-03
600760,2022-07-03
600763,2022-07-03
600795,2022-07-03
600809,2022-07-03
600837,2022-07-03
600845,2022-07-03
600886,2022-07-03
600887,2022-07-03
600893,2022-07-03
600900,2022-07-03
600905,2022-07-03
600918,2022-07-03
600919,2022-07-03
600926,2022-07-03
600941,2022-07-03
600958,2022-07-03
600989,2022-07-03
600999,2022-07-03
601006,2022-07-03
601009,2022-07-03
601012,2022-07-03
601021,2022-07-03
601066,2022-07-03
601088,2022-07-03
601100,2022-07-03
601111,2022-07-03
601117,2022-07-03
601138,2022-07-03
601155,2022-07-03
601166,2022-07-03
601169,2022-07-03
601186,2022-07-03
601211,2022-07-03
601216,2022-07-03
601225,2022-07-03
601229,2022-07-03
601236,2022-07-03
601238,2022-07-03
601288,2022-07-03
601318,2022-07-03
601319,2022-07-03
601328,2022-07-03
601336,2022-07-03
601360,2022-07-03
601377,2022-07-03
601390,2022-07-03
601398,2022-07-03
601600,2022-07-03
601601,2022-07-03
601618,2022-07-03
601628,2022-07-03
601633,2022-07-03
601658,2022-07-03
601668,2022-07-03
601669,2022-07-03
601688,2022-07-03
601698,2022-07-03
601728,2022-07-03
601766,2022-07-03
601788,2022-07-03
601799,2022-07-03
601800,2022-07-03
601808,2022-07-03
601816,2022-07-03
601818,2022-07-03
601825,2022-07-03
601838,2022-07-03
601857,2022-07-03
601865,2022-07-03
601868,2022-07-03
601877,2022-07-03
601878,2022-07-03
601881,2022-07-03
601888,2022-07-03
601898,2022-07-03
601899,2022-07-03
601901,2022-07-03
601916,2022-07-03
601919,2022-07-03
601939,2022-07-03
601966,2022-07-03
601985,2022-07-03
601988,2022-07-03
601989,2022-07-03
601995,2022-07-03
601998,2022-07-03
603019,2022-07-03
603087,2022-07-03
603160,2022-07-03
603185,2022-07-03
603195,2022-07-03
603259,2022-07-03
603260,2022-07-03
603288,2022-07-03
603290,2022-07-03
603369,2022-07-03
603392,2022-07-03
603486,2022-07-03
603501,2022-07-03
603659,2022-07-03
603799,2022-07-03
603806,2022-07-03
603833,2022-07-03
603882,2022-07-03
603899,2022-07-03
603986,2022-07-03
603993,2022-07-03
605499,2022-07-03
688005,2022-07-03
688008,2022-07-03
688012,2022-07-03
688036,2022-07-03
688065,2022-07-03
688111,2022-07-03
688126,2022-07-03
688169,2022-07-03
688363,2022-07-03
688396,2022-07-03
688561,2022-07-03
688599,2022-07-03
688981,2022-07-03
000001,2022-07-03
000002,2022-07-03
000063,2022-07-03
000066,2022-07-03
000069,2022-07-03
000100,2022-07-03
000157,2022-07-03
000166,2022-07-03
000301,2022-07-03
000333,2022-07-03
000338,2022-07-03
000408,2022-07-03
000425,2022-07-03
000538,2022-07-03
000568,2022-07-03
000596,2022-07-03
000625,2022-07-03
000651,2022-07-03
000661,2022-07-03
000703,2022-07-03
000708,2022-07-03
000725,2022-07-03
000768,2022-07-03
000776,2022-07-03
000786,2022-07-03
000792,2022-07-03
000800,2022-07-03
000858,2022-07-03
000876,2022-07-03
000877,2022-07-03
000895,2022-07-03
000938,2022-07-03
000963,2022-07-03
000977,2022-07-03
001289,2022-07-03
001979,2022-07-03
002001,2022-07-03
002007,2022-07-03
002008,2022-07-03
002027,2022-07-03
002032,2022-07-03
002049,2022-07-03
002050,2022-07-03
002064,2022-07-03
002074,2022-07-03
002120,2022-07-03
002129,2022-07-03
002142,2022-07-03
002179,2022-07-03
002202,2022-07-03
002230,2022-07-03
002236,2022-07-03
002241,2022-07-03
002252,2022-07-03
002271,2022-07-03
002304,2022-07-03
002311,2022-07-03
002352,2022-07-03
002371,2022-07-03
002410,2022-07-03
002414,2022-07-03
002415,2022-07-03
002459,2022-07-03
002460,2022-07-03
002466,2022-07-03
002475,2022-07-03
002493,2022-07-03
002555,2022-07-03
002568,2022-07-03
002594,2022-07-03
002600,2022-07-03
002601,2022-07-03
002602,2022-07-03
002607,2022-07-03
002648,2022-07-03
002709,2022-07-03
002714,2022-07-03
002736,2022-07-03
002791,2022-07-03
002812,2022-07-03
002821,2022-07-03
002841,2022-07-03
002916,2022-07-03
002920,2022-07-03
002938,2022-07-03
003816,2022-07-03
300003,2022-07-03
300014,2022-07-03
300015,2022-07-03
300033,2022-07-03
300059,2022-07-03
300122,2022-07-03
300124,2022-07-03
300142,2022-07-03
300207,2022-07-03
300223,2022-07-03
300274,2022-07-03
300316,2022-07-03
300347,2022-07-03
300408,2022-07-03
300413,2022-07-03
300433,2022-07-03
300450,2022-07-03
300454,2022-07-03
300496,2022-07-03
300498,2022-07-03
300529,2022-07-03
300595,2022-07-03
300601,2022-07-03
300628,2022-07-03
300661,2022-07-03
300750,2022-07-03
300751,2022-07-03
300759,2022-07-03
300760,2022-07-03
300763,2022-07-03
300782,2022-07-03
300866,2022-07-03
300896,2022-07-03
300919,2022-07-03
300957,2022-07-03
300979,2022-07-03
300999,2022-07-03
600000,2022-07-28
600009,2022-07-28
600010,2022-07-28
600011,2022-07-28
600015,2022-07-28
600016,2022-07-28
600018,2022-07-28
600019,2022-07-28
600025,2022-07-28
600028,2022-07-28
600029,2022-07-28
600030,2022-07-28
600031,2022-07-28
600036,2022-07-28
600048,2022-07-28
600050,2022-07-28
600061,2022-07-28
600085,2022-07-28
600089,2022-07-28
600104,2022-07-28
600111,2022-07-28
600115,2022-07-28
600132,2022-07-28
600150,2022-07-28
600161,2022-07-28
600176,2022-07-28
600183,2022-07-28
600188,2022-07-28
600196,2022-07-28
600219,2022-07-28
600276,2022-07-28
600309,2022-07-28
600332,2022-07-28
600346,2022-07-28
600352,2022-07-28
600362,2022-07-28
600383,2022-07-28
600406,2022-07-28
600426,2022-07-28
600436,2022-07-28
600438,2022-07-28
600460,2022-07-28
600489,2022-07-28
600519,2022-07-28
600547,2022-07-28
600570,2022-07-28
600584,2022-07-28
600585,2022-07-28
600588,2022-07-28
600600,2022-07-28
600606,2022-07-28
600655,2022-07-28
600660,2022-07-28
600690,2022-07-28
600741,2022-07-28
600745,2022-07-28
600760,2022-07-28
600763,2022-07-28
600795,2022-07-28
600809,2022-07-28
600837,2022-07-28
600845,2022-07-28
600886,2022-07-28
600887,2022-07-28
600893,2022-07-28
600900,2022-07-28
600905,2022-07-28
600918,2022-07-28
600919,2022-07-28
600926,2022-07-28
600941,2022-07-28
600958,2022-07-28
600989,2022-07-28
600999,2022-07-28
601006,2022-07-28
601009,2022-07-28
601012,2022-07-28
601021,2022-07-28
601066,2022-07-28
601088,2022-07-28
601100,2022-07-28
601111,2022-07-28
601117,2022-07-28
601138,2022-07-28
601155,2022-07-28
601166,2022-07-28
601169,2022-07-28
601186,2022-07-28
601211,2022-07-28
601216,2022-07-28
601225,2022-07-28
601229,2022-07-28
601236,2022-07-28
601238,2022-07-28
601288,2022-07-28
601318,2022-07-28
601319,2022-07-28
601328,2022-07-28
601336,2022-07-28
601360,2022-07-28
601377,2022-07-28
601390,2022-07-28
601398,2022-07-28
601600,2022-07-28
601601,2022-07-28
601618,2022-07-28
601628,2022-07-28
601633,2022-07-28
601658,2022-07-28
601668,2022-07-28
601669,2022-07-28
601688,2022-07-28
601698,2022-07-28
601728,2022-07-28
601766,2022-07-28
601788,2022-07-28
601799,2022-07-28
601800,2022-07-28
601808,2022-07-28
601816,2022-07-28
601818,2022-07-28
601825,2022-07-28
601838,2022-07-28
601857,2022-07-28
601865,2022-07-28
601868,2022-07-28
601877,2022-07-28
601878,2022-07-28
601881,2022-07-28
601888,2022-07-28
601898,2022-07-28
601899,2022-07-28
601901,2022-07-28
601916,2022-07-28
601919,2022-07-28
601939,2022-07-28
601966,2022-07-28
601985,2022-07-28
601988,2022-07-28
601989,2022-07-28
601995,2022-07-28
601998,2022-07-28
603019,2022-07-28
603087,2022-07-28
603160,2022-07-28
603185,2022-07-28
603195,2022-07-28
603259,2022-07-28
603260,2022-07-28
603288,2022-07-28
603290,2022-07-28
603369,2022-07-28
603392,2022-07-28
603486,2022-07-28
603501,2022-07-28
603659,2022-07-28
603799,2022-07-28
603806,2022-07-28
603833,2022-07-28
603882,2022-07-28
603899,2022-07-28
603986,2022-07-28
603993,2022-07-28
605499,2022-07-28
688005,2022-07-28
688008,2022-07-28
688012,2022-07-28
688036,2022-07-28
688065,2022-07-28
688111,2022-07-28
688126,2022-07-28
688169,2022-07-28
688363,2022-07-28
688396,2022-07-28
688561,2022-07-28
688599,2022-07-28
688981,2022-07-28
000001,2022-07-28
000002,2022-07-28
000063,2022-07-28
000066,2022-07-28
000069,2022-07-28
000100,2022-07-28
000157,2022-07-28
000166,2022-07-28
000301,2022-07-28
000333,2022-07-28
000338,2022-07-28
000408,2022-07-28
000425,2022-07-28
000538,2022-07-28
000568,2022-07-28
000596,2022-07-28
000625,2022-07-28
000651,2022-07-28
000661,2022-07-28
000703,2022-07-28
000708,2022-07-28
000725,2022-07-28
000768,2022-07-28
000776,2022-07-28
000786,2022-07-28
000792,2022-07-28
000800,2022-07-28
000858,2022-07-28
000876,2022-07-28
000877,2022-07-28
000895,2022-07-28
000938,2022-07-28
000963,2022-07-28
000977,2022-07-28
001289,2022-07-28
001979,2022-07-28
002001,2022-07-28
002007,2022-07-28
002008,2022-07-28
002027,2022-07-28
002032,2022-07-28
002049,2022-07-28
002050,2022-07-28
002064,2022-07-28
002074,2022-07-28
002120,2022-07-28
002129,2022-07-28
002142,2022-07-28
002179,2022-07-28
002202,2022-07-28
002230,2022-07-28
002236,2022-07-28
002241,2022-07-28
002252,2022-07-28
002271,2022-07-28
002304,2022-07-28
002311,2022-07-28
002352,2022-07-28
002371,2022-07-28
002410,2022-07-28
002414,2022-07-28
002415,2022-07-28
002459,2022-07-28
002460,2022-07-28
002466,2022-07-28
002475,2022-07-28
002493,2022-07-28
002555,2022-07-28
002568,2022-07-28
002594,2022-07-28
002600,2022-07-28
002601,2022-07-28
002602,2022-07-28
002607,2022-07-28
002648,2022-07-28
002709,2022-07-28
002714,2022-07-28
002736,2022-07-28
002791,2022-07-28
002812,2022-07-28
002821,2022-07-28
002841,2022-07-28
002916,2022-07-28
002920,2022-07-28
002938,2022-07-28
003816,2022-07-28
300003,2022-07-28
300014,2022-07-28
300015,2022-07-28
300033,2022-07-28
300059,2022-07-28
300122,2022-07-28
300124,2022-07-28
300142,2022-07-28
300207,2022-07-28
300223,2022-07-28
300274,2022-07-28
300316,2022-07-28
300347,2022-07-28
300408,2022-07-28
300413,2022-07-28
300433,2022-07-28
300450,2022-07-28
300454,2022-07-28
300496,2022-07-28
300498,2022-07-28
300529,2022-07-28
300595,2022-07-28
300601,2022-07-28
300628,2022-07-28
300661,2022-07-28
300750,2022-07-28
300751,2022-07-28
300759,2022-07-28
300760,2022-07-28
300763,2022-07-28
300782,2022-07-28
300866,2022-07-28
300896,2022-07-28
300919,2022-07-28
300957,2022-07-28
300979,2022-07-28
300999,2022-07-28
600000,2023-01-01
600009,2023-01-01
600010,2023-01-01
600011,2023-01-01
600015,2023-01-01
600016,2023-01-01
600018,2023-01-01
600019,2023-01-01
600025,2023-01-01
600028,2023-01-01
600029,2023-01-01
600030,2023-01-01
600031,2023-01-01
600036,2023-01-01
600048,2023-01-01
600050,2023-01-01
600061,2023-01-01
600085,2023-01-01
600089,2023-01-01
600104,2023-01-01
600111,2023-01-01
600115,2023-01-01
600132,2023-01-01
600150,2023-01-01
600161,2023-01-01
600176,2023-01-01
600183,2023-01-01
600188,2023-01-01
600196,2023-01-01
600219,2023-01-01
600276,2023-01-01
600309,2023-01-01
600332,2023-01-01
600346,2023-01-01
600352,2023-01-01
600362,2023-01-01
600383,2023-01-01
600406,2023-01-01
600426,2023-01-01
600436,2023-01-01
600438,2023-01-01
600460,2023-01-01
600489,2023-01-01
600519,2023-01-01
600547,2023-01-01
600570,2023-01-01
600584,2023-01-01
600585,2023-01-01
600588,2023-01-01
600600,2023-01-01
600606,2023-01-01
600655,2023-01-01
600660,2023-01-01
600690,2023-01-01
600741,2023-01-01
600745,2023-01-01
600760,2023-01-01
600763,2023-01-01
600795,2023-01-01
600809,2023-01-01
600837,2023-01-01
600845,2023-01-01
600886,2023-01-01
600887,2023-01-01
600893,2023-01-01
600900,2023-01-01
600905,2023-01-01
600918,2023-01-01
600919,2023-01-01
600926,2023-01-01
600941,2023-01-01
600958,2023-01-01
600989,2023-01-01
600999,2023-01-01
601006,2023-01-01
601009,2023-01-01
601012,2023-01-01
601021,2023-01-01
601066,2023-01-01
601088,2023-01-01
601100,2023-01-01
601111,2023-01-01
601117,2023-01-01
601138,2023-01-01
601155,2023-01-01
601166,2023-01-01
601169,2023-01-01
601186,2023-01-01
601211,2023-01-01
601216,2023-01-01
601225,2023-01-01
601229,2023-01-01
601236,2023-01-01
601238,2023-01-01
601288,2023-01-01
601318,2023-01-01
601319,2023-01-01
601328,2023-01-01
601336,2023-01-01
601360,2023-01-01
601377,2023-01-01
601390,2023-01-01
601398,2023-01-01
601600,2023-01-01
601601,2023-01-01
601618,2023-01-01
601628,2023-01-01
601633,2023-01-01
601658,2023-01-01
601668,2023-01-01
601669,2023-01-01
601688,2023-01-01
601698,2023-01-01
601728,2023-01-01
601766,2023-01-01
601788,2023-01-01
601799,2023-01-01
601800,2023-01-01
601808,2023-01-01
601816,2023-01-01
601818,2023-01-01
601825,2023-01-01
601838,2023-01-01
601857,2023-01-01
601865,2023-01-01
601868,2023-01-01
601877,2023-01-01
601878,2023-01-01
601881,2023-01-01
601888,2023-01-01
601898,2023-01-01
601899,2023-01-01
601901,2023-01-01
601916,2023-01-01
601919,2023-01-01
601939,2023-01-01
601966,2023-01-01
601985,2023-01-01
601988,2023-01-01
601989,2023-01-01
601995,2023-01-01
601998,2023-01-01
603019,2023-01-01
603087,2023-01-01
603160,2023-01-01
603185,2023-01-01
603195,2023-01-01
603259,2023-01-01
603260,2023-01-01
603288,2023-01-01
603290,2023-01-01
603369,2023-01-01
603392,2023-01-01
603486,2023-01-01
603501,2023-01-01
603659,2023-01-01
603799,2023-01-01
603806,2023-01-01
603833,2023-01-01
603882,2023-01-01
603899,2023-01-01
603986,2023-01-01
603993,2023-01-01
605499,2023-01-01
688005,2023-01-01
688008,2023-01-01
688012,2023-01-01
688036,2023-01-01
688065,2023-01-01
688111,2023-01-01
688126,2023-01-01
688169,2023-01-01
688363,2023-01-01
688396,2023-01-01
688561,2023-01-01
688599,2023-01-01
688981,2023-01-01
000001,2023-01-01
000002,2023-01-01
000063,2023-01-01
000066,2023-01-01
000069,2023-01-01
000100,2023-01-01
000157,2023-01-01
000166,2023-01-01
000301,2023-01-01
000333,2023-01-01
000338,2023-01-01
000408,2023-01-01
000425,2023-01-01
000538,2023-01-01
000568,2023-01-01
000596,2023-01-01
000625,2023-01-01
000651,2023-01-01
000661,2023-01-01
000703,2023-01-01
000708,2023-01-01
000725,2023-01-01
000768,2023-01-01
000776,2023-01-01
000786,2023-01-01
000792,2023-01-01
000800,2023-01-01
000858,2023-01-01
000876,2023-01-01
000877,2023-01-01
000895,2023-01-01
000938,2023-01-01
000963,2023-01-01
000977,2023-01-01
001289,2023-01-01
001979,2023-01-01
002001,2023-01-01
002007,2023-01-01
002008,2023-01-01
002027,2023-01-01
002032,2023-01-01
002049,2023-01-01
002050,2023-01-01
002064,2023-01-01
002074,2023-01-01
002120,2023-01-01
002129,2023-01-01
002142,2023-01-01
002179,2023-01-01
002202,2023-01-01
002230,2023-01-01
002236,2023-01-01
002241,2023-01-01
002252,2023-01-01
002271,2023-01-01
002304,2023-01-01
002311,2023-01-01
002352,2023-01-01
002371,2023-01-01
002410,2023-01-01
002414,2023-01-01
002415,2023-01-01
002459,2023-01-01
002460,2023-01-01
002466,2023-01-01
002475,2023-01-01
002493,2023-01-01
002555,2023-01-01
002568,2023-01-01
002594,2023-01-01
002600,2023-01-01
002601,2023-01-01
002602,2023-01-01
002607,2023-01-01
002648,2023-01-01
002709,2023-01-01
002714,2023-01-01
002736,2023-01-01
002791,2023-01-01
002812,2023-01-01
002821,2023-01-01
002841,2023-01-01
002916,2023-01-01
002920,2023-01-01
002938,2023-01-01
003816,2023-01-01
300003,2023-01-01
300014,2023-01-01
300015,2023-01-01
300033,2023-01-01
300059,2023-01-01
300122,2023-01-01
300124,2023-01-01
300142,2023-01-01
300207,2023-01-01
300223,2023-01-01
300274,2023-01-01
300316,2023-01-01
300347,2023-01-01
300408,2023-01-01
300413,2023-01-01
300433,2023-01-01
300450,2023-01-01
300454,2023-01-01
300496,2023-01-01
300498,2023-01-01
300529,2023-01-01
300595,2023-01-01
300601,2023-01-01
300628,2023-01-01
300661,2023-01-01
300750,2023-01-01
300751,2023-01-01
300759,2023-01-01
300760,2023-01-01
300763,2023-01-01
300782,2023-01-01
300866,2023-01-01
300896,2023-01-01
300919,2023-01-01
300957,2023-01-01
300979,2023-01-01
300999,2023-01-01
600000,2023-01-02
600009,2023-01-02
600010,2023-01-02
600011,2023-01-02
600015,2023-01-02
600016,2023-01-02
600018,2023-01-02
600019,2023-01-02
600025,2023-01-02
600028,2023-01-02
600029,2023-01-02
600030,2023-01-02
600031,2023-01-02
600036,2023-01-02
600048,2023-01-02
600050,2023-01-02
600061,2023-01-02
600085,2023-01-02
600089,2023-01-02
600104,2023-01-02
600111,2023-01-02
600115,2023-01-02
600132,2023-01-02
600150,2023-01-02
600161,2023-01-02
600176,2023-01-02
600183,2023-01-02
600188,2023-01-02
600196,2023-01-02
600219,2023-01-02
600276,2023-01-02
600309,2023-01-02
600332,2023-01-02
600346,2023-01-02
600352,2023-01-02
600362,2023-01-02
600383,2023-01-02
600406,2023-01-02
600426,2023-01-02
600436,2023-01-02
600438,2023-01-02
600460,2023-01-02
600489,2023-01-02
600519,2023-01-02
600547,2023-01-02
600570,2023-01-02
600584,2023-01-02
600585,2023-01-02
600588,2023-01-02
600600,2023-01-02
600606,2023-01-02
600655,2023-01-02
600660,2023-01-02
600690,2023-01-02
600741,2023-01-02
600745,2023-01-02
600760,2023-01-02
600763,2023-01-02
600795,2023-01-02
600809,2023-01-02
600837,2023-01-02
600845,2023-01-02
600886,2023-01-02
600887,2023-01-02
600893,2023-01-02
600900,2023-01-02
600905,2023-01-02
600918,2023-01-02
600919,2023-01-02
600926,2023-01-02
600941,2023-01-02
600958,2023-01-02
600989,2023-01-02
600999,2023-01-02
601006,2023-01-02
601009,2023-01-02
601012,2023-01-02
601021,2023-01-02
601066,2023-01-02
601088,2023-01-02
601100,2023-01-02
601111,2023-01-02
601117,2023-01-02
601138,2023-01-02
601155,2023-01-02
601166,2023-01-02
601169,2023-01-02
601186,2023-01-02
601211,2023-01-02
601216,2023-01-02
601225,2023-01-02
601229,2023-01-02
601236,2023-01-02
601238,2023-01-02
601288,2023-01-02
601318,2023-01-02
601319,2023-01-02
601328,2023-01-02
601336,2023-01-02
601360,2023-01-02
601377,2023-01-02
601390,2023-01-02
601398,2023-01-02
601600,2023-01-02
601601,2023-01-02
601618,2023-01-02
601628,2023-01-02
601633,2023-01-02
601658,2023-01-02
601668,2023-01-02
601669,2023-01-02
601688,2023-01-02
601698,2023-01-02
601728,2023-01-02
601766,2023-01-02
601788,2023-01-02
601799,2023-01-02
601800,2023-01-02
601808,2023-01-02
601816,2023-01-02
601818,2023-01-02
601825,2023-01-02
601838,2023-01-02
601857,2023-01-02
601865,2023-01-02
601868,2023-01-02
601877,2023-01-02
601878,2023-01-02
601881,2023-01-02
601888,2023-01-02
601898,2023-01-02
601899,2023-01-02
601901,2023-01-02
601916,2023-01-02
601919,2023-01-02
601939,2023-01-02
601966,2023-01-02
601985,2023-01-02
601988,2023-01-02
601989,2023-01-02
601995,2023-01-02
601998,2023-01-02
603019,2023-01-02
603087,2023-01-02
603160,2023-01-02
603185,2023-01-02
603195,2023-01-02
603259,2023-01-02
603260,2023-01-02
603288,2023-01-02
603290,2023-01-02
603369,2023-01-02
603392,2023-01-02
603486,2023-01-02
603501,2023-01-02
603659,2023-01-02
603799,2023-01-02
603806,2023-01-02
603833,2023-01-02
603882,2023-01-02
603899,2023-01-02
603986,2023-01-02
603993,2023-01-02
605499,2023-01-02
688005,2023-01-02
688008,2023-01-02
688012,2023-01-02
688036,2023-01-02
688065,2023-01-02
688111,2023-01-02
688126,2023-01-02
688169,2023-01-02
688363,2023-01-02
688396,2023-01-02
688561,2023-01-02
688599,2023-01-02
688981,2023-01-02
000001,2023-01-02
000002,2023-01-02
000063,2023-01-02
000066,2023-01-02
000069,2023-01-02
000100,2023-01-02
000157,2023-01-02
000166,2023-01-02
000301,2023-01-02
000333,2023-01-02
000338,2023-01-02
000408,2023-01-02
000425,2023-01-02
000538,2023-01-02
000568,2023-01-02
000596,2023-01-02
000625,2023-01-02
000651,2023-01-02
000661,2023-01-02
000703,2023-01-02
000708,2023-01-02
000725,2023-01-02
000768,2023-01-02
000776,2023-01-02
000786,2023-01-02
000792,2023-01-02
000800,2023-01-02
000858,2023-01-02
000876,2023-01-02
000877,2023-01-02
000895,2023-01-02
000938,2023-01-02
000963,2023-01-02
000977,2023-01-02
001289,2023-01-02
001979,2023-01-02
002001,2023-01-02
002007,2023-01-02
002008,2023-01-02
002027,2023-01-02
002032,2023-01-02
002049,2023-01-02
002050,2023-01-02
002064,2023-01-02
002074,2023-01-02
002120,2023-01-02
002129,2023-01-02
002142,2023-01-02
002179,2023-01-02
002202,2023-01-02
002230,2023-01-02
002236,2023-01-02
002241,2023-01-02
002252,2023-01-02
002271,2023-01-02
002304,2023-01-02
002311,2023-01-02
002352,2023-01-02
002371,2023-01-02
002410,2023-01-02
002414,2023-01-02
002415,2023-01-02
002459,2023-01-02
002460,2023-01-02
002466,2023-01-02
002475,2023-01-02
002493,2023-01-02
002555,2023-01-02
002568,2023-01-02
002594,2023-01-02
002600,2023-01-02
002601,2023-01-02
002602,2023-01-02
002607,2023-01-02
002648,2023-01-02
002709,2023-01-02
002714,2023-01-02
002736,2023-01-02
002791,2023-01-02
002812,2023-01-02
002821,2023-01-02
002841,2023-01-02
002916,2023-01-02
002920,2023-01-02
002938,2023-01-02
003816,2023-01-02
300003,2023-01-02
300014,2023-01-02
300015,2023-01-02
300033,2023-01-02
300059,2023-01-02
300122,2023-01-02
300124,2023-01-02
300142,2023-01-02
300207,2023-01-02
300223,2023-01-02
300274,2023-01-02
300316,2023-01-02
300347,2023-01-02
300408,2023-01-02
300413,2023-01-02
300433,2023-01-02
300450,2023-01-02
300454,2023-01-02
300496,2023-01-02
300498,2023-01-02
300529,2023-01-02
300595,2023-01-02
300601,2023-01-02
300628,2023-01-02
300661,2023-01-02
300750,2023-01-02
300751,2023-01-02
300759,2023-01-02
300760,2023-01-02
300763,2023-01-02
300782,2023-01-02
300866,2023-01-02
300896,2023-01-02
300919,2023-01-02
300957,2023-01-02
300979,2023-01-02
300999,2023-01-02
600000,2023-01-03
600009,2023-01-03
600010,2023-01-03
600011,2023-01-03
600015,2023-01-03
600016,2023-01-03
600018,2023-01-03
600019,2023-01-03
600025,2023-01-03
600028,2023-01-03
600029,2023-01-03
600030,2023-01-03
600031,2023-01-03
600036,2023-01-03
600048,2023-01-03
600050,2023-01-03
600061,2023-01-03
600085,2023-01-03
600089,2023-01-03
600104,2023-01-03
600111,2023-01-03
600115,2023-01-03
600132,2023-01-03
600150,2023-01-03
600161,2023-01-03
600176,2023-01-03
600183,2023-01-03
600188,2023-01-03
600196,2023-01-03
600219,2023-01-03
600276,2023-01-03
600309,2023-01-03
600332,2023-01-03
600346,2023-01-03
600352,2023-01-03
600362,2023-01-03
600383,2023-01-03
600406,2023-01-03
600426,2023-01-03
600436,2023-01-03
600438,2023-01-03
600460,2023-01-03
600489,2023-01-03
600519,2023-01-03
600547,2023-01-03
600570,2023-01-03
600584,2023-01-03
600585,2023-01-03
600588,2023-01-03
600600,2023-01-03
600606,2023-01-03
600655,2023-01-03
600660,2023-01-03
600690,2023-01-03
600741,2023-01-03
600745,2023-01-03
600760,2023-01-03
600763,2023-01-03
600795,2023-01-03
600809,2023-01-03
600837,2023-01-03
600845,2023-01-03
600886,2023-01-03
600887,2023-01-03
600893,2023-01-03
600900,2023-01-03
600905,2023-01-03
600918,2023-01-03
600919,2023-01-03
600926,2023-01-03
600941,2023-01-03
600958,2023-01-03
600989,2023-01-03
600999,2023-01-03
601006,2023-01-03
601009,2023-01-03
601012,2023-01-03
601021,2023-01-03
601066,2023-01-03
601088,2023-01-03
601100,2023-01-03
601111,2023-01-03
601117,2023-01-03
601138,2023-01-03
601155,2023-01-03
601166,2023-01-03
601169,2023-01-03
601186,2023-01-03
601211,2023-01-03
601216,2023-01-03
601225,2023-01-03
601229,2023-01-03
601236,2023-01-03
601238,2023-01-03
601288,2023-01-03
601318,2023-01-03
601319,2023-01-03
601328,2023-01-03
601336,2023-01-03
601360,2023-01-03
601377,2023-01-03
601390,2023-01-03
601398,2023-01-03
601600,2023-01-03
601601,2023-01-03
601618,2023-01-03
601628,2023-01-03
601633,2023-01-03
601658,2023-01-03
601668,2023-01-03
601669,2023-01-03
601688,2023-01-03
601698,2023-01-03
601728,2023-01-03
601766,2023-01-03
601788,2023-01-03
601799,2023-01-03
601800,2023-01-03
601808,2023-01-03
601816,2023-01-03
601818,2023-01-03
601825,2023-01-03
601838,2023-01-03
601857,2023-01-03
601865,2023-01-03
601868,2023-01-03
601877,2023-01-03
601878,2023-01-03
601881,2023-01-03
601888,2023-01-03
601898,2023-01-03
601899,2023-01-03
601901,2023-01-03
601916,2023-01-03
601919,2023-01-03
601939,2023-01-03
601966,2023-01-03
601985,2023-01-03
601988,2023-01-03
601989,2023-01-03
601995,2023-01-03
601998,2023-01-03
603019,2023-01-03
603087,2023-01-03
603160,2023-01-03
603185,2023-01-03
603195,2023-01-03
603259,2023-01-03
603260,2023-01-03
603288,2023-01-03
603290,2023-01-03
603369,2023-01-03
603392,2023-01-03
603486,2023-01-03
603501,2023-01-03
603659,2023-01-03
603799,2023-01-03
603806,2023-01-03
603833,2023-01-03
603882,2023-01-03
603899,2023-01-03
603986,2023-01-03
603993,2023-01-03
605499,2023-01-03
688005,2023-01-03
688008,2023-01-03
688012,2023-01-03
688036,2023-01-03
688065,2023-01-03
688111,2023-01-03
688126,2023-01-03
688169,2023-01-03
688363,2023-01-03
688396,2023-01-03
688561,2023-01-03
688599,2023-01-03
688981,2023-01-03
000001,2023-01-03
000002,2023-01-03
000063,2023-01-03
000066,2023-01-03
000069,2023-01-03
000100,2023-01-03
000157,2023-01-03
000166,2023-01-03
000301,2023-01-03
000333,2023-01-03
000338,2023-01-03
000408,2023-01-03
000425,2023-01-03
000538,2023-01-03
000568,2023-01-03
000596,2023-01-03
000625,2023-01-03
000651,2023-01-03
000661,2023-01-03
000703,2023-01-03
000708,2023-01-03
000725,2023-01-03
000768,2023-01-03
000776,2023-01-03
000786,2023-01-03
000792,2023-01-03
000800,2023-01-03
000858,2023-01-03
000876,2023-01-03
000877,2023-01-03
000895,2023-01-03
000938,2023-01-03
000963,2023-01-03
000977,2023-01-03
001289,2023-01-03
001979,2023-01-03
002001,2023-01-03
002007,2023-01-03
002008,2023-01-03
002027,2023-01-03
002032,2023-01-03
002049,2023-01-03
002050,2023-01-03
002064,2023-01-03
002074,2023-01-03
002120,2023-01-03
002129,2023-01-03
002142,2023-01-03
002179,2023-01-03
002202,2023-01-03
002230,2023-01-03
002236,2023-01-03
002241,2023-01-03
002252,2023-01-03
002271,2023-01-03
002304,2023-01-03
002311,2023-01-03
002352,2023-01-03
002371,2023-01-03
002410,2023-01-03
002414,2023-01-03
002415,2023-01-03
002459,2023-01-03
002460,2023-01-03
002466,2023-01-03
002475,2023-01-03
002493,2023-01-03
002555,2023-01-03
002568,2023-01-03
002594,2023-01-03
002600,2023-01-03
002601,2023-01-03
002602,2023-01-03
002607,2023-01-03
002648,2023-01-03
002709,2023-01-03
002714,2023-01-03
002736,2023-01-03
002791,2023-01-03
002812,2023-01-03
002821,2023-01-03
002841,2023-01-03
002916,2023-01-03
002920,2023-01-03
002938,2023-01-03
003816,2023-01-03
300003,2023-01-03
300014,2023-01-03
300015,2023-01-03
300033,2023-01-03
300059,2023-01-03
300122,2023-01-03
300124,2023-01-03
300142,2023-01-03
300207,2023-01-03
300223,2023-01-03
300274,2023-01-03
300316,2023-01-03
300347,2023-01-03
300408,2023-01-03
300413,2023-01-03
300433,2023-01-03
300450,2023-01-03
300454,2023-01-03
300496,2023-01-03
300498,2023-01-03
300529,2023-01-03
300595,2023-01-03
300601,2023-01-03
300628,2023-01-03
300661,2023-01-03
300750,2023-01-03
300751,2023-01-03
300759,2023-01-03
300760,2023-01-03
300763,2023-01-03
300782,2023-01-03
300866,2023-01-03
300896,2023-01-03
300919,2023-01-03
300957,2023-01-03
300979,2023-01-03
300999,2023-01-03
600000,2023-01-28
600009,2023-01-28
600010,2023-01-28
600011,2023-01-28
600015,2023-01-28
600016,2023-01-28
600018,2023-01-28
600019,2023-01-28
600025,2023-01-28
600028,2023-01-28
600029,2023-01-28
600030,2023-01-28
600031,2023-01-28
600036,2023-01-28
600048,2023-01-28
600050,2023-01-28
600061,2023-01-28
600085,2023-01-28
600089,2023-01-28
600104,2023-01-28
600111,2023-01-28
600115,2023-01-28
600132,2023-01-28
600150,2023-01-28
600161,2023-01-28
600176,2023-01-28
600183,2023-01-28
600188,2023-01-28
600196,2023-01-28
600219,2023-01-28
600276,2023-01-28
600309,2023-01-28
600332,2023-01-28
600346,2023-01-28
600352,2023-01-28
600362,2023-01-28
600383,2023-01-28
600406,2023-01-28
600426,2023-01-28
600436,2023-01-28
600438,2023-01-28
600460,2023-01-28
600489,2023-01-28
600519,2023-01-28
600547,2023-01-28
600570,2023-01-28
600584,2023-01-28
600585,2023-01-28
600588,2023-01-28
600600,2023-01-28
600606,2023-01-28
600655,2023-01-28
600660,2023-01-28
600690,2023-01-28
600741,2023-01-28
600745,2023-01-28
600760,2023-01-28
600763,2023-01-28
600795,2023-01-28
600809,2023-01-28
600837,2023-01-28
600845,2023-01-28
600886,2023-01-28
600887,2023-01-28
600893,2023-01-28
600900,2023-01-28
600905,2023-01-28
600918,2023-01-28
600919,2023-01-28
600926,2023-01-28
600941,2023-01-28
600958,2023-01-28
600989,2023-01-28
600999,2023-01-28
601006,2023-01-28
601009,2023-01-28
601012,2023-01-28
601021,2023-01-28
601066,2023-01-28
601088,2023-01-28
601100,2023-01-28
601111,2023-01-28
601117,2023-01-28
601138,2023-01-28
601155,2023-01-28
601166,2023-01-28
601169,2023-01-28
601186,2023-01-28
601211,2023-01-28
601216,2023-01-28
601225,2023-01-28
601229,2023-01-28
601236,2023-01-28
601238,2023-01-28
601288,2023-01-28
601318,2023-01-28
601319,2023-01-28
601328,2023-01-28
601336,2023-01-28
601360,2023-01-28
601377,2023-01-28
601390,2023-01-28
601398,2023-01-28
601600,2023-01-28
601601,2023-01-28
601618,2023-01-28
601628,2023-01-28
601633,2023-01-28
601658,2023-01-28
601668,2023-01-28
601669,2023-01-28
601688,2023-01-28
601698,2023-01-28
601728,2023-01-28
601766,2023-01-28
601788,2023-01-28
601799,2023-01-28
601800,2023-01-28
601808,2023-01-28
601816,2023-01-28
601818,2023-01-28
601825,2023-01-28
601838,2023-01-28
601857,2023-01-28
601865,2023-01-28
601868,2023-01-28
601877,2023-01-28
601878,2023-01-28
601881,2023-01-28
601888,2023-01-28
601898,2023-01-28
601899,2023-01-28
601901,2023-01-28
601916,2023-01-28
601919,2023-01-28
601939,2023-01-28
601966,2023-01-28
601985,2023-01-28
601988,2023-01-28
601989,2023-01-28
601995,2023-01-28
601998,2023-01-28
603019,2023-01-28
603087,2023-01-28
603160,2023-01-28
603185,2023-01-28
603195,2023-01-28
603259,2023-01-28
603260,2023-01-28
603288,2023-01-28
603290,2023-01-28
603369,2023-01-28
603392,2023-01-28
603486,2023-01-28
603501,2023-01-28
603659,2023-01-28
603799,2023-01-28
603806,2023-01-28
603833,2023-01-28
603882,2023-01-28
603899,2023-01-28
603986,2023-01-28
603993,2023-01-28
605499,2023-01-28
688005,2023-01-28
688008,2023-01-28
688012,2023-01-28
688036,2023-01-28
688065,2023-01-28
688111,2023-01-28
688126,2023-01-28
688169,2023-01-28
688363,2023-01-28
688396,2023-01-28
688561,2023-01-28
688599,2023-01-28
688981,2023-01-28
000001,2023-01-28
000002,2023-01-28
000063,2023-01-28
000066,2023-01-28
000069,2023-01-28
000100,2023-01-28
000157,2023-01-28
000166,2023-01-28
000301,2023-01-28
000333,2023-01-28
000338,2023-01-28
000408,2023-01-28
000425,2023-01-28
000538,2023-01-28
000568,2023-01-28
000596,2023-01-28
000625,2023-01-28
000651,2023-01-28
000661,2023-01-28
000703,2023-01-28
000708,2023-01-28
000725,2023-01-28
000768,2023-01-28
000776,2023-01-28
000786,2023-01-28
000792,2023-01-28
000800,2023-01-28
000858,2023-01-28
000876,2023-01-28
000877,2023-01-28
000895,2023-01-28
000938,2023-01-28
000963,2023-01-28
000977,2023-01-28
001289,2023-01-28
001979,2023-01-28
002001,2023-01-28
002007,2023-01-28
002008,2023-01-28
002027,2023-01-28
002032,2023-01-28
002049,2023-01-28
002050,2023-01-28
002064,2023-01-28
002074,2023-01-28
002120,2023-01-28
002129,2023-01-28
002142,2023-01-28
002179,2023-01-28
002202,2023-01-28
002230,2023-01-28
002236,2023-01-28
002241,2023-01-28
002252,2023-01-28
002271,2023-01-28
002304,2023-01-28
002311,2023-01-28
002352,2023-01-28
002371,2023-01-28
002410,2023-01-28
002414,2023-01-28
002415,2023-01-28
002459,2023-01-28
002460,2023-01-28
002466,2023-01-28
002475,2023-01-28
002493,2023-01-28
002555,2023-01-28
002568,2023-01-28
002594,2023-01-28
002600,2023-01-28
002601,2023-01-28
002602,2023-01-28
002607,2023-01-28
002648,2023-01-28
002709,2023-01-28
002714,2023-01-28
002736,2023-01-28
002791,2023-01-28
002812,2023-01-28
002821,2023-01-28
002841,2023-01-28
002916,2023-01-28
002920,2023-01-28
002938,2023-01-28
003816,2023-01-28
300003,2023-01-28
300014,2023-01-28
300015,2023-01-28
300033,2023-01-28
300059,2023-01-28
300122,2023-01-28
300124,2023-01-28
300142,2023-01-28
300207,2023-01-28
300223,2023-01-28
300274,2023-01-28
300316,2023-01-28
300347,2023-01-28
300408,2023-01-28
300413,2023-01-28
300433,2023-01-28
300450,2023-01-28
300454,2023-01-28
300496,2023-01-28
300498,2023-01-28
300529,2023-01-28
300595,2023-01-28
300601,2023-01-28
300628,2023-01-28
300661,2023-01-28
300750,2023-01-28
300751,2023-01-28
300759,2023-01-28
300760,2023-01-28
300763,2023-01-28
300782,2023-01-28
300866,2023-01-28
300896,2023-01-28
300919,2023-01-28
300957,2023-01-28
300979,2023-01-28
300999,2023-01-28
600000,2023-07-01
600009,2023-07-01
600010,2023-07-01
600011,2023-07-01
600015,2023-07-01
600016,2023-07-01
600018,2023-07-01
600019,2023-07-01
600025,2023-07-01
600028,2023-07-01
600029,2023-07-01
600030,2023-07-01
600031,2023-07-01
600036,2023-07-01
600039,2023-07-01
600048,2023-07-01
600050,2023-07-01
600061,2023-07-01
600085,2023-07-01
600089,2023-07-01
600104,2023-07-01
600111,2023-07-01
600115,2023-07-01
600132,2023-07-01
600150,2023-07-01
600176,2023-07-01
600183,2023-07-01
600188,2023-07-01
600196,2023-07-01
600219,2023-07-01
600233,2023-07-01
600276,2023-07-01
600309,2023-07-01
600332,2023-07-01
600346,2023-07-01
600362,2023-07-01
600383,2023-07-01
600406,2023-07-01
600426,2023-07-01
600436,2023-07-01
600438,2023-07-01
600460,2023-07-01
600519,2023-07-01
600547,2023-07-01
600570,2023-07-01
600584,2023-07-01
600585,2023-07-01
600588,2023-07-01
600600,2023-07-01
600606,2023-07-01
600660,2023-07-01
600674,2023-07-01
600690,2023-07-01
600732,2023-07-01
600741,2023-07-01
600745,2023-07-01
600754,2023-07-01
600760,2023-07-01
600763,2023-07-01
600795,2023-07-01
600803,2023-07-01
600809,2023-07-01
600837,2023-07-01
600845,2023-07-01
600875,2023-07-01
600884,2023-07-01
600886,2023-07-01
600887,2023-07-01
600893,2023-07-01
600900,2023-07-01
600905,2023-07-01
600918,2023-07-01
600919,2023-07-01
600926,2023-07-01
600941,2023-07-01
600958,2023-07-01
600989,2023-07-01
600999,2023-07-01
601006,2023-07-01
601009,2023-07-01
601012,2023-07-01
601021,2023-07-01
601066,2023-07-01
601088,2023-07-01
601100,2023-07-01
601111,2023-07-01
601117,2023-07-01
601138,2023-07-01
601155,2023-07-01
601166,2023-07-01
601169,2023-07-01
601186,2023-07-01
601211,2023-07-01
601216,2023-07-01
601225,2023-07-01
601229,2023-07-01
601236,2023-07-01
601238,2023-07-01
601288,2023-07-01
601318,2023-07-01
601319,2023-07-01
601328,2023-07-01
601336,2023-07-01
601360,2023-07-01
601377,2023-07-01
601390,2023-07-01
601398,2023-07-01
601600,2023-07-01
601601,2023-07-01
601607,2023-07-01
601615,2023-07-01
601618,2023-07-01
601628,2023-07-01
601633,2023-07-01
601658,2023-07-01
601668,2023-07-01
601669,2023-07-01
601688,2023-07-01
601689,2023-07-01
601698,2023-07-01
601699,2023-07-01
601728,2023-07-01
601766,2023-07-01
601788,2023-07-01
601799,2023-07-01
601800,2023-07-01
601808,2023-07-01
601816,2023-07-01
601818,2023-07-01
601838,2023-07-01
601857,2023-07-01
601865,2023-07-01
601868,2023-07-01
601872,2023-07-01
601877,2023-07-01
601878,2023-07-01
601881,2023-07-01
601888,2023-07-01
601898,2023-07-01
601899,2023-07-01
601901,2023-07-01
601919,2023-07-01
601939,2023-07-01
601985,2023-07-01
601988,2023-07-01
601989,2023-07-01
601995,2023-07-01
601998,2023-07-01
603019,2023-07-01
603185,2023-07-01
603195,2023-07-01
603259,2023-07-01
603260,2023-07-01
603288,2023-07-01
603290,2023-07-01
603369,2023-07-01
603392,2023-07-01
603486,2023-07-01
603501,2023-07-01
603659,2023-07-01
603799,2023-07-01
603806,2023-07-01
603833,2023-07-01
603899,2023-07-01
603986,2023-07-01
603993,2023-07-01
605117,2023-07-01
605499,2023-07-01
688005,2023-07-01
688008,2023-07-01
688012,2023-07-01
688036,2023-07-01
688065,2023-07-01
688111,2023-07-01
688126,2023-07-01
688187,2023-07-01
688223,2023-07-01
688303,2023-07-01
688363,2023-07-01
688396,2023-07-01
688561,2023-07-01
688599,2023-07-01
688981,2023-07-01
000001,2023-07-01
000002,2023-07-01
000063,2023-07-01
000069,2023-07-01
000100,2023-07-01
000157,2023-07-01
000166,2023-07-01
000301,2023-07-01
000333,2023-07-01
000338,2023-07-01
000408,2023-07-01
000425,2023-07-01
000538,2023-07-01
000568,2023-07-01
000596,2023-07-01
000617,2023-07-01
000625,2023-07-01
000651,2023-07-01
000661,2023-07-01
000708,2023-07-01
000723,2023-07-01
000725,2023-07-01
000733,2023-07-01
000768,2023-07-01
000776,2023-07-01
000786,2023-07-01
000792,2023-07-01
000800,2023-07-01
000858,2023-07-01
000876,2023-07-01
000877,2023-07-01
000895,2023-07-01
000938,2023-07-01
000963,2023-07-01
000977,2023-07-01
000983,2023-07-01
001289,2023-07-01
001979,2023-07-01
002001,2023-07-01
002007,2023-07-01
002027,2023-07-01
002049,2023-07-01
002050,2023-07-01
002064,2023-07-01
002074,2023-07-01
002120,2023-07-01
002129,2023-07-01
002142,2023-07-01
002179,2023-07-01
002180,2023-07-01
002202,2023-07-01
002230,2023-07-01
002236,2023-07-01
002241,2023-07-01
002252,2023-07-01
002271,2023-07-01
002304,2023-07-01
002311,2023-07-01
002352,2023-07-01
002371,2023-07-01
002410,2023-07-01
002414,2023-07-01
002415,2023-07-01
002459,2023-07-01
002460,2023-07-01
002466,2023-07-01
002475,2023-07-01
002493,2023-07-01
002555,2023-07-01
002594,2023-07-01
002601,2023-07-01
002648,2023-07-01
002709,2023-07-01
002714,2023-07-01
002736,2023-07-01
002756,2023-07-01
002812,2023-07-01
002821,2023-07-01
002841,2023-07-01
002916,2023-07-01
002920,2023-07-01
002938,2023-07-01
003816,2023-07-01
300014,2023-07-01
300015,2023-07-01
300033,2023-07-01
300059,2023-07-01
300122,2023-07-01
300124,2023-07-01
300142,2023-07-01
300207,2023-07-01
300223,2023-07-01
300274,2023-07-01
300316,2023-07-01
300347,2023-07-01
300408,2023-07-01
300413,2023-07-01
300433,2023-07-01
300450,2023-07-01
300454,2023-07-01
300496,2023-07-01
300498,2023-07-01
300601,2023-07-01
300628,2023-07-01
300661,2023-07-01
300750,2023-07-01
300751,2023-07-01
300759,2023-07-01
300760,2023-07-01
300763,2023-07-01
300769,2023-07-01
300782,2023-07-01
300896,2023-07-01
300919,2023-07-01
300957,2023-07-01
300979,2023-07-01
300999,2023-07-01
600000,2023-07-02
600009,2023-07-02
600010,2023-07-02
600011,2023-07-02
600015,2023-07-02
600016,2023-07-02
600018,2023-07-02
600019,2023-07-02
600025,2023-07-02
600028,2023-07-02
600029,2023-07-02
600030,2023-07-02
600031,2023-07-02
600036,2023-07-02
600039,2023-07-02
600048,2023-07-02
600050,2023-07-02
600061,2023-07-02
600085,2023-07-02
600089,2023-07-02
600104,2023-07-02
600111,2023-07-02
600115,2023-07-02
600132,2023-07-02
600150,2023-07-02
600176,2023-07-02
600183,2023-07-02
600188,2023-07-02
600196,2023-07-02
600219,2023-07-02
600233,2023-07-02
600276,2023-07-02
600309,2023-07-02
600332,2023-07-02
600346,2023-07-02
600362,2023-07-02
600383,2023-07-02
600406,2023-07-02
600426,2023-07-02
600436,2023-07-02
600438,2023-07-02
600460,2023-07-02
600519,2023-07-02
600547,2023-07-02
600570,2023-07-02
600584,2023-07-02
600585,2023-07-02
600588,2023-07-02
600600,2023-07-02
600606,2023-07-02
600660,2023-07-02
600674,2023-07-02
600690,2023-07-02
600732,2023-07-02
600741,2023-07-02
600745,2023-07-02
600754,2023-07-02
600760,2023-07-02
600763,2023-07-02
600795,2023-07-02
600803,2023-07-02
600809,2023-07-02
600837,2023-07-02
600845,2023-07-02
600875,2023-07-02
600884,2023-07-02
600886,2023-07-02
600887,2023-07-02
600893,2023-07-02
600900,2023-07-02
600905,2023-07-02
600918,2023-07-02
600919,2023-07-02
600926,2023-07-02
600941,2023-07-02
600958,2023-07-02
600989,2023-07-02
600999,2023-07-02
601006,2023-07-02
601009,2023-07-02
601012,2023-07-02
601021,2023-07-02
601066,2023-07-02
601088,2023-07-02
601100,2023-07-02
601111,2023-07-02
601117,2023-07-02
601138,2023-07-02
601155,2023-07-02
601166,2023-07-02
601169,2023-07-02
601186,2023-07-02
601211,2023-07-02
601216,2023-07-02
601225,2023-07-02
601229,2023-07-02
601236,2023-07-02
601238,2023-07-02
601288,2023-07-02
601318,2023-07-02
601319,2023-07-02
601328,2023-07-02
601336,2023-07-02
601360,2023-07-02
601377,2023-07-02
601390,2023-07-02
601398,2023-07-02
601600,2023-07-02
601601,2023-07-02
601607,2023-07-02
601615,2023-07-02
601618,2023-07-02
601628,2023-07-02
601633,2023-07-02
601658,2023-07-02
601668,2023-07-02
601669,2023-07-02
601688,2023-07-02
601689,2023-07-02
601698,2023-07-02
601699,2023-07-02
601728,2023-07-02
601766,2023-07-02
601788,2023-07-02
601799,2023-07-02
601800,2023-07-02
601808,2023-07-02
601816,2023-07-02
601818,2023-07-02
601838,2023-07-02
601857,2023-07-02
601865,2023-07-02
601868,2023-07-02
601872,2023-07-02
601877,2023-07-02
601878,2023-07-02
601881,2023-07-02
601888,2023-07-02
601898,2023-07-02
601899,2023-07-02
601901,2023-07-02
601919,2023-07-02
601939,2023-07-02
601985,2023-07-02
601988,2023-07-02
601989,2023-07-02
601995,2023-07-02
601998,2023-07-02
603019,2023-07-02
603185,2023-07-02
603195,2023-07-02
603259,2023-07-02
603260,2023-07-02
603288,2023-07-02
603290,2023-07-02
603369,2023-07-02
603392,2023-07-02
603486,2023-07-02
603501,2023-07-02
603659,2023-07-02
603799,2023-07-02
603806,2023-07-02
603833,2023-07-02
603899,2023-07-02
603986,2023-07-02
603993,2023-07-02
605117,2023-07-02
605499,2023-07-02
688005,2023-07-02
688008,2023-07-02
688012,2023-07-02
688036,2023-07-02
688065,2023-07-02
688111,2023-07-02
688126,2023-07-02
688187,2023-07-02
688223,2023-07-02
688303,2023-07-02
688363,2023-07-02
688396,2023-07-02
688561,2023-07-02
688599,2023-07-02
688981,2023-07-02
000001,2023-07-02
000002,2023-07-02
000063,2023-07-02
000069,2023-07-02
000100,2023-07-02
000157,2023-07-02
000166,2023-07-02
000301,2023-07-02
000333,2023-07-02
000338,2023-07-02
000408,2023-07-02
000425,2023-07-02
000538,2023-07-02
000568,2023-07-02
000596,2023-07-02
000617,2023-07-02
000625,2023-07-02
000651,2023-07-02
000661,2023-07-02
000708,2023-07-02
000723,2023-07-02
000725,2023-07-02
000733,2023-07-02
000768,2023-07-02
000776,2023-07-02
000786,2023-07-02
000792,2023-07-02
000800,2023-07-02
000858,2023-07-02
000876,2023-07-02
000877,2023-07-02
000895,2023-07-02
000938,2023-07-02
000963,2023-07-02
000977,2023-07-02
000983,2023-07-02
001289,2023-07-02
001979,2023-07-02
002001,2023-07-02
002007,2023-07-02
002027,2023-07-02
002049,2023-07-02
002050,2023-07-02
002064,2023-07-02
002074,2023-07-02
002120,2023-07-02
002129,2023-07-02
002142,2023-07-02
002179,2023-07-02
002180,2023-07-02
002202,2023-07-02
002230,2023-07-02
002236,2023-07-02
002241,2023-07-02
002252,2023-07-02
002271,2023-07-02
002304,2023-07-02
002311,2023-07-02
002352,2023-07-02
002371,2023-07-02
002410,2023-07-02
002414,2023-07-02
002415,2023-07-02
002459,2023-07-02
002460,2023-07-02
002466,2023-07-02
002475,2023-07-02
002493,2023-07-02
002555,2023-07-02
002594,2023-07-02
002601,2023-07-02
002648,2023-07-02
002709,2023-07-02
002714,2023-07-02
002736,2023-07-02
002756,2023-07-02
002812,2023-07-02
002821,2023-07-02
002841,2023-07-02
002916,2023-07-02
002920,2023-07-02
002938,2023-07-02
003816,2023-07-02
300014,2023-07-02
300015,2023-07-02
300033,2023-07-02
300059,2023-07-02
300122,2023-07-02
300124,2023-07-02
300142,2023-07-02
300207,2023-07-02
300223,2023-07-02
300274,2023-07-02
300316,2023-07-02
300347,2023-07-02
300408,2023-07-02
300413,2023-07-02
300433,2023-07-02
300450,2023-07-02
300454,2023-07-02
300496,2023-07-02
300498,2023-07-02
300601,2023-07-02
300628,2023-07-02
300661,2023-07-02
300750,2023-07-02
300751,2023-07-02
300759,2023-07-02
300760,2023-07-02
300763,2023-07-02
300769,2023-07-02
300782,2023-07-02
300896,2023-07-02
300919,2023-07-02
300957,2023-07-02
300979,2023-07-02
300999,2023-07-02
600000,2023-07-03
600009,2023-07-03
600010,2023-07-03
600011,2023-07-03
600015,2023-07-03
600016,2023-07-03
600018,2023-07-03
600019,2023-07-03
600025,2023-07-03
600028,2023-07-03
600029,2023-07-03
600030,2023-07-03
600031,2023-07-03
600036,2023-07-03
600039,2023-07-03
600048,2023-07-03
600050,2023-07-03
600061,2023-07-03
600085,2023-07-03
600089,2023-07-03
600104,2023-07-03
600111,2023-07-03
600115,2023-07-03
600132,2023-07-03
600150,2023-07-03
600176,2023-07-03
600183,2023-07-03
600188,2023-07-03
600196,2023-07-03
600219,2023-07-03
600233,2023-07-03
600276,2023-07-03
600309,2023-07-03
600332,2023-07-03
600346,2023-07-03
600362,2023-07-03
600383,2023-07-03
600406,2023-07-03
600426,2023-07-03
600436,2023-07-03
600438,2023-07-03
600460,2023-07-03
600519,2023-07-03
600547,2023-07-03
600570,2023-07-03
600584,2023-07-03
600585,2023-07-03
600588,2023-07-03
600600,2023-07-03
600606,2023-07-03
600660,2023-07-03
600674,2023-07-03
600690,2023-07-03
600732,2023-07-03
600741,2023-07-03
600745,2023-07-03
600754,2023-07-03
600760,2023-07-03
600763,2023-07-03
600795,2023-07-03
600803,2023-07-03
600809,2023-07-03
600837,2023-07-03
600845,2023-07-03
600875,2023-07-03
600884,2023-07-03
600886,2023-07-03
600887,2023-07-03
600893,2023-07-03
600900,2023-07-03
600905,2023-07-03
600918,2023-07-03
600919,2023-07-03
600926,2023-07-03
600941,2023-07-03
600958,2023-07-03
600989,2023-07-03
600999,2023-07-03
601006,2023-07-03
601009,2023-07-03
601012,2023-07-03
601021,2023-07-03
601066,2023-07-03
601088,2023-07-03
601100,2023-07-03
601111,2023-07-03
601117,2023-07-03
601138,2023-07-03
601155,2023-07-03
601166,2023-07-03
601169,2023-07-03
601186,2023-07-03
601211,2023-07-03
601216,2023-07-03
601225,2023-07-03
601229,2023-07-03
601236,2023-07-03
601238,2023-07-03
601288,2023-07-03
601318,2023-07-03
601319,2023-07-03
601328,2023-07-03
601336,2023-07-03
601360,2023-07-03
601377,2023-07-03
601390,2023-07-03
601398,2023-07-03
601600,2023-07-03
601601,2023-07-03
601607,2023-07-03
601615,2023-07-03
601618,2023-07-03
601628,2023-07-03
601633,2023-07-03
601658,2023-07-03
601668,2023-07-03
601669,2023-07-03
601688,2023-07-03
601689,2023-07-03
601698,2023-07-03
601699,2023-07-03
601728,2023-07-03
601766,2023-07-03
601788,2023-07-03
601799,2023-07-03
601800,2023-07-03
601808,2023-07-03
601816,2023-07-03
601818,2023-07-03
601838,2023-07-03
601857,2023-07-03
601865,2023-07-03
601868,2023-07-03
601872,2023-07-03
601877,2023-07-03
601878,2023-07-03
601881,2023-07-03
601888,2023-07-03
601898,2023-07-03
601899,2023-07-03
601901,2023-07-03
601919,2023-07-03
601939,2023-07-03
601985,2023-07-03
601988,2023-07-03
601989,2023-07-03
601995,2023-07-03
601998,2023-07-03
603019,2023-07-03
603185,2023-07-03
603195,2023-07-03
603259,2023-07-03
603260,2023-07-03
603288,2023-07-03
603290,2023-07-03
603369,2023-07-03
603392,2023-07-03
603486,2023-07-03
603501,2023-07-03
603659,2023-07-03
603799,2023-07-03
603806,2023-07-03
603833,2023-07-03
603899,2023-07-03
603986,2023-07-03
603993,2023-07-03
605117,2023-07-03
605499,2023-07-03
688005,2023-07-03
688008,2023-07-03
688012,2023-07-03
688036,2023-07-03
688065,2023-07-03
688111,2023-07-03
688126,2023-07-03
688187,2023-07-03
688223,2023-07-03
688303,2023-07-03
688363,2023-07-03
688396,2023-07-03
688561,2023-07-03
688599,2023-07-03
688981,2023-07-03
000001,2023-07-03
000002,2023-07-03
000063,2023-07-03
000069,2023-07-03
000100,2023-07-03
000157,2023-07-03
000166,2023-07-03
000301,2023-07-03
000333,2023-07-03
000338,2023-07-03
000408,2023-07-03
000425,2023-07-03
000538,2023-07-03
000568,2023-07-03
000596,2023-07-03
000617,2023-07-03
000625,2023-07-03
000651,2023-07-03
000661,2023-07-03
000708,2023-07-03
000723,2023-07-03
000725,2023-07-03
000733,2023-07-03
000768,2023-07-03
000776,2023-07-03
000786,2023-07-03
000792,2023-07-03
000800,2023-07-03
000858,2023-07-03
000876,2023-07-03
000877,2023-07-03
000895,2023-07-03
000938,2023-07-03
000963,2023-07-03
000977,2023-07-03
000983,2023-07-03
001289,2023-07-03
001979,2023-07-03
002001,2023-07-03
002007,2023-07-03
002027,2023-07-03
002049,2023-07-03
002050,2023-07-03
002064,2023-07-03
002074,2023-07-03
002120,2023-07-03
002129,2023-07-03
002142,2023-07-03
002179,2023-07-03
002180,2023-07-03
002202,2023-07-03
002230,2023-07-03
002236,2023-07-03
002241,2023-07-03
002252,2023-07-03
002271,2023-07-03
002304,2023-07-03
002311,2023-07-03
002352,2023-07-03
002371,2023-07-03
002410,2023-07-03
002414,2023-07-03
002415,2023-07-03
002459,2023-07-03
002460,2023-07-03
002466,2023-07-03
002475,2023-07-03
002493,2023-07-03
002555,2023-07-03
002594,2023-07-03
002601,2023-07-03
002648,2023-07-03
002709,2023-07-03
002714,2023-07-03
002736,2023-07-03
002756,2023-07-03
002812,2023-07-03
002821,2023-07-03
002841,2023-07-03
002916,2023-07-03
002920,2023-07-03
002938,2023-07-03
003816,2023-07-03
300014,2023-07-03
300015,2023-07-03
300033,2023-07-03
300059,2023-07-03
300122,2023-07-03
300124,2023-07-03
300142,2023-07-03
300207,2023-07-03
300223,2023-07-03
300274,2023-07-03
300316,2023-07-03
300347,2023-07-03
300408,2023-07-03
300413,2023-07-03
300433,2023-07-03
300450,2023-07-03
300454,2023-07-03
300496,2023-07-03
300498,2023-07-03
300601,2023-07-03
300628,2023-07-03
300661,2023-07-03
300750,2023-07-03
300751,2023-07-03
300759,2023-07-03
300760,2023-07-03
300763,2023-07-03
300769,2023-07-03
300782,2023-07-03
300896,2023-07-03
300919,2023-07-03
300957,2023-07-03
300979,2023-07-03
300999,2023-07-03
600000,2023-07-28
600009,2023-07-28
600010,2023-07-28
600011,2023-07-28
600015,2023-07-28
600016,2023-07-28
600018,2023-07-28
600019,2023-07-28
600025,2023-07-28
600028,2023-07-28
600029,2023-07-28
600030,2023-07-28
600031,2023-07-28
600036,2023-07-28
600039,2023-07-28
600048,2023-07-28
600050,2023-07-28
600061,2023-07-28
600085,2023-07-28
600089,2023-07-28
600104,2023-07-28
600111,2023-07-28
600115,2023-07-28
600132,2023-07-28
600150,2023-07-28
600176,2023-07-28
600183,2023-07-28
600188,2023-07-28
600196,2023-07-28
600219,2023-07-28
600233,2023-07-28
600276,2023-07-28
600309,2023-07-28
600332,2023-07-28
600346,2023-07-28
600362,2023-07-28
600383,2023-07-28
600406,2023-07-28
600426,2023-07-28
600436,2023-07-28
600438,2023-07-28
600460,2023-07-28
600519,2023-07-28
600547,2023-07-28
600570,2023-07-28
600584,2023-07-28
600585,2023-07-28
600588,2023-07-28
600600,2023-07-28
600606,2023-07-28
600660,2023-07-28
600674,2023-07-28
600690,2023-07-28
600732,2023-07-28
600741,2023-07-28
600745,2023-07-28
600754,2023-07-28
600760,2023-07-28
600763,2023-07-28
600795,2023-07-28
600803,2023-07-28
600809,2023-07-28
600837,2023-07-28
600845,2023-07-28
600875,2023-07-28
600884,2023-07-28
600886,2023-07-28
600887,2023-07-28
600893,2023-07-28
600900,2023-07-28
600905,2023-07-28
600918,2023-07-28
600919,2023-07-28
600926,2023-07-28
600941,2023-07-28
600958,2023-07-28
600989,2023-07-28
600999,2023-07-28
601006,2023-07-28
601009,2023-07-28
601012,2023-07-28
601021,2023-07-28
601066,2023-07-28
601088,2023-07-28
601100,2023-07-28
601111,2023-07-28
601117,2023-07-28
601138,2023-07-28
601155,2023-07-28
601166,2023-07-28
601169,2023-07-28
601186,2023-07-28
601211,2023-07-28
601216,2023-07-28
601225,2023-07-28
601229,2023-07-28
601236,2023-07-28
601238,2023-07-28
601288,2023-07-28
601318,2023-07-28
601319,2023-07-28
601328,2023-07-28
601336,2023-07-28
601360,2023-07-28
601377,2023-07-28
601390,2023-07-28
601398,2023-07-28
601600,2023-07-28
601601,2023-07-28
601607,2023-07-28
601615,2023-07-28
601618,2023-07-28
601628,2023-07-28
601633,2023-07-28
601658,2023-07-28
601668,2023-07-28
601669,2023-07-28
601688,2023-07-28
601689,2023-07-28
601698,2023-07-28
601699,2023-07-28
601728,2023-07-28
601766,2023-07-28
601788,2023-07-28
601799,2023-07-28
601800,2023-07-28
601808,2023-07-28
601816,2023-07-28
601818,2023-07-28
601838,2023-07-28
601857,2023-07-28
601865,2023-07-28
601868,2023-07-28
601872,2023-07-28
601877,2023-07-28
601878,2023-07-28
601881,2023-07-28
601888,2023-07-28
601898,2023-07-28
601899,2023-07-28
601901,2023-07-28
601919,2023-07-28
601939,2023-07-28
601985,2023-07-28
601988,2023-07-28
601989,2023-07-28
601995,2023-07-28
601998,2023-07-28
603019,2023-07-28
603185,2023-07-28
603195,2023-07-28
603259,2023-07-28
603260,2023-07-28
603288,2023-07-28
603290,2023-07-28
603369,2023-07-28
603392,2023-07-28
603486,2023-07-28
603501,2023-07-28
603659,2023-07-28
603799,2023-07-28
603806,2023-07-28
603833,2023-07-28
603899,2023-07-28
603986,2023-07-28
603993,2023-07-28
605117,2023-07-28
605499,2023-07-28
688005,2023-07-28
688008,2023-07-28
688012,2023-07-28
688036,2023-07-28
688065,2023-07-28
688111,2023-07-28
688126,2023-07-28
688187,2023-07-28
688223,2023-07-28
688303,2023-07-28
688363,2023-07-28
688396,2023-07-28
688561,2023-07-28
688599,2023-07-28
688981,2023-07-28
000001,2023-07-28
000002,2023-07-28
000063,2023-07-28
000069,2023-07-28
000100,2023-07-28
000157,2023-07-28
000166,2023-07-28
000301,2023-07-28
000333,2023-07-28
000338,2023-07-28
000408,2023-07-28
000425,2023-07-28
000538,2023-07-28
000568,2023-07-28
000596,2023-07-28
000617,2023-07-28
000625,2023-07-28
000651,2023-07-28
000661,2023-07-28
000708,2023-07-28
000723,2023-07-28
000725,2023-07-28
000733,2023-07-28
000768,2023-07-28
000776,2023-07-28
000786,2023-07-28
000792,2023-07-28
000800,2023-07-28
000858,2023-07-28
000876,2023-07-28
000877,2023-07-28
000895,2023-07-28
000938,2023-07-28
000963,2023-07-28
000977,2023-07-28
000983,2023-07-28
001289,2023-07-28
001979,2023-07-28
002001,2023-07-28
002007,2023-07-28
002027,2023-07-28
002049,2023-07-28
002050,2023-07-28
002064,2023-07-28
002074,2023-07-28
002120,2023-07-28
002129,2023-07-28
002142,2023-07-28
002179,2023-07-28
002180,2023-07-28
002202,2023-07-28
002230,2023-07-28
002236,2023-07-28
002241,2023-07-28
002252,2023-07-28
002271,2023-07-28
002304,2023-07-28
002311,2023-07-28
002352,2023-07-28
002371,2023-07-28
002410,2023-07-28
002414,2023-07-28
002415,2023-07-28
002459,2023-07-28
002460,2023-07-28
002466,2023-07-28
002475,2023-07-28
002493,2023-07-28
002555,2023-07-28
002594,2023-07-28
002601,2023-07-28
002648,2023-07-28
002709,2023-07-28
002714,2023-07-28
002736,2023-07-28
002756,2023-07-28
002812,2023-07-28
002821,2023-07-28
002841,2023-07-28
002916,2023-07-28
002920,2023-07-28
002938,2023-07-28
003816,2023-07-28
300014,2023-07-28
300015,2023-07-28
300033,2023-07-28
300059,2023-07-28
300122,2023-07-28
300124,2023-07-28
300142,2023-07-28
300207,2023-07-28
300223,2023-07-28
300274,2023-07-28
300316,2023-07-28
300347,2023-07-28
300408,2023-07-28
300413,2023-07-28
300433,2023-07-28
300450,2023-07-28
300454,2023-07-28
300496,2023-07-28
300498,2023-07-28
300601,2023-07-28
300628,2023-07-28
300661,2023-07-28
300750,2023-07-28
300751,2023-07-28
300759,2023-07-28
300760,2023-07-28
300763,2023-07-28
300769,2023-07-28
300782,2023-07-28
300896,2023-07-28
300919,2023-07-28
300957,2023-07-28
300979,2023-07-28
300999,2023-07-28
600000,2024-01-01
600009,2024-01-01
600010,2024-01-01
600011,2024-01-01
600015,2024-01-01
600016,2024-01-01
600018,2024-01-01
600019,2024-01-01
600023,2024-01-01
600025,2024-01-01
600028,2024-01-01
600029,2024-01-01
600030,2024-01-01
600031,2024-01-01
600036,2024-01-01
600039,2024-01-01
600048,2024-01-01
600050,2024-01-01
600061,2024-01-01
600085,2024-01-01
600089,2024-01-01
600104,2024-01-01
600111,2024-01-01
600115,2024-01-01
600132,2024-01-01
600150,2024-01-01
600176,2024-01-01
600183,2024-01-01
600188,2024-01-01
600196,2024-01-01
600219,2024-01-01
600233,2024-01-01
600276,2024-01-01
600309,2024-01-01
600332,2024-01-01
600346,2024-01-01
600362,2024-01-01
600372,2024-01-01
600406,2024-01-01
600426,2024-01-01
600436,2024-01-01
600438,2024-01-01
600460,2024-01-01
600489,2024-01-01
600515,2024-01-01
600519,2024-01-01
600547,2024-01-01
600570,2024-01-01
600584,2024-01-01
600585,2024-01-01
600588,2024-01-01
600600,2024-01-01
600606,2024-01-01
600660,2024-01-01
600674,2024-01-01
600690,2024-01-01
600732,2024-01-01
600741,2024-01-01
600745,2024-01-01
600754,2024-01-01
600760,2024-01-01
600795,2024-01-01
600803,2024-01-01
600809,2024-01-01
600837,2024-01-01
600845,2024-01-01
600875,2024-01-01
600886,2024-01-01
600887,2024-01-01
600893,2024-01-01
600900,2024-01-01
600905,2024-01-01
600918,2024-01-01
600919,2024-01-01
600926,2024-01-01
600938,2024-01-01
600941,2024-01-01
600958,2024-01-01
600989,2024-01-01
600999,2024-01-01
601006,2024-01-01
601009,2024-01-01
601012,2024-01-01
601021,2024-01-01
601059,2024-01-01
601066,2024-01-01
601088,2024-01-01
601100,2024-01-01
601111,2024-01-01
601117,2024-01-01
601138,2024-01-01
601155,2024-01-01
601166,2024-01-01
601169,2024-01-01
601186,2024-01-01
601211,2024-01-01
601225,2024-01-01
601229,2024-01-01
601236,2024-01-01
601238,2024-01-01
601288,2024-01-01
601318,2024-01-01
601319,2024-01-01
601328,2024-01-01
601336,2024-01-01
601360,2024-01-01
601377,2024-01-01
601390,2024-01-01
601398,2024-01-01
601600,2024-01-01
601601,2024-01-01
601607,2024-01-01
601615,2024-01-01
601618,2024-01-01
601628,2024-01-01
601633,2024-01-01
601658,2024-01-01
601668,2024-01-01
601669,2024-01-01
601688,2024-01-01
601689,2024-01-01
601698,2024-01-01
601699,2024-01-01
601728,2024-01-01
601766,2024-01-01
601788,2024-01-01
601799,2024-01-01
601800,2024-01-01
601808,2024-01-01
601816,2024-01-01
601818,2024-01-01
601838,2024-01-01
601857,2024-01-01
601865,2024-01-01
601868,2024-01-01
601872,2024-01-01
601877,2024-01-01
601878,2024-01-01
601881,2024-01-01
601888,2024-01-01
601898,2024-01-01
601899,2024-01-01
601901,2024-01-01
601916,2024-01-01
601919,2024-01-01
601939,2024-01-01
601985,2024-01-01
601988,2024-01-01
601989,2024-01-01
601995,2024-01-01
601998,2024-01-01
603019,2024-01-01
603195,2024-01-01
603259,2024-01-01
603260,2024-01-01
603288,2024-01-01
603290,2024-01-01
603369,2024-01-01
603392,2024-01-01
603486,2024-01-01
603501,2024-01-01
603659,2024-01-01
603799,2024-01-01
603806,2024-01-01
603833,2024-01-01
603899,2024-01-01
603986,2024-01-01
603993,2024-01-01
605117,2024-01-01
605499,2024-01-01
688008,2024-01-01
688012,2024-01-01
688036,2024-01-01
688041,2024-01-01
688065,2024-01-01
688111,2024-01-01
688126,2024-01-01
688187,2024-01-01
688223,2024-01-01
688256,2024-01-01
688271,2024-01-01
688303,2024-01-01
688363,2024-01-01
688396,2024-01-01
688561,2024-01-01
688599,2024-01-01
688981,2024-01-01
000001,2024-01-01
000002,2024-01-01
000063,2024-01-01
000069,2024-01-01
000100,2024-01-01
000157,2024-01-01
000166,2024-01-01
000301,2024-01-01
000333,2024-01-01
000338,2024-01-01
000408,2024-01-01
000425,2024-01-01
000538,2024-01-01
000568,2024-01-01
000596,2024-01-01
000617,2024-01-01
000625,2024-01-01
000651,2024-01-01
000661,2024-01-01
000708,2024-01-01
000725,2024-01-01
000733,2024-01-01
000768,2024-01-01
000776,2024-01-01
000786,2024-01-01
000792,2024-01-01
000800,2024-01-01
000858,2024-01-01
000876,2024-01-01
000877,2024-01-01
000895,2024-01-01
000938,2024-01-01
000963,2024-01-01
000977,2024-01-01
000983,2024-01-01
000999,2024-01-01
001289,2024-01-01
001979,2024-01-01
002001,2024-01-01
002007,2024-01-01
002027,2024-01-01
002049,2024-01-01
002050,2024-01-01
002074,2024-01-01
002129,2024-01-01
002142,2024-01-01
002179,2024-01-01
002180,2024-01-01
002202,2024-01-01
002230,2024-01-01
002236,2024-01-01
002241,2024-01-01
002252,2024-01-01
002271,2024-01-01
002304,2024-01-01
002311,2024-01-01
002352,2024-01-01
002371,2024-01-01
002410,2024-01-01
002415,2024-01-01
002459,2024-01-01
002460,2024-01-01
002466,2024-01-01
002475,2024-01-01
002493,2024-01-01
002555,2024-01-01
002594,2024-01-01
002601,2024-01-01
002603,2024-01-01
002648,2024-01-01
002709,2024-01-01
002714,2024-01-01
002736,2024-01-01
002812,2024-01-01
002821,2024-01-01
002841,2024-01-01
002916,2024-01-01
002920,2024-01-01
002938,2024-01-01
003816,2024-01-01
300014,2024-01-01
300015,2024-01-01
300033,2024-01-01
300059,2024-01-01
300122,2024-01-01
300124,2024-01-01
300142,2024-01-01
300223,2024-01-01
300274,2024-01-01
300308,2024-01-01
300316,2024-01-01
300347,2024-01-01
300408,2024-01-01
300413,2024-01-01
300433,2024-01-01
300450,2024-01-01
300454,2024-01-01
300496,2024-01-01
300498,2024-01-01
300628,2024-01-01
300661,2024-01-01
300750,2024-01-01
300751,2024-01-01
300759,2024-01-01
300760,2024-01-01
300763,2024-01-01
300782,2024-01-01
300896,2024-01-01
300919,2024-01-01
300957,2024-01-01
300979,2024-01-01
300999,2024-01-01
301269,2024-01-01
600000,2024-01-02
600009,2024-01-02
600010,2024-01-02
600011,2024-01-02
600015,2024-01-02
600016,2024-01-02
600018,2024-01-02
600019,2024-01-02
600023,2024-01-02
600025,2024-01-02
600028,2024-01-02
600029,2024-01-02
600030,2024-01-02
600031,2024-01-02
600036,2024-01-02
600039,2024-01-02
600048,2024-01-02
600050,2024-01-02
600061,2024-01-02
600085,2024-01-02
600089,2024-01-02
600104,2024-01-02
600111,2024-01-02
600115,2024-01-02
600132,2024-01-02
600150,2024-01-02
600176,2024-01-02
600183,2024-01-02
600188,2024-01-02
600196,2024-01-02
600219,2024-01-02
600233,2024-01-02
600276,2024-01-02
600309,2024-01-02
600332,2024-01-02
600346,2024-01-02
600362,2024-01-02
600372,2024-01-02
600406,2024-01-02
600426,2024-01-02
600436,2024-01-02
600438,2024-01-02
600460,2024-01-02
600489,2024-01-02
600515,2024-01-02
600519,2024-01-02
600547,2024-01-02
600570,2024-01-02
600584,2024-01-02
600585,2024-01-02
600588,2024-01-02
600600,2024-01-02
600606,2024-01-02
600660,2024-01-02
600674,2024-01-02
600690,2024-01-02
600732,2024-01-02
600741,2024-01-02
600745,2024-01-02
600754,2024-01-02
600760,2024-01-02
600795,2024-01-02
600803,2024-01-02
600809,2024-01-02
600837,2024-01-02
600845,2024-01-02
600875,2024-01-02
600886,2024-01-02
600887,2024-01-02
600893,2024-01-02
600900,2024-01-02
600905,2024-01-02
600918,2024-01-02
600919,2024-01-02
600926,2024-01-02
600938,2024-01-02
600941,2024-01-02
600958,2024-01-02
600989,2024-01-02
600999,2024-01-02
601006,2024-01-02
601009,2024-01-02
601012,2024-01-02
601021,2024-01-02
601059,2024-01-02
601066,2024-01-02
601088,2024-01-02
601100,2024-01-02
601111,2024-01-02
601117,2024-01-02
601138,2024-01-02
601155,2024-01-02
601166,2024-01-02
601169,2024-01-02
601186,2024-01-02
601211,2024-01-02
601225,2024-01-02
601229,2024-01-02
601236,2024-01-02
601238,2024-01-02
601288,2024-01-02
601318,2024-01-02
601319,2024-01-02
601328,2024-01-02
601336,2024-01-02
601360,2024-01-02
601377,2024-01-02
601390,2024-01-02
601398,2024-01-02
601600,2024-01-02
601601,2024-01-02
601607,2024-01-02
601615,2024-01-02
601618,2024-01-02
601628,2024-01-02
601633,2024-01-02
601658,2024-01-02
601668,2024-01-02
601669,2024-01-02
601688,2024-01-02
601689,2024-01-02
601698,2024-01-02
601699,2024-01-02
601728,2024-01-02
601766,2024-01-02
601788,2024-01-02
601799,2024-01-02
601800,2024-01-02
601808,2024-01-02
601816,2024-01-02
601818,2024-01-02
601838,2024-01-02
601857,2024-01-02
601865,2024-01-02
601868,2024-01-02
601872,2024-01-02
601877,2024-01-02
601878,2024-01-02
601881,2024-01-02
601888,2024-01-02
601898,2024-01-02
601899,2024-01-02
601901,2024-01-02
601916,2024-01-02
601919,2024-01-02
601939,2024-01-02
601985,2024-01-02
601988,2024-01-02
601989,2024-01-02
601995,2024-01-02
601998,2024-01-02
603019,2024-01-02
603195,2024-01-02
603259,2024-01-02
603260,2024-01-02
603288,2024-01-02
603290,2024-01-02
603369,2024-01-02
603392,2024-01-02
603486,2024-01-02
603501,2024-01-02
603659,2024-01-02
603799,2024-01-02
603806,2024-01-02
603833,2024-01-02
603899,2024-01-02
603986,2024-01-02
603993,2024-01-02
605117,2024-01-02
605499,2024-01-02
688008,2024-01-02
688012,2024-01-02
688036,2024-01-02
688041,2024-01-02
688065,2024-01-02
688111,2024-01-02
688126,2024-01-02
688187,2024-01-02
688223,2024-01-02
688256,2024-01-02
688271,2024-01-02
688303,2024-01-02
688363,2024-01-02
688396,2024-01-02
688561,2024-01-02
688599,2024-01-02
688981,2024-01-02
000001,2024-01-02
000002,2024-01-02
000063,2024-01-02
000069,2024-01-02
000100,2024-01-02
000157,2024-01-02
000166,2024-01-02
000301,2024-01-02
000333,2024-01-02
000338,2024-01-02
000408,2024-01-02
000425,2024-01-02
000538,2024-01-02
000568,2024-01-02
000596,2024-01-02
000617,2024-01-02
000625,2024-01-02
000651,2024-01-02
000661,2024-01-02
000708,2024-01-02
000725,2024-01-02
000733,2024-01-02
000768,2024-01-02
000776,2024-01-02
000786,2024-01-02
000792,2024-01-02
000800,2024-01-02
000858,2024-01-02
000876,2024-01-02
000877,2024-01-02
000895,2024-01-02
000938,2024-01-02
000963,2024-01-02
000977,2024-01-02
000983,2024-01-02
000999,2024-01-02
001289,2024-01-02
001979,2024-01-02
002001,2024-01-02
002007,2024-01-02
002027,2024-01-02
002049,2024-01-02
002050,2024-01-02
002074,2024-01-02
002129,2024-01-02
002142,2024-01-02
002179,2024-01-02
002180,2024-01-02
002202,2024-01-02
002230,2024-01-02
002236,2024-01-02
002241,2024-01-02
002252,2024-01-02
002271,2024-01-02
002304,2024-01-02
002311,2024-01-02
002352,2024-01-02
002371,2024-01-02
002410,2024-01-02
002415,2024-01-02
002459,2024-01-02
002460,2024-01-02
002466,2024-01-02
002475,2024-01-02
002493,2024-01-02
002555,2024-01-02
002594,2024-01-02
002601,2024-01-02
002603,2024-01-02
002648,2024-01-02
002709,2024-01-02
002714,2024-01-02
002736,2024-01-02
002812,2024-01-02
002821,2024-01-02
002841,2024-01-02
002916,2024-01-02
002920,2024-01-02
002938,2024-01-02
003816,2024-01-02
300014,2024-01-02
300015,2024-01-02
300033,2024-01-02
300059,2024-01-02
300122,2024-01-02
300124,2024-01-02
300142,2024-01-02
300223,2024-01-02
300274,2024-01-02
300308,2024-01-02
300316,2024-01-02
300347,2024-01-02
300408,2024-01-02
300413,2024-01-02
300433,2024-01-02
300450,2024-01-02
300454,2024-01-02
300496,2024-01-02
300498,2024-01-02
300628,2024-01-02
300661,2024-01-02
300750,2024-01-02
300751,2024-01-02
300759,2024-01-02
300760,2024-01-02
300763,2024-01-02
300782,2024-01-02
300896,2024-01-02
300919,2024-01-02
300957,2024-01-02
300979,2024-01-02
300999,2024-01-02
301269,2024-01-02
600000,2024-01-03
600009,2024-01-03
600010,2024-01-03
600011,2024-01-03
600015,2024-01-03
600016,2024-01-03
600018,2024-01-03
600019,2024-01-03
600023,2024-01-03
600025,2024-01-03
600028,2024-01-03
600029,2024-01-03
600030,2024-01-03
600031,2024-01-03
600036,2024-01-03
600039,2024-01-03
600048,2024-01-03
600050,2024-01-03
600061,2024-01-03
600085,2024-01-03
600089,2024-01-03
600104,2024-01-03
600111,2024-01-03
600115,2024-01-03
600132,2024-01-03
600150,2024-01-03
600176,2024-01-03
600183,2024-01-03
600188,2024-01-03
600196,2024-01-03
600219,2024-01-03
600233,2024-01-03
600276,2024-01-03
600309,2024-01-03
600332,2024-01-03
600346,2024-01-03
600362,2024-01-03
600372,2024-01-03
600406,2024-01-03
600426,2024-01-03
600436,2024-01-03
600438,2024-01-03
600460,2024-01-03
600489,2024-01-03
600515,2024-01-03
600519,2024-01-03
600547,2024-01-03
600570,2024-01-03
600584,2024-01-03
600585,2024-01-03
600588,2024-01-03
600600,2024-01-03
600606,2024-01-03
600660,2024-01-03
600674,2024-01-03
600690,2024-01-03
600732,2024-01-03
600741,2024-01-03
600745,2024-01-03
600754,2024-01-03
600760,2024-01-03
600795,2024-01-03
600803,2024-01-03
600809,2024-01-03
600837,2024-01-03
600845,2024-01-03
600875,2024-01-03
600886,2024-01-03
600887,2024-01-03
600893,2024-01-03
600900,2024-01-03
600905,2024-01-03
600918,2024-01-03
600919,2024-01-03
600926,2024-01-03
600938,2024-01-03
600941,2024-01-03
600958,2024-01-03
600989,2024-01-03
600999,2024-01-03
601006,2024-01-03
601009,2024-01-03
601012,2024-01-03
601021,2024-01-03
601059,2024-01-03
601066,2024-01-03
601088,2024-01-03
601100,2024-01-03
601111,2024-01-03
601117,2024-01-03
601138,2024-01-03
601155,2024-01-03
601166,2024-01-03
601169,2024-01-03
601186,2024-01-03
601211,2024-01-03
601225,2024-01-03
601229,2024-01-03
601236,2024-01-03
601238,2024-01-03
601288,2024-01-03
601318,2024-01-03
601319,2024-01-03
601328,2024-01-03
601336,2024-01-03
601360,2024-01-03
601377,2024-01-03
601390,2024-01-03
601398,2024-01-03
601600,2024-01-03
601601,2024-01-03
601607,2024-01-03
601615,2024-01-03
601618,2024-01-03
601628,2024-01-03
601633,2024-01-03
601658,2024-01-03
601668,2024-01-03
601669,2024-01-03
601688,2024-01-03
601689,2024-01-03
601698,2024-01-03
601699,2024-01-03
601728,2024-01-03
601766,2024-01-03
601788,2024-01-03
601799,2024-01-03
601800,2024-01-03
601808,2024-01-03
601816,2024-01-03
601818,2024-01-03
601838,2024-01-03
601857,2024-01-03
601865,2024-01-03
601868,2024-01-03
601872,2024-01-03
601877,2024-01-03
601878,2024-01-03
601881,2024-01-03
601888,2024-01-03
601898,2024-01-03
601899,2024-01-03
601901,2024-01-03
601916,2024-01-03
601919,2024-01-03
601939,2024-01-03
601985,2024-01-03
601988,2024-01-03
601989,2024-01-03
601995,2024-01-03
601998,2024-01-03
603019,2024-01-03
603195,2024-01-03
603259,2024-01-03
603260,2024-01-03
603288,2024-01-03
603290,2024-01-03
603369,2024-01-03
603392,2024-01-03
603486,2024-01-03
603501,2024-01-03
603659,2024-01-03
603799,2024-01-03
603806,2024-01-03
603833,2024-01-03
603899,2024-01-03
603986,2024-01-03
603993,2024-01-03
605117,2024-01-03
605499,2024-01-03
688008,2024-01-03
688012,2024-01-03
688036,2024-01-03
688041,2024-01-03
688065,2024-01-03
688111,2024-01-03
688126,2024-01-03
688187,2024-01-03
688223,2024-01-03
688256,2024-01-03
688271,2024-01-03
688303,2024-01-03
688363,2024-01-03
688396,2024-01-03
688561,2024-01-03
688599,2024-01-03
688981,2024-01-03
000001,2024-01-03
000002,2024-01-03
000063,2024-01-03
000069,2024-01-03
000100,2024-01-03
000157,2024-01-03
000166,2024-01-03
000301,2024-01-03
000333,2024-01-03
000338,2024-01-03
000408,2024-01-03
000425,2024-01-03
000538,2024-01-03
000568,2024-01-03
000596,2024-01-03
000617,2024-01-03
000625,2024-01-03
000651,2024-01-03
000661,2024-01-03
000708,2024-01-03
000725,2024-01-03
000733,2024-01-03
000768,2024-01-03
000776,2024-01-03
000786,2024-01-03
000792,2024-01-03
000800,2024-01-03
000858,2024-01-03
000876,2024-01-03
000877,2024-01-03
000895,2024-01-03
000938,2024-01-03
000963,2024-01-03
000977,2024-01-03
000983,2024-01-03
000999,2024-01-03
001289,2024-01-03
001979,2024-01-03
002001,2024-01-03
002007,2024-01-03
002027,2024-01-03
002049,2024-01-03
002050,2024-01-03
002074,2024-01-03
002129,2024-01-03
002142,2024-01-03
002179,2024-01-03
002180,2024-01-03
002202,2024-01-03
002230,2024-01-03
002236,2024-01-03
002241,2024-01-03
002252,2024-01-03
002271,2024-01-03
002304,2024-01-03
002311,2024-01-03
002352,2024-01-03
002371,2024-01-03
002410,2024-01-03
002415,2024-01-03
002459,2024-01-03
002460,2024-01-03
002466,2024-01-03
002475,2024-01-03
002493,2024-01-03
002555,2024-01-03
002594,2024-01-03
002601,2024-01-03
002603,2024-01-03
002648,2024-01-03
002709,2024-01-03
002714,2024-01-03
002736,2024-01-03
002812,2024-01-03
002821,2024-01-03
002841,2024-01-03
002916,2024-01-03
002920,2024-01-03
002938,2024-01-03
003816,2024-01-03
300014,2024-01-03
300015,2024-01-03
300033,2024-01-03
300059,2024-01-03
300122,2024-01-03
300124,2024-01-03
300142,2024-01-03
300223,2024-01-03
300274,2024-01-03
300308,2024-01-03
300316,2024-01-03
300347,2024-01-03
300408,2024-01-03
300413,2024-01-03
300433,2024-01-03
300450,2024-01-03
300454,2024-01-03
300496,2024-01-03
300498,2024-01-03
300628,2024-01-03
300661,2024-01-03
300750,2024-01-03
300751,2024-01-03
300759,2024-01-03
300760,2024-01-03
300763,2024-01-03
300782,2024-01-03
300896,2024-01-03
300919,2024-01-03
300957,2024-01-03
300979,2024-01-03
300999,2024-01-03
301269,2024-01-03
600000,2024-01-28
600009,2024-01-28
600010,2024-01-28
600011,2024-01-28
600015,2024-01-28
600016,2024-01-28
600018,2024-01-28
600019,2024-01-28
600023,2024-01-28
600025,2024-01-28
600028,2024-01-28
600029,2024-01-28
600030,2024-01-28
600031,2024-01-28
600036,2024-01-28
600039,2024-01-28
600048,2024-01-28
600050,2024-01-28
600061,2024-01-28
600085,2024-01-28
600089,2024-01-28
600104,2024-01-28
600111,2024-01-28
600115,2024-01-28
600132,2024-01-28
600150,2024-01-28
600176,2024-01-28
600183,2024-01-28
600188,2024-01-28
600196,2024-01-28
600219,2024-01-28
600233,2024-01-28
600276,2024-01-28
600309,2024-01-28
600332,2024-01-28
600346,2024-01-28
600362,2024-01-28
600372,2024-01-28
600406,2024-01-28
600426,2024-01-28
600436,2024-01-28
600438,2024-01-28
600460,2024-01-28
600489,2024-01-28
600515,2024-01-28
600519,2024-01-28
600547,2024-01-28
600570,2024-01-28
600584,2024-01-28
600585,2024-01-28
600588,2024-01-28
600600,2024-01-28
600606,2024-01-28
600660,2024-01-28
600674,2024-01-28
600690,2024-01-28
600732,2024-01-28
600741,2024-01-28
600745,2024-01-28
600754,2024-01-28
600760,2024-01-28
600795,2024-01-28
600803,2024-01-28
600809,2024-01-28
600837,2024-01-28
600845,2024-01-28
600875,2024-01-28
600886,2024-01-28
600887,2024-01-28
600893,2024-01-28
600900,2024-01-28
600905,2024-01-28
600918,2024-01-28
600919,2024-01-28
600926,2024-01-28
600938,2024-01-28
600941,2024-01-28
600958,2024-01-28
600989,2024-01-28
600999,2024-01-28
601006,2024-01-28
601009,2024-01-28
601012,2024-01-28
601021,2024-01-28
601059,2024-01-28
601066,2024-01-28
601088,2024-01-28
601100,2024-01-28
601111,2024-01-28
601117,2024-01-28
601138,2024-01-28
601155,2024-01-28
601166,2024-01-28
601169,2024-01-28
601186,2024-01-28
601211,2024-01-28
601225,2024-01-28
601229,2024-01-28
601236,2024-01-28
601238,2024-01-28
601288,2024-01-28
601318,2024-01-28
601319,2024-01-28
601328,2024-01-28
601336,2024-01-28
601360,2024-01-28
601377,2024-01-28
601390,2024-01-28
601398,2024-01-28
601600,2024-01-28
601601,2024-01-28
601607,2024-01-28
601615,2024-01-28
601618,2024-01-28
601628,2024-01-28
601633,2024-01-28
601658,2024-01-28
601668,2024-01-28
601669,2024-01-28
601688,2024-01-28
601689,2024-01-28
601698,2024-01-28
601699,2024-01-28
601728,2024-01-28
601766,2024-01-28
601788,2024-01-28
601799,2024-01-28
601800,2024-01-28
601808,2024-01-28
601816,2024-01-28
601818,2024-01-28
601838,2024-01-28
601857,2024-01-28
601865,2024-01-28
601868,2024-01-28
601872,2024-01-28
601877,2024-01-28
601878,2024-01-28
601881,2024-01-28
601888,2024-01-28
601898,2024-01-28
601899,2024-01-28
601901,2024-01-28
601916,2024-01-28
601919,2024-01-28
601939,2024-01-28
601985,2024-01-28
601988,2024-01-28
601989,2024-01-28
601995,2024-01-28
601998,2024-01-28
603019,2024-01-28
603195,2024-01-28
603259,2024-01-28
603260,2024-01-28
603288,2024-01-28
603290,2024-01-28
603369,2024-01-28
603392,2024-01-28
603486,2024-01-28
603501,2024-01-28
603659,2024-01-28
603799,2024-01-28
603806,2024-01-28
603833,2024-01-28
603899,2024-01-28
603986,2024-01-28
603993,2024-01-28
605117,2024-01-28
605499,2024-01-28
688008,2024-01-28
688012,2024-01-28
688036,2024-01-28
688041,2024-01-28
688065,2024-01-28
688111,2024-01-28
688126,2024-01-28
688187,2024-01-28
688223,2024-01-28
688256,2024-01-28
688271,2024-01-28
688303,2024-01-28
688363,2024-01-28
688396,2024-01-28
688561,2024-01-28
688599,2024-01-28
688981,2024-01-28
000001,2024-01-28
000002,2024-01-28
000063,2024-01-28
000069,2024-01-28
000100,2024-01-28
000157,2024-01-28
000166,2024-01-28
000301,2024-01-28
000333,2024-01-28
000338,2024-01-28
000408,2024-01-28
000425,2024-01-28
000538,2024-01-28
000568,2024-01-28
000596,2024-01-28
000617,2024-01-28
000625,2024-01-28
000651,2024-01-28
000661,2024-01-28
000708,2024-01-28
000725,2024-01-28
000733,2024-01-28
000768,2024-01-28
000776,2024-01-28
000786,2024-01-28
000792,2024-01-28
000800,2024-01-28
000858,2024-01-28
000876,2024-01-28
000877,2024-01-28
000895,2024-01-28
000938,2024-01-28
000963,2024-01-28
000977,2024-01-28
000983,2024-01-28
000999,2024-01-28
001289,2024-01-28
001979,2024-01-28
002001,2024-01-28
002007,2024-01-28
002027,2024-01-28
002049,2024-01-28
002050,2024-01-28
002074,2024-01-28
002129,2024-01-28
002142,2024-01-28
002179,2024-01-28
002180,2024-01-28
002202,2024-01-28
002230,2024-01-28
002236,2024-01-28
002241,2024-01-28
002252,2024-01-28
002271,2024-01-28
002304,2024-01-28
002311,2024-01-28
002352,2024-01-28
002371,2024-01-28
002410,2024-01-28
002415,2024-01-28
002459,2024-01-28
002460,2024-01-28
002466,2024-01-28
002475,2024-01-28
002493,2024-01-28
002555,2024-01-28
002594,2024-01-28
002601,2024-01-28
002603,2024-01-28
002648,2024-01-28
002709,2024-01-28
002714,2024-01-28
002736,2024-01-28
002812,2024-01-28
002821,2024-01-28
002841,2024-01-28
002916,2024-01-28
002920,2024-01-28
002938,2024-01-28
003816,2024-01-28
300014,2024-01-28
300015,2024-01-28
300033,2024-01-28
300059,2024-01-28
300122,2024-01-28
300124,2024-01-28
300142,2024-01-28
300223,2024-01-28
300274,2024-01-28
300308,2024-01-28
300316,2024-01-28
300347,2024-01-28
300408,2024-01-28
300413,2024-01-28
300433,2024-01-28
300450,2024-01-28
300454,2024-01-28
300496,2024-01-28
300498,2024-01-28
300628,2024-01-28
300661,2024-01-28
300750,2024-01-28
300751,2024-01-28
300759,2024-01-28
300760,2024-01-28
300763,2024-01-28
300782,2024-01-28
300896,2024-01-28
300919,2024-01-28
300957,2024-01-28
300979,2024-01-28
300999,2024-01-28
301269,2024-01-28
600000,2024-07-01
600009,2024-07-01
600010,2024-07-01
600011,2024-07-01
600015,2024-07-01
600016,2024-07-01
600018,2024-07-01
600019,2024-07-01
600023,2024-07-01
600025,2024-07-01
600026,2024-07-01
600027,2024-07-01
600028,2024-07-01
600029,2024-07-01
600030,2024-07-01
600031,2024-07-01
600036,2024-07-01
600039,2024-07-01
600048,2024-07-01
600050,2024-07-01
600061,2024-07-01
600085,2024-07-01
600089,2024-07-01
600104,2024-07-01
600111,2024-07-01
600115,2024-07-01
600132,2024-07-01
600150,2024-07-01
600161,2024-07-01
600176,2024-07-01
600183,2024-07-01
600188,2024-07-01
600196,2024-07-01
600219,2024-07-01
600233,2024-07-01
600276,2024-07-01
600309,2024-07-01
600332,2024-07-01
600346,2024-07-01
600362,2024-07-01
600372,2024-07-01
600406,2024-07-01
600415,2024-07-01
600426,2024-07-01
600436,2024-07-01
600438,2024-07-01
600460,2024-07-01
600489,2024-07-01
600515,2024-07-01
600519,2024-07-01
600547,2024-07-01
600570,2024-07-01
600584,2024-07-01
600585,2024-07-01
600588,2024-07-01
600600,2024-07-01
600660,2024-07-01
600674,2024-07-01
600690,2024-07-01
600732,2024-07-01
600741,2024-07-01
600745,2024-07-01
600760,2024-07-01
600795,2024-07-01
600803,2024-07-01
600809,2024-07-01
600837,2024-07-01
600845,2024-07-01
600875,2024-07-01
600886,2024-07-01
600887,2024-07-01
600893,2024-07-01
600900,2024-07-01
600905,2024-07-01
600918,2024-07-01
600919,2024-07-01
600926,2024-07-01
600938,2024-07-01
600941,2024-07-01
600958,2024-07-01
600989,2024-07-01
600999,2024-07-01
601006,2024-07-01
601009,2024-07-01
601012,2024-07-01
601021,2024-07-01
601059,2024-07-01
601066,2024-07-01
601088,2024-07-01
601100,2024-07-01
601111,2024-07-01
601117,2024-07-01
601138,2024-07-01
601166,2024-07-01
601169,2024-07-01
601186,2024-07-01
601211,2024-07-01
601225,2024-07-01
601229,2024-07-01
601236,2024-07-01
601238,2024-07-01
601288,2024-07-01
601318,2024-07-01
601319,2024-07-01
601328,2024-07-01
601336,2024-07-01
601360,2024-07-01
601377,2024-07-01
601390,2024-07-01
601398,2024-07-01
601600,2024-07-01
601601,2024-07-01
601607,2024-07-01
601618,2024-07-01
601628,2024-07-01
601633,2024-07-01
601658,2024-07-01
601668,2024-07-01
601669,2024-07-01
601688,2024-07-01
601689,2024-07-01
601698,2024-07-01
601699,2024-07-01
601728,2024-07-01
601766,2024-07-01
601788,2024-07-01
601799,2024-07-01
601800,2024-07-01
601808,2024-07-01
601816,2024-07-01
601818,2024-07-01
601838,2024-07-01
601857,2024-07-01
601865,2024-07-01
601868,2024-07-01
601872,2024-07-01
601877,2024-07-01
601878,2024-07-01
601881,2024-07-01
601888,2024-07-01
601898,2024-07-01
601899,2024-07-01
601901,2024-07-01
601916,2024-07-01
601919,2024-07-01
601939,2024-07-01
601985,2024-07-01
601988,2024-07-01
601989,2024-07-01
601995,2024-07-01
601998,2024-07-01
603019,2024-07-01
603195,2024-07-01
603259,2024-07-01
603260,2024-07-01
603288,2024-07-01
603296,2024-07-01
603369,2024-07-01
603392,2024-07-01
603501,2024-07-01
603659,2024-07-01
603799,2024-07-01
603806,2024-07-01
603833,2024-07-01
603899,2024-07-01
603986,2024-07-01
603993,2024-07-01
605117,2024-07-01
605499,2024-07-01
688008,2024-07-01
688009,2024-07-01
688012,2024-07-01
688036,2024-07-01
688041,2024-07-01
688082,2024-07-01
688111,2024-07-01
688126,2024-07-01
688187,2024-07-01
688223,2024-07-01
688256,2024-07-01
688271,2024-07-01
688303,2024-07-01
688363,2024-07-01
688396,2024-07-01
688599,2024-07-01
688981,2024-07-01
000001,2024-07-01
000002,2024-07-01
000063,2024-07-01
000100,2024-07-01
000157,2024-07-01
000166,2024-07-01
000301,2024-07-01
000333,2024-07-01
000338,2024-07-01
000408,2024-07-01
000425,2024-07-01
000538,2024-07-01
000568,2024-07-01
000596,2024-07-01
000617,2024-07-01
000625,2024-07-01
000651,2024-07-01
000661,2024-07-01
000708,2024-07-01
000725,2024-07-01
000733,2024-07-01
000768,2024-07-01
000776,2024-07-01
000786,2024-07-01
000792,2024-07-01
000800,2024-07-01
000807,2024-07-01
000858,2024-07-01
000876,2024-07-01
000895,2024-07-01
000938,2024-07-01
000963,2024-07-01
000977,2024-07-01
000983,2024-07-01
000999,2024-07-01
001289,2024-07-01
001965,2024-07-01
001979,2024-07-01
002001,2024-07-01
002007,2024-07-01
002027,2024-07-01
002049,2024-07-01
002050,2024-07-01
002074,2024-07-01
002129,2024-07-01
002142,2024-07-01
002179,2024-07-01
002180,2024-07-01
002230,2024-07-01
002236,2024-07-01
002241,2024-07-01
002252,2024-07-01
002271,2024-07-01
002304,2024-07-01
002311,2024-07-01
002352,2024-07-01
002371,2024-07-01
002410,2024-07-01
002415,2024-07-01
002459,2024-07-01
002460,2024-07-01
002466,2024-07-01
002475,2024-07-01
002493,2024-07-01
002555,2024-07-01
002594,2024-07-01
002601,2024-07-01
002603,2024-07-01
002648,2024-07-01
002709,2024-07-01
002714,2024-07-01
002736,2024-07-01
002812,2024-07-01
002821,2024-07-01
002841,2024-07-01
002916,2024-07-01
002920,2024-07-01
002938,2024-07-01
003816,2024-07-01
300014,2024-07-01
300015,2024-07-01
300033,2024-07-01
300059,2024-07-01
300122,2024-07-01
300124,2024-07-01
300142,2024-07-01
300223,2024-07-01
300274,2024-07-01
300308,2024-07-01
300316,2024-07-01
300347,2024-07-01
300408,2024-07-01
300413,2024-07-01
300418,2024-07-01
300433,2024-07-01
300442,2024-07-01
300450,2024-07-01
300454,2024-07-01
300496,2024-07-01
300498,2024-07-01
300628,2024-07-01
300661,2024-07-01
300750,2024-07-01
300751,2024-07-01
300759,2024-07-01
300760,2024-07-01
300782,2024-07-01
300832,2024-07-01
300896,2024-07-01
300919,2024-07-01
300957,2024-07-01
300979,2024-07-01
300999,2024-07-01
301269,2024-07-01
600000,2024-07-02
600009,2024-07-02
600010,2024-07-02
600011,2024-07-02
600015,2024-07-02
600016,2024-07-02
600018,2024-07-02
600019,2024-07-02
600023,2024-07-02
600025,2024-07-02
600026,2024-07-02
600027,2024-07-02
600028,2024-07-02
600029,2024-07-02
600030,2024-07-02
600031,2024-07-02
600036,2024-07-02
600039,2024-07-02
600048,2024-07-02
600050,2024-07-02
600061,2024-07-02
600085,2024-07-02
600089,2024-07-02
600104,2024-07-02
600111,2024-07-02
600115,2024-07-02
600132,2024-07-02
600150,2024-07-02
600161,2024-07-02
600176,2024-07-02
600183,2024-07-02
600188,2024-07-02
600196,2024-07-02
600219,2024-07-02
600233,2024-07-02
600276,2024-07-02
600309,2024-07-02
600332,2024-07-02
600346,2024-07-02
600362,2024-07-02
600372,2024-07-02
600406,2024-07-02
600415,2024-07-02
600426,2024-07-02
600436,2024-07-02
600438,2024-07-02
600460,2024-07-02
600489,2024-07-02
600515,2024-07-02
600519,2024-07-02
600547,2024-07-02
600570,2024-07-02
600584,2024-07-02
600585,2024-07-02
600588,2024-07-02
600600,2024-07-02
600660,2024-07-02
600674,2024-07-02
600690,2024-07-02
600732,2024-07-02
600741,2024-07-02
600745,2024-07-02
600760,2024-07-02
600795,2024-07-02
600803,2024-07-02
600809,2024-07-02
600837,2024-07-02
600845,2024-07-02
600875,2024-07-02
600886,2024-07-02
600887,2024-07-02
600893,2024-07-02
600900,2024-07-02
600905,2024-07-02
600918,2024-07-02
600919,2024-07-02
600926,2024-07-02
600938,2024-07-02
600941,2024-07-02
600958,2024-07-02
600989,2024-07-02
600999,2024-07-02
601006,2024-07-02
601009,2024-07-02
601012,2024-07-02
601021,2024-07-02
601059,2024-07-02
601066,2024-07-02
601088,2024-07-02
601100,2024-07-02
601111,2024-07-02
601117,2024-07-02
601138,2024-07-02
601166,2024-07-02
601169,2024-07-02
601186,2024-07-02
601211,2024-07-02
601225,2024-07-02
601229,2024-07-02
601236,2024-07-02
601238,2024-07-02
601288,2024-07-02
601318,2024-07-02
601319,2024-07-02
601328,2024-07-02
601336,2024-07-02
601360,2024-07-02
601377,2024-07-02
601390,2024-07-02
601398,2024-07-02
601600,2024-07-02
601601,2024-07-02
601607,2024-07-02
601618,2024-07-02
601628,2024-07-02
601633,2024-07-02
601658,2024-07-02
601668,2024-07-02
601669,2024-07-02
601688,2024-07-02
601689,2024-07-02
601698,2024-07-02
601699,2024-07-02
601728,2024-07-02
601766,2024-07-02
601788,2024-07-02
601799,2024-07-02
601800,2024-07-02
601808,2024-07-02
601816,2024-07-02
601818,2024-07-02
601838,2024-07-02
601857,2024-07-02
601865,2024-07-02
601868,2024-07-02
601872,2024-07-02
601877,2024-07-02
601878,2024-07-02
601881,2024-07-02
601888,2024-07-02
601898,2024-07-02
601899,2024-07-02
601901,2024-07-02
601916,2024-07-02
601919,2024-07-02
601939,2024-07-02
601985,2024-07-02
601988,2024-07-02
601989,2024-07-02
601995,2024-07-02
601998,2024-07-02
603019,2024-07-02
603195,2024-07-02
603259,2024-07-02
603260,2024-07-02
603288,2024-07-02
603296,2024-07-02
603369,2024-07-02
603392,2024-07-02
603501,2024-07-02
603659,2024-07-02
603799,2024-07-02
603806,2024-07-02
603833,2024-07-02
603899,2024-07-02
603986,2024-07-02
603993,2024-07-02
605117,2024-07-02
605499,2024-07-02
688008,2024-07-02
688009,2024-07-02
688012,2024-07-02
688036,2024-07-02
688041,2024-07-02
688082,2024-07-02
688111,2024-07-02
688126,2024-07-02
688187,2024-07-02
688223,2024-07-02
688256,2024-07-02
688271,2024-07-02
688303,2024-07-02
688363,2024-07-02
688396,2024-07-02
688599,2024-07-02
688981,2024-07-02
000001,2024-07-02
000002,2024-07-02
000063,2024-07-02
000100,2024-07-02
000157,2024-07-02
000166,2024-07-02
000301,2024-07-02
000333,2024-07-02
000338,2024-07-02
000408,2024-07-02
000425,2024-07-02
000538,2024-07-02
000568,2024-07-02
000596,2024-07-02
000617,2024-07-02
000625,2024-07-02
000651,2024-07-02
000661,2024-07-02
000708,2024-07-02
000725,2024-07-02
000733,2024-07-02
000768,2024-07-02
000776,2024-07-02
000786,2024-07-02
000792,2024-07-02
000800,2024-07-02
000807,2024-07-02
000858,2024-07-02
000876,2024-07-02
000895,2024-07-02
000938,2024-07-02
000963,2024-07-02
000977,2024-07-02
000983,2024-07-02
000999,2024-07-02
001289,2024-07-02
001965,2024-07-02
001979,2024-07-02
002001,2024-07-02
002007,2024-07-02
002027,2024-07-02
002049,2024-07-02
002050,2024-07-02
002074,2024-07-02
002129,2024-07-02
002142,2024-07-02
002179,2024-07-02
002180,2024-07-02
002230,2024-07-02
002236,2024-07-02
002241,2024-07-02
002252,2024-07-02
002271,2024-07-02
002304,2024-07-02
002311,2024-07-02
002352,2024-07-02
002371,2024-07-02
002410,2024-07-02
002415,2024-07-02
002459,2024-07-02
002460,2024-07-02
002466,2024-07-02
002475,2024-07-02
002493,2024-07-02
002555,2024-07-02
002594,2024-07-02
002601,2024-07-02
002603,2024-07-02
002648,2024-07-02
002709,2024-07-02
002714,2024-07-02
002736,2024-07-02
002812,2024-07-02
002821,2024-07-02
002841,2024-07-02
002916,2024-07-02
002920,2024-07-02
002938,2024-07-02
003816,2024-07-02
300014,2024-07-02
300015,2024-07-02
300033,2024-07-02
300059,2024-07-02
300122,2024-07-02
300124,2024-07-02
300142,2024-07-02
300223,2024-07-02
300274,2024-07-02
300308,2024-07-02
300316,2024-07-02
300347,2024-07-02
300408,2024-07-02
300413,2024-07-02
300418,2024-07-02
300433,2024-07-02
300442,2024-07-02
300450,2024-07-02
300454,2024-07-02
300496,2024-07-02
300498,2024-07-02
300628,2024-07-02
300661,2024-07-02
300750,2024-07-02
300751,2024-07-02
300759,2024-07-02
300760,2024-07-02
300782,2024-07-02
300832,2024-07-02
300896,2024-07-02
300919,2024-07-02
300957,2024-07-02
300979,2024-07-02
300999,2024-07-02
301269,2024-07-02
600000,2024-07-03
600009,2024-07-03
600010,2024-07-03
600011,2024-07-03
600015,2024-07-03
600016,2024-07-03
600018,2024-07-03
600019,2024-07-03
600023,2024-07-03
600025,2024-07-03
600026,2024-07-03
600027,2024-07-03
600028,2024-07-03
600029,2024-07-03
600030,2024-07-03
600031,2024-07-03
600036,2024-07-03
600039,2024-07-03
600048,2024-07-03
600050,2024-07-03
600061,2024-07-03
600085,2024-07-03
600089,2024-07-03
600104,2024-07-03
600111,2024-07-03
600115,2024-07-03
600132,2024-07-03
600150,2024-07-03
600161,2024-07-03
600176,2024-07-03
600183,2024-07-03
600188,2024-07-03
600196,2024-07-03
600219,2024-07-03
600233,2024-07-03
600276,2024-07-03
600309,2024-07-03
600332,2024-07-03
600346,2024-07-03
600362,2024-07-03
600372,2024-07-03
600406,2024-07-03
600415,2024-07-03
600426,2024-07-03
600436,2024-07-03
600438,2024-07-03
600460,2024-07-03
600489,2024-07-03
600515,2024-07-03
600519,2024-07-03
600547,2024-07-03
600570,2024-07-03
600584,2024-07-03
600585,2024-07-03
600588,2024-07-03
600600,2024-07-03
600660,2024-07-03
600674,2024-07-03
600690,2024-07-03
600732,2024-07-03
600741,2024-07-03
600745,2024-07-03
600760,2024-07-03
600795,2024-07-03
600803,2024-07-03
600809,2024-07-03
600837,2024-07-03
600845,2024-07-03
600875,2024-07-03
600886,2024-07-03
600887,2024-07-03
600893,2024-07-03
600900,2024-07-03
600905,2024-07-03
600918,2024-07-03
600919,2024-07-03
600926,2024-07-03
600938,2024-07-03
600941,2024-07-03
600958,2024-07-03
600989,2024-07-03
600999,2024-07-03
601006,2024-07-03
601009,2024-07-03
601012,2024-07-03
601021,2024-07-03
601059,2024-07-03
601066,2024-07-03
601088,2024-07-03
601100,2024-07-03
601111,2024-07-03
601117,2024-07-03
601138,2024-07-03
601166,2024-07-03
601169,2024-07-03
601186,2024-07-03
601211,2024-07-03
601225,2024-07-03
601229,2024-07-03
601236,2024-07-03
601238,2024-07-03
601288,2024-07-03
601318,2024-07-03
601319,2024-07-03
601328,2024-07-03
601336,2024-07-03
601360,2024-07-03
601377,2024-07-03
601390,2024-07-03
601398,2024-07-03
601600,2024-07-03
601601,2024-07-03
601607,2024-07-03
601618,2024-07-03
601628,2024-07-03
601633,2024-07-03
601658,2024-07-03
601668,2024-07-03
601669,2024-07-03
601688,2024-07-03
601689,2024-07-03
601698,2024-07-03
601699,2024-07-03
601728,2024-07-03
601766,2024-07-03
601788,2024-07-03
601799,2024-07-03
601800,2024-07-03
601808,2024-07-03
601816,2024-07-03
601818,2024-07-03
601838,2024-07-03
601857,2024-07-03
601865,2024-07-03
601868,2024-07-03
601872,2024-07-03
601877,2024-07-03
601878,2024-07-03
601881,2024-07-03
601888,2024-07-03
601898,2024-07-03
601899,2024-07-03
601901,2024-07-03
601916,2024-07-03
601919,2024-07-03
601939,2024-07-03
601985,2024-07-03
601988,2024-07-03
601989,2024-07-03
601995,2024-07-03
601998,2024-07-03
603019,2024-07-03
603195,2024-07-03
603259,2024-07-03
603260,2024-07-03
603288,2024-07-03
603296,2024-07-03
603369,2024-07-03
603392,2024-07-03
603501,2024-07-03
603659,2024-07-03
603799,2024-07-03
603806,2024-07-03
603833,2024-07-03
603899,2024-07-03
603986,2024-07-03
603993,2024-07-03
605117,2024-07-03
605499,2024-07-03
688008,2024-07-03
688009,2024-07-03
688012,2024-07-03
688036,2024-07-03
688041,2024-07-03
688082,2024-07-03
688111,2024-07-03
688126,2024-07-03
688187,2024-07-03
688223,2024-07-03
688256,2024-07-03
688271,2024-07-03
688303,2024-07-03
688363,2024-07-03
688396,2024-07-03
688599,2024-07-03
688981,2024-07-03
000001,2024-07-03
000002,2024-07-03
000063,2024-07-03
000100,2024-07-03
000157,2024-07-03
000166,2024-07-03
000301,2024-07-03
000333,2024-07-03
000338,2024-07-03
000408,2024-07-03
000425,2024-07-03
000538,2024-07-03
000568,2024-07-03
000596,2024-07-03
000617,2024-07-03
000625,2024-07-03
000651,2024-07-03
000661,2024-07-03
000708,2024-07-03
000725,2024-07-03
000733,2024-07-03
000768,2024-07-03
000776,2024-07-03
000786,2024-07-03
000792,2024-07-03
000800,2024-07-03
000807,2024-07-03
000858,2024-07-03
000876,2024-07-03
000895,2024-07-03
000938,2024-07-03
000963,2024-07-03
000977,2024-07-03
000983,2024-07-03
000999,2024-07-03
001289,2024-07-03
001965,2024-07-03
001979,2024-07-03
002001,2024-07-03
002007,2024-07-03
002027,2024-07-03
002049,2024-07-03
002050,2024-07-03
002074,2024-07-03
002129,2024-07-03
002142,2024-07-03
002179,2024-07-03
002180,2024-07-03
002230,2024-07-03
002236,2024-07-03
002241,2024-07-03
002252,2024-07-03
002271,2024-07-03
002304,2024-07-03
002311,2024-07-03
002352,2024-07-03
002371,2024-07-03
002410,2024-07-03
002415,2024-07-03
002459,2024-07-03
002460,2024-07-03
002466,2024-07-03
002475,2024-07-03
002493,2024-07-03
002555,2024-07-03
002594,2024-07-03
002601,2024-07-03
002603,2024-07-03
002648,2024-07-03
002709,2024-07-03
002714,2024-07-03
002736,2024-07-03
002812,2024-07-03
002821,2024-07-03
002841,2024-07-03
002916,2024-07-03
002920,2024-07-03
002938,2024-07-03
003816,2024-07-03
300014,2024-07-03
300015,2024-07-03
300033,2024-07-03
300059,2024-07-03
300122,2024-07-03
300124,2024-07-03
300142,2024-07-03
300223,2024-07-03
300274,2024-07-03
300308,2024-07-03
300316,2024-07-03
300347,2024-07-03
300408,2024-07-03
300413,2024-07-03
300418,2024-07-03
300433,2024-07-03
300442,2024-07-03
300450,2024-07-03
300454,2024-07-03
300496,2024-07-03
300498,2024-07-03
300628,2024-07-03
300661,2024-07-03
300750,2024-07-03
300751,2024-07-03
300759,2024-07-03
300760,2024-07-03
300782,2024-07-03
300832,2024-07-03
300896,2024-07-03
300919,2024-07-03
300957,2024-07-03
300979,2024-07-03
300999,2024-07-03
301269,2024-07-03
600000,2024-07-28
600009,2024-07-28
600010,2024-07-28
600011,2024-07-28
600015,2024-07-28
600016,2024-07-28
600018,2024-07-28
600019,2024-07-28
600023,2024-07-28
600025,2024-07-28
600026,2024-07-28
600027,2024-07-28
600028,2024-07-28
600029,2024-07-28
600030,2024-07-28
600031,2024-07-28
600036,2024-07-28
600039,2024-07-28
600048,2024-07-28
600050,2024-07-28
600061,2024-07-28
600085,2024-07-28
600089,2024-07-28
600104,2024-07-28
600111,2024-07-28
600115,2024-07-28
600132,2024-07-28
600150,2024-07-28
600161,2024-07-28
600176,2024-07-28
600183,2024-07-28
600188,2024-07-28
600196,2024-07-28
600219,2024-07-28
600233,2024-07-28
600276,2024-07-28
600309,2024-07-28
600332,2024-07-28
600346,2024-07-28
600362,2024-07-28
600372,2024-07-28
600406,2024-07-28
600415,2024-07-28
600426,2024-07-28
600436,2024-07-28
600438,2024-07-28
600460,2024-07-28
600489,2024-07-28
600515,2024-07-28
600519,2024-07-28
600547,2024-07-28
600570,2024-07-28
600584,2024-07-28
600585,2024-07-28
600588,2024-07-28
600600,2024-07-28
600660,2024-07-28
600674,2024-07-28
600690,2024-07-28
600732,2024-07-28
600741,2024-07-28
600745,2024-07-28
600760,2024-07-28
600795,2024-07-28
600803,2024-07-28
600809,2024-07-28
600837,2024-07-28
600845,2024-07-28
600875,2024-07-28
600886,2024-07-28
600887,2024-07-28
600893,2024-07-28
600900,2024-07-28
600905,2024-07-28
600918,2024-07-28
600919,2024-07-28
600926,2024-07-28
600938,2024-07-28
600941,2024-07-28
600958,2024-07-28
600989,2024-07-28
600999,2024-07-28
601006,2024-07-28
601009,2024-07-28
601012,2024-07-28
601021,2024-07-28
601059,2024-07-28
601066,2024-07-28
601088,2024-07-28
601100,2024-07-28
601111,2024-07-28
601117,2024-07-28
601138,2024-07-28
601166,2024-07-28
601169,2024-07-28
601186,2024-07-28
601211,2024-07-28
601225,2024-07-28
601229,2024-07-28
601236,2024-07-28
601238,2024-07-28
601288,2024-07-28
601318,2024-07-28
601319,2024-07-28
601328,2024-07-28
601336,2024-07-28
601360,2024-07-28
601377,2024-07-28
601390,2024-07-28
601398,2024-07-28
601600,2024-07-28
601601,2024-07-28
601607,2024-07-28
601618,2024-07-28
601628,2024-07-28
601633,2024-07-28
601658,2024-07-28
601668,2024-07-28
601669,2024-07-28
601688,2024-07-28
601689,2024-07-28
601698,2024-07-28
601699,2024-07-28
601728,2024-07-28
601766,2024-07-28
601788,2024-07-28
601799,2024-07-28
601800,2024-07-28
601808,2024-07-28
601816,2024-07-28
601818,2024-07-28
601838,2024-07-28
601857,2024-07-28
601865,2024-07-28
601868,2024-07-28
601872,2024-07-28
601877,2024-07-28
601878,2024-07-28
601881,2024-07-28
601888,2024-07-28
601898,2024-07-28
601899,2024-07-28
601901,2024-07-28
601916,2024-07-28
601919,2024-07-28
601939,2024-07-28
601985,2024-07-28
601988,2024-07-28
601989,2024-07-28
601995,2024-07-28
601998,2024-07-28
603019,2024-07-28
603195,2024-07-28
603259,2024-07-28
603260,2024-07-28
603288,2024-07-28
603296,2024-07-28
603369,2024-07-28
603392,2024-07-28
603501,2024-07-28
603659,2024-07-28
603799,2024-07-28
603806,2024-07-28
603833,2024-07-28
603899,2024-07-28
603986,2024-07-28
603993,2024-07-28
605117,2024-07-28
605499,2024-07-28
688008,2024-07-28
688009,2024-07-28
688012,2024-07-28
688036,2024-07-28
688041,2024-07-28
688082,2024-07-28
688111,2024-07-28
688126,2024-07-28
688187,2024-07-28
688223,2024-07-28
688256,2024-07-28
688271,2024-07-28
688303,2024-07-28
688363,2024-07-28
688396,2024-07-28
688599,2024-07-28
688981,2024-07-28
000001,2024-07-28
000002,2024-07-28
000063,2024-07-28
000100,2024-07-28
000157,2024-07-28
000166,2024-07-28
000301,2024-07-28
000333,2024-07-28
000338,2024-07-28
000408,2024-07-28
000425,2024-07-28
000538,2024-07-28
000568,2024-07-28
000596,2024-07-28
000617,2024-07-28
000625,2024-07-28
000651,2024-07-28
000661,2024-07-28
000708,2024-07-28
000725,2024-07-28
000733,2024-07-28
000768,2024-07-28
000776,2024-07-28
000786,2024-07-28
000792,2024-07-28
000800,2024-07-28
000807,2024-07-28
000858,2024-07-28
000876,2024-07-28
000895,2024-07-28
000938,2024-07-28
000963,2024-07-28
000977,2024-07-28
000983,2024-07-28
000999,2024-07-28
001289,2024-07-28
001965,2024-07-28
001979,2024-07-28
002001,2024-07-28
002007,2024-07-28
002027,2024-07-28
002049,2024-07-28
002050,2024-07-28
002074,2024-07-28
002129,2024-07-28
002142,2024-07-28
002179,2024-07-28
002180,2024-07-28
002230,2024-07-28
002236,2024-07-28
002241,2024-07-28
002252,2024-07-28
002271,2024-07-28
002304,2024-07-28
002311,2024-07-28
002352,2024-07-28
002371,2024-07-28
002410,2024-07-28
002415,2024-07-28
002459,2024-07-28
002460,2024-07-28
002466,2024-07-28
002475,2024-07-28
002493,2024-07-28
002555,2024-07-28
002594,2024-07-28
002601,2024-07-28
002603,2024-07-28
002648,2024-07-28
002709,2024-07-28
002714,2024-07-28
002736,2024-07-28
002812,2024-07-28
002821,2024-07-28
002841,2024-07-28
002916,2024-07-28
002920,2024-07-28
002938,2024-07-28
003816,2024-07-28
300014,2024-07-28
300015,2024-07-28
300033,2024-07-28
300059,2024-07-28
300122,2024-07-28
300124,2024-07-28
300142,2024-07-28
300223,2024-07-28
300274,2024-07-28
300308,2024-07-28
300316,2024-07-28
300347,2024-07-28
300408,2024-07-28
300413,2024-07-28
300418,2024-07-28
300433,2024-07-28
300442,2024-07-28
300450,2024-07-28
300454,2024-07-28
300496,2024-07-28
300498,2024-07-28
300628,2024-07-28
300661,2024-07-28
300750,2024-07-28
300751,2024-07-28
300759,2024-07-28
300760,2024-07-28
300782,2024-07-28
300832,2024-07-28
300896,2024-07-28
300919,2024-07-28
300957,2024-07-28
300979,2024-07-28
300999,2024-07-28
301269,2024-07-28
600000,2024-12-01
600009,2024-12-01
600010,2024-12-01
600011,2024-12-01
600015,2024-12-01
600016,2024-12-01
600018,2024-12-01
600019,2024-12-01
600023,2024-12-01
600025,2024-12-01
600026,2024-12-01
600027,2024-12-01
600028,2024-12-01
600029,2024-12-01
600030,2024-12-01
600031,2024-12-01
600036,2024-12-01
600039,2024-12-01
600048,2024-12-01
600050,2024-12-01
600061,2024-12-01
600085,2024-12-01
600089,2024-12-01
600104,2024-12-01
600111,2024-12-01
600115,2024-12-01
600132,2024-12-01
600150,2024-12-01
600161,2024-12-01
600176,2024-12-01
600183,2024-12-01
600188,2024-12-01
600196,2024-12-01
600219,2024-12-01
600233,2024-12-01
600276,2024-12-01
600309,2024-12-01
600332,2024-12-01
600346,2024-12-01
600362,2024-12-01
600372,2024-12-01
600406,2024-12-01
600415,2024-12-01
600426,2024-12-01
600436,2024-12-01
600438,2024-12-01
600460,2024-12-01
600489,2024-12-01
600515,2024-12-01
600519,2024-12-01
600547,2024-12-01
600570,2024-12-01
600584,2024-12-01
600585,2024-12-01
600588,2024-12-01
600600,2024-12-01
600660,2024-12-01
600674,2024-12-01
600690,2024-12-01
600732,2024-12-01
600741,2024-12-01
600745,2024-12-01
600760,2024-12-01
600795,2024-12-01
600803,2024-12-01
600809,2024-12-01
600837,2024-12-01
600845,2024-12-01
600875,2024-12-01
600886,2024-12-01
600887,2024-12-01
600893,2024-12-01
600900,2024-12-01
600905,2024-12-01
600918,2024-12-01
600919,2024-12-01
600926,2024-12-01
600938,2024-12-01
600941,2024-12-01
600958,2024-12-01
600989,2024-12-01
600999,2024-12-01
601006,2024-12-01
601009,2024-12-01
601012,2024-12-01
601021,2024-12-01
601059,2024-12-01
601066,2024-12-01
601088,2024-12-01
601100,2024-12-01
601111,2024-12-01
601117,2024-12-01
601138,2024-12-01
601166,2024-12-01
601169,2024-12-01
601186,2024-12-01
601211,2024-12-01
601225,2024-12-01
601229,2024-12-01
601236,2024-12-01
601238,2024-12-01
601288,2024-12-01
601318,2024-12-01
601319,2024-12-01
601328,2024-12-01
601336,2024-12-01
601360,2024-12-01
601377,2024-12-01
601390,2024-12-01
601398,2024-12-01
601600,2024-12-01
601601,2024-12-01
601607,2024-12-01
601618,2024-12-01
601628,2024-12-01
601633,2024-12-01
601658,2024-12-01
601668,2024-12-01
601669,2024-12-01
601688,2024-12-01
601689,2024-12-01
601698,2024-12-01
601699,2024-12-01
601728,2024-12-01
601766,2024-12-01
601788,2024-12-01
601799,2024-12-01
601800,2024-12-01
601808,2024-12-01
601816,2024-12-01
601818,2024-12-01
601838,2024-12-01
601857,2024-12-01
601865,2024-12-01
601868,2024-12-01
601872,2024-12-01
601877,2024-12-01
601878,2024-12-01
601881,2024-12-01
601888,2024-12-01
601898,2024-12-01
601899,2024-12-01
601901,2024-12-01
601916,2024-12-01
601919,2024-12-01
601939,2024-12-01
601985,2024-12-01
601988,2024-12-01
601989,2024-12-01
601995,2024-12-01
601998,2024-12-01
603019,2024-12-01
603195,2024-12-01
603259,2024-12-01
603260,2024-12-01
603288,2024-12-01
603296,2024-12-01
603369,2024-12-01
603392,2024-12-01
603501,2024-12-01
603659,2024-12-01
603799,2024-12-01
603806,2024-12-01
603833,2024-12-01
603899,2024-12-01
603986,2024-12-01
603993,2024-12-01
605117,2024-12-01
605499,2024-12-01
688008,2024-12-01
688009,2024-12-01
688012,2024-12-01
688036,2024-12-01
688041,2024-12-01
688082,2024-12-01
688111,2024-12-01
688126,2024-12-01
688187,2024-12-01
688223,2024-12-01
688256,2024-12-01
688271,2024-12-01
688303,2024-12-01
688363,2024-12-01
688396,2024-12-01
688599,2024-12-01
688981,2024-12-01
000001,2024-12-01
000002,2024-12-01
000063,2024-12-01
000100,2024-12-01
000157,2024-12-01
000166,2024-12-01
000301,2024-12-01
000333,2024-12-01
000338,2024-12-01
000408,2024-12-01
000425,2024-12-01
000538,2024-12-01
000568,2024-12-01
000596,2024-12-01
000617,2024-12-01
000625,2024-12-01
000651,2024-12-01
000661,2024-12-01
000708,2024-12-01
000725,2024-12-01
000733,2024-12-01
000768,2024-12-01
000776,2024-12-01
000786,2024-12-01
000792,2024-12-01
000800,2024-12-01
000807,2024-12-01
000858,2024-12-01
000876,2024-12-01
000895,2024-12-01
000938,2024-12-01
000963,2024-12-01
000977,2024-12-01
000983,2024-12-01
000999,2024-12-01
001289,2024-12-01
001965,2024-12-01
001979,2024-12-01
002001,2024-12-01
002007,2024-12-01
002027,2024-12-01
002049,2024-12-01
002050,2024-12-01
002074,2024-12-01
002129,2024-12-01
002142,2024-12-01
002179,2024-12-01
002180,2024-12-01
002230,2024-12-01
002236,2024-12-01
002241,2024-12-01
002252,2024-12-01
002271,2024-12-01
002304,2024-12-01
002311,2024-12-01
002352,2024-12-01
002371,2024-12-01
002410,2024-12-01
002415,2024-12-01
002459,2024-12-01
002460,2024-12-01
002466,2024-12-01
002475,2024-12-01
002493,2024-12-01
002555,2024-12-01
002594,2024-12-01
002601,2024-12-01
002603,2024-12-01
002648,2024-12-01
002709,2024-12-01
002714,2024-12-01
002736,2024-12-01
002812,2024-12-01
002821,2024-12-01
002841,2024-12-01
002916,2024-12-01
002920,2024-12-01
002938,2024-12-01
003816,2024-12-01
300014,2024-12-01
300015,2024-12-01
300033,2024-12-01
300059,2024-12-01
300122,2024-12-01
300124,2024-12-01
300142,2024-12-01
300223,2024-12-01
300274,2024-12-01
300308,2024-12-01
300316,2024-12-01
300347,2024-12-01
300408,2024-12-01
300413,2024-12-01
300418,2024-12-01
300433,2024-12-01
300442,2024-12-01
300450,2024-12-01
300454,2024-12-01
300496,2024-12-01
300498,2024-12-01
300628,2024-12-01
300661,2024-12-01
300750,2024-12-01
300751,2024-12-01
300759,2024-12-01
300760,2024-12-01
300782,2024-12-01
300832,2024-12-01
300896,2024-12-01
300919,2024-12-01
300957,2024-12-01
300979,2024-12-01
300999,2024-12-01
301269,2024-12-01
600000,2024-12-02
600009,2024-12-02
600010,2024-12-02
600011,2024-12-02
600015,2024-12-02
600016,2024-12-02
600018,2024-12-02
600019,2024-12-02
600023,2024-12-02
600025,2024-12-02
600026,2024-12-02
600027,2024-12-02
600028,2024-12-02
600029,2024-12-02
600030,2024-12-02
600031,2024-12-02
600036,2024-12-02
600039,2024-12-02
600048,2024-12-02
600050,2024-12-02
600061,2024-12-02
600085,2024-12-02
600089,2024-12-02
600104,2024-12-02
600111,2024-12-02
600115,2024-12-02
600132,2024-12-02
600150,2024-12-02
600161,2024-12-02
600176,2024-12-02
600183,2024-12-02
600188,2024-12-02
600196,2024-12-02
600219,2024-12-02
600233,2024-12-02
600276,2024-12-02
600309,2024-12-02
600332,2024-12-02
600346,2024-12-02
600362,2024-12-02
600372,2024-12-02
600406,2024-12-02
600415,2024-12-02
600426,2024-12-02
600436,2024-12-02
600438,2024-12-02
600460,2024-12-02
600489,2024-12-02
600515,2024-12-02
600519,2024-12-02
600547,2024-12-02
600570,2024-12-02
600584,2024-12-02
600585,2024-12-02
600588,2024-12-02
600600,2024-12-02
600660,2024-12-02
600674,2024-12-02
600690,2024-12-02
600732,2024-12-02
600741,2024-12-02
600745,2024-12-02
600760,2024-12-02
600795,2024-12-02
600803,2024-12-02
600809,2024-12-02
600837,2024-12-02
600845,2024-12-02
600875,2024-12-02
600886,2024-12-02
600887,2024-12-02
600893,2024-12-02
600900,2024-12-02
600905,2024-12-02
600918,2024-12-02
600919,2024-12-02
600926,2024-12-02
600938,2024-12-02
600941,2024-12-02
600958,2024-12-02
600989,2024-12-02
600999,2024-12-02
601006,2024-12-02
601009,2024-12-02
601012,2024-12-02
601021,2024-12-02
601059,2024-12-02
601066,2024-12-02
601088,2024-12-02
601100,2024-12-02
601111,2024-12-02
601117,2024-12-02
601138,2024-12-02
601166,2024-12-02
601169,2024-12-02
601186,2024-12-02
601211,2024-12-02
601225,2024-12-02
601229,2024-12-02
601236,2024-12-02
601238,2024-12-02
601288,2024-12-02
601318,2024-12-02
601319,2024-12-02
601328,2024-12-02
601336,2024-12-02
601360,2024-12-02
601377,2024-12-02
601390,2024-12-02
601398,2024-12-02
601600,2024-12-02
601601,2024-12-02
601607,2024-12-02
601618,2024-12-02
601628,2024-12-02
601633,2024-12-02
601658,2024-12-02
601668,2024-12-02
601669,2024-12-02
601688,2024-12-02
601689,2024-12-02
601698,2024-12-02
601699,2024-12-02
601728,2024-12-02
601766,2024-12-02
601788,2024-12-02
601799,2024-12-02
601800,2024-12-02
601808,2024-12-02
601816,2024-12-02
601818,2024-12-02
601838,2024-12-02
601857,2024-12-02
601865,2024-12-02
601868,2024-12-02
601872,2024-12-02
601877,2024-12-02
601878,2024-12-02
601881,2024-12-02
601888,2024-12-02
601898,2024-12-02
601899,2024-12-02
601901,2024-12-02
601916,2024-12-02
601919,2024-12-02
601939,2024-12-02
601985,2024-12-02
601988,2024-12-02
601989,2024-12-02
601995,2024-12-02
601998,2024-12-02
603019,2024-12-02
603195,2024-12-02
603259,2024-12-02
603260,2024-12-02
603288,2024-12-02
603296,2024-12-02
603369,2024-12-02
603392,2024-12-02
603501,2024-12-02
603659,2024-12-02
603799,2024-12-02
603806,2024-12-02
603833,2024-12-02
603899,2024-12-02
603986,2024-12-02
603993,2024-12-02
605117,2024-12-02
605499,2024-12-02
688008,2024-12-02
688009,2024-12-02
688012,2024-12-02
688036,2024-12-02
688041,2024-12-02
688082,2024-12-02
688111,2024-12-02
688126,2024-12-02
688187,2024-12-02
688223,2024-12-02
688256,2024-12-02
688271,2024-12-02
688303,2024-12-02
688363,2024-12-02
688396,2024-12-02
688599,2024-12-02
688981,2024-12-02
000001,2024-12-02
000002,2024-12-02
000063,2024-12-02
000100,2024-12-02
000157,2024-12-02
000166,2024-12-02
000301,2024-12-02
000333,2024-12-02
000338,2024-12-02
000408,2024-12-02
000425,2024-12-02
000538,2024-12-02
000568,2024-12-02
000596,2024-12-02
000617,2024-12-02
000625,2024-12-02
000651,2024-12-02
000661,2024-12-02
000708,2024-12-02
000725,2024-12-02
000733,2024-12-02
000768,2024-12-02
000776,2024-12-02
000786,2024-12-02
000792,2024-12-02
000800,2024-12-02
000807,2024-12-02
000858,2024-12-02
000876,2024-12-02
000895,2024-12-02
000938,2024-12-02
000963,2024-12-02
000977,2024-12-02
000983,2024-12-02
000999,2024-12-02
001289,2024-12-02
001965,2024-12-02
001979,2024-12-02
002001,2024-12-02
002007,2024-12-02
002027,2024-12-02
002049,2024-12-02
002050,2024-12-02
002074,2024-12-02
002129,2024-12-02
002142,2024-12-02
002179,2024-12-02
002180,2024-12-02
002230,2024-12-02
002236,2024-12-02
002241,2024-12-02
002252,2024-12-02
002271,2024-12-02
002304,2024-12-02
002311,2024-12-02
002352,2024-12-02
002371,2024-12-02
002410,2024-12-02
002415,2024-12-02
002459,2024-12-02
002460,2024-12-02
002466,2024-12-02
002475,2024-12-02
002493,2024-12-02
002555,2024-12-02
002594,2024-12-02
002601,2024-12-02
002603,2024-12-02
002648,2024-12-02
002709,2024-12-02
002714,2024-12-02
002736,2024-12-02
002812,2024-12-02
002821,2024-12-02
002841,2024-12-02
002916,2024-12-02
002920,2024-12-02
002938,2024-12-02
003816,2024-12-02
300014,2024-12-02
300015,2024-12-02
300033,2024-12-02
300059,2024-12-02
300122,2024-12-02
300124,2024-12-02
300142,2024-12-02
300223,2024-12-02
300274,2024-12-02
300308,2024-12-02
300316,2024-12-02
300347,2024-12-02
300408,2024-12-02
300413,2024-12-02
300418,2024-12-02
300433,2024-12-02
300442,2024-12-02
300450,2024-12-02
300454,2024-12-02
300496,2024-12-02
300498,2024-12-02
300628,2024-12-02
300661,2024-12-02
300750,2024-12-02
300751,2024-12-02
300759,2024-12-02
300760,2024-12-02
300782,2024-12-02
300832,2024-12-02
300896,2024-12-02
300919,2024-12-02
300957,2024-12-02
300979,2024-12-02
300999,2024-12-02
301269,2024-12-02
600000,2024-12-03
600009,2024-12-03
600010,2024-12-03
600011,2024-12-03
600015,2024-12-03
600016,2024-12-03
600018,2024-12-03
600019,2024-12-03
600023,2024-12-03
600025,2024-12-03
600026,2024-12-03
600027,2024-12-03
600028,2024-12-03
600029,2024-12-03
600030,2024-12-03
600031,2024-12-03
600036,2024-12-03
600039,2024-12-03
600048,2024-12-03
600050,2024-12-03
600061,2024-12-03
600085,2024-12-03
600089,2024-12-03
600104,2024-12-03
600111,2024-12-03
600115,2024-12-03
600132,2024-12-03
600150,2024-12-03
600161,2024-12-03
600176,2024-12-03
600183,2024-12-03
600188,2024-12-03
600196,2024-12-03
600219,2024-12-03
600233,2024-12-03
600276,2024-12-03
600309,2024-12-03
600332,2024-12-03
600346,2024-12-03
600362,2024-12-03
600372,2024-12-03
600406,2024-12-03
600415,2024-12-03
600426,2024-12-03
600436,2024-12-03
600438,2024-12-03
600460,2024-12-03
600489,2024-12-03
600515,2024-12-03
600519,2024-12-03
600547,2024-12-03
600570,2024-12-03
600584,2024-12-03
600585,2024-12-03
600588,2024-12-03
600600,2024-12-03
600660,2024-12-03
600674,2024-12-03
600690,2024-12-03
600732,2024-12-03
600741,2024-12-03
600745,2024-12-03
600760,2024-12-03
600795,2024-12-03
600803,2024-12-03
600809,2024-12-03
600837,2024-12-03
600845,2024-12-03
600875,2024-12-03
600886,2024-12-03
600887,2024-12-03
600893,2024-12-03
600900,2024-12-03
600905,2024-12-03
600918,2024-12-03
600919,2024-12-03
600926,2024-12-03
600938,2024-12-03
600941,2024-12-03
600958,2024-12-03
600989,2024-12-03
600999,2024-12-03
601006,2024-12-03
601009,2024-12-03
601012,2024-12-03
601021,2024-12-03
601059,2024-12-03
601066,2024-12-03
601088,2024-12-03
601100,2024-12-03
601111,2024-12-03
601117,2024-12-03
601138,2024-12-03
601166,2024-12-03
601169,2024-12-03
601186,2024-12-03
601211,2024-12-03
601225,2024-12-03
601229,2024-12-03
601236,2024-12-03
601238,2024-12-03
601288,2024-12-03
601318,2024-12-03
601319,2024-12-03
601328,2024-12-03
601336,2024-12-03
601360,2024-12-03
601377,2024-12-03
601390,2024-12-03
601398,2024-12-03
601600,2024-12-03
601601,2024-12-03
601607,2024-12-03
601618,2024-12-03
601628,2024-12-03
601633,2024-12-03
601658,2024-12-03
601668,2024-12-03
601669,2024-12-03
601688,2024-12-03
601689,2024-12-03
601698,2024-12-03
601699,2024-12-03
601728,2024-12-03
601766,2024-12-03
601788,2024-12-03
601799,2024-12-03
601800,2024-12-03
601808,2024-12-03
601816,2024-12-03
601818,2024-12-03
601838,2024-12-03
601857,2024-12-03
601865,2024-12-03
601868,2024-12-03
601872,2024-12-03
601877,2024-12-03
601878,2024-12-03
601881,2024-12-03
601888,2024-12-03
601898,2024-12-03
601899,2024-12-03
601901,2024-12-03
601916,2024-12-03
601919,2024-12-03
601939,2024-12-03
601985,2024-12-03
601988,2024-12-03
601989,2024-12-03
601995,2024-12-03
601998,2024-12-03
603019,2024-12-03
603195,2024-12-03
603259,2024-12-03
603260,2024-12-03
603288,2024-12-03
603296,2024-12-03
603369,2024-12-03
603392,2024-12-03
603501,2024-12-03
603659,2024-12-03
603799,2024-12-03
603806,2024-12-03
603833,2024-12-03
603899,2024-12-03
603986,2024-12-03
603993,2024-12-03
605117,2024-12-03
605499,2024-12-03
688008,2024-12-03
688009,2024-12-03
688012,2024-12-03
688036,2024-12-03
688041,2024-12-03
688082,2024-12-03
688111,2024-12-03
688126,2024-12-03
688187,2024-12-03
688223,2024-12-03
688256,2024-12-03
688271,2024-12-03
688303,2024-12-03
688363,2024-12-03
688396,2024-12-03
688599,2024-12-03
688981,2024-12-03
000001,2024-12-03
000002,2024-12-03
000063,2024-12-03
000100,2024-12-03
000157,2024-12-03
000166,2024-12-03
000301,2024-12-03
000333,2024-12-03
000338,2024-12-03
000408,2024-12-03
000425,2024-12-03
000538,2024-12-03
000568,2024-12-03
000596,2024-12-03
000617,2024-12-03
000625,2024-12-03
000651,2024-12-03
000661,2024-12-03
000708,2024-12-03
000725,2024-12-03
000733,2024-12-03
000768,2024-12-03
000776,2024-12-03
000786,2024-12-03
000792,2024-12-03
000800,2024-12-03
000807,2024-12-03
000858,2024-12-03
000876,2024-12-03
000895,2024-12-03
000938,2024-12-03
000963,2024-12-03
000977,2024-12-03
000983,2024-12-03
000999,2024-12-03
001289,2024-12-03
001965,2024-12-03
001979,2024-12-03
002001,2024-12-03
002007,2024-12-03
002027,2024-12-03
002049,2024-12-03
002050,2024-12-03
002074,2024-12-03
002129,2024-12-03
002142,2024-12-03
002179,2024-12-03
002180,2024-12-03
002230,2024-12-03
002236,2024-12-03
002241,2024-12-03
002252,2024-12-03
002271,2024-12-03
002304,2024-12-03
002311,2024-12-03
002352,2024-12-03
002371,2024-12-03
002410,2024-12-03
002415,2024-12-03
002459,2024-12-03
002460,2024-12-03
002466,2024-12-03
002475,2024-12-03
002493,2024-12-03
002555,2024-12-03
002594,2024-12-03
002601,2024-12-03
002603,2024-12-03
002648,2024-12-03
002709,2024-12-03
002714,2024-12-03
002736,2024-12-03
002812,2024-12-03
002821,2024-12-03
002841,2024-12-03
002916,2024-12-03
002920,2024-12-03
002938,2024-12-03
003816,2024-12-03
300014,2024-12-03
300015,2024-12-03
300033,2024-12-03
300059,2024-12-03
300122,2024-12-03
300124,2024-12-03
300142,2024-12-03
300223,2024-12-03
300274,2024-12-03
300308,2024-12-03
300316,2024-12-03
300347,2024-12-03
300408,2024-12-03
300413,2024-12-03
300418,2024-12-03
300433,2024-12-03
300442,2024-12-03
300450,2024-12-03
300454,2024-12-03
300496,2024-12-03
300498,2024-12-03
300628,2024-12-03
300661,2024-12-03
300750,2024-12-03
300751,2024-12-03
300759,2024-12-03
300760,2024-12-03
300782,2024-12-03
300832,2024-12-03
300896,2024-12-03
300919,2024-12-03
300957,2024-12-03
300979,2024-12-03
300999,2024-12-03
301269,2024-12-03
600000,2024-12-28
600009,2024-12-28
600010,2024-12-28
600011,2024-12-28
600015,2024-12-28
600016,2024-12-28
600018,2024-12-28
600019,2024-12-28
600023,2024-12-28
600025,2024-12-28
600026,2024-12-28
600027,2024-12-28
600028,2024-12-28
600029,2024-12-28
600030,2024-12-28
600031,2024-12-28
600036,2024-12-28
600039,2024-12-28
600048,2024-12-28
600050,2024-12-28
600061,2024-12-28
600066,2024-12-28
600085,2024-12-28
600089,2024-12-28
600104,2024-12-28
600111,2024-12-28
600115,2024-12-28
600150,2024-12-28
600160,2024-12-28
600161,2024-12-28
600176,2024-12-28
600183,2024-12-28
600188,2024-12-28
600196,2024-12-28
600219,2024-12-28
600233,2024-12-28
600276,2024-12-28
600309,2024-12-28
600332,2024-12-28
600346,2024-12-28
600362,2024-12-28
600372,2024-12-28
600377,2024-12-28
600406,2024-12-28
600415,2024-12-28
600426,2024-12-28
600436,2024-12-28
600438,2024-12-28
600460,2024-12-28
600482,2024-12-28
600489,2024-12-28
600515,2024-12-28
600519,2024-12-28
600547,2024-12-28
600570,2024-12-28
600584,2024-12-28
600585,2024-12-28
600588,2024-12-28
600600,2024-12-28
600660,2024-12-28
600674,2024-12-28
600690,2024-12-28
600741,2024-12-28
600745,2024-12-28
600760,2024-12-28
600795,2024-12-28
600803,2024-12-28
600809,2024-12-28
600837,2024-12-28
600845,2024-12-28
600875,2024-12-28
600886,2024-12-28
600887,2024-12-28
600893,2024-12-28
600900,2024-12-28
600905,2024-12-28
600918,2024-12-28
600919,2024-12-28
600926,2024-12-28
600938,2024-12-28
600941,2024-12-28
600958,2024-12-28
600989,2024-12-28
600999,2024-12-28
601006,2024-12-28
601009,2024-12-28
601012,2024-12-28
601021,2024-12-28
601059,2024-12-28
601066,2024-12-28
601088,2024-12-28
601100,2024-12-28
601111,2024-12-28
601117,2024-12-28
601127,2024-12-28
601136,2024-12-28
601138,2024-12-28
601166,2024-12-28
601169,2024-12-28
601186,2024-12-28
601211,2024-12-28
601225,2024-12-28
601229,2024-12-28
601236,2024-12-28
601238,2024-12-28
601288,2024-12-28
601318,2024-12-28
601319,2024-12-28
601328,2024-12-28
601336,2024-12-28
601360,2024-12-28
601377,2024-12-28
601390,2024-12-28
601398,2024-12-28
601600,2024-12-28
601601,2024-12-28
601607,2024-12-28
601618,2024-12-28
601628,2024-12-28
601633,2024-12-28
601658,2024-12-28
601668,2024-12-28
601669,2024-12-28
601688,2024-12-28
601689,2024-12-28
601698,2024-12-28
601699,2024-12-28
601728,2024-12-28
601766,2024-12-28
601788,2024-12-28
601799,2024-12-28
601800,2024-12-28
601808,2024-12-28
601816,2024-12-28
601818,2024-12-28
601838,2024-12-28
601857,2024-12-28
601865,2024-12-28
601868,2024-12-28
601872,2024-12-28
601877,2024-12-28
601878,2024-12-28
601881,2024-12-28
601888,2024-12-28
601898,2024-12-28
601899,2024-12-28
601901,2024-12-28
601916,2024-12-28
601919,2024-12-28
601939,2024-12-28
601985,2024-12-28
601988,2024-12-28
601989,2024-12-28
601995,2024-12-28
601998,2024-12-28
603019,2024-12-28
603195,2024-12-28
603259,2024-12-28
603260,2024-12-28
603288,2024-12-28
603296,2024-12-28
603369,2024-12-28
603392,2024-12-28
603501,2024-12-28
603659,2024-12-28
603799,2024-12-28
603806,2024-12-28
603833,2024-12-28
603986,2024-12-28
603993,2024-12-28
605117,2024-12-28
605499,2024-12-28
688008,2024-12-28
688009,2024-12-28
688012,2024-12-28
688036,2024-12-28
688041,2024-12-28
688082,2024-12-28
688111,2024-12-28
688126,2024-12-28
688169,2024-12-28
688187,2024-12-28
688223,2024-12-28
688256,2024-12-28
688271,2024-12-28
688303,2024-12-28
688396,2024-12-28
688472,2024-12-28
688506,2024-12-28
688599,2024-12-28
688981,2024-12-28
000001,2024-12-28
000002,2024-12-28
000063,2024-12-28
000100,2024-12-28
000157,2024-12-28
000166,2024-12-28
000301,2024-12-28
000333,2024-12-28
000338,2024-12-28
000408,2024-12-28
000425,2024-12-28
000538,2024-12-28
000568,2024-12-28
000596,2024-12-28
000617,2024-12-28
000625,2024-12-28
000630,2024-12-28
000651,2024-12-28
000661,2024-12-28
000708,2024-12-28
000725,2024-12-28
000768,2024-12-28
000776,2024-12-28
000786,2024-12-28
000792,2024-12-28
000800,2024-12-28
000807,2024-12-28
000858,2024-12-28
000876,2024-12-28
000895,2024-12-28
000938,2024-12-28
000963,2024-12-28
000975,2024-12-28
000977,2024-12-28
000983,2024-12-28
000999,2024-12-28
001289,2024-12-28
001965,2024-12-28
001979,2024-12-28
002001,2024-12-28
002007,2024-12-28
002027,2024-12-28
002028,2024-12-28
002049,2024-12-28
002050,2024-12-28
002074,2024-12-28
002129,2024-12-28
002142,2024-12-28
002179,2024-12-28
002180,2024-12-28
002230,2024-12-28
002236,2024-12-28
002241,2024-12-28
002252,2024-12-28
002271,2024-12-28
002304,2024-12-28
002311,2024-12-28
002352,2024-12-28
002371,2024-12-28
002415,2024-12-28
002422,2024-12-28
002459,2024-12-28
002460,2024-12-28
002463,2024-12-28
002466,2024-12-28
002475,2024-12-28
002493,2024-12-28
002555,2024-12-28
002594,2024-12-28
002601,2024-12-28
002648,2024-12-28
002709,2024-12-28
002714,2024-12-28
002736,2024-12-28
002812,2024-12-28
002916,2024-12-28
002920,2024-12-28
002938,2024-12-28
003816,2024-12-28
300014,2024-12-28
300015,2024-12-28
300033,2024-12-28
300059,2024-12-28
300122,2024-12-28
300124,2024-12-28
300274,2024-12-28
300308,2024-12-28
300316,2024-12-28
300347,2024-12-28
300394,2024-12-28
300408,2024-12-28
300413,2024-12-28
300418,2024-12-28
300433,2024-12-28
300442,2024-12-28
300450,2024-12-28
300498,2024-12-28
300502,2024-12-28
300628,2024-12-28
300661,2024-12-28
300750,2024-12-28
300759,2024-12-28
300760,2024-12-28
300782,2024-12-28
300832,2024-12-28
300896,2024-12-28
300979,2024-12-28
300999,2024-12-28
301269,2024-12-28
